I (3072) esp_image: segment 1: paddr=00035b74 vaddr=3fca4e00 size=05630h ( 22064) load
I (3086) esp_image: segment 2: paddr=0003b1ac vaddr=40374000 size=04e6ch ( 20076) load
I (3100) esp_image: segment 3: paddr=00040020 vaddr=42000020 size=a4ca8h (674984) map
I (3512) esp_image: segment 4: paddr=000e4cd0 vaddr=40378e6c size=1bf74h (114548) load
I (3587) esp_image: segment 5: paddr=00100c4c vaddr=50000000 size=00020h (    32) load
I (3600) boot: Loaded app from partition at offset 0x10000
I (3600) boot: Disabling RNG early entropy source...
I (3612) esp_psram: Found 8MB PSRAM device
I (3612) esp_psram: Speed: 80MHz
I (3612) cpu_start: Multicore app
I (4530) esp_psram: SPI SRAM memory test OK
I (4539) cpu_start: GPIO 44 and 43 are used as console UART I/O pins
I (4540) cpu_start: Pro cpu start user code
I (4540) cpu_start: cpu freq: 240000000 Hz
I (4541) app_init: Application information:
I (4545) app_init: Project name:     rc_tank_demo
I (4550) app_init: App version:      1
I (4553) app_init: Compile time:     Aug 21 2026 18:19:33
I (4558) app_init: ELF file SHA256:  8b553ca6e...
I (4563) app_init: ESP-IDF:          v5.5.4
I (4567) efuse_init: Min chip rev:     v0.0
I (4570) efuse_init: Max chip rev:     v0.99 
I (4575) efuse_init: Chip rev:         v0.2
I (4579) heap_init: Initializing. RAM available for dynamic allocation:
I (4585) heap_init: At 3FCAF880 len 00039E90 (231 KiB): RAM
I (4590) heap_init: At 3FCE9710 len 00005724 (21 KiB): RAM
I (4595) heap_init: At 3FCF0000 len 00008000 (32 KiB): DRAM
I (4601) heap_init: At 600FE000 len 00001FE8 (7 KiB): RTCRAM
I (4606) esp_psram: Adding pool of 8192K of PSRAM memory to heap allocator
I (4614) spi_flash: detected chip: generic
I (4616) spi_flash: flash io: dio
I (4620) sleep_gpio: Configure to isolate all GPIO pins in sleep state
I (4626) sleep_gpio: Enable automatic switching of GPIO sleep configuration
I (4633) main_task: Started on CPU0
I (4657) esp_psram: Reserving pool of 64K of internal memory for DMA/internal allocations
I (4658) main_task: Calling app_main()
I (4664) rc_tank: === RC Tank Demo (EX-035) Role: TANK ===
I (4664) rc_tank: Startup delay 10 s (open serial monitor now)...
I (4668) rc_tank:   starting in 10 s
I (5672) rc_tank:   starting in 9 s
I (6672) rc_tank:   starting in 8 s
I (7672) rc_tank:   starting in 7 s
I (8672) rc_tank:   starting in 6 s
I (9672) rc_tank:   starting in 5 s
I (10672) rc_tank:   starting in 4 s
I (11672) rc_tank:   starting in 3 s
I (12672) rc_tank:   starting in 2 s
I (13672) rc_tank:   starting in 1 s
W (14672) rc_tank: [CAM-DIAG-C15] SP0A39 200x200 Gray8 sensor-pattern/raw-fingerprint isolation build=Aug 21 2026_18:22:16; frame=40000B burst=64; audio/control/transport=off; DVP remains running; each window=30s; screen marker=1..7
I (14681) board_laiwfs300: init board support package
I (14686) board_laiwfs300: init capability registry
I (14690) board_laiwfs300: init I2C bus: SDA=GPIO48 SCL=GPIO47
I (14697) bus_i2c: I2C0 initialized: SDA=GPIO48 SCL=GPIO47 speed=100000Hz
I (14702) board_laiwfs300: --- I2C bus scan (0x08-0x77) ---
I (14710) board_laiwfs300:   I2C device ACK at 0x15
I (14713) board_laiwfs300:   I2C device ACK at 0x18
I (14718) board_laiwfs300:   I2C device ACK at 0x21
I (14721) board_laiwfs300:   I2C device ACK at 0x22
I (14730) board_laiwfs300:   I2C device ACK at 0x40
I (14733) board_laiwfs300:   I2C device ACK at 0x51
I (14738) board_laiwfs300:   I2C device ACK at 0x68
I (14742) board_laiwfs300: --- I2C scan done: 7 device(s) found ---
W (14746) board_laiwfs300: TPT29555A (IOEX) NOT found at 0x20 (NACK)
I (14752) board_laiwfs300: ES8311 (Codec) found at 0x18
I (14757) board_laiwfs300: ES7210 (ADC) found at 0x40
I (14762) board_laiwfs300: AIP8563 (RTC) found at 0x51
I (14767) board_laiwfs300: BMI260 (IMU @0x68) found at 0x68
W (14772) board_laiwfs300: BMI260 (IMU @0x69) NOT found at 0x69 (NACK)
I (14778) board_laiwfs300: SP0A39 (Camera) found at 0x21
I (14784) board_laiwfs300: ES8311 chip ID: 0x83 0x11
I (14788) board_laiwfs300: ES7210 chip ID: 0x72
I (14793) board_laiwfs300: AIP8563 RTC time: 05:57:16 (BCD raw)
I (14798) board_laiwfs300: BMI260 chip ID: 0x27 (expect 0x27)
I (14803) board_laiwfs300: init SPI bus manager
I (14808) board_laiwfs300: init ADC service
I (14811) board_adc: ADC1 oneshot initialized
I (14815) board_laiwfs300: init board power service
I (14821) board_laiwfs300: ADC D0_DETECT (GPIO1): raw=2018 (~1527 mV)
I (14826) board_laiwfs300: ADC BAT_ADC (GPIO7): raw=1637 (~1239 mV)
I (14832) board_laiwfs300: ADC SW_ADC (GPIO8): raw=4095 (~3100 mV)
I (14838) board_laiwfs300: init IO expander: TPT29555A addr=0x22
I (14846) io_expander: TPT29555A initialized at 0x22
I (14848) board_laiwfs300: IO expander initialized OK
I (14853) board_laiwfs300: init module detect
I (14857) board_laiwfs300: register detection rules
I (14862) board_laiwfs300: register default capabilities
I (14867) board_laiwfs300: board init complete (ioex=OK)
I (14872) rc_tank: [STEP] Display init starting...
W (14876) rc_video: [CAM-DIAG-C15] initializing common landscape 240x180 presenter
I (14885) display_hal: init ST7789V3 LCD 240x320 SPI host=1
E (15030) spi: spi_bus_initialize(816): SPI bus already initialized.
I (15151) display_hal: ST7789V3 LCD initialized
I (15151) board_display: display mapped: MOSI=GPIO13 SCK=GPIO12 CS=GPIO10 DC=GPIO16 BL=GPIO17 LCD_RST=IOEX P1_5 pclk=20000000
W (15221) rc_video: [CAM-DIAG-C15] landscape 240x180 presenter initialized; diagnostic task owns LCD
I (15221) rc_tank: [STEP] Display init OK
W (15221) rc_video: [CAM-DIAG-C15] display task uses real camera/sensor-pattern conversion + common landscape submit, 240x180 at 80,0, 20MHz, 60-line chunks, raw_fingerprint=on
W (15222) rc_tank: [CAM-DIAG-C15] proven-safe motor init before raw-source isolation windows
W (15238) rc_video: [CAM-DIAG-C15] ownership=rc_capture_pool + backup
I (15247) board_motor: motor input 1 -> GPIO5 / LEDC channel 0
I (15258) board_motor: motor input 2 -> GPIO4 / LEDC channel 1
I (15263) board_motor: motor input 3 -> GPIO37 / LEDC channel 2
I (15269) board_motor: motor input 4 -> GPIO45 / LEDC channel 3
I (15275) rc_control: Motor initialized
I (15278) rc_tank: [CAM-DIAG-C15] Motor init OK
W (15282) rc_tank: [CAM-DIAG-C15] WINDOW_1 start: wifi=off camera=off display=black
W (15290) rc_video: [CAM-DIAG-C15] display source=real-camera capture=0; DVP unchanged
W (15297) rc_video: [CAM-DIAG-C15] screen window marker=1 capture=0
W (45303) rc_tank: [CAM-DIAG-C15] WINDOW_2 start: wifi=off camera=on sensor=real gray8=200x200
W (45303) rc_video: [CAM-DIAG-C15] display source=real-camera capture=0; DVP unchanged
W (45307) rc_video: [CAM-DIAG-C15] screen window marker=2 capture=0
I (45314) rc_tank: [STEP] Camera init starting...
I (45318) rc_video: Initializing camera (SP0A39 200x200 GRAY8)
W (45323) rc_video: [CAM-DIAG-C15] direct DVP init core=0; Wi-Fi task core=0; free_internal=231459 largest_internal_dma=110592
I (45335) board_camera: initializing SP0A39 camera mode=1 200x200
I (45340) camera_hal: init SP0A39 DVP 200x200 (SCCB manual mode)
I (45346) camera_hal: configuring IOEX pins for camera RESET/PWDN
I (45353) camera_hal: PWDN=HIGH (power down)
I (45366) camera_hal: PWDN=LOW (release sensor)
I (45566) camera_hal: RESET=LOW (assert reset)
I (45586) camera_hal: RESET=HIGH (release reset)
I (46586) camera_hal: full I2C scan after camera power-up (diagnostic only)...
I (46588) camera_hal:   post-powerup ACK at 0x15
I (46588) camera_hal:   post-powerup ACK at 0x18
I (46591) camera_hal:   post-powerup ACK at 0x21
I (46595) camera_hal:   post-powerup ACK at 0x22
I (46603) camera_hal:   post-powerup ACK at 0x40
I (46605) camera_hal:   post-powerup ACK at 0x51
I (46611) camera_hal:   post-powerup ACK at 0x68
I (46614) camera_hal: DVP GPIO diagnostics (checking PCLK/VSYNC/HSYNC activity)...
I (46680) camera_hal: DVP diagnostics: PCLK_changes=0 VSYNC_changes=0 HSYNC_changes=0
W (46680) camera_hal: PCLK has no transitions - MCLK likely not reaching sensor or sensor not active
I (46685) camera_hal: using sensor address 0x21
I (46690) camera_hal: SP0A39 I2C device added at 0x21
I (46696) camera_hal: SP0A39 chip ID: 0x0A39
I (46821) camera_hal: SP0A39 register init done: Gray8 200x200 (368 regs)
I (46822) camera_hal: [CAM-PROBE] SP0A39 p0_31 stage=post_table value=0x05 expected=0x01
E (46825) camera_hal: camera_hal_verify_expected_output_p0_31(86): unexpected p0_31=0x05 at post_table
W (46834) camera_hal: [CAM-PROBE] output state differs after table; continuing: ESP_ERR_INVALID_RESPONSE
I (46863) camera_hal: [CAM-PROBE] SP0A39 p0_31 stage=post_delay value=0x05 expected=0x01
E (46864) camera_hal: camera_hal_verify_expected_output_p0_31(86): unexpected p0_31=0x05 at post_delay
W (46869) camera_hal: [CAM-PROBE] output state differs after delay; continuing: ESP_ERR_INVALID_RESPONSE
I (46879) camera_hal: camera HAL initialized (sensor ready, DVP capture not yet implemented)
I (46887) board_camera: camera ready
I (46894) camera_hal: SP0A39 output regs: P0:1c=0x00 P0:30=0x11 P0:31=0x01 P1:32=0x05 P1:34=0xe3 P1:35=0x04 P1:36=0x10
I (46908) rc_video:   3 DMA-capable PSRAM framebuffers allocated (600 KB each)
W (46911) rc_video: [CAM-DIAG-C15] capture handoff uses rc_capture_pool + backup
W (46914) rc_video: [DEBUG-C151] buffers fb0=0x3c0e0ec0 fb1=0x3c177000 fb2=0x3c20d140 backup=0x3c2a3280 payload=40000 storage=614400 alloc=614656 terminal_guard=256
W (46929) rc_video: [DEBUG-C151] heap stage=framebuffers_allocated intact=1
W (46938) rc_video: [DEBUG-C151] heap stage=dvp_controller_created_before_start intact=1
W (46943) rc_video: [CAM-DIAG-C15] direct DVP controller created; free_internal=231015 largest_internal_dma=110592
I (46954) rc_video: Camera initialized
I (46957) rc_tank: [STEP] Camera init OK
I (46962) camera_hal: [CAM-PROBE] SP0A39 p0_31 stage=dvp_started value=0x01 expected=0x01
W (46969) rc_video: [CAM-DIAG-C15] scaled camera preview enabled (240x180 at 80,0; DVP started)
W (46977) rc_tank: [CAM-DIAG-C15] burst-64 Gray8 camera preview started while Wi-Fi is off
W (47154) rc_video: [DEBUG-C151] display frame=1 consumer=0 active=1/0x3c177000->2/0x3c20d140 select=2->5 became_active=0 overlap=0 overlap_count=0 finish=4 last_finished=1/0x3c177000 finish_active=2 finish_collision=0 guard=1 guard_errors=0
I (47165) rc_video: [CAM-DIAG-C15] frame=1 window=2 sensor=real slot=0 addr=0x3c0e0ec0 gen=1->1 crc_first=00c09b8d/00c09b8d crc_mid=4ced7076/4ced7076 crc_tail=b2ea19bf/b2ea19bf stable=1 raw_full=65546f1c raw_q=7730f052/61f6b4fe/b9c590dd/c6fe9d02 raw_edge=09d6a1f8 raw_probe=44.0ms cache_sync=ESP_OK cache_sync_err=0 chunk_crc=682219c4/47149a3b/72ee786b submit=3 complete=3 seq=3/3 stale=0 prepare=8.0ms draw=35.6ms
W (47329) rc_video: [DEBUG-C151] display frame=2 consumer=2 active=0/0x3c0e0ec0->1/0x3c177000 select=6->9 became_active=0 overlap=0 overlap_count=0 finish=8 last_finished=0/0x3c0e0ec0 finish_active=1 finish_collision=0 guard=1 guard_errors=0
I (47339) rc_video: [CAM-DIAG-C15] frame=2 window=2 sensor=real slot=2 addr=0x3c20d140 gen=2->2 crc_first=de37e5b9/de37e5b9 crc_mid=ce1aa59e/ce1aa59e crc_tail=ccb29932/ccb29932 stable=1 raw_full=e43fa141 raw_q=58e50a49/0b85f106/d43f7cf0/149d2598 raw_edge=e928a8c7 raw_probe=43.9ms cache_sync=ESP_OK cache_sync_err=0 chunk_crc=87ffe3c0/24b5d360/d3f41f5a submit=3 complete=3 seq=6/6 stale=0 prepare=8.0ms draw=35.7ms
W (47503) rc_video: [DEBUG-C151] display frame=3 consumer=1 active=2/0x3c20d140->0/0x3c0e0ec0 select=10->13 became_active=0 overlap=0 overlap_count=0 finish=12 last_finished=2/0x3c20d140 finish_active=0 finish_collision=0 guard=1 guard_errors=0
I (47514) rc_video: [CAM-DIAG-C15] frame=3 window=2 sensor=real slot=1 addr=0x3c177000 gen=4->4 crc_first=303de4b7/303de4b7 crc_mid=a4603f13/a4603f13 crc_tail=e8bbefbb/e8bbefbb stable=1 raw_full=14dbef3d raw_q=26d10322/074c61d6/5f898e12/a73ea2bf raw_edge=b55a22d4 raw_probe=44.0ms cache_sync=ESP_OK cache_sync_err=0 chunk_crc=19b65fb1/8a43ed1c/91a47d65 submit=3 complete=3 seq=9/9 stale=0 prepare=8.0ms draw=35.4ms
W (47678) rc_video: [DEBUG-C151] display frame=4 consumer=0 active=1/0x3c177000->1/0x3c177000 select=14->18 became_active=0 overlap=0 overlap_count=0 finish=17 last_finished=2/0x3c20d140 finish_active=1 finish_collision=0 guard=1 guard_errors=0
I (47689) rc_video: [CAM-DIAG-C15] frame=4 window=2 sensor=real slot=0 addr=0x3c0e0ec0 gen=5->5 crc_first=9e2af4a7/9e2af4a7 crc_mid=a05928c7/a05928c7 crc_tail=e4efe4c8/e4efe4c8 stable=1 raw_full=a2278781 raw_q=e2b1fa22/5eecc5f7/5697d4ab/259ba4cc raw_edge=a04cc33a raw_probe=43.8ms cache_sync=ESP_OK cache_sync_err=0 chunk_crc=eb46facb/1406bfda/cbd0a6c6 submit=3 complete=3 seq=12/12 stale=0 prepare=8.0ms draw=35.9ms
W (47854) rc_video: [DEBUG-C151] display frame=5 consumer=1 active=0/0x3c0e0ec0->2/0x3c20d140 select=19->22 became_active=0 overlap=0 overlap_count=0 finish=21 last_finished=0/0x3c0e0ec0 finish_active=2 finish_collision=0 guard=1 guard_errors=0
I (47865) rc_video: [CAM-DIAG-C15] frame=5 window=2 sensor=real slot=1 addr=0x3c177000 gen=7->7 crc_first=130b5058/130b5058 crc_mid=d729dcc9/d729dcc9 crc_tail=fbb6066b/fbb6066b stable=1 raw_full=386bd215 raw_q=de5f3b6a/3144c43e/c093a3cd/d3226231 raw_edge=bbc0e249 raw_probe=43.8ms cache_sync=ESP_OK cache_sync_err=0 chunk_crc=4fd216c1/0dfe64f1/0c4356cc submit=3 complete=3 seq=15/15 stale=0 prepare=8.0ms draw=36.2ms
W (49073) rc_video: [DEBUG-C151] display frame=30 consumer=0 active=2/0x3c20d140->1/0x3c177000 select=49->52 became_active=0 overlap=0 overlap_count=0 finish=51 last_finished=2/0x3c20d140 finish_active=1 finish_collision=0 guard=1 guard_errors=0
I (49084) rc_video: [CAM-DIAG-C15] frame=30 window=2 sensor=real slot=0 addr=0x3c0e0ec0 gen=16->16 crc_first=61bf78f5/61bf78f5 crc_mid=3ba55cef/3ba55cef crc_tail=92e9ed9e/92e9ed9e stable=1 raw_full=cf9f269f raw_q=486f281d/d0bea4f0/c853abd1/bf5fd1da raw_edge=01b70e9e raw_probe=44.0ms cache_sync=ESP_OK cache_sync_err=0 chunk_crc=d612274d/dd35a322/e999a7c1 submit=3 complete=3 seq=90/90 stale=0 prepare=8.0ms draw=35.2ms
W (50510) rc_video: [DEBUG-C151] display frame=60 consumer=0 active=2/0x3c20d140->1/0x3c177000 select=84->87 became_active=0 overlap=0 overlap_count=0 finish=86 last_finished=2/0x3c20d140 finish_active=1 finish_collision=0 guard=1 guard_errors=0
I (50521) rc_video: [CAM-DIAG-C15] frame=60 window=2 sensor=real slot=0 addr=0x3c0e0ec0 gen=27->27 crc_first=85693c59/85693c59 crc_mid=c023c0b6/c023c0b6 crc_tail=689903c9/689903c9 stable=1 raw_full=269d7c43 raw_q=98ad9a3f/95917d69/bf86a4df/3d5a87de raw_edge=f847044b raw_probe=44.0ms cache_sync=ESP_OK cache_sync_err=0 chunk_crc=b27f554f/9ec40d0e/1ac7bd96 submit=3 complete=3 seq=180/180 stale=0 prepare=7.9ms draw=35.2ms
W (51947) rc_video: [DEBUG-C151] display frame=90 consumer=2 active=1/0x3c177000->0/0x3c0e0ec0 select=119->122 became_active=0 overlap=0 overlap_count=0 finish=121 last_finished=1/0x3c177000 finish_active=0 finish_collision=0 guard=1 guard_errors=0
I (51958) rc_video: [CAM-DIAG-C15] frame=90 window=2 sensor=real slot=2 addr=0x3c20d140 gen=40->40 crc_first=871aef4c/871aef4c crc_mid=68304640/68304640 crc_tail=3a9d222b/3a9d222b stable=1 raw_full=cf568fe3 raw_q=88362bf0/883eab5f/7522dd20/3d0924a8 raw_edge=f4d7c624 raw_probe=43.9ms cache_sync=ESP_OK cache_sync_err=0 chunk_crc=ca19fa8c/306bc598/0b502790 submit=3 complete=3 seq=270/270 stale=0 prepare=7.9ms draw=35.2ms
W (53384) rc_video: [DEBUG-C151] display frame=120 consumer=1 active=0/0x3c0e0ec0->2/0x3c20d140 select=155->158 became_active=0 overlap=0 overlap_count=0 finish=157 last_finished=0/0x3c0e0ec0 finish_active=2 finish_collision=0 guard=1 guard_errors=0
I (53396) rc_video: [CAM-DIAG-C15] frame=120 window=2 sensor=real slot=1 addr=0x3c177000 gen=53->53 crc_first=24e8a385/24e8a385 crc_mid=daee10b1/daee10b1 crc_tail=4eb263f4/4eb263f4 stable=1 raw_full=943ca1b0 raw_q=a32dc07c/e2ba7c43/d2e4d7bb/4f01c4d4 raw_edge=e5416361 raw_probe=44.0ms cache_sync=ESP_OK cache_sync_err=0 chunk_crc=050db59e/ef5f7c23/fe372c97 submit=3 complete=3 seq=360/360 stale=0 prepare=7.9ms draw=35.6ms
W (54822) rc_video: [DEBUG-C151] display frame=150 consumer=1 active=0/0x3c0e0ec0->2/0x3c20d140 select=190->193 became_active=0 overlap=0 overlap_count=0 finish=192 last_finished=0/0x3c0e0ec0 finish_active=2 finish_collision=0 guard=1 guard_errors=0
I (54833) rc_video: [CAM-DIAG-C15] frame=150 window=2 sensor=real slot=1 addr=0x3c177000 gen=64->64 crc_first=0c28277d/0c28277d crc_mid=92c3dd23/92c3dd23 crc_tail=f4e87100/f4e87100 stable=1 raw_full=1e0118cf raw_q=e85636f2/37533cf5/850491b4/6fe29c3a raw_edge=52e5b328 raw_probe=44.0ms cache_sync=ESP_OK cache_sync_err=0 chunk_crc=61b01c0d/f7c05ace/6b94763e submit=3 complete=3 seq=450/450 stale=0 prepare=7.9ms draw=35.2ms
W (56259) rc_video: [DEBUG-C151] display frame=180 consumer=0 active=2/0x3c20d140->1/0x3c177000 select=225->228 became_active=0 overlap=0 overlap_count=0 finish=227 last_finished=2/0x3c20d140 finish_active=1 finish_collision=0 guard=1 guard_errors=0
I (56271) rc_video: [CAM-DIAG-C15] frame=180 window=2 sensor=real slot=0 addr=0x3c0e0ec0 gen=74->74 crc_first=f718c735/f718c735 crc_mid=88ea4ed4/88ea4ed4 crc_tail=08ad6235/08ad6235 stable=1 raw_full=a3f99934 raw_q=6b920c85/ede18849/490805c0/8367a1ae raw_edge=16bd17a5 raw_probe=43.8ms cache_sync=ESP_OK cache_sync_err=0 chunk_crc=cdc73666/a852d02b/6409865f submit=3 complete=3 seq=540/540 stale=0 prepare=7.9ms draw=35.4ms
W (57697) rc_video: [DEBUG-C151] display frame=210 consumer=2 active=1/0x3c177000->0/0x3c0e0ec0 select=261->264 became_active=0 overlap=0 overlap_count=0 finish=263 last_finished=1/0x3c177000 finish_active=0 finish_collision=0 guard=1 guard_errors=0
I (57708) rc_video: [CAM-DIAG-C15] frame=210 window=2 sensor=real slot=2 addr=0x3c20d140 gen=88->88 crc_first=7586c819/7586c819 crc_mid=7b0c0179/7b0c0179 crc_tail=1efad667/1efad667 stable=1 raw_full=5cc690bc raw_q=d926fdfd/280e2936/4ac95b87/a8a80f40 raw_edge=d2668c4c raw_probe=43.9ms cache_sync=ESP_OK cache_sync_err=0 chunk_crc=4612e9ab/e5aa32b5/4bf51e67 submit=3 complete=3 seq=630/630 stale=0 prepare=7.9ms draw=35.2ms
W (59134) rc_video: [DEBUG-C151] display frame=240 consumer=2 active=1/0x3c177000->0/0x3c0e0ec0 select=296->299 became_active=0 overlap=0 overlap_count=0 finish=298 last_finished=1/0x3c177000 finish_active=0 finish_collision=0 guard=1 guard_errors=0
I (59146) rc_video: [CAM-DIAG-C15] frame=240 window=2 sensor=real slot=2 addr=0x3c20d140 gen=99->99 crc_first=33b44d5a/33b44d5a crc_mid=18be2ec4/18be2ec4 crc_tail=1b087331/1b087331 stable=1 raw_full=ce4d5cc3 raw_q=e0d65141/cc0178e5/5396324f/12f4b542 raw_edge=52e2660c raw_probe=43.9ms cache_sync=ESP_OK cache_sync_err=0 chunk_crc=c958d55e/f791a9a7/7aacdc5c submit=3 complete=3 seq=720/720 stale=0 prepare=8.0ms draw=35.3ms
W (60572) rc_video: [DEBUG-C151] display frame=270 consumer=2 active=1/0x3c177000->0/0x3c0e0ec0 select=331->334 became_active=0 overlap=0 overlap_count=0 finish=333 last_finished=1/0x3c177000 finish_active=0 finish_collision=0 guard=1 guard_errors=0
I (60583) rc_video: [CAM-DIAG-C15] frame=270 window=2 sensor=real slot=2 addr=0x3c20d140 gen=110->110 crc_first=1068f7ac/1068f7ac crc_mid=95e5d7f3/95e5d7f3 crc_tail=99dfaacf/99dfaacf stable=1 raw_full=1cdd5e65 raw_q=aec1fe2d/113cbd3a/caed8610/2cb1d591 raw_edge=5572ee5f raw_probe=44.0ms cache_sync=ESP_OK cache_sync_err=0 chunk_crc=49db5e66/cf453cb8/fbfcf383 submit=3 complete=3 seq=810/810 stale=0 prepare=7.9ms draw=35.2ms
W (62010) rc_video: [DEBUG-C151] display frame=300 consumer=1 active=0/0x3c0e0ec0->2/0x3c20d140 select=367->370 became_active=0 overlap=0 overlap_count=0 finish=369 last_finished=0/0x3c0e0ec0 finish_active=2 finish_collision=0 guard=1 guard_errors=0
I (62021) rc_video: [CAM-DIAG-C15] frame=300 window=2 sensor=real slot=1 addr=0x3c177000 gen=124->124 crc_first=f60d37a2/f60d37a2 crc_mid=637de746/637de746 crc_tail=eca0dc2f/eca0dc2f stable=1 raw_full=4368a958 raw_q=af17748c/33dc64d5/7d4d5fc7/16cc9acc raw_edge=c967ec21 raw_probe=43.9ms cache_sync=ESP_OK cache_sync_err=0 chunk_crc=54d06afc/5797d3e8/a14eff8d submit=3 complete=3 seq=900/900 stale=0 prepare=7.9ms draw=35.8ms
W (63447) rc_video: [DEBUG-C151] display frame=330 consumer=1 active=0/0x3c0e0ec0->2/0x3c20d140 select=402->405 became_active=0 overlap=0 overlap_count=0 finish=404 last_finished=0/0x3c0e0ec0 finish_active=2 finish_collision=0 guard=1 guard_errors=0
I (63459) rc_video: [CAM-DIAG-C15] frame=330 window=2 sensor=real slot=1 addr=0x3c177000 gen=135->135 crc_first=86a772a4/86a772a4 crc_mid=aaf2be09/aaf2be09 crc_tail=c98fa26b/c98fa26b stable=1 raw_full=6f7cf834 raw_q=62346019/b6365f47/2e6a5375/d7e8ce87 raw_edge=98aebb9e raw_probe=43.9ms cache_sync=ESP_OK cache_sync_err=0 chunk_crc=b5d5ef11/e8462793/0b45c8f2 submit=3 complete=3 seq=990/990 stale=0 prepare=8.0ms draw=35.3ms
W (64885) rc_video: [DEBUG-C151] display frame=360 consumer=1 active=0/0x3c0e0ec0->2/0x3c20d140 select=437->440 became_active=0 overlap=0 overlap_count=0 finish=439 last_finished=0/0x3c0e0ec0 finish_active=2 finish_collision=0 guard=1 guard_errors=0
I (64897) rc_video: [CAM-DIAG-C15] frame=360 window=2 sensor=real slot=1 addr=0x3c177000 gen=146->146 crc_first=d5890a26/d5890a26 crc_mid=6d341911/6d341911 crc_tail=020ea06a/020ea06a stable=1 raw_full=1a0f420a raw_q=fee2ef39/cc7da773/d73c4a6e/453be12a raw_edge=d50302d1 raw_probe=44.0ms cache_sync=ESP_OK cache_sync_err=0 chunk_crc=5f867902/f2d9ea74/e1b54d1d submit=3 complete=3 seq=1080/1080 stale=0 prepare=8.0ms draw=35.6ms
W (66323) rc_video: [DEBUG-C151] display frame=390 consumer=2 active=1/0x3c177000->0/0x3c0e0ec0 select=473->476 became_active=0 overlap=0 overlap_count=0 finish=475 last_finished=1/0x3c177000 finish_active=0 finish_collision=0 guard=1 guard_errors=0
I (66334) rc_video: [CAM-DIAG-C15] frame=390 window=2 sensor=real slot=2 addr=0x3c20d140 gen=157->157 crc_first=94fe14d8/94fe14d8 crc_mid=4ce560d2/4ce560d2 crc_tail=f9004136/f9004136 stable=1 raw_full=a3015083 raw_q=4b19d791/7d55f868/1e6ab119/0392fcf6 raw_edge=b5671062 raw_probe=44.0ms cache_sync=ESP_OK cache_sync_err=0 chunk_crc=d8d35ff3/6316cd24/ad732d6f submit=3 complete=3 seq=1170/1170 stale=0 prepare=8.0ms draw=35.2ms
W (67761) rc_video: [DEBUG-C151] display frame=420 consumer=1 active=0/0x3c0e0ec0->2/0x3c20d140 select=508->511 became_active=0 overlap=0 overlap_count=0 finish=510 last_finished=0/0x3c0e0ec0 finish_active=2 finish_collision=0 guard=1 guard_errors=0
I (67772) rc_video: [CAM-DIAG-C15] frame=420 window=2 sensor=real slot=1 addr=0x3c177000 gen=170->170 crc_first=f0c21352/f0c21352 crc_mid=931c109c/931c109c crc_tail=710fba77/710fba77 stable=1 raw_full=9a44f308 raw_q=cff3b94b/40a7b9a4/4cbb1a8c/6d1b904d raw_edge=8adb1d8c raw_probe=44.0ms cache_sync=ESP_OK cache_sync_err=0 chunk_crc=ef42441a/faf36007/f997ade3 submit=3 complete=3 seq=1260/1260 stale=0 prepare=7.9ms draw=35.1ms
W (69199) rc_video: [DEBUG-C151] display frame=450 consumer=0 active=2/0x3c20d140->2/0x3c20d140 select=543->547 became_active=0 overlap=0 overlap_count=0 finish=546 last_finished=1/0x3c177000 finish_active=2 finish_collision=0 guard=1 guard_errors=0
I (69211) rc_video: [CAM-DIAG-C15] frame=450 window=2 sensor=real slot=0 addr=0x3c0e0ec0 gen=182->182 crc_first=34a16d2e/34a16d2e crc_mid=dcd09e55/dcd09e55 crc_tail=413f5c15/413f5c15 stable=1 raw_full=be425dee raw_q=7b86e4a1/f288a856/09e112db/f0fbac66 raw_edge=051a364a raw_probe=44.0ms cache_sync=ESP_OK cache_sync_err=0 chunk_crc=9e5562d7/56a9de2e/0b20c6f8 submit=3 complete=3 seq=1350/1350 stale=0 prepare=8.0ms draw=35.6ms
W (70637) rc_video: [DEBUG-C151] display frame=480 consumer=0 active=1/0x3c177000->2/0x3c20d140 select=579->582 became_active=0 overlap=0 overlap_count=0 finish=581 last_finished=1/0x3c177000 finish_active=2 finish_collision=0 guard=1 guard_errors=0
I (70648) rc_video: [CAM-DIAG-C15] frame=480 window=2 sensor=real slot=0 addr=0x3c0e0ec0 gen=193->193 crc_first=ed9d85ea/ed9d85ea crc_mid=b50bf906/b50bf906 crc_tail=49788fe8/49788fe8 stable=1 raw_full=7927abc7 raw_q=ac876c52/4e8fc052/5b8f5f02/ecc8584d raw_edge=04f129c5 raw_probe=44.0ms cache_sync=ESP_OK cache_sync_err=0 chunk_crc=7b455457/61495888/9fd068fe submit=3 complete=3 seq=1440/1440 stale=0 prepare=7.9ms draw=35.2ms
W (72075) rc_video: [DEBUG-C151] display frame=510 consumer=0 active=1/0x3c177000->2/0x3c20d140 select=614->617 became_active=0 overlap=0 overlap_count=0 finish=616 last_finished=1/0x3c177000 finish_active=2 finish_collision=0 guard=1 guard_errors=0
I (72086) rc_video: [CAM-DIAG-C15] frame=510 window=2 sensor=real slot=0 addr=0x3c0e0ec0 gen=204->204 crc_first=9eb064c9/9eb064c9 crc_mid=6abcf48c/6abcf48c crc_tail=ddb5850e/ddb5850e stable=1 raw_full=3cfff0c6 raw_q=8f1331ec/b66a08e7/dbd9ed7d/2380fcba raw_edge=e5d06e71 raw_probe=44.0ms cache_sync=ESP_OK cache_sync_err=0 chunk_crc=0ab806ed/cf7a3c57/653aa3a5 submit=3 complete=3 seq=1530/1530 stale=0 prepare=7.9ms draw=35.1ms
W (73512) rc_video: [DEBUG-C151] display frame=540 consumer=0 active=1/0x3c177000->1/0x3c177000 select=649->653 became_active=0 overlap=0 overlap_count=0 finish=652 last_finished=2/0x3c20d140 finish_active=1 finish_collision=0 guard=1 guard_errors=0
I (73524) rc_video: [CAM-DIAG-C15] frame=540 window=2 sensor=real slot=0 addr=0x3c0e0ec0 gen=215->215 crc_first=af70ee63/af70ee63 crc_mid=a11ca766/a11ca766 crc_tail=70f2b411/70f2b411 stable=1 raw_full=0b4a1875 raw_q=f5fb229a/472830a4/64aae5fc/a17369e3 raw_edge=0c1f32e7 raw_probe=43.8ms cache_sync=ESP_OK cache_sync_err=0 chunk_crc=2f7eed01/a44c198a/066228fb submit=3 complete=3 seq=1620/1620 stale=0 prepare=7.9ms draw=35.3ms
W (74950) rc_video: [DEBUG-C151] display frame=570 consumer=2 active=1/0x3c177000->0/0x3c0e0ec0 select=685->688 became_active=0 overlap=0 overlap_count=0 finish=687 last_finished=1/0x3c177000 finish_active=0 finish_collision=0 guard=1 guard_errors=0
I (74961) rc_video: [CAM-DIAG-C15] frame=570 window=2 sensor=real slot=2 addr=0x3c20d140 gen=230->230 crc_first=39330d0e/39330d0e crc_mid=da579778/da579778 crc_tail=be950667/be950667 stable=1 raw_full=ce3d8b93 raw_q=e499ec7a/57825b85/a5edc191/42fcae5a raw_edge=5f4b14d4 raw_probe=44.0ms cache_sync=ESP_OK cache_sync_err=0 chunk_crc=a1a91ee4/1eacda43/892c3c2a submit=3 complete=3 seq=1710/1710 stale=0 prepare=7.9ms draw=35.2ms
W (76388) rc_video: [DEBUG-C151] display frame=600 consumer=1 active=0/0x3c0e0ec0->2/0x3c20d140 select=720->723 became_active=0 overlap=0 overlap_count=0 finish=722 last_finished=0/0x3c0e0ec0 finish_active=2 finish_collision=0 guard=1 guard_errors=0
I (76399) rc_video: [CAM-DIAG-C15] frame=600 window=2 sensor=real slot=1 addr=0x3c177000 gen=241->241 crc_first=d8221b93/d8221b93 crc_mid=2630e6b0/2630e6b0 crc_tail=4b13b1df/4b13b1df stable=1 raw_full=296eb6ba raw_q=2d9ad99a/7da39c0f/7d07c930/397ec3ac raw_edge=f11a69be raw_probe=44.0ms cache_sync=ESP_OK cache_sync_err=0 chunk_crc=3e792277/61b330a7/7079f207 submit=3 complete=3 seq=1800/1800 stale=0 prepare=7.9ms draw=35.1ms
W (76985) rc_tank: [DEBUG-C151] heap stage=window_2_end intact=1
W (76991) camera_hal: [CAM-DIAG-C15] SP0A39 test_pattern=on P1:32 before=0x05 write=0x85 read=0x80 expected_bit=0x80
W (77091) rc_video: [CAM-DIAG-C15] screen window marker=3 capture=740
W (77091) rc_tank: [CAM-DIAG-C15] WINDOW_3 start: wifi=off camera=on sensor=pattern gray8=200x200
W (77830) rc_video: [DEBUG-C151] display frame=630 consumer=0 active=1/0x3c177000->2/0x3c20d140 select=756->759 became_active=0 overlap=0 overlap_count=0 finish=758 last_finished=1/0x3c177000 finish_active=2 finish_collision=0 guard=1 guard_errors=0
I (77841) rc_video: [CAM-DIAG-C15] frame=630 window=3 sensor=pattern slot=0 addr=0x3c0e0ec0 gen=250->250 crc_first=9257de9a/9257de9a crc_mid=e354e28b/e354e28b crc_tail=eef99c1a/eef99c1a stable=1 raw_full=175c1487 raw_q=ecd1f261/b88c6ccc/bd4c4459/51a41ddf raw_edge=3042d936 raw_probe=44.0ms cache_sync=ESP_OK cache_sync_err=0 chunk_crc=e1a2d819/425cf473/1beed5c6 submit=3 complete=3 seq=1890/1890 stale=0 prepare=7.9ms draw=35.2ms
W (79268) rc_video: [DEBUG-C151] display frame=660 consumer=1 active=2/0x3c20d140->0/0x3c0e0ec0 select=791->794 became_active=0 overlap=0 overlap_count=0 finish=793 last_finished=2/0x3c20d140 finish_active=0 finish_collision=0 guard=1 guard_errors=0
I (79279) rc_video: [CAM-DIAG-C15] frame=660 window=3 sensor=pattern slot=1 addr=0x3c177000 gen=264->264 crc_first=9257de9a/9257de9a crc_mid=e354e28b/e354e28b crc_tail=eef99c1a/eef99c1a stable=1 raw_full=175c1487 raw_q=ecd1f261/b88c6ccc/bd4c4459/51a41ddf raw_edge=3042d936 raw_probe=44.0ms cache_sync=ESP_OK cache_sync_err=0 chunk_crc=e1a2d819/425cf473/1beed5c6 submit=3 complete=3 seq=1980/1980 stale=0 prepare=7.9ms draw=35.2ms
W (80706) rc_video: [DEBUG-C151] display frame=690 consumer=2 active=0/0x3c0e0ec0->1/0x3c177000 select=826->829 became_active=0 overlap=0 overlap_count=0 finish=828 last_finished=0/0x3c0e0ec0 finish_active=1 finish_collision=0 guard=1 guard_errors=0
I (80717) rc_video: [CAM-DIAG-C15] frame=690 window=3 sensor=pattern slot=2 addr=0x3c20d140 gen=278->278 crc_first=9257de9a/9257de9a crc_mid=e354e28b/e354e28b crc_tail=eef99c1a/eef99c1a stable=1 raw_full=175c1487 raw_q=ecd1f261/b88c6ccc/bd4c4459/51a41ddf raw_edge=3042d936 raw_probe=44.0ms cache_sync=ESP_OK cache_sync_err=0 chunk_crc=e1a2d819/425cf473/1beed5c6 submit=3 complete=3 seq=2070/2070 stale=0 prepare=7.9ms draw=35.2ms
W (82144) rc_video: [DEBUG-C151] display frame=720 consumer=0 active=1/0x3c177000->2/0x3c20d140 select=862->865 became_active=0 overlap=0 overlap_count=0 finish=864 last_finished=1/0x3c177000 finish_active=2 finish_collision=0 guard=1 guard_errors=0
I (82155) rc_video: [CAM-DIAG-C15] frame=720 window=3 sensor=pattern slot=0 addr=0x3c0e0ec0 gen=285->285 crc_first=9257de9a/9257de9a crc_mid=e354e28b/e354e28b crc_tail=eef99c1a/eef99c1a stable=1 raw_full=175c1487 raw_q=ecd1f261/b88c6ccc/bd4c4459/51a41ddf raw_edge=3042d936 raw_probe=44.0ms cache_sync=ESP_OK cache_sync_err=0 chunk_crc=e1a2d819/425cf473/1beed5c6 submit=3 complete=3 seq=2160/2160 stale=0 prepare=7.9ms draw=35.2ms
W (83582) rc_video: [DEBUG-C151] display frame=750 consumer=0 active=1/0x3c177000->2/0x3c20d140 select=897->900 became_active=0 overlap=0 overlap_count=0 finish=899 last_finished=1/0x3c177000 finish_active=2 finish_collision=0 guard=1 guard_errors=0
I (83593) rc_video: [CAM-DIAG-C15] frame=750 window=3 sensor=pattern slot=0 addr=0x3c0e0ec0 gen=296->296 crc_first=9257de9a/9257de9a crc_mid=e354e28b/e354e28b crc_tail=eef99c1a/eef99c1a stable=1 raw_full=175c1487 raw_q=ecd1f261/b88c6ccc/bd4c4459/51a41ddf raw_edge=3042d936 raw_probe=44.0ms cache_sync=ESP_OK cache_sync_err=0 chunk_crc=e1a2d819/425cf473/1beed5c6 submit=3 complete=3 seq=2250/2250 stale=0 prepare=7.9ms draw=35.2ms
W (85020) rc_video: [DEBUG-C151] display frame=780 consumer=0 active=1/0x3c177000->2/0x3c20d140 select=932->935 became_active=0 overlap=0 overlap_count=0 finish=934 last_finished=1/0x3c177000 finish_active=2 finish_collision=0 guard=1 guard_errors=0
I (85031) rc_video: [CAM-DIAG-C15] frame=780 window=3 sensor=pattern slot=0 addr=0x3c0e0ec0 gen=307->307 crc_first=9257de9a/9257de9a crc_mid=e354e28b/e354e28b crc_tail=eef99c1a/eef99c1a stable=1 raw_full=175c1487 raw_q=ecd1f261/b88c6ccc/bd4c4459/51a41ddf raw_edge=3042d936 raw_probe=44.0ms cache_sync=ESP_OK cache_sync_err=0 chunk_crc=e1a2d819/425cf473/1beed5c6 submit=3 complete=3 seq=2340/2340 stale=0 prepare=7.9ms draw=35.2ms
W (86458) rc_video: [DEBUG-C151] display frame=810 consumer=1 active=2/0x3c20d140->0/0x3c0e0ec0 select=968->971 became_active=0 overlap=0 overlap_count=0 finish=970 last_finished=2/0x3c20d140 finish_active=0 finish_collision=0 guard=1 guard_errors=0
I (86469) rc_video: [CAM-DIAG-C15] frame=810 window=3 sensor=pattern slot=1 addr=0x3c177000 gen=324->324 crc_first=9257de9a/9257de9a crc_mid=e354e28b/e354e28b crc_tail=eef99c1a/eef99c1a stable=1 raw_full=175c1487 raw_q=ecd1f261/b88c6ccc/bd4c4459/51a41ddf raw_edge=3042d936 raw_probe=43.9ms cache_sync=ESP_OK cache_sync_err=0 chunk_crc=e1a2d819/425cf473/1beed5c6 submit=3 complete=3 seq=2430/2430 stale=0 prepare=7.9ms draw=35.7ms
W (87896) rc_video: [DEBUG-C151] display frame=840 consumer=1 active=2/0x3c20d140->0/0x3c0e0ec0 select=1003->1006 became_active=0 overlap=0 overlap_count=0 finish=1005 last_finished=2/0x3c20d140 finish_active=0 finish_collision=0 guard=1 guard_errors=0
I (87908) rc_video: [CAM-DIAG-C15] frame=840 window=3 sensor=pattern slot=1 addr=0x3c177000 gen=335->335 crc_first=9257de9a/9257de9a crc_mid=e354e28b/e354e28b crc_tail=eef99c1a/eef99c1a stable=1 raw_full=175c1487 raw_q=ecd1f261/b88c6ccc/bd4c4459/51a41ddf raw_edge=3042d936 raw_probe=43.8ms cache_sync=ESP_OK cache_sync_err=0 chunk_crc=e1a2d819/425cf473/1beed5c6 submit=3 complete=3 seq=2520/2520 stale=0 prepare=8.0ms draw=35.3ms
W (89334) rc_video: [DEBUG-C151] display frame=870 consumer=1 active=2/0x3c20d140->0/0x3c0e0ec0 select=1038->1041 became_active=0 overlap=0 overlap_count=0 finish=1040 last_finished=2/0x3c20d140 finish_active=0 finish_collision=0 guard=1 guard_errors=0
I (89346) rc_video: [CAM-DIAG-C15] frame=870 window=3 sensor=pattern slot=1 addr=0x3c177000 gen=346->346 crc_first=9257de9a/9257de9a crc_mid=e354e28b/e354e28b crc_tail=eef99c1a/eef99c1a stable=1 raw_full=175c1487 raw_q=ecd1f261/b88c6ccc/bd4c4459/51a41ddf raw_edge=3042d936 raw_probe=43.8ms cache_sync=ESP_OK cache_sync_err=0 chunk_crc=e1a2d819/425cf473/1beed5c6 submit=3 complete=3 seq=2610/2610 stale=0 prepare=7.9ms draw=35.4ms
W (90773) rc_video: [DEBUG-C151] display frame=900 consumer=0 active=1/0x3c177000->2/0x3c20d140 select=1074->1077 became_active=0 overlap=0 overlap_count=0 finish=1076 last_finished=1/0x3c177000 finish_active=2 finish_collision=0 guard=1 guard_errors=0
I (90784) rc_video: [CAM-DIAG-C15] frame=900 window=3 sensor=pattern slot=0 addr=0x3c0e0ec0 gen=354->354 crc_first=9257de9a/9257de9a crc_mid=e354e28b/e354e28b crc_tail=eef99c1a/eef99c1a stable=1 raw_full=175c1487 raw_q=ecd1f261/b88c6ccc/bd4c4459/51a41ddf raw_edge=3042d936 raw_probe=43.8ms cache_sync=ESP_OK cache_sync_err=0 chunk_crc=e1a2d819/425cf473/1beed5c6 submit=3 complete=3 seq=2700/2700 stale=0 prepare=7.9ms draw=35.8ms
W (92211) rc_video: [DEBUG-C151] display frame=930 consumer=0 active=1/0x3c177000->2/0x3c20d140 select=1109->1112 became_active=0 overlap=0 overlap_count=0 finish=1111 last_finished=1/0x3c177000 finish_active=2 finish_collision=0 guard=1 guard_errors=0
I (92223) rc_video: [CAM-DIAG-C15] frame=930 window=3 sensor=pattern slot=0 addr=0x3c0e0ec0 gen=365->365 crc_first=9257de9a/9257de9a crc_mid=e354e28b/e354e28b crc_tail=eef99c1a/eef99c1a stable=1 raw_full=175c1487 raw_q=ecd1f261/b88c6ccc/bd4c4459/51a41ddf raw_edge=3042d936 raw_probe=43.9ms cache_sync=ESP_OK cache_sync_err=0 chunk_crc=e1a2d819/425cf473/1beed5c6 submit=3 complete=3 seq=2790/2790 stale=0 prepare=7.9ms draw=35.3ms
W (93650) rc_video: [DEBUG-C151] display frame=960 consumer=0 active=1/0x3c177000->1/0x3c177000 select=1144->1148 became_active=0 overlap=0 overlap_count=0 finish=1147 last_finished=2/0x3c20d140 finish_active=1 finish_collision=0 guard=1 guard_errors=0
I (93661) rc_video: [CAM-DIAG-C15] frame=960 window=3 sensor=pattern slot=0 addr=0x3c0e0ec0 gen=376->376 crc_first=9257de9a/9257de9a crc_mid=e354e28b/e354e28b crc_tail=eef99c1a/eef99c1a stable=1 raw_full=175c1487 raw_q=ecd1f261/b88c6ccc/bd4c4459/51a41ddf raw_edge=3042d936 raw_probe=44.0ms cache_sync=ESP_OK cache_sync_err=0 chunk_crc=e1a2d819/425cf473/1beed5c6 submit=3 complete=3 seq=2880/2880 stale=0 prepare=7.9ms draw=35.1ms
W (95088) rc_video: [DEBUG-C151] display frame=990 consumer=0 active=2/0x3c20d140->1/0x3c177000 select=1180->1183 became_active=0 overlap=0 overlap_count=0 finish=1182 last_finished=2/0x3c20d140 finish_active=1 finish_collision=0 guard=1 guard_errors=0
I (95099) rc_video: [CAM-DIAG-C15] frame=990 window=3 sensor=pattern slot=0 addr=0x3c0e0ec0 gen=387->387 crc_first=9257de9a/9257de9a crc_mid=e354e28b/e354e28b crc_tail=eef99c1a/eef99c1a stable=1 raw_full=175c1487 raw_q=ecd1f261/b88c6ccc/bd4c4459/51a41ddf raw_edge=3042d936 raw_probe=44.0ms cache_sync=ESP_OK cache_sync_err=0 chunk_crc=e1a2d819/425cf473/1beed5c6 submit=3 complete=3 seq=2970/2970 stale=0 prepare=7.9ms draw=35.2ms
W (96526) rc_video: [DEBUG-C151] display frame=1020 consumer=0 active=2/0x3c20d140->1/0x3c177000 select=1215->1218 became_active=0 overlap=0 overlap_count=0 finish=1217 last_finished=2/0x3c20d140 finish_active=1 finish_collision=0 guard=1 guard_errors=0
I (96538) rc_video: [CAM-DIAG-C15] frame=1020 window=3 sensor=pattern slot=0 addr=0x3c0e0ec0 gen=398->398 crc_first=9257de9a/9257de9a crc_mid=e354e28b/e354e28b crc_tail=eef99c1a/eef99c1a stable=1 raw_full=175c1487 raw_q=ecd1f261/b88c6ccc/bd4c4459/51a41ddf raw_edge=3042d936 raw_probe=43.9ms cache_sync=ESP_OK cache_sync_err=0 chunk_crc=e1a2d819/425cf473/1beed5c6 submit=3 complete=3 seq=3060/3060 stale=0 prepare=7.9ms draw=35.3ms
W (97965) rc_video: [DEBUG-C151] display frame=1050 consumer=0 active=2/0x3c20d140->2/0x3c20d140 select=1250->1254 became_active=0 overlap=0 overlap_count=0 finish=1253 last_finished=1/0x3c177000 finish_active=2 finish_collision=0 guard=1 guard_errors=0
I (97976) rc_video: [CAM-DIAG-C15] frame=1050 window=3 sensor=pattern slot=0 addr=0x3c0e0ec0 gen=409->409 crc_first=9257de9a/9257de9a crc_mid=e354e28b/e354e28b crc_tail=eef99c1a/eef99c1a stable=1 raw_full=175c1487 raw_q=ecd1f261/b88c6ccc/bd4c4459/51a41ddf raw_edge=3042d936 raw_probe=44.0ms cache_sync=ESP_OK cache_sync_err=0 chunk_crc=e1a2d819/425cf473/1beed5c6 submit=3 complete=3 seq=3150/3150 stale=0 prepare=7.9ms draw=35.1ms
W (99403) rc_video: [DEBUG-C151] display frame=1080 consumer=0 active=1/0x3c177000->2/0x3c20d140 select=1286->1289 became_active=0 overlap=0 overlap_count=0 finish=1288 last_finished=1/0x3c177000 finish_active=2 finish_collision=0 guard=1 guard_errors=0
I (99415) rc_video: [CAM-DIAG-C15] frame=1080 window=3 sensor=pattern slot=0 addr=0x3c0e0ec0 gen=420->420 crc_first=9257de9a/9257de9a crc_mid=e354e28b/e354e28b crc_tail=eef99c1a/eef99c1a stable=1 raw_full=175c1487 raw_q=ecd1f261/b88c6ccc/bd4c4459/51a41ddf raw_edge=3042d936 raw_probe=43.9ms cache_sync=ESP_OK cache_sync_err=0 chunk_crc=e1a2d819/425cf473/1beed5c6 submit=3 complete=3 seq=3240/3240 stale=0 prepare=7.9ms draw=35.3ms
W (100842) rc_video: [DEBUG-C151] display frame=1110 consumer=0 active=1/0x3c177000->2/0x3c20d140 select=1321->1324 became_active=0 overlap=0 overlap_count=0 finish=1323 last_finished=1/0x3c177000 finish_active=2 finish_collision=0 guard=1 guard_errors=0
I (100853) rc_video: [CAM-DIAG-C15] frame=1110 window=3 sensor=pattern slot=0 addr=0x3c0e0ec0 gen=431->431 crc_first=9257de9a/9257de9a crc_mid=e354e28b/e354e28b crc_tail=eef99c1a/eef99c1a stable=1 raw_full=175c1487 raw_q=ecd1f261/b88c6ccc/bd4c4459/51a41ddf raw_edge=3042d936 raw_probe=43.9ms cache_sync=ESP_OK cache_sync_err=0 chunk_crc=e1a2d819/425cf473/1beed5c6 submit=3 complete=3 seq=3330/3330 stale=0 prepare=7.9ms draw=35.2ms
W (102280) rc_video: [DEBUG-C151] display frame=1140 consumer=1 active=2/0x3c20d140->0/0x3c0e0ec0 select=1357->1360 became_active=0 overlap=0 overlap_count=0 finish=1359 last_finished=2/0x3c20d140 finish_active=0 finish_collision=0 guard=1 guard_errors=0
I (102292) rc_video: [CAM-DIAG-C15] frame=1140 window=3 sensor=pattern slot=1 addr=0x3c177000 gen=455->455 crc_first=9257de9a/9257de9a crc_mid=e354e28b/e354e28b crc_tail=eef99c1a/eef99c1a stable=1 raw_full=175c1487 raw_q=ecd1f261/b88c6ccc/bd4c4459/51a41ddf raw_edge=3042d936 raw_probe=43.9ms cache_sync=ESP_OK cache_sync_err=0 chunk_crc=e1a2d819/425cf473/1beed5c6 submit=3 complete=3 seq=3420/3420 stale=0 prepare=7.9ms draw=35.3ms
W (103719) rc_video: [DEBUG-C151] display frame=1170 consumer=1 active=2/0x3c20d140->0/0x3c0e0ec0 select=1392->1395 became_active=0 overlap=0 overlap_count=0 finish=1394 last_finished=2/0x3c20d140 finish_active=0 finish_collision=0 guard=1 guard_errors=0
I (103731) rc_video: [CAM-DIAG-C15] frame=1170 window=3 sensor=pattern slot=1 addr=0x3c177000 gen=466->466 crc_first=9257de9a/9257de9a crc_mid=e354e28b/e354e28b crc_tail=eef99c1a/eef99c1a stable=1 raw_full=175c1487 raw_q=ecd1f261/b88c6ccc/bd4c4459/51a41ddf raw_edge=3042d936 raw_probe=44.0ms cache_sync=ESP_OK cache_sync_err=0 chunk_crc=e1a2d819/425cf473/1beed5c6 submit=3 complete=3 seq=3510/3510 stale=0 prepare=7.9ms draw=35.2ms
W (105157) rc_video: [DEBUG-C151] display frame=1200 consumer=1 active=2/0x3c20d140->0/0x3c0e0ec0 select=1427->1430 became_active=0 overlap=0 overlap_count=0 finish=1429 last_finished=2/0x3c20d140 finish_active=0 finish_collision=0 guard=1 guard_errors=0
I (105169) rc_video: [CAM-DIAG-C15] frame=1200 window=3 sensor=pattern slot=1 addr=0x3c177000 gen=477->477 crc_first=9257de9a/9257de9a crc_mid=e354e28b/e354e28b crc_tail=eef99c1a/eef99c1a stable=1 raw_full=175c1487 raw_q=ecd1f261/b88c6ccc/bd4c4459/51a41ddf raw_edge=3042d936 raw_probe=43.8ms cache_sync=ESP_OK cache_sync_err=0 chunk_crc=e1a2d819/425cf473/1beed5c6 submit=3 complete=3 seq=3600/3600 stale=0 prepare=7.9ms draw=35.4ms
W (106596) rc_video: [DEBUG-C151] display frame=1230 consumer=2 active=0/0x3c0e0ec0->1/0x3c177000 select=1463->1466 became_active=0 overlap=0 overlap_count=0 finish=1465 last_finished=0/0x3c0e0ec0 finish_active=1 finish_collision=0 guard=1 guard_errors=0
I (106607) rc_video: [CAM-DIAG-C15] frame=1230 window=3 sensor=pattern slot=2 addr=0x3c20d140 gen=496->496 crc_first=9257de9a/9257de9a crc_mid=e354e28b/e354e28b crc_tail=eef99c1a/eef99c1a stable=1 raw_full=175c1487 raw_q=ecd1f261/b88c6ccc/bd4c4459/51a41ddf raw_edge=3042d936 raw_probe=44.0ms cache_sync=ESP_OK cache_sync_err=0 chunk_crc=e1a2d819/425cf473/1beed5c6 submit=3 complete=3 seq=3690/3690 stale=0 prepare=7.9ms draw=35.2ms
W (107095) rc_tank: [DEBUG-C151] heap stage=window_3_end_before_network intact=1
I (107096) rc_tank: [STEP] Network init starting...
I (107098) rc_net: Initializing as SoftAP (Tank)
I (107102) pp: pp rom version: e7ae62f
I (107105) net80211: net80211 rom version: e7ae62f
I (107111) wifi:wifi driver task: 3fccfe94, prio:23, stack:6656, core=0
I (107119) wifi:wifi firmware version: 0947e8b
I (107120) wifi:wifi certification version: v7.0
I (107123) wifi:config NVS flash: enabled
I (107127) wifi:config nano formatting: disabled
I (107132) wifi:Init data frame dynamic rx buffer num: 32
I (107137) wifi:Init static rx mgmt buffer num: 5
I (107141) wifi:Init management short buffer num: 32
I (107146) wifi:Init dynamic tx buffer num: 64
I (107150) wifi:Init static tx FG buffer num: 2
I (107154) wifi:Init static rx buffer size: 1600
I (107159) wifi:Init static rx buffer num: 10
I (107163) wifi:Init dynamic rx buffer num: 32
I (107168) wifi_init: rx ba win: 6
I (107170) wifi_init: accept mbox: 6
I (107173) wifi_init: tcpip mbox: 16
I (107176) wifi_init: udp mbox: 6
I (107180) wifi_init: tcp mbox: 6
I (107183) wifi_init: tcp tx win: 5760
I (107186) wifi_init: tcp rx win: 5760
I (107189) wifi_init: tcp mss: 1440
I (107193) wifi_init: WiFi IRAM OP enabled
I (107197) wifi_init: WiFi RX IRAM OP enabled
I (107201) rc_net: AP set_mode/config, SSID=RC_TANK_F3AE79 ch=1
I (107287) phy_init: phy_version 711,97bcf0a2,Aug 25 2025,19:04:10
W (107288) phy_init: failed to load RF calibration data (0x1102), falling back to full calibration
I (107325) phy_init: Saving new calibration data due to checksum failure or outdated calibration data, mode(2)
I (107336) wifi:mode : softAP (44:1b:f6:f3:ae:79)
I (107342) wifi:Total power save buffer number: 32
I (107343) wifi:Init max length of beacon: 752/752
I (107343) wifi:Init max length of beacon: 752/752
I (107347) rc_net: SoftAP started, SSID: RC_TANK_F3AE79, Password: 12345678
I (107348) esp_netif_lwip: DHCP server started on interface WIFI_AP_DEF with IP: 192.168.4.1
I (107360) rc_tank: [STEP] Network init OK
I (107364) rc_tank: Tank SoftAP ready, waiting for remote...
W (107369) rc_video: [CAM-DIAG-C15] screen window marker=4 capture=1484
W (107375) rc_tank: [CAM-DIAG-C15] WINDOW_4 start: wifi=on camera=on sensor=pattern gray8=200x200
W (108065) rc_video: [DEBUG-C151] display frame=1260 consumer=0 active=2/0x3c20d140->1/0x3c177000 select=1499->1502 became_active=0 overlap=0 overlap_count=0 finish=1501 last_finished=2/0x3c20d140 finish_active=1 finish_collision=0 guard=1 guard_errors=0
I (108077) rc_video: [CAM-DIAG-C15] frame=1260 window=4 sensor=pattern slot=0 addr=0x3c0e0ec0 gen=491->491 crc_first=9257de9a/9257de9a crc_mid=e354e28b/e354e28b crc_tail=eef99c1a/eef99c1a stable=1 raw_full=175c1487 raw_q=ecd1f261/b88c6ccc/bd4c4459/51a41ddf raw_edge=3042d936 raw_probe=44.4ms cache_sync=ESP_OK cache_sync_err=0 chunk_crc=e1a2d819/425cf473/1beed5c6 submit=3 complete=3 seq=3780/3780 stale=0 prepare=7.9ms draw=35.2ms
W (109509) rc_video: [DEBUG-C151] display frame=1290 consumer=0 active=2/0x3c20d140->1/0x3c177000 select=1534->1537 became_active=0 overlap=0 overlap_count=0 finish=1536 last_finished=2/0x3c20d140 finish_active=1 finish_collision=0 guard=1 guard_errors=0
I (109521) rc_video: [CAM-DIAG-C15] frame=1290 window=4 sensor=pattern slot=0 addr=0x3c0e0ec0 gen=502->502 crc_first=9257de9a/9257de9a crc_mid=e354e28b/e354e28b crc_tail=eef99c1a/eef99c1a stable=1 raw_full=175c1487 raw_q=ecd1f261/b88c6ccc/bd4c4459/51a41ddf raw_edge=3042d936 raw_probe=44.6ms cache_sync=ESP_OK cache_sync_err=0 chunk_crc=e1a2d819/425cf473/1beed5c6 submit=3 complete=3 seq=3870/3870 stale=0 prepare=7.9ms draw=35.8ms
W (110956) rc_video: [DEBUG-C151] display frame=1320 consumer=0 active=2/0x3c20d140->1/0x3c177000 select=1570->1573 became_active=0 overlap=0 overlap_count=0 finish=1572 last_finished=2/0x3c20d140 finish_active=1 finish_collision=0 guard=1 guard_errors=0
I (110968) rc_video: [CAM-DIAG-C15] frame=1320 window=4 sensor=pattern slot=0 addr=0x3c0e0ec0 gen=514->514 crc_first=9257de9a/9257de9a crc_mid=e354e28b/e354e28b crc_tail=eef99c1a/eef99c1a stable=1 raw_full=175c1487 raw_q=ecd1f261/b88c6ccc/bd4c4459/51a41ddf raw_edge=3042d936 raw_probe=44.2ms cache_sync=ESP_OK cache_sync_err=0 chunk_crc=e1a2d819/425cf473/1beed5c6 submit=3 complete=3 seq=3960/3960 stale=0 prepare=8.2ms draw=35.3ms
W (112406) rc_video: [DEBUG-C151] display frame=1350 consumer=0 active=2/0x3c20d140->2/0x3c20d140 select=1605->1609 became_active=0 overlap=0 overlap_count=0 finish=1608 last_finished=1/0x3c177000 finish_active=2 finish_collision=0 guard=1 guard_errors=0
I (112418) rc_video: [CAM-DIAG-C15] frame=1350 window=4 sensor=pattern slot=0 addr=0x3c0e0ec0 gen=525->525 crc_first=9257de9a/9257de9a crc_mid=e354e28b/e354e28b crc_tail=eef99c1a/eef99c1a stable=1 raw_full=175c1487 raw_q=ecd1f261/b88c6ccc/bd4c4459/51a41ddf raw_edge=3042d936 raw_probe=44.0ms cache_sync=ESP_OK cache_sync_err=0 chunk_crc=e1a2d819/425cf473/1beed5c6 submit=3 complete=3 seq=4050/4050 stale=0 prepare=8.0ms draw=35.8ms
W (113851) rc_video: [DEBUG-C151] display frame=1380 consumer=2 active=0/0x3c0e0ec0->1/0x3c177000 select=1641->1644 became_active=0 overlap=0 overlap_count=0 finish=1643 last_finished=0/0x3c0e0ec0 finish_active=1 finish_collision=0 guard=1 guard_errors=0
I (113863) rc_video: [CAM-DIAG-C15] frame=1380 window=4 sensor=pattern slot=2 addr=0x3c20d140 gen=556->556 crc_first=9257de9a/9257de9a crc_mid=e354e28b/e354e28b crc_tail=eef99c1a/eef99c1a stable=1 raw_full=175c1487 raw_q=ecd1f261/b88c6ccc/bd4c4459/51a41ddf raw_edge=3042d936 raw_probe=43.9ms cache_sync=ESP_OK cache_sync_err=0 chunk_crc=e1a2d819/425cf473/1beed5c6 submit=3 complete=3 seq=4140/4140 stale=0 prepare=8.0ms draw=35.6ms
W (115294) rc_video: [DEBUG-C151] display frame=1410 consumer=1 active=2/0x3c20d140->2/0x3c20d140 select=1676->1680 became_active=0 overlap=0 overlap_count=0 finish=1679 last_finished=0/0x3c0e0ec0 finish_active=2 finish_collision=0 guard=1 guard_errors=0
I (115306) rc_video: [CAM-DIAG-C15] frame=1410 window=4 sensor=pattern slot=1 addr=0x3c177000 gen=561->561 crc_first=9257de9a/9257de9a crc_mid=e354e28b/e354e28b crc_tail=eef99c1a/eef99c1a stable=1 raw_full=175c1487 raw_q=ecd1f261/b88c6ccc/bd4c4459/51a41ddf raw_edge=3042d936 raw_probe=43.9ms cache_sync=ESP_OK cache_sync_err=0 chunk_crc=e1a2d819/425cf473/1beed5c6 submit=3 complete=3 seq=4230/4230 stale=0 prepare=7.9ms draw=35.7ms
W (116740) rc_video: [DEBUG-C151] display frame=1440 consumer=2 active=1/0x3c177000->0/0x3c0e0ec0 select=1712->1715 became_active=0 overlap=0 overlap_count=0 finish=1714 last_finished=1/0x3c177000 finish_active=0 finish_collision=0 guard=1 guard_errors=0
I (116752) rc_video: [CAM-DIAG-C15] frame=1440 window=4 sensor=pattern slot=2 addr=0x3c20d140 gen=579->579 crc_first=9257de9a/9257de9a crc_mid=e354e28b/e354e28b crc_tail=eef99c1a/eef99c1a stable=1 raw_full=175c1487 raw_q=ecd1f261/b88c6ccc/bd4c4459/51a41ddf raw_edge=3042d936 raw_probe=43.9ms cache_sync=ESP_OK cache_sync_err=0 chunk_crc=e1a2d819/425cf473/1beed5c6 submit=3 complete=3 seq=4320/4320 stale=0 prepare=8.0ms draw=36.1ms
W (118186) rc_video: [DEBUG-C151] display frame=1470 consumer=1 active=2/0x3c20d140->0/0x3c0e0ec0 select=1748->1751 became_active=0 overlap=0 overlap_count=0 finish=1750 last_finished=2/0x3c20d140 finish_active=0 finish_collision=0 guard=1 guard_errors=0
I (118198) rc_video: [CAM-DIAG-C15] frame=1470 window=4 sensor=pattern slot=1 addr=0x3c177000 gen=585->585 crc_first=9257de9a/9257de9a crc_mid=e354e28b/e354e28b crc_tail=eef99c1a/eef99c1a stable=1 raw_full=175c1487 raw_q=ecd1f261/b88c6ccc/bd4c4459/51a41ddf raw_edge=3042d936 raw_probe=44.7ms cache_sync=ESP_OK cache_sync_err=0 chunk_crc=e1a2d819/425cf473/1beed5c6 submit=3 complete=3 seq=4410/4410 stale=0 prepare=8.0ms draw=35.7ms
W (119633) rc_video: [DEBUG-C151] display frame=1500 consumer=1 active=2/0x3c20d140->0/0x3c0e0ec0 select=1783->1786 became_active=0 overlap=0 overlap_count=0 finish=1785 last_finished=2/0x3c20d140 finish_active=0 finish_collision=0 guard=1 guard_errors=0
I (119645) rc_video: [CAM-DIAG-C15] frame=1500 window=4 sensor=pattern slot=1 addr=0x3c177000 gen=596->596 crc_first=9257de9a/9257de9a crc_mid=e354e28b/e354e28b crc_tail=eef99c1a/eef99c1a stable=1 raw_full=175c1487 raw_q=ecd1f261/b88c6ccc/bd4c4459/51a41ddf raw_edge=3042d936 raw_probe=44.4ms cache_sync=ESP_OK cache_sync_err=0 chunk_crc=e1a2d819/425cf473/1beed5c6 submit=3 complete=3 seq=4500/4500 stale=0 prepare=8.0ms draw=35.6ms
W (121085) rc_video: [DEBUG-C151] display frame=1530 consumer=0 active=2/0x3c20d140->1/0x3c177000 select=1819->1822 became_active=0 overlap=0 overlap_count=0 finish=1821 last_finished=2/0x3c20d140 finish_active=1 finish_collision=0 guard=1 guard_errors=0
I (121097) rc_video: [CAM-DIAG-C15] frame=1530 window=4 sensor=pattern slot=0 addr=0x3c0e0ec0 gen=596->596 crc_first=9257de9a/9257de9a crc_mid=e354e28b/e354e28b crc_tail=eef99c1a/eef99c1a stable=1 raw_full=175c1487 raw_q=ecd1f261/b88c6ccc/bd4c4459/51a41ddf raw_edge=3042d936 raw_probe=46.1ms cache_sync=ESP_OK cache_sync_err=0 chunk_crc=e1a2d819/425cf473/1beed5c6 submit=3 complete=3 seq=4590/4590 stale=0 prepare=8.1ms draw=35.8ms
W (122530) rc_video: [DEBUG-C151] display frame=1560 consumer=0 active=2/0x3c20d140->1/0x3c177000 select=1854->1857 became_active=0 overlap=0 overlap_count=0 finish=1856 last_finished=2/0x3c20d140 finish_active=1 finish_collision=0 guard=1 guard_errors=0
I (122542) rc_video: [CAM-DIAG-C15] frame=1560 window=4 sensor=pattern slot=0 addr=0x3c0e0ec0 gen=607->607 crc_first=9257de9a/9257de9a crc_mid=e354e28b/e354e28b crc_tail=eef99c1a/eef99c1a stable=1 raw_full=175c1487 raw_q=ecd1f261/b88c6ccc/bd4c4459/51a41ddf raw_edge=3042d936 raw_probe=44.0ms cache_sync=ESP_OK cache_sync_err=0 chunk_crc=e1a2d819/425cf473/1beed5c6 submit=3 complete=3 seq=4680/4680 stale=0 prepare=8.0ms draw=35.7ms
W (123976) rc_video: [DEBUG-C151] display frame=1590 consumer=2 active=1/0x3c177000->0/0x3c0e0ec0 select=1890->1893 became_active=0 overlap=0 overlap_count=0 finish=1892 last_finished=1/0x3c177000 finish_active=0 finish_collision=0 guard=1 guard_errors=0
I (123988) rc_video: [CAM-DIAG-C15] frame=1590 window=4 sensor=pattern slot=2 addr=0x3c20d140 gen=639->639 crc_first=9257de9a/9257de9a crc_mid=e354e28b/e354e28b crc_tail=eef99c1a/eef99c1a stable=1 raw_full=175c1487 raw_q=ecd1f261/b88c6ccc/bd4c4459/51a41ddf raw_edge=3042d936 raw_probe=44.0ms cache_sync=ESP_OK cache_sync_err=0 chunk_crc=e1a2d819/425cf473/1beed5c6 submit=3 complete=3 seq=4770/4770 stale=0 prepare=7.9ms draw=36.4ms
W (125423) rc_video: [DEBUG-C151] display frame=1620 consumer=0 active=2/0x3c20d140->2/0x3c20d140 select=1925->1929 became_active=0 overlap=0 overlap_count=0 finish=1928 last_finished=1/0x3c177000 finish_active=2 finish_collision=0 guard=1 guard_errors=0
I (125435) rc_video: [CAM-DIAG-C15] frame=1620 window=4 sensor=pattern slot=0 addr=0x3c0e0ec0 gen=630->630 crc_first=9257de9a/9257de9a crc_mid=e354e28b/e354e28b crc_tail=eef99c1a/eef99c1a stable=1 raw_full=175c1487 raw_q=ecd1f261/b88c6ccc/bd4c4459/51a41ddf raw_edge=3042d936 raw_probe=44.1ms cache_sync=ESP_OK cache_sync_err=0 chunk_crc=e1a2d819/425cf473/1beed5c6 submit=3 complete=3 seq=4860/4860 stale=0 prepare=8.1ms draw=35.7ms
W (126871) rc_video: [DEBUG-C151] display frame=1650 consumer=2 active=0/0x3c0e0ec0->1/0x3c177000 select=1961->1964 became_active=0 overlap=0 overlap_count=0 finish=1963 last_finished=0/0x3c0e0ec0 finish_active=1 finish_collision=0 guard=1 guard_errors=0
I (126883) rc_video: [CAM-DIAG-C15] frame=1650 window=4 sensor=pattern slot=2 addr=0x3c20d140 gen=663->663 crc_first=9257de9a/9257de9a crc_mid=e354e28b/e354e28b crc_tail=eef99c1a/eef99c1a stable=1 raw_full=175c1487 raw_q=ecd1f261/b88c6ccc/bd4c4459/51a41ddf raw_edge=3042d936 raw_probe=43.9ms cache_sync=ESP_OK cache_sync_err=0 chunk_crc=e1a2d819/425cf473/1beed5c6 submit=3 complete=3 seq=4950/4950 stale=0 prepare=8.0ms draw=36.5ms
W (128321) rc_video: [DEBUG-C151] display frame=1680 consumer=2 active=1/0x3c177000->0/0x3c0e0ec0 select=1997->2000 became_active=0 overlap=0 overlap_count=0 finish=1999 last_finished=1/0x3c177000 finish_active=0 finish_collision=0 guard=1 guard_errors=0
I (128333) rc_video: [CAM-DIAG-C15] frame=1680 window=4 sensor=pattern slot=2 addr=0x3c20d140 gen=674->674 crc_first=9257de9a/9257de9a crc_mid=e354e28b/e354e28b crc_tail=eef99c1a/eef99c1a stable=1 raw_full=175c1487 raw_q=ecd1f261/b88c6ccc/bd4c4459/51a41ddf raw_edge=3042d936 raw_probe=44.0ms cache_sync=ESP_OK cache_sync_err=0 chunk_crc=e1a2d819/425cf473/1beed5c6 submit=3 complete=3 seq=5040/5040 stale=0 prepare=8.0ms draw=36.5ms
W (129769) rc_video: [DEBUG-C151] display frame=1710 consumer=0 active=2/0x3c20d140->1/0x3c177000 select=2032->2035 became_active=0 overlap=0 overlap_count=0 finish=2034 last_finished=2/0x3c20d140 finish_active=1 finish_collision=0 guard=1 guard_errors=0
I (129781) rc_video: [CAM-DIAG-C15] frame=1710 window=4 sensor=pattern slot=0 addr=0x3c0e0ec0 gen=667->667 crc_first=9257de9a/9257de9a crc_mid=e354e28b/e354e28b crc_tail=eef99c1a/eef99c1a stable=1 raw_full=175c1487 raw_q=ecd1f261/b88c6ccc/bd4c4459/51a41ddf raw_edge=3042d936 raw_probe=44.0ms cache_sync=ESP_OK cache_sync_err=0 chunk_crc=e1a2d819/425cf473/1beed5c6 submit=3 complete=3 seq=5130/5130 stale=0 prepare=7.9ms draw=35.7ms
W (131217) rc_video: [DEBUG-C151] display frame=1740 consumer=2 active=1/0x3c177000->0/0x3c0e0ec0 select=2068->2071 became_active=0 overlap=0 overlap_count=0 finish=2070 last_finished=1/0x3c177000 finish_active=0 finish_collision=0 guard=1 guard_errors=0
I (131229) rc_video: [CAM-DIAG-C15] frame=1740 window=4 sensor=pattern slot=2 addr=0x3c20d140 gen=697->697 crc_first=9257de9a/9257de9a crc_mid=e354e28b/e354e28b crc_tail=eef99c1a/eef99c1a stable=1 raw_full=175c1487 raw_q=ecd1f261/b88c6ccc/bd4c4459/51a41ddf raw_edge=3042d936 raw_probe=45.4ms cache_sync=ESP_OK cache_sync_err=0 chunk_crc=e1a2d819/425cf473/1beed5c6 submit=3 complete=3 seq=5220/5220 stale=0 prepare=8.0ms draw=35.7ms
W (132665) rc_video: [DEBUG-C151] display frame=1770 consumer=0 active=2/0x3c20d140->2/0x3c20d140 select=2103->2107 became_active=0 overlap=0 overlap_count=0 finish=2106 last_finished=1/0x3c177000 finish_active=2 finish_collision=0 guard=1 guard_errors=0
I (132677) rc_video: [CAM-DIAG-C15] frame=1770 window=4 sensor=pattern slot=0 addr=0x3c0e0ec0 gen=690->690 crc_first=9257de9a/9257de9a crc_mid=e354e28b/e354e28b crc_tail=eef99c1a/eef99c1a stable=1 raw_full=175c1487 raw_q=ecd1f261/b88c6ccc/bd4c4459/51a41ddf raw_edge=3042d936 raw_probe=43.9ms cache_sync=ESP_OK cache_sync_err=0 chunk_crc=e1a2d819/425cf473/1beed5c6 submit=3 complete=3 seq=5310/5310 stale=0 prepare=8.1ms draw=36.1ms
W (134111) rc_video: [DEBUG-C151] display frame=1800 consumer=0 active=1/0x3c177000->2/0x3c20d140 select=2139->2142 became_active=0 overlap=0 overlap_count=0 finish=2141 last_finished=1/0x3c177000 finish_active=2 finish_collision=0 guard=1 guard_errors=0
I (134123) rc_video: [CAM-DIAG-C15] frame=1800 window=4 sensor=pattern slot=0 addr=0x3c0e0ec0 gen=701->701 crc_first=9257de9a/9257de9a crc_mid=e354e28b/e354e28b crc_tail=eef99c1a/eef99c1a stable=1 raw_full=175c1487 raw_q=ecd1f261/b88c6ccc/bd4c4459/51a41ddf raw_edge=3042d936 raw_probe=44.0ms cache_sync=ESP_OK cache_sync_err=0 chunk_crc=e1a2d819/425cf473/1beed5c6 submit=3 complete=3 seq=5400/5400 stale=0 prepare=8.0ms draw=35.7ms
W (135558) rc_video: [DEBUG-C151] display frame=1830 consumer=1 active=0/0x3c0e0ec0->2/0x3c20d140 select=2175->2178 became_active=0 overlap=0 overlap_count=0 finish=2177 last_finished=0/0x3c0e0ec0 finish_active=2 finish_collision=0 guard=1 guard_errors=0
I (135570) rc_video: [CAM-DIAG-C15] frame=1830 window=4 sensor=pattern slot=1 addr=0x3c177000 gen=729->729 crc_first=9257de9a/9257de9a crc_mid=e354e28b/e354e28b crc_tail=eef99c1a/eef99c1a stable=1 raw_full=175c1487 raw_q=ecd1f261/b88c6ccc/bd4c4459/51a41ddf raw_edge=3042d936 raw_probe=43.9ms cache_sync=ESP_OK cache_sync_err=0 chunk_crc=e1a2d819/425cf473/1beed5c6 submit=3 complete=3 seq=5490/5490 stale=0 prepare=7.9ms draw=35.6ms
W (137007) rc_video: [DEBUG-C151] display frame=1860 consumer=2 active=1/0x3c177000->0/0x3c0e0ec0 select=2210->2213 became_active=0 overlap=0 overlap_count=0 finish=2212 last_finished=1/0x3c177000 finish_active=0 finish_collision=0 guard=1 guard_errors=0
I (137019) rc_video: [CAM-DIAG-C15] frame=1860 window=4 sensor=pattern slot=2 addr=0x3c20d140 gen=745->745 crc_first=9257de9a/9257de9a crc_mid=e354e28b/e354e28b crc_tail=eef99c1a/eef99c1a stable=1 raw_full=175c1487 raw_q=ecd1f261/b88c6ccc/bd4c4459/51a41ddf raw_edge=3042d936 raw_probe=44.1ms cache_sync=ESP_OK cache_sync_err=0 chunk_crc=e1a2d819/425cf473/1beed5c6 submit=3 complete=3 seq=5580/5580 stale=0 prepare=7.9ms draw=35.9ms
W (137386) camera_hal: [CAM-DIAG-C15] SP0A39 test_pattern=off P1:32 before=0x80 write=0x00 read=0x05 expected_bit=0x00
W (137487) rc_video: [CAM-DIAG-C15] screen window marker=5 capture=2224
W (137487) rc_tank: [CAM-DIAG-C15] WINDOW_5 start: wifi=on camera=on sensor=real gray8=200x200; DVP unchanged
W (138456) rc_video: [DEBUG-C151] display frame=1890 consumer=2 active=1/0x3c177000->0/0x3c0e0ec0 select=2246->2249 became_active=0 overlap=0 overlap_count=0 finish=2248 last_finished=1/0x3c177000 finish_active=0 finish_collision=0 guard=1 guard_errors=0
I (138468) rc_video: [CAM-DIAG-C15] frame=1890 window=5 sensor=real slot=2 addr=0x3c20d140 gen=757->757 crc_first=1d0a738b/1d0a738b crc_mid=7433f3c3/7433f3c3 crc_tail=d13cbe1c/d13cbe1c stable=1 raw_full=099f537a raw_q=9ef3a871/4bfd9fbc/9e13e1a2/2e9f27f1 raw_edge=9d6fcecd raw_probe=44.1ms cache_sync=ESP_OK cache_sync_err=0 chunk_crc=5d5caa38/315d6fa9/228a4883 submit=3 complete=3 seq=5670/5670 stale=0 prepare=8.1ms draw=35.8ms
W (139905) rc_video: [DEBUG-C151] display frame=1920 consumer=0 active=2/0x3c20d140->2/0x3c20d140 select=2281->2285 became_active=0 overlap=0 overlap_count=0 finish=2284 last_finished=1/0x3c177000 finish_active=2 finish_collision=0 guard=1 guard_errors=0
I (139917) rc_video: [CAM-DIAG-C15] frame=1920 window=5 sensor=real slot=0 addr=0x3c0e0ec0 gen=749->749 crc_first=eed3f87a/eed3f87a crc_mid=bc614c3b/bc614c3b crc_tail=823728c3/823728c3 stable=1 raw_full=ba2183d1 raw_q=eeb9ada5/8c0da122/49871422/6c1cc7aa raw_edge=560bbe44 raw_probe=44.4ms cache_sync=ESP_OK cache_sync_err=0 chunk_crc=0ba8079d/254bc8c7/35a2d919 submit=3 complete=3 seq=5760/5760 stale=0 prepare=7.9ms draw=36.1ms
W (141351) rc_video: [DEBUG-C151] display frame=1950 consumer=0 active=1/0x3c177000->2/0x3c20d140 select=2317->2320 became_active=0 overlap=0 overlap_count=0 finish=2319 last_finished=1/0x3c177000 finish_active=2 finish_collision=0 guard=1 guard_errors=0
I (141363) rc_video: [CAM-DIAG-C15] frame=1950 window=5 sensor=real slot=0 addr=0x3c0e0ec0 gen=760->760 crc_first=d8995d1a/d8995d1a crc_mid=1a45957b/1a45957b crc_tail=37d7d10c/37d7d10c stable=1 raw_full=0ab1a88a raw_q=b965fcf7/d4a9efec/419837e1/30dbdb35 raw_edge=9fac7977 raw_probe=44.5ms cache_sync=ESP_OK cache_sync_err=0 chunk_crc=ed57d400/c467c3a2/b5b31c84 submit=3 complete=3 seq=5850/5850 stale=0 prepare=7.9ms draw=36.1ms
W (142799) rc_video: [DEBUG-C151] display frame=1980 consumer=1 active=0/0x3c0e0ec0->2/0x3c20d140 select=2353->2356 became_active=0 overlap=0 overlap_count=0 finish=2355 last_finished=0/0x3c0e0ec0 finish_active=2 finish_collision=0 guard=1 guard_errors=0
I (142811) rc_video: [CAM-DIAG-C15] frame=1980 window=5 sensor=real slot=1 addr=0x3c177000 gen=789->789 crc_first=8883280f/8883280f crc_mid=ad5df22b/ad5df22b crc_tail=1c728c2c/1c728c2c stable=1 raw_full=b35bb550 raw_q=1baf17cb/ac4549fa/6d2fe7e3/4bc63b69 raw_edge=015b52a6 raw_probe=44.4ms cache_sync=ESP_OK cache_sync_err=0 chunk_crc=08e7ffc6/133166fb/6e21b805 submit=3 complete=3 seq=5940/5940 stale=0 prepare=7.9ms draw=35.4ms
W (144251) rc_video: [DEBUG-C151] display frame=2010 consumer=0 active=2/0x3c20d140->1/0x3c177000 select=2388->2391 became_active=0 overlap=0 overlap_count=0 finish=2390 last_finished=2/0x3c20d140 finish_active=1 finish_collision=0 guard=1 guard_errors=0
I (144263) rc_video: [CAM-DIAG-C15] frame=2010 window=5 sensor=real slot=0 addr=0x3c0e0ec0 gen=784->784 crc_first=f033f67e/f033f67e crc_mid=dc1f40d1/dc1f40d1 crc_tail=ebfa7516/ebfa7516 stable=1 raw_full=00a15f0b raw_q=3fb1e46d/938eb92e/9625503f/94870667 raw_edge=a76c64a0 raw_probe=44.0ms cache_sync=ESP_OK cache_sync_err=0 chunk_crc=4533d190/2b22d9e3/0fe91061 submit=3 complete=3 seq=6030/6030 stale=0 prepare=7.9ms draw=36.4ms
W (145698) rc_video: [DEBUG-C151] display frame=2040 consumer=0 active=2/0x3c20d140->1/0x3c177000 select=2424->2427 became_active=0 overlap=0 overlap_count=0 finish=2426 last_finished=2/0x3c20d140 finish_active=1 finish_collision=0 guard=1 guard_errors=0
I (145710) rc_video: [CAM-DIAG-C15] frame=2040 window=5 sensor=real slot=0 addr=0x3c0e0ec0 gen=796->796 crc_first=d66a65d0/d66a65d0 crc_mid=56403d31/56403d31 crc_tail=1d3996ea/1d3996ea stable=1 raw_full=bcdda415 raw_q=2c4f3e0c/e64ffbec/8d080799/031922fd raw_edge=71235321 raw_probe=44.0ms cache_sync=ESP_OK cache_sync_err=0 chunk_crc=d7640e91/1a453928/a3573de8 submit=3 complete=3 seq=6120/6120 stale=0 prepare=8.3ms draw=35.6ms
W (147145) rc_video: [DEBUG-C151] display frame=2070 consumer=2 active=1/0x3c177000->1/0x3c177000 select=2459->2463 became_active=0 overlap=0 overlap_count=0 finish=2462 last_finished=0/0x3c0e0ec0 finish_active=1 finish_collision=0 guard=1 guard_errors=0
I (147157) rc_video: [CAM-DIAG-C15] frame=2070 window=5 sensor=real slot=2 addr=0x3c20d140 gen=829->829 crc_first=5bc03fcc/5bc03fcc crc_mid=280d2c26/280d2c26 crc_tail=fd965d72/fd965d72 stable=1 raw_full=57d11e98 raw_q=c96247c0/68a2b749/c08eeaf0/93fef545 raw_edge=aadeb57f raw_probe=43.8ms cache_sync=ESP_OK cache_sync_err=0 chunk_crc=d8d9222e/f0be4897/a66ba3ac submit=3 complete=3 seq=6210/6210 stale=0 prepare=8.0ms draw=35.6ms
W (148591) rc_video: [DEBUG-C151] display frame=2100 consumer=2 active=0/0x3c0e0ec0->1/0x3c177000 select=2495->2498 became_active=0 overlap=0 overlap_count=0 finish=2497 last_finished=0/0x3c0e0ec0 finish_active=1 finish_collision=0 guard=1 guard_errors=0
I (148603) rc_video: [CAM-DIAG-C15] frame=2100 window=5 sensor=real slot=2 addr=0x3c20d140 gen=840->840 crc_first=96cfb6c4/96cfb6c4 crc_mid=e5dd61ad/e5dd61ad crc_tail=bcd027a2/bcd027a2 stable=1 raw_full=1fc747e6 raw_q=7a0df08d/6055d872/4e8fadfe/3637cf38 raw_edge=4c7bed05 raw_probe=44.0ms cache_sync=ESP_OK cache_sync_err=0 chunk_crc=21a0f4c3/6c34c31e/80ebc1b7 submit=3 complete=3 seq=6300/6300 stale=0 prepare=7.9ms draw=35.7ms
W (150039) rc_video: [DEBUG-C151] display frame=2130 consumer=2 active=1/0x3c177000->0/0x3c0e0ec0 select=2531->2534 became_active=0 overlap=0 overlap_count=0 finish=2533 last_finished=1/0x3c177000 finish_active=0 finish_collision=0 guard=1 guard_errors=0
I (150051) rc_video: [CAM-DIAG-C15] frame=2130 window=5 sensor=real slot=2 addr=0x3c20d140 gen=851->851 crc_first=bd0ba569/bd0ba569 crc_mid=2d042726/2d042726 crc_tail=4b4bdf8c/4b4bdf8c stable=1 raw_full=518c7865 raw_q=cbc3e8e6/74d035f0/3c181085/1451c3d0 raw_edge=b38d5313 raw_probe=44.4ms cache_sync=ESP_OK cache_sync_err=0 chunk_crc=bb8d916c/dc74787a/660b9cec submit=3 complete=3 seq=6390/6390 stale=0 prepare=7.9ms draw=35.2ms
W (151491) rc_video: [DEBUG-C151] display frame=2160 consumer=0 active=2/0x3c20d140->1/0x3c177000 select=2566->2569 became_active=0 overlap=0 overlap_count=0 finish=2568 last_finished=2/0x3c20d140 finish_active=1 finish_collision=0 guard=1 guard_errors=0
I (151503) rc_video: [CAM-DIAG-C15] frame=2160 window=5 sensor=real slot=0 addr=0x3c0e0ec0 gen=842->842 crc_first=d562af50/d562af50 crc_mid=10f54e9b/10f54e9b crc_tail=8828ce08/8828ce08 stable=1 raw_full=338dbbb2 raw_q=3fa52315/6dd4915e/b3689e94/942591a7 raw_edge=dfb2639f raw_probe=44.6ms cache_sync=ESP_OK cache_sync_err=0 chunk_crc=728bc515/4d38182a/025369d6 submit=3 complete=3 seq=6480/6480 stale=0 prepare=8.0ms draw=35.4ms
W (152940) rc_video: [DEBUG-C151] display frame=2190 consumer=0 active=2/0x3c20d140->1/0x3c177000 select=2602->2605 became_active=0 overlap=0 overlap_count=0 finish=2604 last_finished=2/0x3c20d140 finish_active=1 finish_collision=0 guard=1 guard_errors=0
I (152952) rc_video: [CAM-DIAG-C15] frame=2190 window=5 sensor=real slot=0 addr=0x3c0e0ec0 gen=853->853 crc_first=168026b3/168026b3 crc_mid=6a8c7a5f/6a8c7a5f crc_tail=01d9dfb2/01d9dfb2 stable=1 raw_full=962743fd raw_q=7cde6d23/98da383a/50cbf361/bd24988c raw_edge=b72b87e6 raw_probe=44.0ms cache_sync=ESP_OK cache_sync_err=0 chunk_crc=cd01b55d/783f8436/f4971833 submit=3 complete=3 seq=6570/6570 stale=0 prepare=8.2ms draw=36.6ms
W (154389) rc_video: [DEBUG-C151] display frame=2220 consumer=0 active=2/0x3c20d140->2/0x3c20d140 select=2637->2641 became_active=0 overlap=0 overlap_count=0 finish=2640 last_finished=1/0x3c177000 finish_active=2 finish_collision=0 guard=1 guard_errors=0
I (154401) rc_video: [CAM-DIAG-C15] frame=2220 window=5 sensor=real slot=0 addr=0x3c0e0ec0 gen=864->864 crc_first=0ed529af/0ed529af crc_mid=dbd02f23/dbd02f23 crc_tail=d925aab0/d925aab0 stable=1 raw_full=cd65203a raw_q=433978ba/4059b9ca/ee244a6c/a42ef363 raw_edge=a8768678 raw_probe=43.9ms cache_sync=ESP_OK cache_sync_err=0 chunk_crc=d0c2b452/ad1eaa7a/0fdb5f9b submit=3 complete=3 seq=6660/6660 stale=0 prepare=8.1ms draw=36.3ms
W (155836) rc_video: [DEBUG-C151] display frame=2250 consumer=2 active=0/0x3c0e0ec0->1/0x3c177000 select=2673->2676 became_active=0 overlap=0 overlap_count=0 finish=2675 last_finished=0/0x3c0e0ec0 finish_active=1 finish_collision=0 guard=1 guard_errors=0
I (155848) rc_video: [CAM-DIAG-C15] frame=2250 window=5 sensor=real slot=2 addr=0x3c20d140 gen=899->899 crc_first=e8c65660/e8c65660 crc_mid=ae4c5555/ae4c5555 crc_tail=bba9a957/bba9a957 stable=1 raw_full=511a76ab raw_q=1de4e554/5867303f/331326c7/6492b982 raw_edge=3da29df2 raw_probe=44.0ms cache_sync=ESP_OK cache_sync_err=0 chunk_crc=87ad5803/6c14c6b6/ddcbdf16 submit=3 complete=3 seq=6750/6750 stale=0 prepare=8.1ms draw=36.0ms
W (157282) rc_video: [DEBUG-C151] display frame=2280 consumer=0 active=2/0x3c20d140->1/0x3c177000 select=2709->2712 became_active=0 overlap=0 overlap_count=0 finish=2711 last_finished=2/0x3c20d140 finish_active=1 finish_collision=0 guard=1 guard_errors=0
I (157294) rc_video: [CAM-DIAG-C15] frame=2280 window=5 sensor=real slot=0 addr=0x3c0e0ec0 gen=888->888 crc_first=1492478d/1492478d crc_mid=45d75264/45d75264 crc_tail=0b8ad54a/0b8ad54a stable=1 raw_full=e03ef37a raw_q=f9265660/0aae8526/97b3cfaa/93ad187e raw_edge=b3c56e73 raw_probe=44.3ms cache_sync=ESP_OK cache_sync_err=0 chunk_crc=ff97b5de/b0ac448d/e6d0ef6c submit=3 complete=3 seq=6840/6840 stale=0 prepare=8.0ms draw=35.8ms
W (158729) rc_video: [DEBUG-C151] display frame=2310 consumer=1 active=0/0x3c0e0ec0->2/0x3c20d140 select=2744->2747 became_active=0 overlap=0 overlap_count=0 finish=2746 last_finished=0/0x3c0e0ec0 finish_active=2 finish_collision=0 guard=1 guard_errors=0
I (158741) rc_video: [CAM-DIAG-C15] frame=2310 window=5 sensor=real slot=1 addr=0x3c177000 gen=922->922 crc_first=f13d97ca/f13d97ca crc_mid=acf9315c/acf9315c crc_tail=9ef9ed8c/9ef9ed8c stable=1 raw_full=f12c380a raw_q=4997fcaa/add0a5ee/b4836129/1e52e64b raw_edge=2de14545 raw_probe=44.0ms cache_sync=ESP_OK cache_sync_err=0 chunk_crc=8c3e5d89/c232d807/e6f64967 submit=3 complete=3 seq=6930/6930 stale=0 prepare=8.2ms draw=35.4ms
W (160173) rc_video: [DEBUG-C151] display frame=2340 consumer=0 active=1/0x3c177000->2/0x3c20d140 select=2780->2783 became_active=0 overlap=0 overlap_count=0 finish=2782 last_finished=1/0x3c177000 finish_active=2 finish_collision=0 guard=1 guard_errors=0
I (160185) rc_video: [CAM-DIAG-C15] frame=2340 window=5 sensor=real slot=0 addr=0x3c0e0ec0 gen=911->911 crc_first=ca7c2852/ca7c2852 crc_mid=771bc671/771bc671 crc_tail=b4e76ebf/b4e76ebf stable=1 raw_full=7095f829 raw_q=2fc22c9f/0836ddb0/20fe649c/1ad5450b raw_edge=b560b84f raw_probe=44.0ms cache_sync=ESP_OK cache_sync_err=0 chunk_crc=91c5c7a5/8355b463/ac2f5369 submit=3 complete=3 seq=7020/7020 stale=0 prepare=8.0ms draw=35.8ms
W (161618) rc_video: [DEBUG-C151] display frame=2370 consumer=0 active=1/0x3c177000->2/0x3c20d140 select=2815->2818 became_active=0 overlap=0 overlap_count=0 finish=2817 last_finished=1/0x3c177000 finish_active=2 finish_collision=0 guard=1 guard_errors=0
I (161630) rc_video: [CAM-DIAG-C15] frame=2370 window=5 sensor=real slot=0 addr=0x3c0e0ec0 gen=922->922 crc_first=44762f9a/44762f9a crc_mid=b97b1a12/b97b1a12 crc_tail=ee945bd8/ee945bd8 stable=1 raw_full=d44c84ff raw_q=49a57237/f1ff1dae/66e06911/b062f07a raw_edge=cc7a5112 raw_probe=44.1ms cache_sync=ESP_OK cache_sync_err=0 chunk_crc=5e0d3512/bb93c273/04691b9e submit=3 complete=3 seq=7110/7110 stale=0 prepare=8.0ms draw=35.5ms
W (163065) rc_video: [DEBUG-C151] display frame=2400 consumer=0 active=1/0x3c177000->2/0x3c20d140 select=2851->2854 became_active=0 overlap=0 overlap_count=0 finish=2853 last_finished=1/0x3c177000 finish_active=2 finish_collision=0 guard=1 guard_errors=0
I (163077) rc_video: [CAM-DIAG-C15] frame=2400 window=5 sensor=real slot=0 addr=0x3c0e0ec0 gen=933->933 crc_first=25fe9a23/25fe9a23 crc_mid=24e7d07a/24e7d07a crc_tail=aa4aeed0/aa4aeed0 stable=1 raw_full=57a9e416 raw_q=6b5ecf0c/3a4a69c9/a3072f96/b4f78cfd raw_edge=50935996 raw_probe=44.2ms cache_sync=ESP_OK cache_sync_err=0 chunk_crc=656628f3/fada0826/92c49d17 submit=3 complete=3 seq=7200/7200 stale=0 prepare=8.0ms draw=36.2ms
W (164511) rc_video: [DEBUG-C151] display frame=2430 consumer=2 active=0/0x3c0e0ec0->1/0x3c177000 select=2886->2889 became_active=0 overlap=0 overlap_count=0 finish=2888 last_finished=0/0x3c0e0ec0 finish_active=1 finish_collision=0 guard=1 guard_errors=0
I (164524) rc_video: [CAM-DIAG-C15] frame=2430 window=5 sensor=real slot=2 addr=0x3c20d140 gen=973->973 crc_first=cecefbc0/cecefbc0 crc_mid=45269840/45269840 crc_tail=f18de323/f18de323 stable=1 raw_full=8d5e1553 raw_q=4c9541fd/9a38df9e/11b8e862/08da63bc raw_edge=6f17bd13 raw_probe=43.9ms cache_sync=ESP_OK cache_sync_err=0 chunk_crc=9c32e798/2700455f/91b94971 submit=3 complete=3 seq=7290/7290 stale=0 prepare=8.2ms draw=36.3ms
W (165962) rc_video: [DEBUG-C151] display frame=2460 consumer=2 active=0/0x3c0e0ec0->1/0x3c177000 select=2922->2925 became_active=0 overlap=0 overlap_count=0 finish=2924 last_finished=0/0x3c0e0ec0 finish_active=1 finish_collision=0 guard=1 guard_errors=0
I (165974) rc_video: [CAM-DIAG-C15] frame=2460 window=5 sensor=real slot=2 addr=0x3c20d140 gen=985->985 crc_first=7b313b7c/7b313b7c crc_mid=5bc8e06d/5bc8e06d crc_tail=30339806/30339806 stable=1 raw_full=f3b4e8f9 raw_q=9c5a6519/304db8ab/76dc8aea/2c1575ae raw_edge=a5772717 raw_probe=45.0ms cache_sync=ESP_OK cache_sync_err=0 chunk_crc=1f1f172a/2f9f5431/76fd0d1e submit=3 complete=3 seq=7380/7380 stale=0 prepare=8.0ms draw=37.0ms
W (167410) rc_video: [DEBUG-C151] display frame=2490 consumer=1 active=2/0x3c20d140->2/0x3c20d140 select=2957->2961 became_active=0 overlap=0 overlap_count=0 finish=2960 last_finished=0/0x3c0e0ec0 finish_active=2 finish_collision=0 guard=1 guard_errors=0
I (167422) rc_video: [CAM-DIAG-C15] frame=2490 window=5 sensor=real slot=1 addr=0x3c177000 gen=994->994 crc_first=0d59ac89/0d59ac89 crc_mid=e64a6590/e64a6590 crc_tail=5cd5b6c7/5cd5b6c7 stable=1 raw_full=0aaec496 raw_q=7a2f3775/8482363a/095bb34e/fab01c57 raw_edge=a0d9b3b3 raw_probe=43.9ms cache_sync=ESP_OK cache_sync_err=0 chunk_crc=5e62285f/f8d9ac0e/8d828f5c submit=3 complete=3 seq=7470/7470 stale=0 prepare=8.1ms draw=36.2ms
I (167493) wifi:flush txq
I (167494) wifi:stop sw txq
I (167494) wifi:lmac stop hw txq
W (167498) camera_hal: [CAM-DIAG-C15] SP0A39 test_pattern=on P1:32 before=0x00 write=0x80 read=0x80 expected_bit=0x80
W (167601) rc_video: [CAM-DIAG-C15] screen window marker=6 capture=2964
W (167601) rc_tank: [CAM-DIAG-C15] WINDOW_6 start: wifi=off camera=on sensor=pattern gray8=200x200; DVP unchanged
W (168852) rc_video: [DEBUG-C151] display frame=2520 consumer=1 active=0/0x3c0e0ec0->2/0x3c20d140 select=2993->2996 became_active=0 overlap=0 overlap_count=0 finish=2995 last_finished=0/0x3c0e0ec0 finish_active=2 finish_collision=0 guard=1 guard_errors=0
I (168864) rc_video: [CAM-DIAG-C15] frame=2520 window=6 sensor=pattern slot=1 addr=0x3c177000 gen=1005->1005 crc_first=9257de9a/9257de9a crc_mid=e354e28b/e354e28b crc_tail=eef99c1a/eef99c1a stable=1 raw_full=175c1487 raw_q=ecd1f261/b88c6ccc/bd4c4459/51a41ddf raw_edge=3042d936 raw_probe=43.9ms cache_sync=ESP_OK cache_sync_err=0 chunk_crc=e1a2d819/425cf473/1beed5c6 submit=3 complete=3 seq=7560/7560 stale=0 prepare=8.0ms draw=35.2ms
W (170291) rc_video: [DEBUG-C151] display frame=2550 consumer=1 active=0/0x3c0e0ec0->2/0x3c20d140 select=3028->3031 became_active=0 overlap=0 overlap_count=0 finish=3030 last_finished=0/0x3c0e0ec0 finish_active=2 finish_collision=0 guard=1 guard_errors=0
I (170303) rc_video: [CAM-DIAG-C15] frame=2550 window=6 sensor=pattern slot=1 addr=0x3c177000 gen=1016->1016 crc_first=9257de9a/9257de9a crc_mid=e354e28b/e354e28b crc_tail=eef99c1a/eef99c1a stable=1 raw_full=175c1487 raw_q=ecd1f261/b88c6ccc/bd4c4459/51a41ddf raw_edge=3042d936 raw_probe=43.8ms cache_sync=ESP_OK cache_sync_err=0 chunk_crc=e1a2d819/425cf473/1beed5c6 submit=3 complete=3 seq=7650/7650 stale=0 prepare=7.9ms draw=35.3ms
W (171731) rc_video: [DEBUG-C151] display frame=2580 consumer=0 active=2/0x3c20d140->1/0x3c177000 select=3064->3067 became_active=0 overlap=0 overlap_count=0 finish=3066 last_finished=2/0x3c20d140 finish_active=1 finish_collision=0 guard=1 guard_errors=0
I (171743) rc_video: [CAM-DIAG-C15] frame=2580 window=6 sensor=pattern slot=0 addr=0x3c0e0ec0 gen=1004->1004 crc_first=9257de9a/9257de9a crc_mid=e354e28b/e354e28b crc_tail=eef99c1a/eef99c1a stable=1 raw_full=175c1487 raw_q=ecd1f261/b88c6ccc/bd4c4459/51a41ddf raw_edge=3042d936 raw_probe=44.0ms cache_sync=ESP_OK cache_sync_err=0 chunk_crc=e1a2d819/425cf473/1beed5c6 submit=3 complete=3 seq=7740/7740 stale=0 prepare=7.9ms draw=35.2ms
W (173170) rc_video: [DEBUG-C151] display frame=2610 consumer=2 active=1/0x3c177000->0/0x3c0e0ec0 select=3099->3102 became_active=0 overlap=0 overlap_count=0 finish=3101 last_finished=1/0x3c177000 finish_active=0 finish_collision=0 guard=1 guard_errors=0
I (173182) rc_video: [CAM-DIAG-C15] frame=2610 window=6 sensor=pattern slot=2 addr=0x3c20d140 gen=1044->1044 crc_first=9257de9a/9257de9a crc_mid=e354e28b/e354e28b crc_tail=eef99c1a/eef99c1a stable=1 raw_full=175c1487 raw_q=ecd1f261/b88c6ccc/bd4c4459/51a41ddf raw_edge=3042d936 raw_probe=44.0ms cache_sync=ESP_OK cache_sync_err=0 chunk_crc=e1a2d819/425cf473/1beed5c6 submit=3 complete=3 seq=7830/7830 stale=0 prepare=7.9ms draw=35.5ms
W (174609) rc_video: [DEBUG-C151] display frame=2640 consumer=1 active=2/0x3c20d140->0/0x3c0e0ec0 select=3135->3138 became_active=0 overlap=0 overlap_count=0 finish=3137 last_finished=2/0x3c20d140 finish_active=0 finish_collision=0 guard=1 guard_errors=0
I (174621) rc_video: [CAM-DIAG-C15] frame=2640 window=6 sensor=pattern slot=1 addr=0x3c177000 gen=1052->1052 crc_first=9257de9a/9257de9a crc_mid=e354e28b/e354e28b crc_tail=eef99c1a/eef99c1a stable=1 raw_full=175c1487 raw_q=ecd1f261/b88c6ccc/bd4c4459/51a41ddf raw_edge=3042d936 raw_probe=43.8ms cache_sync=ESP_OK cache_sync_err=0 chunk_crc=e1a2d819/425cf473/1beed5c6 submit=3 complete=3 seq=7920/7920 stale=0 prepare=7.9ms draw=35.3ms
W (176049) rc_video: [DEBUG-C151] display frame=2670 consumer=1 active=2/0x3c20d140->0/0x3c0e0ec0 select=3170->3173 became_active=0 overlap=0 overlap_count=0 finish=3172 last_finished=2/0x3c20d140 finish_active=0 finish_collision=0 guard=1 guard_errors=0
I (176061) rc_video: [CAM-DIAG-C15] frame=2670 window=6 sensor=pattern slot=1 addr=0x3c177000 gen=1063->1063 crc_first=9257de9a/9257de9a crc_mid=e354e28b/e354e28b crc_tail=eef99c1a/eef99c1a stable=1 raw_full=175c1487 raw_q=ecd1f261/b88c6ccc/bd4c4459/51a41ddf raw_edge=3042d936 raw_probe=44.0ms cache_sync=ESP_OK cache_sync_err=0 chunk_crc=e1a2d819/425cf473/1beed5c6 submit=3 complete=3 seq=8010/8010 stale=0 prepare=7.9ms draw=35.1ms
W (177488) rc_video: [DEBUG-C151] display frame=2700 consumer=1 active=2/0x3c20d140->0/0x3c0e0ec0 select=3205->3208 became_active=0 overlap=0 overlap_count=0 finish=3207 last_finished=2/0x3c20d140 finish_active=0 finish_collision=0 guard=1 guard_errors=0
I (177500) rc_video: [CAM-DIAG-C15] frame=2700 window=6 sensor=pattern slot=1 addr=0x3c177000 gen=1074->1074 crc_first=9257de9a/9257de9a crc_mid=e354e28b/e354e28b crc_tail=eef99c1a/eef99c1a stable=1 raw_full=175c1487 raw_q=ecd1f261/b88c6ccc/bd4c4459/51a41ddf raw_edge=3042d936 raw_probe=44.0ms cache_sync=ESP_OK cache_sync_err=0 chunk_crc=e1a2d819/425cf473/1beed5c6 submit=3 complete=3 seq=8100/8100 stale=0 prepare=7.9ms draw=35.2ms
W (178927) rc_video: [DEBUG-C151] display frame=2730 consumer=0 active=1/0x3c177000->2/0x3c20d140 select=3241->3244 became_active=0 overlap=0 overlap_count=0 finish=3243 last_finished=1/0x3c177000 finish_active=2 finish_collision=0 guard=1 guard_errors=0
I (178939) rc_video: [CAM-DIAG-C15] frame=2730 window=6 sensor=pattern slot=0 addr=0x3c0e0ec0 gen=1064->1064 crc_first=9257de9a/9257de9a crc_mid=e354e28b/e354e28b crc_tail=eef99c1a/eef99c1a stable=1 raw_full=175c1487 raw_q=ecd1f261/b88c6ccc/bd4c4459/51a41ddf raw_edge=3042d936 raw_probe=44.0ms cache_sync=ESP_OK cache_sync_err=0 chunk_crc=e1a2d819/425cf473/1beed5c6 submit=3 complete=3 seq=8190/8190 stale=0 prepare=7.9ms draw=35.6ms
W (180366) rc_video: [DEBUG-C151] display frame=2760 consumer=0 active=1/0x3c177000->2/0x3c20d140 select=3276->3279 became_active=0 overlap=0 overlap_count=0 finish=3278 last_finished=1/0x3c177000 finish_active=2 finish_collision=0 guard=1 guard_errors=0
I (180378) rc_video: [CAM-DIAG-C15] frame=2760 window=6 sensor=pattern slot=0 addr=0x3c0e0ec0 gen=1075->1075 crc_first=9257de9a/9257de9a crc_mid=e354e28b/e354e28b crc_tail=eef99c1a/eef99c1a stable=1 raw_full=175c1487 raw_q=ecd1f261/b88c6ccc/bd4c4459/51a41ddf raw_edge=3042d936 raw_probe=43.9ms cache_sync=ESP_OK cache_sync_err=0 chunk_crc=e1a2d819/425cf473/1beed5c6 submit=3 complete=3 seq=8280/8280 stale=0 prepare=8.0ms draw=35.3ms
W (181805) rc_video: [DEBUG-C151] display frame=2790 consumer=1 active=2/0x3c20d140->2/0x3c20d140 select=3311->3315 became_active=0 overlap=0 overlap_count=0 finish=3314 last_finished=0/0x3c0e0ec0 finish_active=2 finish_collision=0 guard=1 guard_errors=0
I (181817) rc_video: [CAM-DIAG-C15] frame=2790 window=6 sensor=pattern slot=1 addr=0x3c177000 gen=1109->1109 crc_first=9257de9a/9257de9a crc_mid=e354e28b/e354e28b crc_tail=eef99c1a/eef99c1a stable=1 raw_full=175c1487 raw_q=ecd1f261/b88c6ccc/bd4c4459/51a41ddf raw_edge=3042d936 raw_probe=43.8ms cache_sync=ESP_OK cache_sync_err=0 chunk_crc=e1a2d819/425cf473/1beed5c6 submit=3 complete=3 seq=8370/8370 stale=0 prepare=7.9ms draw=35.3ms
W (183244) rc_video: [DEBUG-C151] display frame=2820 consumer=0 active=2/0x3c20d140->1/0x3c177000 select=3347->3350 became_active=0 overlap=0 overlap_count=0 finish=3349 last_finished=2/0x3c20d140 finish_active=1 finish_collision=0 guard=1 guard_errors=0
I (183256) rc_video: [CAM-DIAG-C15] frame=2820 window=6 sensor=pattern slot=0 addr=0x3c0e0ec0 gen=1098->1098 crc_first=9257de9a/9257de9a crc_mid=e354e28b/e354e28b crc_tail=eef99c1a/eef99c1a stable=1 raw_full=175c1487 raw_q=ecd1f261/b88c6ccc/bd4c4459/51a41ddf raw_edge=3042d936 raw_probe=43.9ms cache_sync=ESP_OK cache_sync_err=0 chunk_crc=e1a2d819/425cf473/1beed5c6 submit=3 complete=3 seq=8460/8460 stale=0 prepare=7.9ms draw=35.3ms
W (184683) rc_video: [DEBUG-C151] display frame=2850 consumer=0 active=2/0x3c20d140->1/0x3c177000 select=3382->3385 became_active=0 overlap=0 overlap_count=0 finish=3384 last_finished=2/0x3c20d140 finish_active=1 finish_collision=0 guard=1 guard_errors=0
I (184695) rc_video: [CAM-DIAG-C15] frame=2850 window=6 sensor=pattern slot=0 addr=0x3c0e0ec0 gen=1109->1109 crc_first=9257de9a/9257de9a crc_mid=e354e28b/e354e28b crc_tail=eef99c1a/eef99c1a stable=1 raw_full=175c1487 raw_q=ecd1f261/b88c6ccc/bd4c4459/51a41ddf raw_edge=3042d936 raw_probe=43.9ms cache_sync=ESP_OK cache_sync_err=0 chunk_crc=e1a2d819/425cf473/1beed5c6 submit=3 complete=3 seq=8550/8550 stale=0 prepare=7.9ms draw=35.3ms
W (186123) rc_video: [DEBUG-C151] display frame=2880 consumer=2 active=0/0x3c0e0ec0->1/0x3c177000 select=3418->3421 became_active=0 overlap=0 overlap_count=0 finish=3420 last_finished=0/0x3c0e0ec0 finish_active=1 finish_collision=0 guard=1 guard_errors=0
I (186135) rc_video: [CAM-DIAG-C15] frame=2880 window=6 sensor=pattern slot=2 addr=0x3c20d140 gen=1154->1154 crc_first=9257de9a/9257de9a crc_mid=e354e28b/e354e28b crc_tail=eef99c1a/eef99c1a stable=1 raw_full=175c1487 raw_q=ecd1f261/b88c6ccc/bd4c4459/51a41ddf raw_edge=3042d936 raw_probe=43.9ms cache_sync=ESP_OK cache_sync_err=0 chunk_crc=e1a2d819/425cf473/1beed5c6 submit=3 complete=3 seq=8640/8640 stale=0 prepare=8.0ms draw=35.7ms
W (187562) rc_video: [DEBUG-C151] display frame=2910 consumer=0 active=1/0x3c177000->2/0x3c20d140 select=3453->3456 became_active=0 overlap=0 overlap_count=0 finish=3455 last_finished=1/0x3c177000 finish_active=2 finish_collision=0 guard=1 guard_errors=0
I (187574) rc_video: [CAM-DIAG-C15] frame=2910 window=6 sensor=pattern slot=0 addr=0x3c0e0ec0 gen=1132->1132 crc_first=9257de9a/9257de9a crc_mid=e354e28b/e354e28b crc_tail=eef99c1a/eef99c1a stable=1 raw_full=175c1487 raw_q=ecd1f261/b88c6ccc/bd4c4459/51a41ddf raw_edge=3042d936 raw_probe=44.0ms cache_sync=ESP_OK cache_sync_err=0 chunk_crc=e1a2d819/425cf473/1beed5c6 submit=3 complete=3 seq=8730/8730 stale=0 prepare=7.9ms draw=35.1ms
W (189001) rc_video: [DEBUG-C151] display frame=2940 consumer=0 active=1/0x3c177000->2/0x3c20d140 select=3488->3491 became_active=0 overlap=0 overlap_count=0 finish=3490 last_finished=1/0x3c177000 finish_active=2 finish_collision=0 guard=1 guard_errors=0
I (189013) rc_video: [CAM-DIAG-C15] frame=2940 window=6 sensor=pattern slot=0 addr=0x3c0e0ec0 gen=1143->1143 crc_first=9257de9a/9257de9a crc_mid=e354e28b/e354e28b crc_tail=eef99c1a/eef99c1a stable=1 raw_full=175c1487 raw_q=ecd1f261/b88c6ccc/bd4c4459/51a41ddf raw_edge=3042d936 raw_probe=44.0ms cache_sync=ESP_OK cache_sync_err=0 chunk_crc=e1a2d819/425cf473/1beed5c6 submit=3 complete=3 seq=8820/8820 stale=0 prepare=7.9ms draw=35.1ms
W (190440) rc_video: [DEBUG-C151] display frame=2970 consumer=1 active=2/0x3c20d140->0/0x3c0e0ec0 select=3524->3527 became_active=0 overlap=0 overlap_count=0 finish=3526 last_finished=2/0x3c20d140 finish_active=0 finish_collision=0 guard=1 guard_errors=0
I (190452) rc_video: [CAM-DIAG-C15] frame=2970 window=6 sensor=pattern slot=1 addr=0x3c177000 gen=1180->1180 crc_first=9257de9a/9257de9a crc_mid=e354e28b/e354e28b crc_tail=eef99c1a/eef99c1a stable=1 raw_full=175c1487 raw_q=ecd1f261/b88c6ccc/bd4c4459/51a41ddf raw_edge=3042d936 raw_probe=43.9ms cache_sync=ESP_OK cache_sync_err=0 chunk_crc=e1a2d819/425cf473/1beed5c6 submit=3 complete=3 seq=8910/8910 stale=0 prepare=7.9ms draw=35.3ms
W (191879) rc_video: [DEBUG-C151] display frame=3000 consumer=1 active=2/0x3c20d140->0/0x3c0e0ec0 select=3559->3562 became_active=0 overlap=0 overlap_count=0 finish=3561 last_finished=2/0x3c20d140 finish_active=0 finish_collision=0 guard=1 guard_errors=0
I (191891) rc_video: [CAM-DIAG-C15] frame=3000 window=6 sensor=pattern slot=1 addr=0x3c177000 gen=1191->1191 crc_first=9257de9a/9257de9a crc_mid=e354e28b/e354e28b crc_tail=eef99c1a/eef99c1a stable=1 raw_full=175c1487 raw_q=ecd1f261/b88c6ccc/bd4c4459/51a41ddf raw_edge=3042d936 raw_probe=43.9ms cache_sync=ESP_OK cache_sync_err=0 chunk_crc=e1a2d819/425cf473/1beed5c6 submit=3 complete=3 seq=9000/9000 stale=0 prepare=8.0ms draw=35.2ms
W (193318) rc_video: [DEBUG-C151] display frame=3030 consumer=2 active=0/0x3c0e0ec0->0/0x3c0e0ec0 select=3594->3598 became_active=0 overlap=0 overlap_count=0 finish=3597 last_finished=1/0x3c177000 finish_active=0 finish_collision=0 guard=1 guard_errors=0
I (193330) rc_video: [CAM-DIAG-C15] frame=3030 window=6 sensor=pattern slot=2 addr=0x3c20d140 gen=1214->1214 crc_first=9257de9a/9257de9a crc_mid=e354e28b/e354e28b crc_tail=eef99c1a/eef99c1a stable=1 raw_full=175c1487 raw_q=ecd1f261/b88c6ccc/bd4c4459/51a41ddf raw_edge=3042d936 raw_probe=43.8ms cache_sync=ESP_OK cache_sync_err=0 chunk_crc=e1a2d819/425cf473/1beed5c6 submit=3 complete=3 seq=9090/9090 stale=0 prepare=7.9ms draw=35.3ms
W (194757) rc_video: [DEBUG-C151] display frame=3060 consumer=1 active=0/0x3c0e0ec0->2/0x3c20d140 select=3630->3633 became_active=0 overlap=0 overlap_count=0 finish=3632 last_finished=0/0x3c0e0ec0 finish_active=2 finish_collision=0 guard=1 guard_errors=0
I (194769) rc_video: [CAM-DIAG-C15] frame=3060 window=6 sensor=pattern slot=1 addr=0x3c177000 gen=1214->1214 crc_first=9257de9a/9257de9a crc_mid=e354e28b/e354e28b crc_tail=eef99c1a/eef99c1a stable=1 raw_full=175c1487 raw_q=ecd1f261/b88c6ccc/bd4c4459/51a41ddf raw_edge=3042d936 raw_probe=43.9ms cache_sync=ESP_OK cache_sync_err=0 chunk_crc=e1a2d819/425cf473/1beed5c6 submit=3 complete=3 seq=9180/9180 stale=0 prepare=7.9ms draw=35.3ms
W (196196) rc_video: [DEBUG-C151] display frame=3090 consumer=1 active=0/0x3c0e0ec0->2/0x3c20d140 select=3665->3668 became_active=0 overlap=0 overlap_count=0 finish=3667 last_finished=0/0x3c0e0ec0 finish_active=2 finish_collision=0 guard=1 guard_errors=0
I (196208) rc_video: [CAM-DIAG-C15] frame=3090 window=6 sensor=pattern slot=1 addr=0x3c177000 gen=1225->1225 crc_first=9257de9a/9257de9a crc_mid=e354e28b/e354e28b crc_tail=eef99c1a/eef99c1a stable=1 raw_full=175c1487 raw_q=ecd1f261/b88c6ccc/bd4c4459/51a41ddf raw_edge=3042d936 raw_probe=43.9ms cache_sync=ESP_OK cache_sync_err=0 chunk_crc=e1a2d819/425cf473/1beed5c6 submit=3 complete=3 seq=9270/9270 stale=0 prepare=7.9ms draw=35.3ms
W (197608) camera_hal: [CAM-DIAG-C15] SP0A39 test_pattern=off P1:32 before=0x80 write=0x00 read=0x00 expected_bit=0x00
W (197636) rc_video: [DEBUG-C151] display frame=3120 consumer=0 active=1/0x3c177000->2/0x3c20d140 select=3701->3704 became_active=0 overlap=0 overlap_count=0 finish=3703 last_finished=1/0x3c177000 finish_active=2 finish_collision=0 guard=1 guard_errors=0
I (197648) rc_video: [CAM-DIAG-C15] frame=3120 window=6 sensor=pattern slot=0 addr=0x3c0e0ec0 gen=1216->1216 crc_first=9257de9a/9257de9a crc_mid=e354e28b/e354e28b crc_tail=eef99c1a/eef99c1a stable=1 raw_full=175c1487 raw_q=ecd1f261/b88c6ccc/bd4c4459/51a41ddf raw_edge=3042d936 raw_probe=43.9ms cache_sync=ESP_OK cache_sync_err=0 chunk_crc=e1a2d819/425cf473/1beed5c6 submit=3 complete=3 seq=9360/9360 stale=0 prepare=8.3ms draw=35.9ms
W (197709) rc_video: [CAM-DIAG-C15] screen window marker=7 capture=3704
W (197709) rc_tank: [CAM-DIAG-C15] WINDOW_7 start: wifi=off camera=on sensor=real gray8=200x200 hold; DVP unchanged
W (197714) rc_tank: [CAM-DIAG-C15] low-bandwidth raw-source isolation sequence complete; hold WINDOW_7
I (197723) rc_tank: Tank running (video + control; audio disabled)
I (197729) rc_tank: app_main done, idle loop
W (199078) rc_video: [DEBUG-C151] display frame=3150 consumer=1 active=2/0x3c20d140->0/0x3c0e0ec0 select=3736->3739 became_active=0 overlap=0 overlap_count=0 finish=3738 last_finished=2/0x3c20d140 finish_active=0 finish_collision=0 guard=1 guard_errors=0
I (199090) rc_video: [CAM-DIAG-C15] frame=3150 window=7 sensor=real slot=1 addr=0x3c177000 gen=1249->1249 crc_first=6fe1d696/6fe1d696 crc_mid=867b9ca8/867b9ca8 crc_tail=72b5439d/72b5439d stable=1 raw_full=66a3707e raw_q=5e3a6254/603652a2/215af2f0/ac8f1579 raw_edge=43085a12 raw_probe=43.9ms cache_sync=ESP_OK cache_sync_err=0 chunk_crc=3379cde2/615f4689/6ffad3b8 submit=3 complete=3 seq=9450/9450 stale=0 prepare=7.9ms draw=35.3ms
W (200517) rc_video: [DEBUG-C151] display frame=3180 consumer=1 active=2/0x3c20d140->0/0x3c0e0ec0 select=3771->3774 became_active=0 overlap=0 overlap_count=0 finish=3773 last_finished=2/0x3c20d140 finish_active=0 finish_collision=0 guard=1 guard_errors=0
I (200529) rc_video: [CAM-DIAG-C15] frame=3180 window=7 sensor=real slot=1 addr=0x3c177000 gen=1260->1260 crc_first=4ee082c3/4ee082c3 crc_mid=24ea7f6f/24ea7f6f crc_tail=fd87fa7c/fd87fa7c stable=1 raw_full=db2b53cc raw_q=ee27a27e/332f0b8b/8c24d450/9236d1ee raw_edge=172e9a45 raw_probe=44.0ms cache_sync=ESP_OK cache_sync_err=0 chunk_crc=2e0d7b5e/dba72746/9cbd35c9 submit=3 complete=3 seq=9540/9540 stale=0 prepare=8.0ms draw=35.6ms
W (201956) rc_video: [DEBUG-C151] display frame=3210 consumer=2 active=0/0x3c0e0ec0->1/0x3c177000 select=3807->3810 became_active=0 overlap=0 overlap_count=0 finish=3809 last_finished=0/0x3c0e0ec0 finish_active=1 finish_collision=0 guard=1 guard_errors=0
I (201968) rc_video: [CAM-DIAG-C15] frame=3210 window=7 sensor=real slot=2 addr=0x3c20d140 gen=1285->1285 crc_first=ec9a782d/ec9a782d crc_mid=011f970a/011f970a crc_tail=eacfef13/eacfef13 stable=1 raw_full=c78d2c76 raw_q=964906b9/00bf80dc/b57e4097/13806122 raw_edge=2bcbcfca raw_probe=44.0ms cache_sync=ESP_OK cache_sync_err=0 chunk_crc=caf99510/ecdea07c/f4d1b19d submit=3 complete=3 seq=9630/9630 stale=0 prepare=8.0ms draw=35.1ms
W (203395) rc_video: [DEBUG-C151] display frame=3240 consumer=2 active=0/0x3c0e0ec0->1/0x3c177000 select=3842->3845 became_active=0 overlap=0 overlap_count=0 finish=3844 last_finished=0/0x3c0e0ec0 finish_active=1 finish_collision=0 guard=1 guard_errors=0
I (203407) rc_video: [CAM-DIAG-C15] frame=3240 window=7 sensor=real slot=2 addr=0x3c20d140 gen=1296->1296 crc_first=471707a1/471707a1 crc_mid=9f383cbf/9f383cbf crc_tail=44ee211a/44ee211a stable=1 raw_full=85452666 raw_q=7ce4f1c5/434e19f6/6130878a/c55794e2 raw_edge=2979a917 raw_probe=44.0ms cache_sync=ESP_OK cache_sync_err=0 chunk_crc=37655d0a/b38979b3/881abb70 submit=3 complete=3 seq=9720/9720 stale=0 prepare=7.9ms draw=35.1ms
W (204833) rc_video: [DEBUG-C151] display frame=3270 consumer=0 active=1/0x3c177000->1/0x3c177000 select=3877->3881 became_active=0 overlap=0 overlap_count=0 finish=3880 last_finished=2/0x3c20d140 finish_active=1 finish_collision=0 guard=1 guard_errors=0
I (204845) rc_video: [CAM-DIAG-C15] frame=3270 window=7 sensor=real slot=0 addr=0x3c0e0ec0 gen=1275->1275 crc_first=5e2a4b2e/5e2a4b2e crc_mid=4fadd4d6/4fadd4d6 crc_tail=6b7393bb/6b7393bb stable=1 raw_full=5354d657 raw_q=063ebe08/0698a59d/4aaf9c7f/72acc670 raw_edge=8a114e62 raw_probe=43.8ms cache_sync=ESP_OK cache_sync_err=0 chunk_crc=9f90e85a/f8a5472c/6faca27e submit=3 complete=3 seq=9810/9810 stale=0 prepare=7.9ms draw=35.3ms
W (206272) rc_video: [DEBUG-C151] display frame=3300 consumer=0 active=2/0x3c20d140->1/0x3c177000 select=3913->3916 became_active=0 overlap=0 overlap_count=0 finish=3915 last_finished=2/0x3c20d140 finish_active=1 finish_collision=0 guard=1 guard_errors=0
I (206284) rc_video: [CAM-DIAG-C15] frame=3300 window=7 sensor=real slot=0 addr=0x3c0e0ec0 gen=1286->1286 crc_first=ce2cc65c/ce2cc65c crc_mid=d59ac758/d59ac758 crc_tail=8c939e5c/8c939e5c stable=1 raw_full=e08ec65b raw_q=8b595852/8fd923c2/e30408b3/24d9c877 raw_edge=97e66d9c raw_probe=44.0ms cache_sync=ESP_OK cache_sync_err=0 chunk_crc=75054601/74393528/47970701 submit=3 complete=3 seq=9900/9900 stale=0 prepare=7.9ms draw=35.2ms
W (207711) rc_video: [DEBUG-C151] display frame=3330 consumer=2 active=1/0x3c177000->0/0x3c0e0ec0 select=3948->3951 became_active=0 overlap=0 overlap_count=0 finish=3950 last_finished=1/0x3c177000 finish_active=0 finish_collision=0 guard=1 guard_errors=0
I (207723) rc_video: [CAM-DIAG-C15] frame=3330 window=7 sensor=real slot=2 addr=0x3c20d140 gen=1332->1332 crc_first=eb18d70d/eb18d70d crc_mid=885a3cfb/885a3cfb crc_tail=d9dd33f5/d9dd33f5 stable=1 raw_full=2f8a13ef raw_q=e41b5abd/dcfd960a/25b7d9e9/be338593 raw_edge=64a51605 raw_probe=44.0ms cache_sync=ESP_OK cache_sync_err=0 chunk_crc=5e0cf3bb/9777c178/87913559 submit=3 complete=3 seq=9990/9990 stale=0 prepare=7.9ms draw=35.1ms
W (209149) rc_video: [DEBUG-C151] display frame=3360 consumer=1 active=0/0x3c0e0ec0->2/0x3c20d140 select=3984->3987 became_active=0 overlap=0 overlap_count=0 finish=3986 last_finished=0/0x3c0e0ec0 finish_active=2 finish_collision=0 guard=1 guard_errors=0
I (209161) rc_video: [CAM-DIAG-C15] frame=3360 window=7 sensor=real slot=1 addr=0x3c177000 gen=1332->1332 crc_first=0e5637fe/0e5637fe crc_mid=016584d5/016584d5 crc_tail=a8131450/a8131450 stable=1 raw_full=1dcbd17f raw_q=89fb5708/7d16330b/c8c6e30e/f82fb2f5 raw_edge=a346f120 raw_probe=43.9ms cache_sync=ESP_OK cache_sync_err=0 chunk_crc=bed790e2/4b3c02fd/4597f4e1 submit=3 complete=3 seq=10080/10080 stale=0 prepare=8.0ms draw=35.3ms
W (210588) rc_video: [DEBUG-C151] display frame=3390 consumer=0 active=2/0x3c20d140->1/0x3c177000 select=4019->4022 became_active=0 overlap=0 overlap_count=0 finish=4021 last_finished=2/0x3c20d140 finish_active=1 finish_collision=0 guard=1 guard_errors=0
I (210600) rc_video: [CAM-DIAG-C15] frame=3390 window=7 sensor=real slot=0 addr=0x3c0e0ec0 gen=1320->1320 crc_first=2224957e/2224957e crc_mid=71998d22/71998d22 crc_tail=022845bd/022845bd stable=1 raw_full=64eaa18e raw_q=d42b04b0/85dd15cb/9df080ac/0ba24621 raw_edge=2b866534 raw_probe=43.9ms cache_sync=ESP_OK cache_sync_err=0 chunk_crc=7f4eead5/c7afa2fd/39d12f60 submit=3 complete=3 seq=10170/10170 stale=0 prepare=7.9ms draw=35.2ms
W (212027) rc_video: [DEBUG-C151] display frame=3420 consumer=0 active=2/0x3c20d140->1/0x3c177000 select=4054->4057 became_active=0 overlap=0 overlap_count=0 finish=4056 last_finished=2/0x3c20d140 finish_active=1 finish_collision=0 guard=1 guard_errors=0
I (212039) rc_video: [CAM-DIAG-C15] frame=3420 window=7 sensor=real slot=0 addr=0x3c0e0ec0 gen=1331->1331 crc_first=1a0b00f8/1a0b00f8 crc_mid=13ff958b/13ff958b crc_tail=d622f2dd/d622f2dd stable=1 raw_full=3db940af raw_q=d8ab89a3/42803673/fc134e4d/ea8a0c61 raw_edge=29e9775a raw_probe=43.8ms cache_sync=ESP_OK cache_sync_err=0 chunk_crc=d1759f6e/8b069167/5d0ce090 submit=3 complete=3 seq=10260/10260 stale=0 prepare=7.9ms draw=35.3ms
W (213466) rc_video: [DEBUG-C151] display frame=3450 consumer=2 active=1/0x3c177000->0/0x3c0e0ec0 select=4090->4093 became_active=0 overlap=0 overlap_count=0 finish=4092 last_finished=1/0x3c177000 finish_active=0 finish_collision=0 guard=1 guard_errors=0
I (213478) rc_video: [CAM-DIAG-C15] frame=3450 window=7 sensor=real slot=2 addr=0x3c20d140 gen=1380->1380 crc_first=7a16cc1c/7a16cc1c crc_mid=66b8395a/66b8395a crc_tail=ae4fa843/ae4fa843 stable=1 raw_full=7f667bc1 raw_q=2b932378/b28b70f6/8dbc71f5/f2c648ea raw_edge=61b9e3d4 raw_probe=43.9ms cache_sync=ESP_OK cache_sync_err=0 chunk_crc=6a3ce90d/64f5ee52/a0601547 submit=3 complete=3 seq=10350/10350 stale=0 prepare=7.9ms draw=35.3ms
W (214906) rc_video: [DEBUG-C151] display frame=3480 consumer=1 active=0/0x3c0e0ec0->2/0x3c20d140 select=4125->4128 became_active=0 overlap=0 overlap_count=0 finish=4127 last_finished=0/0x3c0e0ec0 finish_active=2 finish_collision=0 guard=1 guard_errors=0
I (214918) rc_video: [CAM-DIAG-C15] frame=3480 window=7 sensor=real slot=1 addr=0x3c177000 gen=1380->1380 crc_first=c3338961/c3338961 crc_mid=15f35b75/15f35b75 crc_tail=5e8535b0/5e8535b0 stable=1 raw_full=632a94a6 raw_q=8cf67396/b16dc38b/c209c38c/caa607bb raw_edge=17e4169a raw_probe=44.0ms cache_sync=ESP_OK cache_sync_err=0 chunk_crc=d87b3ac2/bababf3d/0a911dd5 submit=3 complete=3 seq=10440/10440 stale=0 prepare=7.9ms draw=35.1ms
W (216345) rc_video: [DEBUG-C151] display frame=3510 consumer=1 active=0/0x3c0e0ec0->0/0x3c0e0ec0 select=4160->4164 became_active=0 overlap=0 overlap_count=0 finish=4163 last_finished=2/0x3c20d140 finish_active=0 finish_collision=0 guard=1 guard_errors=0
I (216357) rc_video: [CAM-DIAG-C15] frame=3510 window=7 sensor=real slot=1 addr=0x3c177000 gen=1391->1391 crc_first=f38cfdf5/f38cfdf5 crc_mid=5c5bf44c/5c5bf44c crc_tail=89b61827/89b61827 stable=1 raw_full=6fedc49d raw_q=7965728e/8c1a27a1/0bd2091a/8ee74ab3 raw_edge=69e7a1c9 raw_probe=44.0ms cache_sync=ESP_OK cache_sync_err=0 chunk_crc=4f0a840a/aa0ebbbf/aaf2ef88 submit=3 complete=3 seq=10530/10530 stale=0 prepare=8.0ms draw=35.6ms
W (217784) rc_video: [DEBUG-C151] display frame=3540 consumer=1 active=2/0x3c20d140->0/0x3c0e0ec0 select=4196->4199 became_active=0 overlap=0 overlap_count=0 finish=4198 last_finished=2/0x3c20d140 finish_active=0 finish_collision=0 guard=1 guard_errors=0
I (217796) rc_video: [CAM-DIAG-C15] frame=3540 window=7 sensor=real slot=1 addr=0x3c177000 gen=1402->1402 crc_first=f3edb652/f3edb652 crc_mid=4efc7f4b/4efc7f4b crc_tail=253eb02f/253eb02f stable=1 raw_full=ca0108df raw_q=137171c9/37bf5206/3f6a7963/cb16239f raw_edge=fda27cc6 raw_probe=43.9ms cache_sync=ESP_OK cache_sync_err=0 chunk_crc=fac9ee15/93a2ef30/dd21d903 submit=3 complete=3 seq=10620/10620 stale=0 prepare=7.9ms draw=35.3ms
W (219224) rc_video: [DEBUG-C151] display frame=3570 consumer=2 active=0/0x3c0e0ec0->1/0x3c177000 select=4231->4234 became_active=0 overlap=0 overlap_count=0 finish=4233 last_finished=0/0x3c0e0ec0 finish_active=1 finish_collision=0 guard=1 guard_errors=0
I (219236) rc_video: [CAM-DIAG-C15] frame=3570 window=7 sensor=real slot=2 addr=0x3c20d140 gen=1428->1428 crc_first=3b422ed4/3b422ed4 crc_mid=4d108353/4d108353 crc_tail=707b36ba/707b36ba stable=1 raw_full=f2c6028a raw_q=ccce3602/40325dca/b79b499d/d7762e04 raw_edge=8fa61668 raw_probe=44.0ms cache_sync=ESP_OK cache_sync_err=0 chunk_crc=356f2c99/5866e007/a811ce56 submit=3 complete=3 seq=10710/10710 stale=0 prepare=7.9ms draw=35.5ms
W (220663) rc_video: [DEBUG-C151] display frame=3600 consumer=1 active=2/0x3c20d140->0/0x3c0e0ec0 select=4267->4270 became_active=0 overlap=0 overlap_count=0 finish=4269 last_finished=2/0x3c20d140 finish_active=0 finish_collision=0 guard=1 guard_errors=0
I (220675) rc_video: [CAM-DIAG-C15] frame=3600 window=7 sensor=real slot=1 addr=0x3c177000 gen=1425->1425 crc_first=60636b00/60636b00 crc_mid=c2cf56e3/c2cf56e3 crc_tail=178c58e0/178c58e0 stable=1 raw_full=f47ee787 raw_q=c4adaeb9/b5fa61f8/af61af8f/fa01cc3d raw_edge=1468f499 raw_probe=43.9ms cache_sync=ESP_OK cache_sync_err=0 chunk_crc=2a9a8319/75a00acf/ed65b344 submit=3 complete=3 seq=10800/10800 stale=0 prepare=7.9ms draw=35.3ms
W (222102) rc_video: [DEBUG-C151] display frame=3630 consumer=1 active=2/0x3c20d140->0/0x3c0e0ec0 select=4302->4305 became_active=0 overlap=0 overlap_count=0 finish=4304 last_finished=2/0x3c20d140 finish_active=0 finish_collision=0 guard=1 guard_errors=0
I (222114) rc_video: [CAM-DIAG-C15] frame=3630 window=7 sensor=real slot=1 addr=0x3c177000 gen=1436->1436 crc_first=0bbfceda/0bbfceda crc_mid=48d0358f/48d0358f crc_tail=6405179d/6405179d stable=1 raw_full=7b19406d raw_q=641007ae/495727df/37b39eec/92cfbab7 raw_edge=5ea3e729 raw_probe=43.9ms cache_sync=ESP_OK cache_sync_err=0 chunk_crc=37312bbc/5c3b1243/fbb57a30 submit=3 complete=3 seq=10890/10890 stale=0 prepare=7.9ms draw=35.3ms
W (223541) rc_video: [DEBUG-C151] display frame=3660 consumer=2 active=0/0x3c0e0ec0->1/0x3c177000 select=4337->4340 became_active=0 overlap=0 overlap_count=0 finish=4339 last_finished=0/0x3c0e0ec0 finish_active=1 finish_collision=0 guard=1 guard_errors=0
I (223553) rc_video: [CAM-DIAG-C15] frame=3660 window=7 sensor=real slot=2 addr=0x3c20d140 gen=1463->1463 crc_first=e3fbe5f5/e3fbe5f5 crc_mid=d58e10eb/d58e10eb crc_tail=014e09d1/014e09d1 stable=1 raw_full=80fe308a raw_q=1eb7d2c0/c0283798/53a35050/4ff4d4f4 raw_edge=1c066e03 raw_probe=43.8ms cache_sync=ESP_OK cache_sync_err=0 chunk_crc=5bdabcea/cb835e50/63a96358 submit=3 complete=3 seq=10980/10980 stale=0 prepare=7.9ms draw=35.3ms
W (224981) rc_video: [DEBUG-C151] display frame=3690 consumer=1 active=2/0x3c20d140->0/0x3c0e0ec0 select=4373->4376 became_active=0 overlap=0 overlap_count=0 finish=4375 last_finished=2/0x3c20d140 finish_active=0 finish_collision=0 guard=1 guard_errors=0
I (224993) rc_video: [CAM-DIAG-C15] frame=3690 window=7 sensor=real slot=1 addr=0x3c177000 gen=1459->1459 crc_first=19183236/19183236 crc_mid=8c1cc7ea/8c1cc7ea crc_tail=009f4c45/009f4c45 stable=1 raw_full=0212c1d8 raw_q=ac1c611a/ed40e1e0/8bb2187e/58c77009 raw_edge=d15e8f64 raw_probe=43.9ms cache_sync=ESP_OK cache_sync_err=0 chunk_crc=d2c90eaa/b2157c03/be6e7650 submit=3 complete=3 seq=11070/11070 stale=0 prepare=7.9ms draw=35.8ms
W (226420) rc_video: [DEBUG-C151] display frame=3720 consumer=1 active=2/0x3c20d140->0/0x3c0e0ec0 select=4408->4411 became_active=0 overlap=0 overlap_count=0 finish=4410 last_finished=2/0x3c20d140 finish_active=0 finish_collision=0 guard=1 guard_errors=0
I (226432) rc_video: [CAM-DIAG-C15] frame=3720 window=7 sensor=real slot=1 addr=0x3c177000 gen=1470->1470 crc_first=4905f9f1/4905f9f1 crc_mid=2e1f88c8/2e1f88c8 crc_tail=8b26b7d3/8b26b7d3 stable=1 raw_full=9217fb9e raw_q=22ca7a97/bd1c40c2/62177127/36b2d9b8 raw_edge=1da7a2b6 raw_probe=44.0ms cache_sync=ESP_OK cache_sync_err=0 chunk_crc=18c60600/f942d93c/4cf19af1 submit=3 complete=3 seq=11160/11160 stale=0 prepare=7.9ms draw=35.1ms
W (227859) rc_video: [DEBUG-C151] display frame=3750 consumer=1 active=2/0x3c20d140->2/0x3c20d140 select=4443->4447 became_active=0 overlap=0 overlap_count=0 finish=4446 last_finished=0/0x3c0e0ec0 finish_active=2 finish_collision=0 guard=1 guard_errors=0
I (227871) rc_video: [CAM-DIAG-C15] frame=3750 window=7 sensor=real slot=1 addr=0x3c177000 gen=1481->1481 crc_first=79677ca8/79677ca8 crc_mid=2be1a401/2be1a401 crc_tail=132a2c1c/132a2c1c stable=1 raw_full=1e47c386 raw_q=f2cd09b6/620f3e29/fb792b15/1ec95a18 raw_edge=b7fc55ad raw_probe=44.0ms cache_sync=ESP_OK cache_sync_err=0 chunk_crc=3f6d8222/66243cd6/7a6fe7d9 submit=3 complete=3 seq=11250/11250 stale=0 prepare=7.9ms draw=35.1ms
W (229298) rc_video: [DEBUG-C151] display frame=3780 consumer=1 active=0/0x3c0e0ec0->2/0x3c20d140 select=4479->4482 became_active=0 overlap=0 overlap_count=0 finish=4481 last_finished=0/0x3c0e0ec0 finish_active=2 finish_collision=0 guard=1 guard_errors=0
I (229310) rc_video: [CAM-DIAG-C15] frame=3780 window=7 sensor=real slot=1 addr=0x3c177000 gen=1492->1492 crc_first=8c9e4fee/8c9e4fee crc_mid=6f3df343/6f3df343 crc_tail=2322dc69/2322dc69 stable=1 raw_full=e5740316 raw_q=58dbd171/759cfdf8/a0025b91/fac33871 raw_edge=1b15b7ed raw_probe=44.0ms cache_sync=ESP_OK cache_sync_err=0 chunk_crc=84c70bb8/2f909457/febc611c submit=3 complete=3 seq=11340/11340 stale=0 prepare=7.9ms draw=35.2ms
W (230737) rc_video: [DEBUG-C151] display frame=3810 consumer=0 active=2/0x3c20d140->1/0x3c177000 select=4514->4517 became_active=0 overlap=0 overlap_count=0 finish=4516 last_finished=2/0x3c20d140 finish_active=1 finish_collision=0 guard=1 guard_errors=0
I (230749) rc_video: [CAM-DIAG-C15] frame=3810 window=7 sensor=real slot=0 addr=0x3c0e0ec0 gen=1488->1488 crc_first=7ab8386e/7ab8386e crc_mid=6b5f37dd/6b5f37dd crc_tail=4f25e25b/4f25e25b stable=1 raw_full=7931240e raw_q=87f95076/80daeea7/e17cf470/4665e60c raw_edge=ac4b9b20 raw_probe=44.0ms cache_sync=ESP_OK cache_sync_err=0 chunk_crc=60c0035c/a5a75428/a155ed32 submit=3 complete=3 seq=11430/11430 stale=0 prepare=7.9ms draw=35.1ms
W (232176) rc_video: [DEBUG-C151] display frame=3840 consumer=1 active=0/0x3c0e0ec0->2/0x3c20d140 select=4550->4553 became_active=0 overlap=0 overlap_count=0 finish=4552 last_finished=0/0x3c0e0ec0 finish_active=2 finish_collision=0 guard=1 guard_errors=0
I (232188) rc_video: [CAM-DIAG-C15] frame=3840 window=7 sensor=real slot=1 addr=0x3c177000 gen=1515->1515 crc_first=c64417b3/c64417b3 crc_mid=b992160a/b992160a crc_tail=68745039/68745039 stable=1 raw_full=27e71037 raw_q=d927f986/c61ef486/6416575e/59250f01 raw_edge=9855249b raw_probe=44.0ms cache_sync=ESP_OK cache_sync_err=0 chunk_crc=7133e5c8/7d9729d8/cbe8018a submit=3 complete=3 seq=11520/11520 stale=0 prepare=7.9ms draw=35.1ms
W (233615) rc_video: [DEBUG-C151] display frame=3870 consumer=1 active=0/0x3c0e0ec0->2/0x3c20d140 select=4585->4588 became_active=0 overlap=0 overlap_count=0 finish=4587 last_finished=0/0x3c0e0ec0 finish_active=2 finish_collision=0 guard=1 guard_errors=0
I (233627) rc_video: [CAM-DIAG-C15] frame=3870 window=7 sensor=real slot=1 addr=0x3c177000 gen=1526->1526 crc_first=d3d086e1/d3d086e1 crc_mid=391978d5/391978d5 crc_tail=f39639a0/f39639a0 stable=1 raw_full=6248e4aa raw_q=b2a4ac6d/b5ff5676/80c3e246/6ac66273 raw_edge=56625cad raw_probe=44.0ms cache_sync=ESP_OK cache_sync_err=0 chunk_crc=14652205/17269f51/709360a0 submit=3 complete=3 seq=11610/11610 stale=0 prepare=7.9ms draw=35.2ms
W (235054) rc_video: [DEBUG-C151] display frame=3900 consumer=1 active=0/0x3c0e0ec0->2/0x3c20d140 select=4620->4623 became_active=0 overlap=0 overlap_count=0 finish=4622 last_finished=0/0x3c0e0ec0 finish_active=2 finish_collision=0 guard=1 guard_errors=0
I (235066) rc_video: [CAM-DIAG-C15] frame=3900 window=7 sensor=real slot=1 addr=0x3c177000 gen=1537->1537 crc_first=79addd0b/79addd0b crc_mid=b5b84219/b5b84219 crc_tail=95aadedc/95aadedc stable=1 raw_full=ce0286f5 raw_q=1764e998/e1131897/c085097f/784036cb raw_edge=b8fa9254 raw_probe=44.0ms cache_sync=ESP_OK cache_sync_err=0 chunk_crc=97c3f0ad/792955d2/e10c71be submit=3 complete=3 seq=11700/11700 stale=0 prepare=7.9ms draw=35.2ms
W (236493) rc_video: [DEBUG-C151] display frame=3930 consumer=0 active=2/0x3c20d140->1/0x3c177000 select=4656->4659 became_active=0 overlap=0 overlap_count=0 finish=4658 last_finished=2/0x3c20d140 finish_active=1 finish_collision=0 guard=1 guard_errors=0
I (236505) rc_video: [CAM-DIAG-C15] frame=3930 window=7 sensor=real slot=0 addr=0x3c0e0ec0 gen=1536->1536 crc_first=ae7d6d1c/ae7d6d1c crc_mid=eb298134/eb298134 crc_tail=b8cd33c1/b8cd33c1 stable=1 raw_full=48d5e16f raw_q=b2badef5/83f5289a/cf317419/c9db2f3a raw_edge=f9f7b22a raw_probe=44.0ms cache_sync=ESP_OK cache_sync_err=0 chunk_crc=41b735bd/aa5e7098/f6e0baaf submit=3 complete=3 seq=11790/11790 stale=0 prepare=8.0ms draw=35.1ms
W (237932) rc_video: [DEBUG-C151] display frame=3960 consumer=2 active=1/0x3c177000->0/0x3c0e0ec0 select=4691->4694 became_active=0 overlap=0 overlap_count=0 finish=4693 last_finished=1/0x3c177000 finish_active=0 finish_collision=0 guard=1 guard_errors=0
I (237944) rc_video: [CAM-DIAG-C15] frame=3960 window=7 sensor=real slot=2 addr=0x3c20d140 gen=1584->1584 crc_first=6bdef753/6bdef753 crc_mid=0274a64f/0274a64f crc_tail=a941282c/a941282c stable=1 raw_full=8b6de6f8 raw_q=2d2611d3/a6667daa/be7acb92/d5f23f99 raw_edge=8208f0c8 raw_probe=44.0ms cache_sync=ESP_OK cache_sync_err=0 chunk_crc=2aacf234/a73119e7/380b5ae2 submit=3 complete=3 seq=11880/11880 stale=0 prepare=7.9ms draw=35.1ms
