I (12695) rc_tank:   starting in 2 s
I (13695) rc_tank:   starting in 1 s
W (14695) rc_tank: [CAM-DIAG-C16S] SP0A39 640x480 VYUY EOF-identity matrix build=Aug 25 2026_10:06:22; frame=614400B staged_dma=102400B half=51200B; GDMA-EOF direct copy; audio/control/transport=off; W1=30s W2..W19=10s; screen marker=01..19; source=software/event_desc; eof_settle=0/2/5/10/20/50us; rgb_gain=110% direct60x1; full_probe=off
I (14713) board_laiwfs300: init board support package
I (14718) board_laiwfs300: init capability registry
I (14722) board_laiwfs300: init I2C bus: SDA=GPIO48 SCL=GPIO47
I (14729) bus_i2c: I2C0 initialized: SDA=GPIO48 SCL=GPIO47 speed=100000Hz
I (14735) board_laiwfs300: --- I2C bus scan (0x08-0x77) ---
I (14742) board_laiwfs300:   I2C device ACK at 0x15
I (14745) board_laiwfs300:   I2C device ACK at 0x18
I (14750) board_laiwfs300:   I2C device ACK at 0x21
I (14754) board_laiwfs300:   I2C device ACK at 0x22
I (14762) board_laiwfs300:   I2C device ACK at 0x40
I (14765) board_laiwfs300:   I2C device ACK at 0x51
I (14771) board_laiwfs300:   I2C device ACK at 0x68
I (14774) board_laiwfs300: --- I2C scan done: 7 device(s) found ---
W (14778) board_laiwfs300: TPT29555A (IOEX) NOT found at 0x20 (NACK)
I (14784) board_laiwfs300: ES8311 (Codec) found at 0x18
I (14789) board_laiwfs300: ES7210 (ADC) found at 0x40
I (14794) board_laiwfs300: AIP8563 (RTC) found at 0x51
I (14799) board_laiwfs300: BMI260 (IMU @0x68) found at 0x68
W (14804) board_laiwfs300: BMI260 (IMU @0x69) NOT found at 0x69 (NACK)
I (14810) board_laiwfs300: SP0A39 (Camera) found at 0x21
I (14817) board_laiwfs300: ES8311 chip ID: 0x83 0x11
I (14820) board_laiwfs300: ES7210 chip ID: 0x72
I (14826) board_laiwfs300: AIP8563 RTC time: 21:42:03 (BCD raw)
I (14830) board_laiwfs300: BMI260 chip ID: 0x27 (expect 0x27)
I (14835) board_laiwfs300: init SPI bus manager
I (14841) board_laiwfs300: init ADC service
I (14844) board_adc: ADC1 oneshot initialized
I (14848) board_laiwfs300: init board power service
I (14853) board_laiwfs300: ADC D0_DETECT (GPIO1): raw=4095 (~3100 mV)
I (14858) board_laiwfs300: ADC BAT_ADC (GPIO7): raw=1639 (~1240 mV)
I (14864) board_laiwfs300: ADC SW_ADC (GPIO8): raw=4095 (~3100 mV)
I (14870) board_laiwfs300: init IO expander: TPT29555A addr=0x22
I (14878) io_expander: TPT29555A initialized at 0x22
I (14881) board_laiwfs300: IO expander initialized OK
I (14885) board_laiwfs300: init module detect
I (14889) board_laiwfs300: register detection rules
I (14894) board_laiwfs300: register default capabilities
I (14899) board_laiwfs300: board init complete (ioex=OK)
I (14904) rc_tank: [STEP] Display init starting...
W (14909) rc_video: [CAM-DIAG-C16S] initializing common landscape 240x180 presenter
I (14917) display_hal: init ST7789V3 LCD 240x320 SPI host=1
E (15062) spi: spi_bus_initialize(816): SPI bus already initialized.
I (15183) display_hal: ST7789V3 LCD initialized
I (15183) board_display: display mapped: MOSI=GPIO13 SCK=GPIO12 CS=GPIO10 DC=GPIO16 BL=GPIO17 LCD_RST=IOEX P1_5 pclk=20000000
W (15253) rc_video: [CAM-DIAG-C16S] landscape 240x180 presenter initialized; diagnostic task owns LCD
I (15253) rc_tank: [STEP] Display init OK
W (15253) rc_video: [CAM-DIAG-C16S] preview canvas=0x3c0e0e80 bytes=86400 external=1; LCD source remains internal DMA chunk
W (15254) rc_tank: [CAM-DIAG-C16S] proven-safe motor init before raw-source isolation windows
W (15265) rc_video: [CAM-DIAG-C16S] display task uses direct/canvas matrix + common landscape submit, 240x180 at 80,0, 20MHz, 30/60/80-line chunks, raw_fingerprint=on
I (15274) board_motor: motor input 1 -> GPIO5 / LEDC channel 0
W (15288) rc_video: [CAM-DIAG-C16S] ownership=rc_capture_pool + backup
I (15294) board_motor: motor input 2 -> GPIO4 / LEDC channel 1
I (15305) board_motor: motor input 3 -> GPIO37 / LEDC channel 2
I (15311) board_motor: motor input 4 -> GPIO45 / LEDC channel 3
I (15317) rc_control: Motor initialized
I (15320) rc_tank: [CAM-DIAG-C16S] Motor init OK
W (15325) rc_tank: [CAM-DIAG-C16S] WINDOW_01 start: wifi=off camera=off display=black cache=none
W (15333) rc_video: [CAM-DIAG-C16S] PROFILE window=1 sensor=real display=camera idle=0ms full_probe=0 cache=none capture=0
W (45344) rc_tank: [CAM-DIAG-C16S] WINDOW_01 repeat: wifi=off camera=off display=black cache=none; camera_init=next
W (45344) rc_video: [CAM-DIAG-C16S] PROFILE window=1 sensor=real display=camera idle=0ms full_probe=0 cache=none capture=0
I (45353) rc_tank: [STEP] Camera init starting...
I (45358) rc_video: Initializing camera (SP0A39 640x480 VYUY)
W (45363) rc_video: [CAM-DIAG-C16S] staged DVP init core=0; Wi-Fi task core=0; configured_internal_dma=102400; free_internal=230219 largest_internal_dma=110592
I (45377) board_camera: initializing SP0A39 camera mode=0 640x480
I (45383) camera_hal: init SP0A39 DVP 640x480 (SCCB manual mode)
I (45389) camera_hal: configuring IOEX pins for camera RESET/PWDN
I (45396) camera_hal: PWDN=HIGH (power down)
I (45409) camera_hal: PWDN=LOW (release sensor)
I (45609) camera_hal: RESET=LOW (assert reset)
I (45629) camera_hal: RESET=HIGH (release reset)
I (46629) camera_hal: full I2C scan after camera power-up (diagnostic only)...
I (46631) camera_hal:   post-powerup ACK at 0x15
I (46631) camera_hal:   post-powerup ACK at 0x18
I (46634) camera_hal:   post-powerup ACK at 0x21
I (46638) camera_hal:   post-powerup ACK at 0x22
I (46646) camera_hal:   post-powerup ACK at 0x40
I (46648) camera_hal:   post-powerup ACK at 0x51
I (46654) camera_hal:   post-powerup ACK at 0x68
I (46657) camera_hal: DVP GPIO diagnostics (checking PCLK/VSYNC/HSYNC activity)...
I (46723) camera_hal: DVP diagnostics: PCLK_changes=0 VSYNC_changes=0 HSYNC_changes=0
W (46723) camera_hal: PCLK has no transitions - MCLK likely not reaching sensor or sensor not active
I (46728) camera_hal: using sensor address 0x21
I (46733) camera_hal: SP0A39 I2C device added at 0x21
I (46739) camera_hal: SP0A39 chip ID: 0x0A39
I (46861) camera_hal: SP0A39 register init done: VYUY 640x480 (359 regs)
I (46862) camera_hal: [CAM-PROBE] SP0A39 p0_31 stage=post_table value=0x00 expected=0x01
E (46865) camera_hal: camera_hal_verify_expected_output_p0_31(92): unexpected p0_31=0x00 at post_table
W (46874) camera_hal: [CAM-PROBE] output state differs after table; continuing: ESP_ERR_INVALID_RESPONSE
I (46903) camera_hal: [CAM-PROBE] SP0A39 p0_31 stage=post_delay value=0x01 expected=0x01
I (46904) camera_hal: camera HAL initialized (sensor ready, DVP capture not yet implemented)
I (46908) board_camera: camera ready
I (46916) camera_hal: SP0A39 output regs: P0:1c=0x00 P0:30=0x01 P0:31=0x01 P1:32=0x15 P1:34=0xeb P1:35=0x00 P1:36=0x10
I (47050) rc_video:   3 DMA-capable PSRAM framebuffers allocated (600 KB each)
W (47093) rc_video: [CAM-DIAG-C16S] capture handoff uses rc_capture_pool + backup
W (47093) rc_video: [DEBUG-C151] buffers fb0=0x3c0f6040 fb1=0x3c18c180 fb2=0x3c2222c0 backup=0x3c2b8400 payload=614400 storage=614400 alloc=614656 terminal_guard=256
W (47104) rc_video: [DEBUG-C151] heap stage=framebuffers_allocated intact=1
I (47112) dvp_ext: DVP Extended camera controller driver is initialized
W (47116) dvp_ext: [CAM-DIAG-C16S] staged assembly uses GDMA-EOF direct copy; dma=102400 half=51200 queue_data_events=suppressed eof_desc=wrapped
W (47129) rc_video: [DEBUG-C151] heap stage=dvp_controller_created_before_start intact=1
W (47137) rc_video: [CAM-DIAG-C16S] staged DVP controller created; configured_internal_dma=102400 free_internal=123139 largest_internal_dma=63488
I (47150) rc_video: Camera initialized
I (47153) rc_tank: [STEP] Camera init OK
W (47157) rc_tank: [CAM-DIAG-C16S] TSF_GUARD window=2 beacon=0 after=0us budget=0us result=ESP_OK
W (47165) rc_tank: [CAM-DIAG-C16S] TSF_TARGET window=2 phase=0us tolerance=0us result=ESP_OK
W (47173) rc_tank: [CAM-DIAG-C16S] RGB_GAIN window=2 requested=110 result=ESP_OK
W (47181) rc_tank: [CAM-DIAG-C16S] PRESENT window=2 mode=direct chunk_lines=60 repeats=1 result=ESP_OK
W (47190) rc_tank: [CAM-DIAG-C16S] TAIL_DRAIN window=2 requested=0us result=ESP_OK
W (47197) rc_tank: [CAM-DIAG-C16S] EOF_PROFILE window=2 source=software_index settle=0us result=ESP_OK
W (47206) rc_video: [CAM-DIAG-C16S] PROFILE window=2 sensor=real display=camera idle=0ms full_probe=0 cache=c2m_inv capture=0
W (47217) rc_tank: [CAM-DIAG-C16S] WINDOW_02 start: wifi=off sensor=real display=camera idle=0ms full_probe=off cache=c2m_inv dvp=staged100k protocol=off beacon=0 guard_after=0us capture_budget=0us target=0us tolerance=0us rgb_gain=110% present=direct chunk_lines=60 repeats=1 tail_drain=0us eof_source=software_index eof_settle=0us
W (47217) rc_video: [CAM-DIAG-C16S] LIGHT stage=complete window=1 sensor=real display=camera idle=0ms full_probe=0 cache=none frames=0 changes=0 sync_changes=0 sync_calls=0 sync_skips=0 unique=0 overflow=0 pre=00000000 post=00000000 luma_avg=0.0 luma_min=255 luma_max=0 luma_last=0 avg_probe=0.000ms max_probe=0.000ms tsf_waits=0 tsf_wait_us=0 tsf_wait_max_global_us=0 launch_phase_samples=0 launch_phase_avg=0.0 launch_phase_min=0 launch_phase_max=0 tsf_errors=0
I (47247) camera_hal: [CAM-PROBE] SP0A39 p0_31 stage=dvp_started value=0x01 expected=0x01
W (47298) rc_video: [CAM-DIAG-C16S] scaled camera preview enabled (240x180 at 80,0; DVP started)
W (47303) rc_tank: [CAM-DIAG-C16S] staged-100KiB VYUY camera preview started while Wi-Fi is off
W (51980) rc_video: [CAM-DIAG-C16S] LIGHT stage=periodic window=2 sensor=real display=camera idle=0ms full_probe=0 cache=c2m_inv frames=30 changes=29 sync_changes=0 sync_calls=30 sync_skips=0 unique=8 overflow=22 pre=9adef45c post=9adef45c luma_avg=114.2 luma_min=97 luma_max=136 luma_last=118 avg_probe=2.212ms max_probe=2.590ms tsf_waits=0 tsf_wait_us=0 tsf_wait_max_global_us=0 launch_phase_samples=0 launch_phase_avg=0.0 launch_phase_min=0 launch_phase_max=0 tsf_errors=0
I (52011) rc_video: [CAM-DIAG-C16S] HEALTH window=2 display_frame=30 guard_errors=0 quiesce=30 resume_before=29 lifecycle_errors=0 pause_req=30 pause_ack=30 pause_timeout=0 cache_sync_err=0 raw_post_err=0 overlap=0 finish_collision=0 tsf_waits=0 tsf_wait_us=0 tsf_wait_max_global_us=0 target=0 tolerance=0 launch_samples=0 launch_min=0 launch_max=0 rgb_gain=110 present=direct chunk_lines=60 repeats=1 tsf_errors=0 staged_events=331 staged_copies=330 staged_bytes=16896000 staged_tail=1 staged_forward=60 staged_fallback=0 staged_errors=0 tail_drain=0 tail_waits=0 tail_wait_us=0 eof_callbacks=331 eof_valid=330 eof_invalid=0 eof_mismatch=32 eof_half0=150 eof_half1=180 eof_settle=0 eof_settle_events=0 eof_settle_us=0
W (56809) rc_video: [CAM-DIAG-C16S] LIGHT stage=periodic window=2 sensor=real display=camera idle=0ms full_probe=0 cache=c2m_inv frames=60 changes=59 sync_changes=0 sync_calls=60 sync_skips=0 unique=8 overflow=52 pre=1995bde0 post=1995bde0 luma_avg=111.3 luma_min=97 luma_max=145 luma_last=112 avg_probe=2.208ms max_probe=2.590ms tsf_waits=0 tsf_wait_us=0 tsf_wait_max_global_us=0 launch_phase_samples=0 launch_phase_avg=0.0 launch_phase_min=0 launch_phase_max=0 tsf_errors=0
I (56839) rc_video: [CAM-DIAG-C16S] HEALTH window=2 display_frame=60 guard_errors=0 quiesce=60 resume_before=59 lifecycle_errors=0 pause_req=60 pause_ack=60 pause_timeout=0 cache_sync_err=0 raw_post_err=0 overlap=0 finish_collision=0 tsf_waits=0 tsf_wait_us=0 tsf_wait_max_global_us=0 target=0 tolerance=0 launch_samples=0 launch_min=0 launch_max=0 rgb_gain=110 present=direct chunk_lines=60 repeats=1 tsf_errors=0 staged_events=661 staged_copies=660 staged_bytes=33792000 staged_tail=1 staged_forward=120 staged_fallback=0 staged_errors=0 tail_drain=0 tail_waits=0 tail_wait_us=0 eof_callbacks=661 eof_valid=660 eof_invalid=0 eof_mismatch=62 eof_half0=300 eof_half1=360 eof_settle=0 eof_settle_events=0 eof_settle_us=0
W (57311) rc_tank: [DEBUG-C151] heap stage=window_2_end intact=1
W (57314) camera_hal: [CAM-DIAG-C16I] SP0A39 test_pattern=on P1:32 before=0x15 write=0x95 read=0x80 expected_bit=0x80
W (57428) rc_tank: [CAM-DIAG-C16S] TSF_GUARD window=3 beacon=0 after=0us budget=0us result=ESP_OK
W (57429) rc_tank: [CAM-DIAG-C16S] TSF_TARGET window=3 phase=0us tolerance=0us result=ESP_OK
W (57435) rc_tank: [CAM-DIAG-C16S] RGB_GAIN window=3 requested=110 result=ESP_OK
W (57442) rc_tank: [CAM-DIAG-C16S] PRESENT window=3 mode=direct chunk_lines=60 repeats=1 result=ESP_OK
W (57451) rc_tank: [CAM-DIAG-C16S] TAIL_DRAIN window=3 requested=0us result=ESP_OK
W (57458) rc_tank: [CAM-DIAG-C16S] EOF_PROFILE window=3 source=software_index settle=0us result=ESP_OK
W (57467) rc_video: [CAM-DIAG-C16S] PROFILE window=3 sensor=pattern display=camera idle=0ms full_probe=0 cache=c2m_inv capture=64
W (57478) rc_tank: [CAM-DIAG-C16S] WINDOW_03 start: wifi=off sensor=pattern display=camera idle=0ms full_probe=off cache=c2m_inv dvp=staged100k protocol=off beacon=0 guard_after=0us capture_budget=0us target=0us tolerance=0us rgb_gain=110% present=direct chunk_lines=60 repeats=1 tail_drain=0us eof_source=software_index eof_settle=0us
W (57530) rc_video: [CAM-DIAG-C16S] LIGHT stage=complete window=2 sensor=real display=camera idle=0ms full_probe=0 cache=c2m_inv frames=64 changes=63 sync_changes=0 sync_calls=64 sync_skips=0 unique=8 overflow=56 pre=11165e7a post=11165e7a luma_avg=111.6 luma_min=97 luma_max=145 luma_last=123 avg_probe=2.217ms max_probe=2.710ms tsf_waits=0 tsf_wait_us=0 tsf_wait_max_global_us=0 launch_phase_samples=0 launch_phase_avg=0.0 launch_phase_min=0 launch_phase_max=0 tsf_errors=0
W (62270) rc_video: [CAM-DIAG-C16S] LIGHT stage=periodic window=3 sensor=pattern display=camera idle=0ms full_probe=0 cache=c2m_inv frames=30 changes=0 sync_changes=0 sync_calls=30 sync_skips=0 unique=1 overflow=0 pre=11165e7a post=11165e7a luma_avg=123.0 luma_min=123 luma_max=123 luma_last=123 avg_probe=2.198ms max_probe=2.241ms tsf_waits=0 tsf_wait_us=0 tsf_wait_max_global_us=0 launch_phase_samples=0 launch_phase_avg=0.0 launch_phase_min=0 launch_phase_max=0 tsf_errors=0
I (62301) rc_video: [CAM-DIAG-C16S] HEALTH window=3 display_frame=94 guard_errors=0 quiesce=94 resume_before=93 lifecycle_errors=0 pause_req=94 pause_ack=94 pause_timeout=0 cache_sync_err=0 raw_post_err=0 overlap=0 finish_collision=0 tsf_waits=0 tsf_wait_us=0 tsf_wait_max_global_us=0 target=0 tolerance=0 launch_samples=0 launch_min=0 launch_max=0 rgb_gain=110 present=direct chunk_lines=60 repeats=1 tsf_errors=0 staged_events=1035 staged_copies=1034 staged_bytes=52940800 staged_tail=1 staged_forward=188 staged_fallback=0 staged_errors=0 tail_drain=0 tail_waits=0 tail_wait_us=0 eof_callbacks=1035 eof_valid=1034 eof_invalid=0 eof_mismatch=96 eof_half0=470 eof_half1=564 eof_settle=0 eof_settle_events=0 eof_settle_us=0
W (67099) rc_video: [CAM-DIAG-C16S] LIGHT stage=periodic window=3 sensor=pattern display=camera idle=0ms full_probe=0 cache=c2m_inv frames=60 changes=0 sync_changes=0 sync_calls=60 sync_skips=0 unique=1 overflow=0 pre=11165e7a post=11165e7a luma_avg=123.0 luma_min=123 luma_max=123 luma_last=123 avg_probe=2.201ms max_probe=2.245ms tsf_waits=0 tsf_wait_us=0 tsf_wait_max_global_us=0 launch_phase_samples=0 launch_phase_avg=0.0 launch_phase_min=0 launch_phase_max=0 tsf_errors=0
I (67130) rc_video: [CAM-DIAG-C16S] HEALTH window=3 display_frame=124 guard_errors=0 quiesce=124 resume_before=123 lifecycle_errors=0 pause_req=124 pause_ack=124 pause_timeout=0 cache_sync_err=0 raw_post_err=0 overlap=0 finish_collision=0 tsf_waits=0 tsf_wait_us=0 tsf_wait_max_global_us=0 target=0 tolerance=0 launch_samples=0 launch_min=0 launch_max=0 rgb_gain=110 present=direct chunk_lines=60 repeats=1 tsf_errors=0 staged_events=1365 staged_copies=1364 staged_bytes=69836800 staged_tail=1 staged_forward=248 staged_fallback=0 staged_errors=0 tail_drain=0 tail_waits=0 tail_wait_us=0 eof_callbacks=1365 eof_valid=1364 eof_invalid=0 eof_mismatch=126 eof_half0=620 eof_half1=744 eof_settle=0 eof_settle_events=0 eof_settle_us=0
W (67508) rc_tank: [DEBUG-C151] heap stage=window_3_end_before_network intact=1
I (67509) rc_tank: [STEP] Network init starting...
I (67510) rc_net: Initializing as SoftAP (Tank)
I (67515) pp: pp rom version: e7ae62f
I (67517) net80211: net80211 rom version: e7ae62f
I (67559) wifi:wifi driver task: 3fce8950, prio:23, stack:6656, core=0
I (67565) wifi:wifi firmware version: 0947e8b
I (67566) wifi:wifi certification version: v7.0
I (67566) wifi:config NVS flash: enabled
I (67567) wifi:config nano formatting: disabled
I (67572) wifi:Init data frame dynamic rx buffer num: 32
I (67577) wifi:Init static rx mgmt buffer num: 5
I (67581) wifi:Init management short buffer num: 32
I (67585) wifi:Init dynamic tx buffer num: 64
I (67589) wifi:Init static tx FG buffer num: 2
I (67594) wifi:Init static rx buffer size: 1600
I (67598) wifi:Init static rx buffer num: 10
I (67602) wifi:Init dynamic rx buffer num: 32
I (67607) wifi_init: rx ba win: 6
I (67609) wifi_init: accept mbox: 6
I (67612) wifi_init: tcpip mbox: 16
I (67615) wifi_init: udp mbox: 6
I (67618) wifi_init: tcp mbox: 6
I (67621) wifi_init: tcp tx win: 5760
I (67625) wifi_init: tcp rx win: 5760
I (67628) wifi_init: tcp mss: 1440
I (67631) wifi_init: WiFi IRAM OP enabled
I (67635) wifi_init: WiFi RX IRAM OP enabled
I (67640) rc_net: AP set_mode/config, SSID=RC_TANK_F3AE79 ch=1
I (67755) phy_init: phy_version 711,97bcf0a2,Aug 25 2025,19:04:10
W (67756) phy_init: failed to load RF calibration data (0x1102), falling back to full calibration
I (67801) phy_init: Saving new calibration data due to checksum failure or outdated calibration data, mode(2)
I (67811) wifi:mode : softAP (44:1b:f6:f3:ae:79)
I (67816) wifi:Total power save buffer number: 32
I (67817) wifi:Init max length of beacon: 752/752
I (67817) wifi:Init max length of beacon: 752/752
I (67820) rc_net: SoftAP started, SSID: RC_TANK_F3AE79, Password: 12345678
I (67821) esp_netif_lwip: DHCP server started on interface WIFI_AP_DEF with IP: 192.168.4.1
I (67834) rc_tank: [STEP] Network init OK
I (67838) rc_tank: Tank SoftAP ready, waiting for remote...
W (67878) rc_tank: [CAM-DIAG-C16R] PROTOCOL window=4 before=0x07 requested=0x07 after=0x07 name=bgn changed=0
I (67886) wifi:Total power save buffer number: 32
W (67889) rc_tank: [CAM-DIAG-C16R] BEACON window=4 before=100 requested=200 after=200 changed=1
I (67890) esp_netif_lwip: DHCP server started on interface WIFI_AP_DEF with IP: 192.168.4.1
W (67909) rc_tank: [CAM-DIAG-C16S] TSF_GUARD window=4 beacon=200 after=0us budget=0us result=ESP_OK
W (67918) rc_tank: [CAM-DIAG-C16S] TSF_TARGET window=4 phase=0us tolerance=0us result=ESP_OK
W (67926) rc_tank: [CAM-DIAG-C16S] RGB_GAIN window=4 requested=110 result=ESP_OK
W (67933) rc_tank: [CAM-DIAG-C16S] PRESENT window=4 mode=direct chunk_lines=60 repeats=1 result=ESP_OK
W (67942) rc_tank: [CAM-DIAG-C16S] TAIL_DRAIN window=4 requested=0us result=ESP_OK
W (67949) rc_tank: [CAM-DIAG-C16S] EOF_PROFILE window=4 source=software_index settle=0us result=ESP_OK
W (67958) rc_video: [CAM-DIAG-C16S] PROFILE window=4 sensor=pattern display=camera idle=0ms full_probe=0 cache=c2m_inv capture=129
W (67970) rc_tank: [CAM-DIAG-C16S] WINDOW_04 start: wifi=on sensor=pattern display=camera idle=0ms full_probe=off cache=c2m_inv dvp=staged100k protocol=bgn beacon=200 guard_after=0us capture_budget=0us target=0us tolerance=0us rgb_gain=110% present=direct chunk_lines=60 repeats=1 tail_drain=0us eof_source=software_index eof_settle=0us
W (67982) rc_video: [CAM-DIAG-C16S] LIGHT stage=complete window=3 sensor=pattern display=camera idle=0ms full_probe=0 cache=c2m_inv frames=65 changes=0 sync_changes=0 sync_calls=65 sync_skips=0 unique=1 overflow=0 pre=11165e7a post=11165e7a luma_avg=123.0 luma_min=123 luma_max=123 luma_last=123 avg_probe=2.232ms max_probe=3.140ms tsf_waits=0 tsf_wait_us=0 tsf_wait_max_global_us=0 launch_phase_samples=0 launch_phase_avg=0.0 launch_phase_min=0 launch_phase_max=0 tsf_errors=0
W (72759) rc_video: [CAM-DIAG-C16S] LIGHT stage=periodic window=4 sensor=pattern display=camera idle=0ms full_probe=0 cache=c2m_inv frames=30 changes=0 sync_changes=0 sync_calls=30 sync_skips=0 unique=1 overflow=0 pre=11165e7a post=11165e7a luma_avg=123.0 luma_min=123 luma_max=123 luma_last=123 avg_probe=2.308ms max_probe=3.142ms tsf_waits=0 tsf_wait_us=0 tsf_wait_max_global_us=0 launch_phase_samples=0 launch_phase_avg=0.0 launch_phase_min=0 launch_phase_max=0 tsf_errors=0
I (72790) rc_video: [CAM-DIAG-C16S] HEALTH window=4 display_frame=159 guard_errors=0 quiesce=159 resume_before=158 lifecycle_errors=0 pause_req=159 pause_ack=159 pause_timeout=0 cache_sync_err=0 raw_post_err=0 overlap=0 finish_collision=0 tsf_waits=0 tsf_wait_us=0 tsf_wait_max_global_us=0 target=0 tolerance=0 launch_samples=0 launch_min=0 launch_max=0 rgb_gain=110 present=direct chunk_lines=60 repeats=1 tsf_errors=0 staged_events=1751 staged_copies=1750 staged_bytes=89600000 staged_tail=1 staged_forward=319 staged_fallback=0 staged_errors=0 tail_drain=0 tail_waits=0 tail_wait_us=0 eof_callbacks=1751 eof_valid=1750 eof_invalid=0 eof_mismatch=161 eof_half0=796 eof_half1=954 eof_settle=0 eof_settle_events=0 eof_settle_us=0
W (77588) rc_video: [CAM-DIAG-C16S] LIGHT stage=periodic window=4 sensor=pattern display=camera idle=0ms full_probe=0 cache=c2m_inv frames=60 changes=0 sync_changes=0 sync_calls=60 sync_skips=0 unique=1 overflow=0 pre=11165e7a post=11165e7a luma_avg=123.0 luma_min=123 luma_max=123 luma_last=123 avg_probe=2.301ms max_probe=3.142ms tsf_waits=0 tsf_wait_us=0 tsf_wait_max_global_us=0 launch_phase_samples=0 launch_phase_avg=0.0 launch_phase_min=0 launch_phase_max=0 tsf_errors=0
I (77619) rc_video: [CAM-DIAG-C16S] HEALTH window=4 display_frame=189 guard_errors=0 quiesce=189 resume_before=188 lifecycle_errors=0 pause_req=189 pause_ack=189 pause_timeout=0 cache_sync_err=0 raw_post_err=0 overlap=0 finish_collision=0 tsf_waits=0 tsf_wait_us=0 tsf_wait_max_global_us=0 target=0 tolerance=0 launch_samples=0 launch_min=0 launch_max=0 rgb_gain=110 present=direct chunk_lines=60 repeats=1 tsf_errors=0 staged_events=2081 staged_copies=2080 staged_bytes=106496000 staged_tail=1 staged_forward=379 staged_fallback=0 staged_errors=0 tail_drain=0 tail_waits=0 tail_wait_us=0 eof_callbacks=2081 eof_valid=2080 eof_invalid=0 eof_mismatch=191 eof_half0=946 eof_half1=1134 eof_settle=0 eof_settle_events=0 eof_settle_us=0
W (78052) camera_hal: [CAM-DIAG-C16I] SP0A39 test_pattern=off P1:32 before=0x80 write=0x00 read=0x15 expected_bit=0x00
W (78153) rc_tank: [CAM-DIAG-C16R] PROTOCOL window=5 before=0x07 requested=0x07 after=0x07 name=bgn changed=0
W (78154) rc_tank: [CAM-DIAG-C16R] BEACON window=5 before=200 requested=200 after=200 changed=0
W (78161) rc_tank: [CAM-DIAG-C16S] TSF_GUARD window=5 beacon=200 after=0us budget=0us result=ESP_OK
W (78208) rc_tank: [CAM-DIAG-C16S] TSF_TARGET window=5 phase=0us tolerance=0us result=ESP_OK
W (78208) rc_tank: [CAM-DIAG-C16S] RGB_GAIN window=5 requested=110 result=ESP_OK
W (78213) rc_tank: [CAM-DIAG-C16S] PRESENT window=5 mode=direct chunk_lines=60 repeats=1 result=ESP_OK
W (78222) rc_tank: [CAM-DIAG-C16S] TAIL_DRAIN window=5 requested=0us result=ESP_OK
W (78229) rc_tank: [CAM-DIAG-C16S] EOF_PROFILE window=5 source=software_index settle=0us result=ESP_OK
W (78238) rc_video: [CAM-DIAG-C16S] PROFILE window=5 sensor=real display=camera idle=0ms full_probe=0 cache=c2m_inv capture=193
W (78249) rc_tank: [CAM-DIAG-C16S] WINDOW_05 start: wifi=on sensor=real display=camera idle=0ms full_probe=off cache=c2m_inv dvp=staged100k protocol=bgn beacon=200 guard_after=0us capture_budget=0us target=0us tolerance=0us rgb_gain=110% present=direct chunk_lines=60 repeats=1 tail_drain=0us eof_source=software_index eof_settle=0us
W (78309) rc_video: [CAM-DIAG-C16S] LIGHT stage=complete window=4 sensor=pattern display=camera idle=0ms full_probe=0 cache=c2m_inv frames=64 changes=1 sync_changes=0 sync_calls=64 sync_skips=0 unique=2 overflow=0 pre=70f910d4 post=70f910d4 luma_avg=122.7 luma_min=105 luma_max=123 luma_last=105 avg_probe=2.314ms max_probe=3.142ms tsf_waits=0 tsf_wait_us=0 tsf_wait_max_global_us=0 launch_phase_samples=0 launch_phase_avg=0.0 launch_phase_min=0 launch_phase_max=0 tsf_errors=0
W (83051) rc_video: [CAM-DIAG-C16S] LIGHT stage=periodic window=5 sensor=real display=camera idle=0ms full_probe=0 cache=c2m_inv frames=30 changes=29 sync_changes=0 sync_calls=30 sync_skips=0 unique=8 overflow=22 pre=b22b19ba post=b22b19ba luma_avg=105.6 luma_min=103 luma_max=115 luma_last=106 avg_probe=2.272ms max_probe=2.511ms tsf_waits=0 tsf_wait_us=0 tsf_wait_max_global_us=0 launch_phase_samples=0 launch_phase_avg=0.0 launch_phase_min=0 launch_phase_max=0 tsf_errors=0
I (83082) rc_video: [CAM-DIAG-C16S] HEALTH window=5 display_frame=223 guard_errors=0 quiesce=223 resume_before=222 lifecycle_errors=0 pause_req=223 pause_ack=223 pause_timeout=0 cache_sync_err=0 raw_post_err=0 overlap=0 finish_collision=0 tsf_waits=0 tsf_wait_us=0 tsf_wait_max_global_us=0 target=0 tolerance=0 launch_samples=0 launch_min=0 launch_max=0 rgb_gain=110 present=direct chunk_lines=60 repeats=1 tsf_errors=0 staged_events=2455 staged_copies=2454 staged_bytes=125644800 staged_tail=1 staged_forward=447 staged_fallback=0 staged_errors=0 tail_drain=0 tail_waits=0 tail_wait_us=0 eof_callbacks=2455 eof_valid=2454 eof_invalid=0 eof_mismatch=226 eof_half0=1117 eof_half1=1337 eof_settle=0 eof_settle_events=0 eof_settle_us=0
W (87880) rc_video: [CAM-DIAG-C16S] LIGHT stage=periodic window=5 sensor=real display=camera idle=0ms full_probe=0 cache=c2m_inv frames=60 changes=59 sync_changes=0 sync_calls=60 sync_skips=0 unique=8 overflow=52 pre=786a9548 post=786a9548 luma_avg=110.3 luma_min=103 luma_max=161 luma_last=124 avg_probe=2.277ms max_probe=2.603ms tsf_waits=0 tsf_wait_us=0 tsf_wait_max_global_us=0 launch_phase_samples=0 launch_phase_avg=0.0 launch_phase_min=0 launch_phase_max=0 tsf_errors=0
I (87911) rc_video: [CAM-DIAG-C16S] HEALTH window=5 display_frame=253 guard_errors=0 quiesce=253 resume_before=252 lifecycle_errors=0 pause_req=253 pause_ack=253 pause_timeout=0 cache_sync_err=0 raw_post_err=0 overlap=0 finish_collision=0 tsf_waits=0 tsf_wait_us=0 tsf_wait_max_global_us=0 target=0 tolerance=0 launch_samples=0 launch_min=0 launch_max=0 rgb_gain=110 present=direct chunk_lines=60 repeats=1 tsf_errors=0 staged_events=2785 staged_copies=2784 staged_bytes=142540800 staged_tail=1 staged_forward=507 staged_fallback=0 staged_errors=0 tail_drain=0 tail_waits=0 tail_wait_us=0 eof_callbacks=2785 eof_valid=2784 eof_invalid=0 eof_mismatch=256 eof_half0=1267 eof_half1=1517 eof_settle=0 eof_settle_events=0 eof_settle_us=0
W (88280) camera_hal: [CAM-DIAG-C16I] SP0A39 test_pattern=on P1:32 before=0x00 write=0x80 read=0x80 expected_bit=0x80
W (88383) rc_tank: [CAM-DIAG-C16R] PROTOCOL window=6 before=0x07 requested=0x07 after=0x07 name=bgn changed=0
W (88384) rc_tank: [CAM-DIAG-C16R] BEACON window=6 before=200 requested=200 after=200 changed=0
W (88390) rc_tank: [CAM-DIAG-C16S] TSF_GUARD window=6 beacon=200 after=0us budget=0us result=ESP_OK
W (88399) rc_tank: [CAM-DIAG-C16S] TSF_TARGET window=6 phase=0us tolerance=0us result=ESP_OK
W (88407) rc_tank: [CAM-DIAG-C16S] RGB_GAIN window=6 requested=110 result=ESP_OK
W (88414) rc_tank: [CAM-DIAG-C16S] PRESENT window=6 mode=direct chunk_lines=60 repeats=1 result=ESP_OK
W (88423) rc_tank: [CAM-DIAG-C16S] TAIL_DRAIN window=6 requested=0us result=ESP_OK
W (88431) rc_tank: [CAM-DIAG-C16S] EOF_PROFILE window=6 source=event_desc settle=0us result=ESP_OK
W (88439) rc_video: [CAM-DIAG-C16S] PROFILE window=6 sensor=pattern display=camera idle=0ms full_probe=0 cache=c2m_inv capture=256
W (88440) rc_video: [CAM-DIAG-C16S] LIGHT stage=complete window=5 sensor=real display=camera idle=0ms full_probe=0 cache=c2m_inv frames=63 changes=62 sync_changes=0 sync_calls=63 sync_skips=0 unique=8 overflow=55 pre=65fecc02 post=65fecc02 luma_avg=110.8 luma_min=103 luma_max=161 luma_last=123 avg_probe=2.280ms max_probe=2.603ms tsf_waits=0 tsf_wait_us=0 tsf_wait_max_global_us=0 launch_phase_samples=0 launch_phase_avg=0.0 launch_phase_min=0 launch_phase_max=0 tsf_errors=0
W (88451) rc_tank: [CAM-DIAG-C16S] WINDOW_06 start: wifi=on sensor=pattern display=camera idle=0ms full_probe=off cache=c2m_inv dvp=staged100k protocol=bgn beacon=200 guard_after=0us capture_budget=0us target=0us tolerance=0us rgb_gain=110% present=direct chunk_lines=60 repeats=1 tail_drain=0us eof_source=event_desc eof_settle=0us
W (93182) rc_video: [CAM-DIAG-C16S] LIGHT stage=periodic window=6 sensor=pattern display=camera idle=0ms full_probe=0 cache=c2m_inv frames=30 changes=1 sync_changes=0 sync_calls=30 sync_skips=0 unique=2 overflow=0 pre=516071e7 post=516071e7 luma_avg=137.0 luma_min=136 luma_max=137 luma_last=137 avg_probe=2.310ms max_probe=2.677ms tsf_waits=0 tsf_wait_us=0 tsf_wait_max_global_us=0 launch_phase_samples=0 launch_phase_avg=0.0 launch_phase_min=0 launch_phase_max=0 tsf_errors=0
I (93213) rc_video: [CAM-DIAG-C16S] HEALTH window=6 display_frame=286 guard_errors=0 quiesce=286 resume_before=285 lifecycle_errors=0 pause_req=286 pause_ack=286 pause_timeout=0 cache_sync_err=0 raw_post_err=0 overlap=0 finish_collision=0 tsf_waits=0 tsf_wait_us=0 tsf_wait_max_global_us=0 target=0 tolerance=0 launch_samples=0 launch_min=0 launch_max=0 rgb_gain=110 present=direct chunk_lines=60 repeats=1 tsf_errors=0 staged_events=3149 staged_copies=3147 staged_bytes=161126400 staged_tail=2 staged_forward=573 staged_fallback=0 staged_errors=0 tail_drain=0 tail_waits=0 tail_wait_us=0 eof_callbacks=3149 eof_valid=3147 eof_invalid=0 eof_mismatch=289 eof_half0=1432 eof_half1=1715 eof_settle=0 eof_settle_events=0 eof_settle_us=0
W (98011) rc_video: [CAM-DIAG-C16S] LIGHT stage=periodic window=6 sensor=pattern display=camera idle=0ms full_probe=0 cache=c2m_inv frames=60 changes=1 sync_changes=0 sync_calls=60 sync_skips=0 unique=2 overflow=0 pre=516071e7 post=516071e7 luma_avg=137.0 luma_min=136 luma_max=137 luma_last=137 avg_probe=2.298ms max_probe=2.677ms tsf_waits=0 tsf_wait_us=0 tsf_wait_max_global_us=0 launch_phase_samples=0 launch_phase_avg=0.0 launch_phase_min=0 launch_phase_max=0 tsf_errors=0
I (98042) rc_video: [CAM-DIAG-C16S] HEALTH window=6 display_frame=316 guard_errors=0 quiesce=316 resume_before=315 lifecycle_errors=0 pause_req=316 pause_ack=316 pause_timeout=0 cache_sync_err=0 raw_post_err=0 overlap=0 finish_collision=0 tsf_waits=0 tsf_wait_us=0 tsf_wait_max_global_us=0 target=0 tolerance=0 launch_samples=0 launch_min=0 launch_max=0 rgb_gain=110 present=direct chunk_lines=60 repeats=1 tsf_errors=0 staged_events=3479 staged_copies=3477 staged_bytes=178022400 staged_tail=2 staged_forward=633 staged_fallback=0 staged_errors=0 tail_drain=0 tail_waits=0 tail_wait_us=0 eof_callbacks=3479 eof_valid=3477 eof_invalid=0 eof_mismatch=319 eof_half0=1582 eof_half1=1895 eof_settle=0 eof_settle_events=0 eof_settle_us=0
W (98523) camera_hal: [CAM-DIAG-C16I] SP0A39 test_pattern=off P1:32 before=0x80 write=0x00 read=0x00 expected_bit=0x00
W (98632) rc_tank: [CAM-DIAG-C16R] PROTOCOL window=7 before=0x07 requested=0x07 after=0x07 name=bgn changed=0
W (98633) rc_tank: [CAM-DIAG-C16R] BEACON window=7 before=200 requested=200 after=200 changed=0
W (98640) rc_tank: [CAM-DIAG-C16S] TSF_GUARD window=7 beacon=200 after=0us budget=0us result=ESP_OK
W (98648) rc_tank: [CAM-DIAG-C16S] TSF_TARGET window=7 phase=0us tolerance=0us result=ESP_OK
W (98656) rc_tank: [CAM-DIAG-C16S] RGB_GAIN window=7 requested=110 result=ESP_OK
W (98664) rc_tank: [CAM-DIAG-C16S] PRESENT window=7 mode=direct chunk_lines=60 repeats=1 result=ESP_OK
W (98673) rc_tank: [CAM-DIAG-C16S] TAIL_DRAIN window=7 requested=0us result=ESP_OK
W (98680) rc_tank: [CAM-DIAG-C16S] EOF_PROFILE window=7 source=event_desc settle=0us result=ESP_OK
W (98689) rc_video: [CAM-DIAG-C16S] PROFILE window=7 sensor=real display=camera idle=0ms full_probe=0 cache=c2m_inv capture=320
W (98700) rc_tank: [CAM-DIAG-C16S] WINDOW_07 start: wifi=on sensor=real display=camera idle=0ms full_probe=off cache=c2m_inv dvp=staged100k protocol=bgn beacon=200 guard_after=0us capture_budget=0us target=0us tolerance=0us rgb_gain=110% present=direct chunk_lines=60 repeats=1 tail_drain=0us eof_source=event_desc eof_settle=0us
W (98737) rc_video: [CAM-DIAG-C16S] LIGHT stage=complete window=6 sensor=pattern display=camera idle=0ms full_probe=0 cache=c2m_inv frames=64 changes=2 sync_changes=0 sync_calls=64 sync_skips=0 unique=3 overflow=0 pre=c04ff5f4 post=c04ff5f4 luma_avg=136.5 luma_min=108 luma_max=137 luma_last=108 avg_probe=2.323ms max_probe=4.046ms tsf_waits=0 tsf_wait_us=0 tsf_wait_max_global_us=0 launch_phase_samples=0 launch_phase_avg=0.0 launch_phase_min=0 launch_phase_max=0 tsf_errors=0
W (103473) rc_video: [CAM-DIAG-C16S] LIGHT stage=periodic window=7 sensor=real display=camera idle=0ms full_probe=0 cache=c2m_inv frames=30 changes=29 sync_changes=0 sync_calls=30 sync_skips=0 unique=8 overflow=22 pre=e6d2e002 post=e6d2e002 luma_avg=108.1 luma_min=106 luma_max=111 luma_last=108 avg_probe=2.261ms max_probe=2.479ms tsf_waits=0 tsf_wait_us=0 tsf_wait_max_global_us=0 launch_phase_samples=0 launch_phase_avg=0.0 launch_phase_min=0 launch_phase_max=0 tsf_errors=0
I (103504) rc_video: [CAM-DIAG-C16S] HEALTH window=7 display_frame=350 guard_errors=0 quiesce=350 resume_before=349 lifecycle_errors=0 pause_req=350 pause_ack=350 pause_timeout=0 cache_sync_err=0 raw_post_err=0 overlap=0 finish_collision=0 tsf_waits=0 tsf_wait_us=0 tsf_wait_max_global_us=0 target=0 tolerance=0 launch_samples=0 launch_min=0 launch_max=0 rgb_gain=110 present=direct chunk_lines=60 repeats=1 tsf_errors=0 staged_events=3853 staged_copies=3851 staged_bytes=197171200 staged_tail=2 staged_forward=701 staged_fallback=0 staged_errors=0 tail_drain=0 tail_waits=0 tail_wait_us=0 eof_callbacks=3853 eof_valid=3851 eof_invalid=0 eof_mismatch=353 eof_half0=1752 eof_half1=2099 eof_settle=0 eof_settle_events=0 eof_settle_us=0
W (108302) rc_video: [CAM-DIAG-C16S] LIGHT stage=periodic window=7 sensor=real display=camera idle=0ms full_probe=0 cache=c2m_inv frames=60 changes=59 sync_changes=0 sync_calls=60 sync_skips=0 unique=8 overflow=52 pre=131b23f8 post=131b23f8 luma_avg=108.0 luma_min=106 luma_max=111 luma_last=107 avg_probe=2.276ms max_probe=2.545ms tsf_waits=0 tsf_wait_us=0 tsf_wait_max_global_us=0 launch_phase_samples=0 launch_phase_avg=0.0 launch_phase_min=0 launch_phase_max=0 tsf_errors=0
I (108333) rc_video: [CAM-DIAG-C16S] HEALTH window=7 display_frame=380 guard_errors=0 quiesce=380 resume_before=379 lifecycle_errors=0 pause_req=380 pause_ack=380 pause_timeout=0 cache_sync_err=0 raw_post_err=0 overlap=0 finish_collision=0 tsf_waits=0 tsf_wait_us=0 tsf_wait_max_global_us=0 target=0 tolerance=0 launch_samples=0 launch_min=0 launch_max=0 rgb_gain=110 present=direct chunk_lines=60 repeats=1 tsf_errors=0 staged_events=4183 staged_copies=4181 staged_bytes=214067200 staged_tail=2 staged_forward=761 staged_fallback=0 staged_errors=0 tail_drain=0 tail_waits=0 tail_wait_us=0 eof_callbacks=4183 eof_valid=4181 eof_invalid=0 eof_mismatch=383 eof_half0=1902 eof_half1=2279 eof_settle=0 eof_settle_events=0 eof_settle_us=0
W (108766) camera_hal: [CAM-DIAG-C16I] SP0A39 test_pattern=on P1:32 before=0x00 write=0x80 read=0x80 expected_bit=0x80
W (108867) rc_tank: [CAM-DIAG-C16R] PROTOCOL window=8 before=0x07 requested=0x07 after=0x07 name=bgn changed=0
W (108868) rc_tank: [CAM-DIAG-C16R] BEACON window=8 before=200 requested=200 after=200 changed=0
W (108875) rc_tank: [CAM-DIAG-C16S] TSF_GUARD window=8 beacon=200 after=0us budget=0us result=ESP_OK
W (108921) rc_tank: [CAM-DIAG-C16S] TSF_TARGET window=8 phase=0us tolerance=0us result=ESP_OK
W (108921) rc_tank: [CAM-DIAG-C16S] RGB_GAIN window=8 requested=110 result=ESP_OK
W (108927) rc_tank: [CAM-DIAG-C16S] PRESENT window=8 mode=direct chunk_lines=60 repeats=1 result=ESP_OK
W (108936) rc_tank: [CAM-DIAG-C16S] TAIL_DRAIN window=8 requested=0us result=ESP_OK
W (108943) rc_tank: [CAM-DIAG-C16S] EOF_PROFILE window=8 source=event_desc settle=2us result=ESP_OK
W (108952) rc_video: [CAM-DIAG-C16S] PROFILE window=8 sensor=pattern display=camera idle=0ms full_probe=0 cache=c2m_inv capture=384
W (108964) rc_tank: [CAM-DIAG-C16S] WINDOW_08 start: wifi=on sensor=pattern display=camera idle=0ms full_probe=off cache=c2m_inv dvp=staged100k protocol=bgn beacon=200 guard_after=0us capture_budget=0us target=0us tolerance=0us rgb_gain=110% present=direct chunk_lines=60 repeats=1 tail_drain=0us eof_source=event_desc eof_settle=2us
W (109022) rc_video: [CAM-DIAG-C16S] LIGHT stage=complete window=7 sensor=real display=camera idle=0ms full_probe=0 cache=c2m_inv frames=64 changes=63 sync_changes=0 sync_calls=64 sync_skips=0 unique=8 overflow=56 pre=516071e7 post=516071e7 luma_avg=108.5 luma_min=106 luma_max=137 luma_last=137 avg_probe=2.288ms max_probe=2.769ms tsf_waits=0 tsf_wait_us=0 tsf_wait_max_global_us=0 launch_phase_samples=0 launch_phase_avg=0.0 launch_phase_min=0 launch_phase_max=0 tsf_errors=0
W (113764) rc_video: [CAM-DIAG-C16S] LIGHT stage=periodic window=8 sensor=pattern display=camera idle=0ms full_probe=0 cache=c2m_inv frames=30 changes=0 sync_changes=0 sync_calls=30 sync_skips=0 unique=1 overflow=0 pre=516071e7 post=516071e7 luma_avg=137.0 luma_min=137 luma_max=137 luma_last=137 avg_probe=2.302ms max_probe=2.572ms tsf_waits=0 tsf_wait_us=0 tsf_wait_max_global_us=0 launch_phase_samples=0 launch_phase_avg=0.0 launch_phase_min=0 launch_phase_max=0 tsf_errors=0
I (113795) rc_video: [CAM-DIAG-C16S] HEALTH window=8 display_frame=414 guard_errors=0 quiesce=414 resume_before=413 lifecycle_errors=0 pause_req=414 pause_ack=414 pause_timeout=0 cache_sync_err=0 raw_post_err=0 overlap=0 finish_collision=0 tsf_waits=0 tsf_wait_us=0 tsf_wait_max_global_us=0 target=0 tolerance=0 launch_samples=0 launch_min=0 launch_max=0 rgb_gain=110 present=direct chunk_lines=60 repeats=1 tsf_errors=0 staged_events=4557 staged_copies=4555 staged_bytes=233216000 staged_tail=2 staged_forward=829 staged_fallback=0 staged_errors=0 tail_drain=0 tail_waits=0 tail_wait_us=0 eof_callbacks=4557 eof_valid=4555 eof_invalid=0 eof_mismatch=417 eof_half0=2073 eof_half1=2482 eof_settle=2 eof_settle_events=330 eof_settle_us=660
W (118592) rc_video: [CAM-DIAG-C16S] LIGHT stage=periodic window=8 sensor=pattern display=camera idle=0ms full_probe=0 cache=c2m_inv frames=60 changes=0 sync_changes=0 sync_calls=60 sync_skips=0 unique=1 overflow=0 pre=516071e7 post=516071e7 luma_avg=137.0 luma_min=137 luma_max=137 luma_last=137 avg_probe=2.306ms max_probe=3.185ms tsf_waits=0 tsf_wait_us=0 tsf_wait_max_global_us=0 launch_phase_samples=0 launch_phase_avg=0.0 launch_phase_min=0 launch_phase_max=0 tsf_errors=0
I (118623) rc_video: [CAM-DIAG-C16S] HEALTH window=8 display_frame=444 guard_errors=0 quiesce=444 resume_before=443 lifecycle_errors=0 pause_req=444 pause_ack=444 pause_timeout=0 cache_sync_err=0 raw_post_err=0 overlap=0 finish_collision=0 tsf_waits=0 tsf_wait_us=0 tsf_wait_max_global_us=0 target=0 tolerance=0 launch_samples=0 launch_min=0 launch_max=0 rgb_gain=110 present=direct chunk_lines=60 repeats=1 tsf_errors=0 staged_events=4887 staged_copies=4885 staged_bytes=250112000 staged_tail=2 staged_forward=889 staged_fallback=0 staged_errors=0 tail_drain=0 tail_waits=0 tail_wait_us=0 eof_callbacks=4887 eof_valid=4885 eof_invalid=0 eof_mismatch=447 eof_half0=2223 eof_half1=2662 eof_settle=2 eof_settle_events=660 eof_settle_us=1320
W (118995) camera_hal: [CAM-DIAG-C16I] SP0A39 test_pattern=off P1:32 before=0x80 write=0x00 read=0x00 expected_bit=0x00
W (119098) rc_tank: [CAM-DIAG-C16R] PROTOCOL window=9 before=0x07 requested=0x07 after=0x07 name=bgn changed=0
W (119099) rc_tank: [CAM-DIAG-C16R] BEACON window=9 before=200 requested=200 after=200 changed=0
W (119105) rc_tank: [CAM-DIAG-C16S] TSF_GUARD window=9 beacon=200 after=0us budget=0us result=ESP_OK
W (119114) rc_tank: [CAM-DIAG-C16S] TSF_TARGET window=9 phase=0us tolerance=0us result=ESP_OK
W (119122) rc_tank: [CAM-DIAG-C16S] RGB_GAIN window=9 requested=110 result=ESP_OK
W (119130) rc_tank: [CAM-DIAG-C16S] PRESENT window=9 mode=direct chunk_lines=60 repeats=1 result=ESP_OK
W (119139) rc_tank: [CAM-DIAG-C16S] TAIL_DRAIN window=9 requested=0us result=ESP_OK
W (119146) rc_tank: [CAM-DIAG-C16S] EOF_PROFILE window=9 source=event_desc settle=2us result=ESP_OK
W (119155) rc_video: [CAM-DIAG-C16S] PROFILE window=9 sensor=real display=camera idle=0ms full_probe=0 cache=c2m_inv capture=447
W (119155) rc_video: [CAM-DIAG-C16S] LIGHT stage=complete window=8 sensor=pattern display=camera idle=0ms full_probe=0 cache=c2m_inv frames=63 changes=1 sync_changes=0 sync_calls=63 sync_skips=0 unique=2 overflow=0 pre=a99561eb post=a99561eb luma_avg=136.5 luma_min=107 luma_max=137 luma_last=107 avg_probe=2.306ms max_probe=3.185ms tsf_waits=0 tsf_wait_us=0 tsf_wait_max_global_us=0 launch_phase_samples=0 launch_phase_avg=0.0 launch_phase_min=0 launch_phase_max=0 tsf_errors=0
W (119166) rc_tank: [CAM-DIAG-C16S] WINDOW_09 start: wifi=on sensor=real display=camera idle=0ms full_probe=off cache=c2m_inv dvp=staged100k protocol=bgn beacon=200 guard_after=0us capture_budget=0us target=0us tolerance=0us rgb_gain=110% present=direct chunk_lines=60 repeats=1 tail_drain=0us eof_source=event_desc eof_settle=2us
W (123897) rc_video: [CAM-DIAG-C16S] LIGHT stage=periodic window=9 sensor=real display=camera idle=0ms full_probe=0 cache=c2m_inv frames=30 changes=29 sync_changes=0 sync_calls=30 sync_skips=0 unique=8 overflow=22 pre=e9019572 post=e9019572 luma_avg=106.0 luma_min=105 luma_max=110 luma_last=107 avg_probe=2.307ms max_probe=2.694ms tsf_waits=0 tsf_wait_us=0 tsf_wait_max_global_us=0 launch_phase_samples=0 launch_phase_avg=0.0 launch_phase_min=0 launch_phase_max=0 tsf_errors=0
I (123928) rc_video: [CAM-DIAG-C16S] HEALTH window=9 display_frame=477 guard_errors=0 quiesce=477 resume_before=476 lifecycle_errors=0 pause_req=477 pause_ack=477 pause_timeout=0 cache_sync_err=0 raw_post_err=0 overlap=0 finish_collision=0 tsf_waits=0 tsf_wait_us=0 tsf_wait_max_global_us=0 target=0 tolerance=0 launch_samples=0 launch_min=0 launch_max=0 rgb_gain=110 present=direct chunk_lines=60 repeats=1 tsf_errors=0 staged_events=5251 staged_copies=5248 staged_bytes=268697600 staged_tail=3 staged_forward=955 staged_fallback=0 staged_errors=0 tail_drain=0 tail_waits=0 tail_wait_us=0 eof_callbacks=5251 eof_valid=5248 eof_invalid=0 eof_mismatch=480 eof_half0=2388 eof_half1=2860 eof_settle=2 eof_settle_events=1024 eof_settle_us=2048
W (128725) rc_video: [CAM-DIAG-C16S] LIGHT stage=periodic window=9 sensor=real display=camera idle=0ms full_probe=0 cache=c2m_inv frames=60 changes=59 sync_changes=0 sync_calls=60 sync_skips=0 unique=8 overflow=52 pre=72f872c2 post=72f872c2 luma_avg=105.7 luma_min=105 luma_max=110 luma_last=105 avg_probe=2.304ms max_probe=2.694ms tsf_waits=0 tsf_wait_us=0 tsf_wait_max_global_us=0 launch_phase_samples=0 launch_phase_avg=0.0 launch_phase_min=0 launch_phase_max=0 tsf_errors=0
I (128756) rc_video: [CAM-DIAG-C16S] HEALTH window=9 display_frame=507 guard_errors=0 quiesce=507 resume_before=506 lifecycle_errors=0 pause_req=507 pause_ack=507 pause_timeout=0 cache_sync_err=0 raw_post_err=0 overlap=0 finish_collision=0 tsf_waits=0 tsf_wait_us=0 tsf_wait_max_global_us=0 target=0 tolerance=0 launch_samples=0 launch_min=0 launch_max=0 rgb_gain=110 present=direct chunk_lines=60 repeats=1 tsf_errors=0 staged_events=5581 staged_copies=5578 staged_bytes=285593600 staged_tail=3 staged_forward=1015 staged_fallback=0 staged_errors=0 tail_drain=0 tail_waits=0 tail_wait_us=0 eof_callbacks=5581 eof_valid=5578 eof_invalid=0 eof_mismatch=510 eof_half0=2538 eof_half1=3040 eof_settle=2 eof_settle_events=1354 eof_settle_us=2708
W (129239) camera_hal: [CAM-DIAG-C16I] SP0A39 test_pattern=on P1:32 before=0x00 write=0x80 read=0x80 expected_bit=0x80
W (129345) rc_tank: [CAM-DIAG-C16R] PROTOCOL window=10 before=0x07 requested=0x07 after=0x07 name=bgn changed=0
W (129346) rc_tank: [CAM-DIAG-C16R] BEACON window=10 before=200 requested=200 after=200 changed=0
W (129353) rc_tank: [CAM-DIAG-C16S] TSF_GUARD window=10 beacon=200 after=0us budget=0us result=ESP_OK
W (129362) rc_tank: [CAM-DIAG-C16S] TSF_TARGET window=10 phase=0us tolerance=0us result=ESP_OK
W (129371) rc_tank: [CAM-DIAG-C16S] RGB_GAIN window=10 requested=110 result=ESP_OK
W (129378) rc_tank: [CAM-DIAG-C16S] PRESENT window=10 mode=direct chunk_lines=60 repeats=1 result=ESP_OK
W (129387) rc_tank: [CAM-DIAG-C16S] TAIL_DRAIN window=10 requested=0us result=ESP_OK
W (129395) rc_tank: [CAM-DIAG-C16S] EOF_PROFILE window=10 source=event_desc settle=5us result=ESP_OK
W (129404) rc_video: [CAM-DIAG-C16S] PROFILE window=10 sensor=pattern display=camera idle=0ms full_probe=0 cache=c2m_inv capture=511
W (129415) rc_tank: [CAM-DIAG-C16S] WINDOW_10 start: wifi=on sensor=pattern display=camera idle=0ms full_probe=off cache=c2m_inv dvp=staged100k protocol=bgn beacon=200 guard_after=0us capture_budget=0us target=0us tolerance=0us rgb_gain=110% present=direct chunk_lines=60 repeats=1 tail_drain=0us eof_source=event_desc eof_settle=5us
W (129449) rc_video: [CAM-DIAG-C16S] LIGHT stage=complete window=9 sensor=real display=camera idle=0ms full_probe=0 cache=c2m_inv frames=64 changes=63 sync_changes=0 sync_calls=64 sync_skips=0 unique=8 overflow=56 pre=516071e7 post=516071e7 luma_avg=106.2 luma_min=105 luma_max=137 luma_last=137 avg_probe=2.328ms max_probe=4.033ms tsf_waits=0 tsf_wait_us=0 tsf_wait_max_global_us=0 launch_phase_samples=0 launch_phase_avg=0.0 launch_phase_min=0 launch_phase_max=0 tsf_errors=0
W (134186) rc_video: [CAM-DIAG-C16S] LIGHT stage=periodic window=10 sensor=pattern display=camera idle=0ms full_probe=0 cache=c2m_inv frames=30 changes=0 sync_changes=0 sync_calls=30 sync_skips=0 unique=1 overflow=0 pre=516071e7 post=516071e7 luma_avg=137.0 luma_min=137 luma_max=137 luma_last=137 avg_probe=2.291ms max_probe=2.593ms tsf_waits=0 tsf_wait_us=0 tsf_wait_max_global_us=0 launch_phase_samples=0 launch_phase_avg=0.0 launch_phase_min=0 launch_phase_max=0 tsf_errors=0
I (134217) rc_video: [CAM-DIAG-C16S] HEALTH window=10 display_frame=541 guard_errors=0 quiesce=541 resume_before=540 lifecycle_errors=0 pause_req=541 pause_ack=541 pause_timeout=0 cache_sync_err=0 raw_post_err=0 overlap=0 finish_collision=0 tsf_waits=0 tsf_wait_us=0 tsf_wait_max_global_us=0 target=0 tolerance=0 launch_samples=0 launch_min=0 launch_max=0 rgb_gain=110 present=direct chunk_lines=60 repeats=1 tsf_errors=0 staged_events=5955 staged_copies=5952 staged_bytes=304742400 staged_tail=3 staged_forward=1083 staged_fallback=0 staged_errors=0 tail_drain=0 tail_waits=0 tail_wait_us=0 eof_callbacks=5955 eof_valid=5952 eof_invalid=0 eof_mismatch=544 eof_half0=2708 eof_half1=3244 eof_settle=5 eof_settle_events=1728 eof_settle_us=4446
W (139015) rc_video: [CAM-DIAG-C16S] LIGHT stage=periodic window=10 sensor=pattern display=camera idle=0ms full_probe=0 cache=c2m_inv frames=60 changes=0 sync_changes=0 sync_calls=60 sync_skips=0 unique=1 overflow=0 pre=516071e7 post=516071e7 luma_avg=137.0 luma_min=137 luma_max=137 luma_last=137 avg_probe=2.283ms max_probe=2.636ms tsf_waits=0 tsf_wait_us=0 tsf_wait_max_global_us=0 launch_phase_samples=0 launch_phase_avg=0.0 launch_phase_min=0 launch_phase_max=0 tsf_errors=0
I (139046) rc_video: [CAM-DIAG-C16S] HEALTH window=10 display_frame=571 guard_errors=0 quiesce=571 resume_before=570 lifecycle_errors=0 pause_req=571 pause_ack=571 pause_timeout=0 cache_sync_err=0 raw_post_err=0 overlap=0 finish_collision=0 tsf_waits=0 tsf_wait_us=0 tsf_wait_max_global_us=0 target=0 tolerance=0 launch_samples=0 launch_min=0 launch_max=0 rgb_gain=110 present=direct chunk_lines=60 repeats=1 tsf_errors=0 staged_events=6285 staged_copies=6282 staged_bytes=321638400 staged_tail=3 staged_forward=1143 staged_fallback=0 staged_errors=0 tail_drain=0 tail_waits=0 tail_wait_us=0 eof_callbacks=6285 eof_valid=6282 eof_invalid=0 eof_mismatch=574 eof_half0=2858 eof_half1=3424 eof_settle=5 eof_settle_events=2058 eof_settle_us=6096
W (139479) camera_hal: [CAM-DIAG-C16I] SP0A39 test_pattern=off P1:32 before=0x80 write=0x00 read=0x00 expected_bit=0x00
W (139580) rc_tank: [CAM-DIAG-C16R] PROTOCOL window=11 before=0x07 requested=0x07 after=0x07 name=bgn changed=0
W (139581) rc_tank: [CAM-DIAG-C16R] BEACON window=11 before=200 requested=200 after=200 changed=0
W (139588) rc_tank: [CAM-DIAG-C16S] TSF_GUARD window=11 beacon=200 after=0us budget=0us result=ESP_OK
W (139631) rc_tank: [CAM-DIAG-C16S] TSF_TARGET window=11 phase=0us tolerance=0us result=ESP_OK
W (139631) rc_tank: [CAM-DIAG-C16S] RGB_GAIN window=11 requested=110 result=ESP_OK
W (139637) rc_tank: [CAM-DIAG-C16S] PRESENT window=11 mode=direct chunk_lines=60 repeats=1 result=ESP_OK
W (139646) rc_tank: [CAM-DIAG-C16S] TAIL_DRAIN window=11 requested=0us result=ESP_OK
W (139653) rc_tank: [CAM-DIAG-C16S] EOF_PROFILE window=11 source=event_desc settle=5us result=ESP_OK
W (139662) rc_video: [CAM-DIAG-C16S] PROFILE window=11 sensor=real display=camera idle=0ms full_probe=0 cache=c2m_inv capture=575
W (139674) rc_tank: [CAM-DIAG-C16S] WINDOW_11 start: wifi=on sensor=real display=camera idle=0ms full_probe=off cache=c2m_inv dvp=staged100k protocol=bgn beacon=200 guard_after=0us capture_budget=0us target=0us tolerance=0us rgb_gain=110% present=direct chunk_lines=60 repeats=1 tail_drain=0us eof_source=event_desc eof_settle=5us
W (139737) rc_video: [CAM-DIAG-C16S] LIGHT stage=complete window=10 sensor=pattern display=camera idle=0ms full_probe=0 cache=c2m_inv frames=64 changes=1 sync_changes=0 sync_calls=64 sync_skips=0 unique=2 overflow=0 pre=c43cee46 post=c43cee46 luma_avg=136.5 luma_min=105 luma_max=137 luma_last=105 avg_probe=2.303ms max_probe=2.796ms tsf_waits=0 tsf_wait_us=0 tsf_wait_max_global_us=0 launch_phase_samples=0 launch_phase_avg=0.0 launch_phase_min=0 launch_phase_max=0 tsf_errors=0
W (144478) rc_video: [CAM-DIAG-C16S] LIGHT stage=periodic window=11 sensor=real display=camera idle=0ms full_probe=0 cache=c2m_inv frames=30 changes=29 sync_changes=0 sync_calls=30 sync_skips=0 unique=8 overflow=22 pre=f8072db1 post=f8072db1 luma_avg=104.5 luma_min=102 luma_max=110 luma_last=102 avg_probe=2.258ms max_probe=2.419ms tsf_waits=0 tsf_wait_us=0 tsf_wait_max_global_us=0 launch_phase_samples=0 launch_phase_avg=0.0 launch_phase_min=0 launch_phase_max=0 tsf_errors=0
I (144509) rc_video: [CAM-DIAG-C16S] HEALTH window=11 display_frame=605 guard_errors=0 quiesce=605 resume_before=604 lifecycle_errors=0 pause_req=605 pause_ack=605 pause_timeout=0 cache_sync_err=0 raw_post_err=0 overlap=0 finish_collision=0 tsf_waits=0 tsf_wait_us=0 tsf_wait_max_global_us=0 target=0 tolerance=0 launch_samples=0 launch_min=0 launch_max=0 rgb_gain=110 present=direct chunk_lines=60 repeats=1 tsf_errors=0 staged_events=6659 staged_copies=6656 staged_bytes=340787200 staged_tail=3 staged_forward=1211 staged_fallback=0 staged_errors=0 tail_drain=0 tail_waits=0 tail_wait_us=0 eof_callbacks=6659 eof_valid=6656 eof_invalid=0 eof_mismatch=608 eof_half0=3029 eof_half1=3627 eof_settle=5 eof_settle_events=2432 eof_settle_us=7966
W (149306) rc_video: [CAM-DIAG-C16S] LIGHT stage=periodic window=11 sensor=real display=camera idle=0ms full_probe=0 cache=c2m_inv frames=60 changes=59 sync_changes=0 sync_calls=60 sync_skips=0 unique=8 overflow=52 pre=33830ae8 post=33830ae8 luma_avg=105.6 luma_min=102 luma_max=110 luma_last=108 avg_probe=2.269ms max_probe=2.652ms tsf_waits=0 tsf_wait_us=0 tsf_wait_max_global_us=0 launch_phase_samples=0 launch_phase_avg=0.0 launch_phase_min=0 launch_phase_max=0 tsf_errors=0
I (149337) rc_video: [CAM-DIAG-C16S] HEALTH window=11 display_frame=635 guard_errors=0 quiesce=635 resume_before=634 lifecycle_errors=0 pause_req=635 pause_ack=635 pause_timeout=0 cache_sync_err=0 raw_post_err=0 overlap=0 finish_collision=0 tsf_waits=0 tsf_wait_us=0 tsf_wait_max_global_us=0 target=0 tolerance=0 launch_samples=0 launch_min=0 launch_max=0 rgb_gain=110 present=direct chunk_lines=60 repeats=1 tsf_errors=0 staged_events=6989 staged_copies=6986 staged_bytes=357683200 staged_tail=3 staged_forward=1271 staged_fallback=0 staged_errors=0 tail_drain=0 tail_waits=0 tail_wait_us=0 eof_callbacks=6989 eof_valid=6986 eof_invalid=0 eof_mismatch=638 eof_half0=3179 eof_half1=3807 eof_settle=5 eof_settle_events=2762 eof_settle_us=9616
W (149704) camera_hal: [CAM-DIAG-C16I] SP0A39 test_pattern=on P1:32 before=0x00 write=0x80 read=0x80 expected_bit=0x80
W (149807) rc_tank: [CAM-DIAG-C16R] PROTOCOL window=12 before=0x07 requested=0x07 after=0x07 name=bgn changed=0
W (149807) rc_tank: [CAM-DIAG-C16R] BEACON window=12 before=200 requested=200 after=200 changed=0
W (149814) rc_tank: [CAM-DIAG-C16S] TSF_GUARD window=12 beacon=200 after=0us budget=0us result=ESP_OK
W (149823) rc_tank: [CAM-DIAG-C16S] TSF_TARGET window=12 phase=0us tolerance=0us result=ESP_OK
W (149832) rc_tank: [CAM-DIAG-C16S] RGB_GAIN window=12 requested=110 result=ESP_OK
W (149839) rc_tank: [CAM-DIAG-C16S] PRESENT window=12 mode=direct chunk_lines=60 repeats=1 result=ESP_OK
W (149848) rc_tank: [CAM-DIAG-C16S] TAIL_DRAIN window=12 requested=0us result=ESP_OK
W (149856) rc_tank: [CAM-DIAG-C16S] EOF_PROFILE window=12 source=event_desc settle=10us result=ESP_OK
W (149865) rc_video: [CAM-DIAG-C16S] PROFILE window=12 sensor=pattern display=camera idle=0ms full_probe=0 cache=c2m_inv capture=638
W (149867) rc_video: [CAM-DIAG-C16S] LIGHT stage=complete window=11 sensor=real display=camera idle=0ms full_probe=0 cache=c2m_inv frames=63 changes=62 sync_changes=0 sync_calls=63 sync_skips=0 unique=8 overflow=55 pre=516071e7 post=516071e7 luma_avg=106.1 luma_min=102 luma_max=137 luma_last=137 avg_probe=2.268ms max_probe=2.652ms tsf_waits=0 tsf_wait_us=0 tsf_wait_max_global_us=0 launch_phase_samples=0 launch_phase_avg=0.0 launch_phase_min=0 launch_phase_max=0 tsf_errors=0
W (149876) rc_tank: [CAM-DIAG-C16S] WINDOW_12 start: wifi=on sensor=pattern display=camera idle=0ms full_probe=off cache=c2m_inv dvp=staged100k protocol=bgn beacon=200 guard_after=0us capture_budget=0us target=0us tolerance=0us rgb_gain=110% present=direct chunk_lines=60 repeats=1 tail_drain=0us eof_source=event_desc eof_settle=10us
W (154609) rc_video: [CAM-DIAG-C16S] LIGHT stage=periodic window=12 sensor=pattern display=camera idle=0ms full_probe=0 cache=c2m_inv frames=30 changes=1 sync_changes=0 sync_calls=30 sync_skips=0 unique=2 overflow=0 pre=516071e7 post=516071e7 luma_avg=137.0 luma_min=136 luma_max=137 luma_last=137 avg_probe=2.333ms max_probe=2.817ms tsf_waits=0 tsf_wait_us=0 tsf_wait_max_global_us=0 launch_phase_samples=0 launch_phase_avg=0.0 launch_phase_min=0 launch_phase_max=0 tsf_errors=0
I (154641) rc_video: [CAM-DIAG-C16S] HEALTH window=12 display_frame=668 guard_errors=0 quiesce=668 resume_before=667 lifecycle_errors=0 pause_req=668 pause_ack=668 pause_timeout=0 cache_sync_err=0 raw_post_err=0 overlap=0 finish_collision=0 tsf_waits=0 tsf_wait_us=0 tsf_wait_max_global_us=0 target=0 tolerance=0 launch_samples=0 launch_min=0 launch_max=0 rgb_gain=110 present=direct chunk_lines=60 repeats=1 tsf_errors=0 staged_events=7353 staged_copies=7349 staged_bytes=376268800 staged_tail=4 staged_forward=1337 staged_fallback=0 staged_errors=0 tail_drain=0 tail_waits=0 tail_wait_us=0 eof_callbacks=7353 eof_valid=7349 eof_invalid=0 eof_mismatch=671 eof_half0=3344 eof_half1=4005 eof_settle=10 eof_settle_events=3126 eof_settle_us=13091
W (159437) rc_video: [CAM-DIAG-C16S] LIGHT stage=periodic window=12 sensor=pattern display=camera idle=0ms full_probe=0 cache=c2m_inv frames=60 changes=1 sync_changes=0 sync_calls=60 sync_skips=0 unique=2 overflow=0 pre=516071e7 post=516071e7 luma_avg=137.0 luma_min=136 luma_max=137 luma_last=137 avg_probe=2.310ms max_probe=2.817ms tsf_waits=0 tsf_wait_us=0 tsf_wait_max_global_us=0 launch_phase_samples=0 launch_phase_avg=0.0 launch_phase_min=0 launch_phase_max=0 tsf_errors=0
I (159469) rc_video: [CAM-DIAG-C16S] HEALTH window=12 display_frame=698 guard_errors=0 quiesce=698 resume_before=697 lifecycle_errors=0 pause_req=698 pause_ack=698 pause_timeout=0 cache_sync_err=0 raw_post_err=0 overlap=0 finish_collision=0 tsf_waits=0 tsf_wait_us=0 tsf_wait_max_global_us=0 target=0 tolerance=0 launch_samples=0 launch_min=0 launch_max=0 rgb_gain=110 present=direct chunk_lines=60 repeats=1 tsf_errors=0 staged_events=7683 staged_copies=7679 staged_bytes=393164800 staged_tail=4 staged_forward=1397 staged_fallback=0 staged_errors=0 tail_drain=0 tail_waits=0 tail_wait_us=0 eof_callbacks=7683 eof_valid=7679 eof_invalid=0 eof_mismatch=701 eof_half0=3494 eof_half1=4185 eof_settle=10 eof_settle_events=3456 eof_settle_us=16391
W (159949) camera_hal: [CAM-DIAG-C16I] SP0A39 test_pattern=off P1:32 before=0x80 write=0x00 read=0x00 expected_bit=0x00
W (160056) rc_tank: [CAM-DIAG-C16R] PROTOCOL window=13 before=0x07 requested=0x07 after=0x07 name=bgn changed=0
W (160057) rc_tank: [CAM-DIAG-C16R] BEACON window=13 before=200 requested=200 after=200 changed=0
W (160064) rc_tank: [CAM-DIAG-C16S] TSF_GUARD window=13 beacon=200 after=0us budget=0us result=ESP_OK
W (160073) rc_tank: [CAM-DIAG-C16S] TSF_TARGET window=13 phase=0us tolerance=0us result=ESP_OK
W (160081) rc_tank: [CAM-DIAG-C16S] RGB_GAIN window=13 requested=110 result=ESP_OK
W (160088) rc_tank: [CAM-DIAG-C16S] PRESENT window=13 mode=direct chunk_lines=60 repeats=1 result=ESP_OK
W (160098) rc_tank: [CAM-DIAG-C16S] TAIL_DRAIN window=13 requested=0us result=ESP_OK
W (160105) rc_tank: [CAM-DIAG-C16S] EOF_PROFILE window=13 source=event_desc settle=10us result=ESP_OK
W (160114) rc_video: [CAM-DIAG-C16S] PROFILE window=13 sensor=real display=camera idle=0ms full_probe=0 cache=c2m_inv capture=702
W (160125) rc_tank: [CAM-DIAG-C16S] WINDOW_13 start: wifi=on sensor=real display=camera idle=0ms full_probe=off cache=c2m_inv dvp=staged100k protocol=bgn beacon=200 guard_after=0us capture_budget=0us target=0us tolerance=0us rgb_gain=110% present=direct chunk_lines=60 repeats=1 tail_drain=0us eof_source=event_desc eof_settle=10us
W (160165) rc_video: [CAM-DIAG-C16S] LIGHT stage=complete window=12 sensor=pattern display=camera idle=0ms full_probe=0 cache=c2m_inv frames=64 changes=2 sync_changes=0 sync_calls=64 sync_skips=0 unique=3 overflow=0 pre=371d59a8 post=371d59a8 luma_avg=136.7 luma_min=116 luma_max=137 luma_last=116 avg_probe=2.312ms max_probe=2.817ms tsf_waits=0 tsf_wait_us=0 tsf_wait_max_global_us=0 launch_phase_samples=0 launch_phase_avg=0.0 launch_phase_min=0 launch_phase_max=0 tsf_errors=0
W (164901) rc_video: [CAM-DIAG-C16S] LIGHT stage=periodic window=13 sensor=real display=camera idle=0ms full_probe=0 cache=c2m_inv frames=30 changes=29 sync_changes=0 sync_calls=30 sync_skips=0 unique=8 overflow=22 pre=53252eb7 post=53252eb7 luma_avg=114.5 luma_min=110 luma_max=128 luma_last=111 avg_probe=2.283ms max_probe=2.512ms tsf_waits=0 tsf_wait_us=0 tsf_wait_max_global_us=0 launch_phase_samples=0 launch_phase_avg=0.0 launch_phase_min=0 launch_phase_max=0 tsf_errors=0
I (164932) rc_video: [CAM-DIAG-C16S] HEALTH window=13 display_frame=732 guard_errors=0 quiesce=732 resume_before=731 lifecycle_errors=0 pause_req=732 pause_ack=732 pause_timeout=0 cache_sync_err=0 raw_post_err=0 overlap=0 finish_collision=0 tsf_waits=0 tsf_wait_us=0 tsf_wait_max_global_us=0 target=0 tolerance=0 launch_samples=0 launch_min=0 launch_max=0 rgb_gain=110 present=direct chunk_lines=60 repeats=1 tsf_errors=0 staged_events=8057 staged_copies=8053 staged_bytes=412313600 staged_tail=4 staged_forward=1465 staged_fallback=0 staged_errors=0 tail_drain=0 tail_waits=0 tail_wait_us=0 eof_callbacks=8057 eof_valid=8053 eof_invalid=0 eof_mismatch=735 eof_half0=3665 eof_half1=4388 eof_settle=10 eof_settle_events=3830 eof_settle_us=20131
W (169730) rc_video: [CAM-DIAG-C16S] LIGHT stage=periodic window=13 sensor=real display=camera idle=0ms full_probe=0 cache=c2m_inv frames=60 changes=59 sync_changes=0 sync_calls=60 sync_skips=0 unique=8 overflow=52 pre=f7d7f375 post=f7d7f375 luma_avg=113.5 luma_min=101 luma_max=128 luma_last=116 avg_probe=2.293ms max_probe=2.625ms tsf_waits=0 tsf_wait_us=0 tsf_wait_max_global_us=0 launch_phase_samples=0 launch_phase_avg=0.0 launch_phase_min=0 launch_phase_max=0 tsf_errors=0
I (169761) rc_video: [CAM-DIAG-C16S] HEALTH window=13 display_frame=762 guard_errors=0 quiesce=762 resume_before=761 lifecycle_errors=0 pause_req=762 pause_ack=762 pause_timeout=0 cache_sync_err=0 raw_post_err=0 overlap=0 finish_collision=0 tsf_waits=0 tsf_wait_us=0 tsf_wait_max_global_us=0 target=0 tolerance=0 launch_samples=0 launch_min=0 launch_max=0 rgb_gain=110 present=direct chunk_lines=60 repeats=1 tsf_errors=0 staged_events=8387 staged_copies=8383 staged_bytes=429209600 staged_tail=4 staged_forward=1525 staged_fallback=0 staged_errors=0 tail_drain=0 tail_waits=0 tail_wait_us=0 eof_callbacks=8387 eof_valid=8383 eof_invalid=0 eof_mismatch=765 eof_half0=3815 eof_half1=4568 eof_settle=10 eof_settle_events=4160 eof_settle_us=23431
W (170193) camera_hal: [CAM-DIAG-C16I] SP0A39 test_pattern=on P1:32 before=0x00 write=0x80 read=0x80 expected_bit=0x80
W (170294) rc_tank: [CAM-DIAG-C16R] PROTOCOL window=14 before=0x07 requested=0x07 after=0x07 name=bgn changed=0
W (170295) rc_tank: [CAM-DIAG-C16R] BEACON window=14 before=200 requested=200 after=200 changed=0
W (170302) rc_tank: [CAM-DIAG-C16S] TSF_GUARD window=14 beacon=200 after=0us budget=0us result=ESP_OK
W (170349) rc_tank: [CAM-DIAG-C16S] TSF_TARGET window=14 phase=0us tolerance=0us result=ESP_OK
W (170349) rc_tank: [CAM-DIAG-C16S] RGB_GAIN window=14 requested=110 result=ESP_OK
W (170355) rc_tank: [CAM-DIAG-C16S] PRESENT window=14 mode=direct chunk_lines=60 repeats=1 result=ESP_OK
W (170364) rc_tank: [CAM-DIAG-C16S] TAIL_DRAIN window=14 requested=0us result=ESP_OK
W (170371) rc_tank: [CAM-DIAG-C16S] EOF_PROFILE window=14 source=event_desc settle=20us result=ESP_OK
W (170380) rc_video: [CAM-DIAG-C16S] PROFILE window=14 sensor=pattern display=camera idle=0ms full_probe=0 cache=c2m_inv capture=766
W (170392) rc_tank: [CAM-DIAG-C16S] WINDOW_14 start: wifi=on sensor=pattern display=camera idle=0ms full_probe=off cache=c2m_inv dvp=staged100k protocol=bgn beacon=200 guard_after=0us capture_budget=0us target=0us tolerance=0us rgb_gain=110% present=direct chunk_lines=60 repeats=1 tail_drain=0us eof_source=event_desc eof_settle=20us
W (170449) rc_video: [CAM-DIAG-C16S] LIGHT stage=complete window=13 sensor=real display=camera idle=0ms full_probe=0 cache=c2m_inv frames=64 changes=63 sync_changes=0 sync_calls=64 sync_skips=0 unique=8 overflow=56 pre=516071e7 post=516071e7 luma_avg=114.0 luma_min=101 luma_max=137 luma_last=137 avg_probe=2.303ms max_probe=2.661ms tsf_waits=0 tsf_wait_us=0 tsf_wait_max_global_us=0 launch_phase_samples=0 launch_phase_avg=0.0 launch_phase_min=0 launch_phase_max=0 tsf_errors=0
W (175190) rc_video: [CAM-DIAG-C16S] LIGHT stage=periodic window=14 sensor=pattern display=camera idle=0ms full_probe=0 cache=c2m_inv frames=30 changes=0 sync_changes=0 sync_calls=30 sync_skips=0 unique=1 overflow=0 pre=516071e7 post=516071e7 luma_avg=137.0 luma_min=137 luma_max=137 luma_last=137 avg_probe=2.286ms max_probe=2.508ms tsf_waits=0 tsf_wait_us=0 tsf_wait_max_global_us=0 launch_phase_samples=0 launch_phase_avg=0.0 launch_phase_min=0 launch_phase_max=0 tsf_errors=0
I (175221) rc_video: [CAM-DIAG-C16S] HEALTH window=14 display_frame=796 guard_errors=0 quiesce=796 resume_before=795 lifecycle_errors=0 pause_req=796 pause_ack=796 pause_timeout=0 cache_sync_err=0 raw_post_err=0 overlap=0 finish_collision=0 tsf_waits=0 tsf_wait_us=0 tsf_wait_max_global_us=0 target=0 tolerance=0 launch_samples=0 launch_min=0 launch_max=0 rgb_gain=110 present=direct chunk_lines=60 repeats=1 tsf_errors=0 staged_events=8761 staged_copies=8757 staged_bytes=448358400 staged_tail=4 staged_forward=1593 staged_fallback=0 staged_errors=0 tail_drain=0 tail_waits=0 tail_wait_us=0 eof_callbacks=8761 eof_valid=8757 eof_invalid=0 eof_mismatch=799 eof_half0=3985 eof_half1=4772 eof_settle=20 eof_settle_events=4534 eof_settle_us=30471
W (180019) rc_video: [CAM-DIAG-C16S] LIGHT stage=periodic window=14 sensor=pattern display=camera idle=0ms full_probe=0 cache=c2m_inv frames=60 changes=0 sync_changes=0 sync_calls=60 sync_skips=0 unique=1 overflow=0 pre=516071e7 post=516071e7 luma_avg=137.0 luma_min=137 luma_max=137 luma_last=137 avg_probe=2.277ms max_probe=2.508ms tsf_waits=0 tsf_wait_us=0 tsf_wait_max_global_us=0 launch_phase_samples=0 launch_phase_avg=0.0 launch_phase_min=0 launch_phase_max=0 tsf_errors=0
I (180051) rc_video: [CAM-DIAG-C16S] HEALTH window=14 display_frame=826 guard_errors=0 quiesce=826 resume_before=825 lifecycle_errors=0 pause_req=826 pause_ack=826 pause_timeout=0 cache_sync_err=0 raw_post_err=0 overlap=0 finish_collision=0 tsf_waits=0 tsf_wait_us=0 tsf_wait_max_global_us=0 target=0 tolerance=0 launch_samples=0 launch_min=0 launch_max=0 rgb_gain=110 present=direct chunk_lines=60 repeats=1 tsf_errors=0 staged_events=9091 staged_copies=9087 staged_bytes=465254400 staged_tail=4 staged_forward=1653 staged_fallback=0 staged_errors=0 tail_drain=0 tail_waits=0 tail_wait_us=0 eof_callbacks=9091 eof_valid=9087 eof_invalid=0 eof_mismatch=829 eof_half0=4135 eof_half1=4952 eof_settle=20 eof_settle_events=4864 eof_settle_us=37071
W (180423) camera_hal: [CAM-DIAG-C16I] SP0A39 test_pattern=off P1:32 before=0x80 write=0x00 read=0x00 expected_bit=0x00
W (180526) rc_tank: [CAM-DIAG-C16R] PROTOCOL window=15 before=0x07 requested=0x07 after=0x07 name=bgn changed=0
W (180527) rc_tank: [CAM-DIAG-C16R] BEACON window=15 before=200 requested=200 after=200 changed=0
W (180534) rc_tank: [CAM-DIAG-C16S] TSF_GUARD window=15 beacon=200 after=0us budget=0us result=ESP_OK
W (180542) rc_tank: [CAM-DIAG-C16S] TSF_TARGET window=15 phase=0us tolerance=0us result=ESP_OK
W (180551) rc_tank: [CAM-DIAG-C16S] RGB_GAIN window=15 requested=110 result=ESP_OK
W (180558) rc_tank: [CAM-DIAG-C16S] PRESENT window=15 mode=direct chunk_lines=60 repeats=1 result=ESP_OK
W (180567) rc_tank: [CAM-DIAG-C16S] TAIL_DRAIN window=15 requested=0us result=ESP_OK
W (180575) rc_tank: [CAM-DIAG-C16S] EOF_PROFILE window=15 source=event_desc settle=20us result=ESP_OK
W (180584) rc_video: [CAM-DIAG-C16S] PROFILE window=15 sensor=real display=camera idle=0ms full_probe=0 cache=c2m_inv capture=829
W (180595) rc_tank: [CAM-DIAG-C16S] WINDOW_15 start: wifi=on sensor=real display=camera idle=0ms full_probe=off cache=c2m_inv dvp=staged100k protocol=bgn beacon=200 guard_after=0us capture_budget=0us target=0us tolerance=0us rgb_gain=110% present=direct chunk_lines=60 repeats=1 tail_drain=0us eof_source=event_desc eof_settle=20us
W (180735) rc_video: [CAM-DIAG-C16S] LIGHT stage=complete window=14 sensor=pattern display=camera idle=0ms full_probe=0 cache=c2m_inv frames=64 changes=2 sync_changes=0 sync_calls=64 sync_skips=0 unique=3 overflow=0 pre=e19d4308 post=e19d4308 luma_avg=136.3 luma_min=115 luma_max=137 luma_last=115 avg_probe=2.283ms max_probe=2.593ms tsf_waits=0 tsf_wait_us=0 tsf_wait_max_global_us=0 launch_phase_samples=0 launch_phase_avg=0.0 launch_phase_min=0 launch_phase_max=0 tsf_errors=0
W (185482) rc_video: [CAM-DIAG-C16S] LIGHT stage=periodic window=15 sensor=real display=camera idle=0ms full_probe=0 cache=c2m_inv frames=30 changes=29 sync_changes=0 sync_calls=30 sync_skips=0 unique=8 overflow=22 pre=d6048ec6 post=d6048ec6 luma_avg=115.0 luma_min=114 luma_max=116 luma_last=115 avg_probe=2.272ms max_probe=2.466ms tsf_waits=0 tsf_wait_us=0 tsf_wait_max_global_us=0 launch_phase_samples=0 launch_phase_avg=0.0 launch_phase_min=0 launch_phase_max=0 tsf_errors=0
I (185513) rc_video: [CAM-DIAG-C16S] HEALTH window=15 display_frame=860 guard_errors=0 quiesce=860 resume_before=859 lifecycle_errors=0 pause_req=860 pause_ack=860 pause_timeout=0 cache_sync_err=0 raw_post_err=0 overlap=0 finish_collision=0 tsf_waits=0 tsf_wait_us=0 tsf_wait_max_global_us=0 target=0 tolerance=0 launch_samples=0 launch_min=0 launch_max=0 rgb_gain=110 present=direct chunk_lines=60 repeats=1 tsf_errors=0 staged_events=9465 staged_copies=9461 staged_bytes=484403200 staged_tail=4 staged_forward=1721 staged_fallback=0 staged_errors=0 tail_drain=0 tail_waits=0 tail_wait_us=0 eof_callbacks=9465 eof_valid=9461 eof_invalid=0 eof_mismatch=863 eof_half0=4306 eof_half1=5155 eof_settle=20 eof_settle_events=5238 eof_settle_us=44551
W (190311) rc_video: [CAM-DIAG-C16S] LIGHT stage=periodic window=15 sensor=real display=camera idle=0ms full_probe=0 cache=c2m_inv frames=60 changes=59 sync_changes=0 sync_calls=60 sync_skips=0 unique=8 overflow=52 pre=6c93408f post=6c93408f luma_avg=115.3 luma_min=114 luma_max=118 luma_last=115 avg_probe=2.289ms max_probe=2.731ms tsf_waits=0 tsf_wait_us=0 tsf_wait_max_global_us=0 launch_phase_samples=0 launch_phase_avg=0.0 launch_phase_min=0 launch_phase_max=0 tsf_errors=0
I (190342) rc_video: [CAM-DIAG-C16S] HEALTH window=15 display_frame=890 guard_errors=0 quiesce=890 resume_before=889 lifecycle_errors=0 pause_req=890 pause_ack=890 pause_timeout=0 cache_sync_err=0 raw_post_err=0 overlap=0 finish_collision=0 tsf_waits=0 tsf_wait_us=0 tsf_wait_max_global_us=0 target=0 tolerance=0 launch_samples=0 launch_min=0 launch_max=0 rgb_gain=110 present=direct chunk_lines=60 repeats=1 tsf_errors=0 staged_events=9795 staged_copies=9791 staged_bytes=501299200 staged_tail=4 staged_forward=1781 staged_fallback=0 staged_errors=0 tail_drain=0 tail_waits=0 tail_wait_us=0 eof_callbacks=9795 eof_valid=9791 eof_invalid=0 eof_mismatch=893 eof_half0=4456 eof_half1=5335 eof_settle=20 eof_settle_events=5568 eof_settle_us=51151
W (190654) camera_hal: [CAM-DIAG-C16I] SP0A39 test_pattern=on P1:32 before=0x00 write=0x80 read=0x80 expected_bit=0x80
W (190773) rc_tank: [CAM-DIAG-C16R] PROTOCOL window=16 before=0x07 requested=0x07 after=0x07 name=bgn changed=0
W (190774) rc_tank: [CAM-DIAG-C16R] BEACON window=16 before=200 requested=200 after=200 changed=0
W (190781) rc_tank: [CAM-DIAG-C16S] TSF_GUARD window=16 beacon=200 after=0us budget=0us result=ESP_OK
W (190790) rc_tank: [CAM-DIAG-C16S] TSF_TARGET window=16 phase=0us tolerance=0us result=ESP_OK
W (190798) rc_tank: [CAM-DIAG-C16S] RGB_GAIN window=16 requested=110 result=ESP_OK
W (190805) rc_tank: [CAM-DIAG-C16S] PRESENT window=16 mode=direct chunk_lines=60 repeats=1 result=ESP_OK
W (190815) rc_tank: [CAM-DIAG-C16S] TAIL_DRAIN window=16 requested=0us result=ESP_OK
W (190822) rc_tank: [CAM-DIAG-C16S] EOF_PROFILE window=16 source=event_desc settle=50us result=ESP_OK
W (190831) rc_video: [CAM-DIAG-C16S] PROFILE window=16 sensor=pattern display=camera idle=0ms full_probe=0 cache=c2m_inv capture=893
W (190843) rc_tank: [CAM-DIAG-C16S] WINDOW_16 start: wifi=on sensor=pattern display=camera idle=0ms full_probe=off cache=c2m_inv dvp=staged100k protocol=bgn beacon=200 guard_after=0us capture_budget=0us target=0us tolerance=0us rgb_gain=110% present=direct chunk_lines=60 repeats=1 tail_drain=0us eof_source=event_desc eof_settle=50us
W (190877) rc_video: [CAM-DIAG-C16S] LIGHT stage=complete window=15 sensor=real display=camera idle=0ms full_probe=0 cache=c2m_inv frames=63 changes=62 sync_changes=0 sync_calls=63 sync_skips=0 unique=8 overflow=55 pre=516071e7 post=516071e7 luma_avg=115.6 luma_min=114 luma_max=137 luma_last=137 avg_probe=2.312ms max_probe=3.771ms tsf_waits=0 tsf_wait_us=0 tsf_wait_max_global_us=0 launch_phase_samples=0 launch_phase_avg=0.0 launch_phase_min=0 launch_phase_max=0 tsf_errors=0
W (195614) rc_video: [CAM-DIAG-C16S] LIGHT stage=periodic window=16 sensor=pattern display=camera idle=0ms full_probe=0 cache=c2m_inv frames=30 changes=1 sync_changes=0 sync_calls=30 sync_skips=0 unique=2 overflow=0 pre=516071e7 post=516071e7 luma_avg=137.0 luma_min=136 luma_max=137 luma_last=137 avg_probe=2.263ms max_probe=2.566ms tsf_waits=0 tsf_wait_us=0 tsf_wait_max_global_us=0 launch_phase_samples=0 launch_phase_avg=0.0 launch_phase_min=0 launch_phase_max=0 tsf_errors=0
I (195645) rc_video: [CAM-DIAG-C16S] HEALTH window=16 display_frame=923 guard_errors=0 quiesce=923 resume_before=922 lifecycle_errors=0 pause_req=923 pause_ack=923 pause_timeout=0 cache_sync_err=0 raw_post_err=0 overlap=0 finish_collision=0 tsf_waits=0 tsf_wait_us=0 tsf_wait_max_global_us=0 target=0 tolerance=0 launch_samples=0 launch_min=0 launch_max=0 rgb_gain=110 present=direct chunk_lines=60 repeats=1 tsf_errors=0 staged_events=10159 staged_copies=10154 staged_bytes=519884800 staged_tail=5 staged_forward=1847 staged_fallback=0 staged_errors=0 tail_drain=0 tail_waits=0 tail_wait_us=0 eof_callbacks=10159 eof_valid=10154 eof_invalid=0 eof_mismatch=926 eof_half0=4650 eof_half1=5504 eof_settle=50 eof_settle_events=5932 eof_settle_us=68361
W (200442) rc_video: [CAM-DIAG-C16S] LIGHT stage=periodic window=16 sensor=pattern display=camera idle=0ms full_probe=0 cache=c2m_inv frames=60 changes=1 sync_changes=0 sync_calls=60 sync_skips=0 unique=2 overflow=0 pre=516071e7 post=516071e7 luma_avg=137.0 luma_min=136 luma_max=137 luma_last=137 avg_probe=2.265ms max_probe=2.585ms tsf_waits=0 tsf_wait_us=0 tsf_wait_max_global_us=0 launch_phase_samples=0 launch_phase_avg=0.0 launch_phase_min=0 launch_phase_max=0 tsf_errors=0
I (200474) rc_video: [CAM-DIAG-C16S] HEALTH window=16 display_frame=953 guard_errors=0 quiesce=953 resume_before=952 lifecycle_errors=0 pause_req=953 pause_ack=953 pause_timeout=0 cache_sync_err=0 raw_post_err=0 overlap=0 finish_collision=0 tsf_waits=0 tsf_wait_us=0 tsf_wait_max_global_us=0 target=0 tolerance=0 launch_samples=0 launch_min=0 launch_max=0 rgb_gain=110 present=direct chunk_lines=60 repeats=1 tsf_errors=0 staged_events=10489 staged_copies=10484 staged_bytes=536780800 staged_tail=5 staged_forward=1907 staged_fallback=0 staged_errors=0 tail_drain=0 tail_waits=0 tail_wait_us=0 eof_callbacks=10489 eof_valid=10484 eof_invalid=0 eof_mismatch=956 eof_half0=4830 eof_half1=5654 eof_settle=50 eof_settle_events=6262 eof_settle_us=84861
W (200907) camera_hal: [CAM-DIAG-C16I] SP0A39 test_pattern=off P1:32 before=0x80 write=0x00 read=0x00 expected_bit=0x00
W (201009) rc_tank: [CAM-DIAG-C16R] PROTOCOL window=17 before=0x07 requested=0x07 after=0x07 name=bgn changed=0
W (201010) rc_tank: [CAM-DIAG-C16R] BEACON window=17 before=200 requested=200 after=200 changed=0
W (201017) rc_tank: [CAM-DIAG-C16S] TSF_GUARD window=17 beacon=200 after=0us budget=0us result=ESP_OK
W (201063) rc_tank: [CAM-DIAG-C16S] TSF_TARGET window=17 phase=0us tolerance=0us result=ESP_OK
W (201063) rc_tank: [CAM-DIAG-C16S] RGB_GAIN window=17 requested=110 result=ESP_OK
W (201070) rc_tank: [CAM-DIAG-C16S] PRESENT window=17 mode=direct chunk_lines=60 repeats=1 result=ESP_OK
W (201079) rc_tank: [CAM-DIAG-C16S] TAIL_DRAIN window=17 requested=0us result=ESP_OK
W (201087) rc_tank: [CAM-DIAG-C16S] EOF_PROFILE window=17 source=event_desc settle=50us result=ESP_OK
W (201096) rc_video: [CAM-DIAG-C16S] PROFILE window=17 sensor=real display=camera idle=0ms full_probe=0 cache=c2m_inv capture=957
W (201107) rc_tank: [CAM-DIAG-C16S] WINDOW_17 start: wifi=on sensor=real display=camera idle=0ms full_probe=off cache=c2m_inv dvp=staged100k protocol=bgn beacon=200 guard_after=0us capture_budget=0us target=0us tolerance=0us rgb_gain=110% present=direct chunk_lines=60 repeats=1 tail_drain=0us eof_source=event_desc eof_settle=50us
W (201164) rc_video: [CAM-DIAG-C16S] LIGHT stage=complete window=16 sensor=pattern display=camera idle=0ms full_probe=0 cache=c2m_inv frames=64 changes=2 sync_changes=0 sync_calls=64 sync_skips=0 unique=3 overflow=0 pre=b4cfc660 post=b4cfc660 luma_avg=136.6 luma_min=112 luma_max=137 luma_last=112 avg_probe=2.275ms max_probe=2.655ms tsf_waits=0 tsf_wait_us=0 tsf_wait_max_global_us=0 launch_phase_samples=0 launch_phase_avg=0.0 launch_phase_min=0 launch_phase_max=0 tsf_errors=0
W (205905) rc_video: [CAM-DIAG-C16S] LIGHT stage=periodic window=17 sensor=real display=camera idle=0ms full_probe=0 cache=c2m_inv frames=30 changes=29 sync_changes=0 sync_calls=30 sync_skips=0 unique=8 overflow=22 pre=164aa301 post=164aa301 luma_avg=110.7 luma_min=105 luma_max=114 luma_last=105 avg_probe=2.297ms max_probe=2.700ms tsf_waits=0 tsf_wait_us=0 tsf_wait_max_global_us=0 launch_phase_samples=0 launch_phase_avg=0.0 launch_phase_min=0 launch_phase_max=0 tsf_errors=0
I (205936) rc_video: [CAM-DIAG-C16S] HEALTH window=17 display_frame=987 guard_errors=0 quiesce=987 resume_before=986 lifecycle_errors=0 pause_req=987 pause_ack=987 pause_timeout=0 cache_sync_err=0 raw_post_err=0 overlap=0 finish_collision=0 tsf_waits=0 tsf_wait_us=0 tsf_wait_max_global_us=0 target=0 tolerance=0 launch_samples=0 launch_min=0 launch_max=0 rgb_gain=110 present=direct chunk_lines=60 repeats=1 tsf_errors=0 staged_events=10863 staged_copies=10858 staged_bytes=555929600 staged_tail=5 staged_forward=1975 staged_fallback=0 staged_errors=0 tail_drain=0 tail_waits=0 tail_wait_us=0 eof_callbacks=10863 eof_valid=10858 eof_invalid=0 eof_mismatch=990 eof_half0=5034 eof_half1=5824 eof_settle=50 eof_settle_events=6636 eof_settle_us=103561
W (210734) rc_video: [CAM-DIAG-C16S] LIGHT stage=periodic window=17 sensor=real display=camera idle=0ms full_probe=0 cache=c2m_inv frames=60 changes=59 sync_changes=0 sync_calls=60 sync_skips=0 unique=8 overflow=52 pre=edd4c5bc post=edd4c5bc luma_avg=109.3 luma_min=105 luma_max=114 luma_last=110 avg_probe=2.285ms max_probe=2.700ms tsf_waits=0 tsf_wait_us=0 tsf_wait_max_global_us=0 launch_phase_samples=0 launch_phase_avg=0.0 launch_phase_min=0 launch_phase_max=0 tsf_errors=0
I (210765) rc_video: [CAM-DIAG-C16S] HEALTH window=17 display_frame=1017 guard_errors=0 quiesce=1017 resume_before=1016 lifecycle_errors=0 pause_req=1017 pause_ack=1017 pause_timeout=0 cache_sync_err=0 raw_post_err=0 overlap=0 finish_collision=0 tsf_waits=0 tsf_wait_us=0 tsf_wait_max_global_us=0 target=0 tolerance=0 launch_samples=0 launch_min=0 launch_max=0 rgb_gain=110 present=direct chunk_lines=60 repeats=1 tsf_errors=0 staged_events=11193 staged_copies=11188 staged_bytes=572825600 staged_tail=5 staged_forward=2035 staged_fallback=0 staged_errors=0 tail_drain=0 tail_waits=0 tail_wait_us=0 eof_callbacks=11193 eof_valid=11188 eof_invalid=0 eof_mismatch=1020 eof_half0=5214 eof_half1=5974 eof_settle=50 eof_settle_events=6966 eof_settle_us=120061
W (211138) camera_hal: [CAM-DIAG-C16I] SP0A39 test_pattern=on P1:32 before=0x00 write=0x80 read=0x80 expected_bit=0x80
W (211239) rc_tank: [CAM-DIAG-C16R] PROTOCOL window=18 before=0x07 requested=0x07 after=0x07 name=bgn changed=0
W (211240) rc_tank: [CAM-DIAG-C16R] BEACON window=18 before=200 requested=200 after=200 changed=0
W (211247) rc_tank: [CAM-DIAG-C16S] TSF_GUARD window=18 beacon=200 after=0us budget=0us result=ESP_OK
W (211256) rc_tank: [CAM-DIAG-C16S] TSF_TARGET window=18 phase=0us tolerance=0us result=ESP_OK
W (211264) rc_tank: [CAM-DIAG-C16S] RGB_GAIN window=18 requested=110 result=ESP_OK
W (211272) rc_tank: [CAM-DIAG-C16S] PRESENT window=18 mode=direct chunk_lines=60 repeats=1 result=ESP_OK
W (211281) rc_tank: [CAM-DIAG-C16S] TAIL_DRAIN window=18 requested=0us result=ESP_OK
W (211288) rc_tank: [CAM-DIAG-C16S] EOF_PROFILE window=18 source=event_desc settle=0us result=ESP_OK
W (211297) rc_video: [CAM-DIAG-C16S] PROFILE window=18 sensor=pattern display=camera idle=0ms full_probe=0 cache=c2m_inv capture=1020
W (211309) rc_tank: [CAM-DIAG-C16S] WINDOW_18 start: wifi=on sensor=pattern display=camera idle=0ms full_probe=off cache=c2m_inv dvp=staged100k protocol=bgn beacon=200 guard_after=0us capture_budget=0us target=0us tolerance=0us rgb_gain=110% present=direct chunk_lines=60 repeats=1 tail_drain=0us eof_source=event_desc eof_settle=0us
W (211338) rc_video: [CAM-DIAG-C16S] LIGHT stage=complete window=17 sensor=real display=camera idle=0ms full_probe=0 cache=c2m_inv frames=63 changes=62 sync_changes=0 sync_calls=63 sync_skips=0 unique=8 overflow=55 pre=516071e7 post=516071e7 luma_avg=109.8 luma_min=105 luma_max=137 luma_last=137 avg_probe=2.285ms max_probe=2.700ms tsf_waits=0 tsf_wait_us=0 tsf_wait_max_global_us=0 launch_phase_samples=0 launch_phase_avg=0.0 launch_phase_min=0 launch_phase_max=0 tsf_errors=0
W (216077) rc_video: [CAM-DIAG-C16S] LIGHT stage=periodic window=18 sensor=pattern display=camera idle=0ms full_probe=0 cache=c2m_inv frames=30 changes=0 sync_changes=0 sync_calls=30 sync_skips=0 unique=1 overflow=0 pre=516071e7 post=516071e7 luma_avg=137.0 luma_min=137 luma_max=137 luma_last=137 avg_probe=2.304ms max_probe=2.620ms tsf_waits=0 tsf_wait_us=0 tsf_wait_max_global_us=0 launch_phase_samples=0 launch_phase_avg=0.0 launch_phase_min=0 launch_phase_max=0 tsf_errors=0
I (216108) rc_video: [CAM-DIAG-C16S] HEALTH window=18 display_frame=1050 guard_errors=0 quiesce=1050 resume_before=1049 lifecycle_errors=0 pause_req=1050 pause_ack=1050 pause_timeout=0 cache_sync_err=0 raw_post_err=0 overlap=0 finish_collision=0 tsf_waits=0 tsf_wait_us=0 tsf_wait_max_global_us=0 target=0 tolerance=0 launch_samples=0 launch_min=0 launch_max=0 rgb_gain=110 present=direct chunk_lines=60 repeats=1 tsf_errors=0 staged_events=11556 staged_copies=11551 staged_bytes=591411200 staged_tail=5 staged_forward=2101 staged_fallback=0 staged_errors=0 tail_drain=0 tail_waits=0 tail_wait_us=0 eof_callbacks=11556 eof_valid=11551 eof_invalid=0 eof_mismatch=1053 eof_half0=5383 eof_half1=6168 eof_settle=0 eof_settle_events=6999 eof_settle_us=121711
W (220905) rc_video: [CAM-DIAG-C16S] LIGHT stage=periodic window=18 sensor=pattern display=camera idle=0ms full_probe=0 cache=c2m_inv frames=60 changes=0 sync_changes=0 sync_calls=60 sync_skips=0 unique=1 overflow=0 pre=516071e7 post=516071e7 luma_avg=137.0 luma_min=137 luma_max=137 luma_last=137 avg_probe=2.297ms max_probe=2.662ms tsf_waits=0 tsf_wait_us=0 tsf_wait_max_global_us=0 launch_phase_samples=0 launch_phase_avg=0.0 launch_phase_min=0 launch_phase_max=0 tsf_errors=0
I (220937) rc_video: [CAM-DIAG-C16S] HEALTH window=18 display_frame=1080 guard_errors=0 quiesce=1080 resume_before=1079 lifecycle_errors=0 pause_req=1080 pause_ack=1080 pause_timeout=0 cache_sync_err=0 raw_post_err=0 overlap=0 finish_collision=0 tsf_waits=0 tsf_wait_us=0 tsf_wait_max_global_us=0 target=0 tolerance=0 launch_samples=0 launch_min=0 launch_max=0 rgb_gain=110 present=direct chunk_lines=60 repeats=1 tsf_errors=0 staged_events=11886 staged_copies=11881 staged_bytes=608307200 staged_tail=5 staged_forward=2161 staged_fallback=0 staged_errors=0 tail_drain=0 tail_waits=0 tail_wait_us=0 eof_callbacks=11886 eof_valid=11881 eof_invalid=0 eof_mismatch=1083 eof_half0=5533 eof_half1=6348 eof_settle=0 eof_settle_events=6999 eof_settle_us=121711
W (221369) camera_hal: [CAM-DIAG-C16I] SP0A39 test_pattern=off P1:32 before=0x80 write=0x00 read=0x00 expected_bit=0x00
W (221470) rc_tank: [CAM-DIAG-C16R] PROTOCOL window=19 before=0x07 requested=0x07 after=0x07 name=bgn changed=0
W (221471) rc_tank: [CAM-DIAG-C16R] BEACON window=19 before=200 requested=200 after=200 changed=0
W (221478) rc_tank: [CAM-DIAG-C16S] TSF_GUARD window=19 beacon=200 after=0us budget=0us result=ESP_OK
W (221526) rc_tank: [CAM-DIAG-C16S] TSF_TARGET window=19 phase=0us tolerance=0us result=ESP_OK
W (221526) rc_tank: [CAM-DIAG-C16S] RGB_GAIN window=19 requested=110 result=ESP_OK
W (221531) rc_tank: [CAM-DIAG-C16S] PRESENT window=19 mode=direct chunk_lines=60 repeats=1 result=ESP_OK
W (221540) rc_tank: [CAM-DIAG-C16S] TAIL_DRAIN window=19 requested=0us result=ESP_OK
W (221548) rc_tank: [CAM-DIAG-C16S] EOF_PROFILE window=19 source=event_desc settle=0us result=ESP_OK
W (221557) rc_video: [CAM-DIAG-C16S] PROFILE window=19 sensor=real display=camera idle=0ms full_probe=0 cache=c2m_inv capture=1084
W (221568) rc_tank: [CAM-DIAG-C16S] WINDOW_19 start: wifi=on sensor=real display=camera idle=0ms full_probe=off cache=c2m_inv dvp=staged100k protocol=bgn beacon=200 guard_after=0us capture_budget=0us target=0us tolerance=0us rgb_gain=110% present=direct chunk_lines=60 repeats=1 tail_drain=0us eof_source=event_desc eof_settle=0us
W (221597) rc_tank: [CAM-DIAG-C16S] EOF-identity matrix sequence complete; hold WINDOW_19 wifi=on real cache=c2m_inv staged_dma=102400B protocol=bgn beacon=200 tsf_guard=off rgb_gain=110% present=direct chunk_lines=60 repeats=1 tail_drain=0us eof_source=event_desc eof_settle=0us
I (221621) rc_tank: Tank running (video + control; audio disabled)
I (221627) rc_tank: app_main done, idle loop
W (221630) rc_video: [CAM-DIAG-C16S] LIGHT stage=complete window=18 sensor=pattern display=camera idle=0ms full_probe=0 cache=c2m_inv frames=64 changes=1 sync_changes=0 sync_calls=64 sync_skips=0 unique=2 overflow=0 pre=c30691f9 post=c30691f9 luma_avg=136.6 luma_min=109 luma_max=137 luma_last=109 avg_probe=2.314ms max_probe=3.142ms tsf_waits=0 tsf_wait_us=0 tsf_wait_max_global_us=0 launch_phase_samples=0 launch_phase_avg=0.0 launch_phase_min=0 launch_phase_max=0 tsf_errors=0
W (226367) rc_video: [CAM-DIAG-C16S] LIGHT stage=periodic window=19 sensor=real display=camera idle=0ms full_probe=0 cache=c2m_inv frames=30 changes=29 sync_changes=0 sync_calls=30 sync_skips=0 unique=8 overflow=22 pre=3921f060 post=3921f060 luma_avg=110.1 luma_min=106 luma_max=112 luma_last=111 avg_probe=2.280ms max_probe=2.564ms tsf_waits=0 tsf_wait_us=0 tsf_wait_max_global_us=0 launch_phase_samples=0 launch_phase_avg=0.0 launch_phase_min=0 launch_phase_max=0 tsf_errors=0
I (226398) rc_video: [CAM-DIAG-C16S] HEALTH window=19 display_frame=1114 guard_errors=0 quiesce=1114 resume_before=1113 lifecycle_errors=0 pause_req=1114 pause_ack=1114 pause_timeout=0 cache_sync_err=0 raw_post_err=0 overlap=0 finish_collision=0 tsf_waits=0 tsf_wait_us=0 tsf_wait_max_global_us=0 target=0 tolerance=0 launch_samples=0 launch_min=0 launch_max=0 rgb_gain=110 present=direct chunk_lines=60 repeats=1 tsf_errors=0 staged_events=12260 staged_copies=12255 staged_bytes=627456000 staged_tail=5 staged_forward=2229 staged_fallback=0 staged_errors=0 tail_drain=0 tail_waits=0 tail_wait_us=0 eof_callbacks=12260 eof_valid=12255 eof_invalid=0 eof_mismatch=1117 eof_half0=5704 eof_half1=6551 eof_settle=0 eof_settle_events=6999 eof_settle_us=121711
W (231196) rc_video: [CAM-DIAG-C16S] LIGHT stage=periodic window=19 sensor=real display=camera idle=0ms full_probe=0 cache=c2m_inv frames=60 changes=59 sync_changes=0 sync_calls=60 sync_skips=0 unique=8 overflow=52 pre=34fb679c post=34fb679c luma_avg=110.9 luma_min=106 luma_max=112 luma_last=112 avg_probe=2.285ms max_probe=2.597ms tsf_waits=0 tsf_wait_us=0 tsf_wait_max_global_us=0 launch_phase_samples=0 launch_phase_avg=0.0 launch_phase_min=0 launch_phase_max=0 tsf_errors=0
I (231227) rc_video: [CAM-DIAG-C16S] HEALTH window=19 display_frame=1144 guard_errors=0 quiesce=1144 resume_before=1143 lifecycle_errors=0 pause_req=1144 pause_ack=1144 pause_timeout=0 cache_sync_err=0 raw_post_err=0 overlap=0 finish_collision=0 tsf_waits=0 tsf_wait_us=0 tsf_wait_max_global_us=0 target=0 tolerance=0 launch_samples=0 launch_min=0 launch_max=0 rgb_gain=110 present=direct chunk_lines=60 repeats=1 tsf_errors=0 staged_events=12590 staged_copies=12585 staged_bytes=644352000 staged_tail=5 staged_forward=2289 staged_fallback=0 staged_errors=0 tail_drain=0 tail_waits=0 tail_wait_us=0 eof_callbacks=12590 eof_valid=12585 eof_invalid=0 eof_mismatch=1147 eof_half0=5854 eof_half1=6731 eof_settle=0 eof_settle_events=6999 eof_settle_us=121711
W (236025) rc_video: [CAM-DIAG-C16S] LIGHT stage=periodic window=19 sensor=real display=camera idle=0ms full_probe=0 cache=c2m_inv frames=90 changes=89 sync_changes=0 sync_calls=90 sync_skips=0 unique=8 overflow=82 pre=e0406bfe post=e0406bfe luma_avg=111.0 luma_min=95 luma_max=130 luma_last=105 avg_probe=2.288ms max_probe=2.728ms tsf_waits=0 tsf_wait_us=0 tsf_wait_max_global_us=0 launch_phase_samples=0 launch_phase_avg=0.0 launch_phase_min=0 launch_phase_max=0 tsf_errors=0
I (236056) rc_video: [CAM-DIAG-C16S] HEALTH window=19 display_frame=1174 guard_errors=0 quiesce=1174 resume_before=1173 lifecycle_errors=0 pause_req=1174 pause_ack=1174 pause_timeout=0 cache_sync_err=0 raw_post_err=0 overlap=0 finish_collision=0 tsf_waits=0 tsf_wait_us=0 tsf_wait_max_global_us=0 target=0 tolerance=0 launch_samples=0 launch_min=0 launch_max=0 rgb_gain=110 present=direct chunk_lines=60 repeats=1 tsf_errors=0 staged_events=12920 staged_copies=12915 staged_bytes=661248000 staged_tail=5 staged_forward=2349 staged_fallback=0 staged_errors=0 tail_drain=0 tail_waits=0 tail_wait_us=0 eof_callbacks=12920 eof_valid=12915 eof_invalid=0 eof_mismatch=1177 eof_half0=6004 eof_half1=6911 eof_settle=0 eof_settle_events=6999 eof_settle_us=121711
W (240853) rc_video: [CAM-DIAG-C16S] LIGHT stage=periodic window=19 sensor=real display=camera idle=0ms full_probe=0 cache=c2m_inv frames=120 changes=119 sync_changes=0 sync_calls=120 sync_skips=0 unique=8 overflow=112 pre=e819dff9 post=e819dff9 luma_avg=108.8 luma_min=95 luma_max=130 luma_last=102 avg_probe=2.296ms max_probe=2.878ms tsf_waits=0 tsf_wait_us=0 tsf_wait_max_global_us=0 launch_phase_samples=0 launch_phase_avg=0.0 launch_phase_min=0 launch_phase_max=0 tsf_errors=0
I (240885) rc_video: [CAM-DIAG-C16S] HEALTH window=19 display_frame=1204 guard_errors=0 quiesce=1204 resume_before=1203 lifecycle_errors=0 pause_req=1204 pause_ack=1204 pause_timeout=0 cache_sync_err=0 raw_post_err=0 overlap=0 finish_collision=0 tsf_waits=0 tsf_wait_us=0 tsf_wait_max_global_us=0 target=0 tolerance=0 launch_samples=0 launch_min=0 launch_max=0 rgb_gain=110 present=direct chunk_lines=60 repeats=1 tsf_errors=0 staged_events=13250 staged_copies=13245 staged_bytes=678144000 staged_tail=5 staged_forward=2409 staged_fallback=0 staged_errors=0 tail_drain=0 tail_waits=0 tail_wait_us=0 eof_callbacks=13250 eof_valid=13245 eof_invalid=0 eof_mismatch=1207 eof_half0=6154 eof_half1=7091 eof_settle=0 eof_settle_events=6999 eof_settle_us=121711
W (245682) rc_video: [CAM-DIAG-C16S] LIGHT stage=periodic window=19 sensor=real display=camera idle=0ms full_probe=0 cache=c2m_inv frames=150 changes=149 sync_changes=0 sync_calls=150 sync_skips=0 unique=8 overflow=142 pre=00c5e146 post=00c5e146 luma_avg=107.5 luma_min=95 luma_max=130 luma_last=103 avg_probe=2.297ms max_probe=2.878ms tsf_waits=0 tsf_wait_us=0 tsf_wait_max_global_us=0 launch_phase_samples=0 launch_phase_avg=0.0 launch_phase_min=0 launch_phase_max=0 tsf_errors=0
I (245714) rc_video: [CAM-DIAG-C16S] HEALTH window=19 display_frame=1234 guard_errors=0 quiesce=1234 resume_before=1233 lifecycle_errors=0 pause_req=1234 pause_ack=1234 pause_timeout=0 cache_sync_err=0 raw_post_err=0 overlap=0 finish_collision=0 tsf_waits=0 tsf_wait_us=0 tsf_wait_max_global_us=0 target=0 tolerance=0 launch_samples=0 launch_min=0 launch_max=0 rgb_gain=110 present=direct chunk_lines=60 repeats=1 tsf_errors=0 staged_events=13580 staged_copies=13575 staged_bytes=695040000 staged_tail=5 staged_forward=2469 staged_fallback=0 staged_errors=0 tail_drain=0 tail_waits=0 tail_wait_us=0 eof_callbacks=13580 eof_valid=13575 eof_invalid=0 eof_mismatch=1237 eof_half0=6304 eof_half1=7271 eof_settle=0 eof_settle_events=6999 eof_settle_us=121711
W (250550) rc_video: [CAM-DIAG-C16S] LIGHT stage=periodic window=19 sensor=real display=camera idle=0ms full_probe=0 cache=c2m_inv frames=180 changes=179 sync_changes=0 sync_calls=180 sync_skips=0 unique=8 overflow=172 pre=e1ada4f9 post=e1ada4f9 luma_avg=106.6 luma_min=95 luma_max=130 luma_last=102 avg_probe=2.296ms max_probe=2.878ms tsf_waits=0 tsf_wait_us=0 tsf_wait_max_global_us=0 launch_phase_samples=0 launch_phase_avg=0.0 launch_phase_min=0 launch_phase_max=0 tsf_errors=0
I (250582) rc_video: [CAM-DIAG-C16S] HEALTH window=19 display_frame=1264 guard_errors=0 quiesce=1264 resume_before=1263 lifecycle_errors=0 pause_req=1264 pause_ack=1264 pause_timeout=0 cache_sync_err=0 raw_post_err=0 overlap=0 finish_collision=0 tsf_waits=0 tsf_wait_us=0 tsf_wait_max_global_us=0 target=0 tolerance=0 launch_samples=0 launch_min=0 launch_max=0 rgb_gain=110 present=direct chunk_lines=60 repeats=1 tsf_errors=0 staged_events=13910 staged_copies=13905 staged_bytes=711936000 staged_tail=5 staged_forward=2529 staged_fallback=0 staged_errors=0 tail_drain=0 tail_waits=0 tail_wait_us=0 eof_callbacks=13910 eof_valid=13905 eof_invalid=0 eof_mismatch=1267 eof_half0=6454 eof_half1=7451 eof_settle=0 eof_settle_events=6999 eof_settle_us=121711
W (255379) rc_video: [CAM-DIAG-C16S] LIGHT stage=periodic window=19 sensor=real display=camera idle=0ms full_probe=0 cache=c2m_inv frames=210 changes=209 sync_changes=0 sync_calls=210 sync_skips=0 unique=8 overflow=202 pre=7d74bfa5 post=7d74bfa5 luma_avg=106.0 luma_min=95 luma_max=130 luma_last=102 avg_probe=2.293ms max_probe=2.878ms tsf_waits=0 tsf_wait_us=0 tsf_wait_max_global_us=0 launch_phase_samples=0 launch_phase_avg=0.0 launch_phase_min=0 launch_phase_max=0 tsf_errors=0
I (255411) rc_video: [CAM-DIAG-C16S] HEALTH window=19 display_frame=1294 guard_errors=0 quiesce=1294 resume_before=1293 lifecycle_errors=0 pause_req=1294 pause_ack=1294 pause_timeout=0 cache_sync_err=0 raw_post_err=0 overlap=0 finish_collision=0 tsf_waits=0 tsf_wait_us=0 tsf_wait_max_global_us=0 target=0 tolerance=0 launch_samples=0 launch_min=0 launch_max=0 rgb_gain=110 present=direct chunk_lines=60 repeats=1 tsf_errors=0 staged_events=14240 staged_copies=14235 staged_bytes=728832000 staged_tail=5 staged_forward=2589 staged_fallback=0 staged_errors=0 tail_drain=0 tail_waits=0 tail_wait_us=0 eof_callbacks=14240 eof_valid=14235 eof_invalid=0 eof_mismatch=1297 eof_half0=6604 eof_half1=7631 eof_settle=0 eof_settle_events=6999 eof_settle_us=121711
W (260248) rc_video: [CAM-DIAG-C16S] LIGHT stage=periodic window=19 sensor=real display=camera idle=0ms full_probe=0 cache=c2m_inv frames=240 changes=239 sync_changes=0 sync_calls=240 sync_skips=0 unique=8 overflow=232 pre=8acfe73a post=8acfe73a luma_avg=105.5 luma_min=95 luma_max=130 luma_last=97 avg_probe=2.294ms max_probe=2.878ms tsf_waits=0 tsf_wait_us=0 tsf_wait_max_global_us=0 launch_phase_samples=0 launch_phase_avg=0.0 launch_phase_min=0 launch_phase_max=0 tsf_errors=0
I (260279) rc_video: [CAM-DIAG-C16S] HEALTH window=19 display_frame=1324 guard_errors=0 quiesce=1324 resume_before=1323 lifecycle_errors=0 pause_req=1324 pause_ack=1324 pause_timeout=0 cache_sync_err=0 raw_post_err=0 overlap=0 finish_collision=0 tsf_waits=0 tsf_wait_us=0 tsf_wait_max_global_us=0 target=0 tolerance=0 launch_samples=0 launch_min=0 launch_max=0 rgb_gain=110 present=direct chunk_lines=60 repeats=1 tsf_errors=0 staged_events=14570 staged_copies=14565 staged_bytes=745728000 staged_tail=5 staged_forward=2649 staged_fallback=0 staged_errors=0 tail_drain=0 tail_waits=0 tail_wait_us=0 eof_callbacks=14570 eof_valid=14565 eof_invalid=0 eof_mismatch=1327 eof_half0=6754 eof_half1=7811 eof_settle=0 eof_settle_events=6999 eof_settle_us=121711
W (265115) rc_video: [CAM-DIAG-C16S] LIGHT stage=periodic window=19 sensor=real display=camera idle=0ms full_probe=0 cache=c2m_inv frames=270 changes=269 sync_changes=0 sync_calls=270 sync_skips=0 unique=8 overflow=262 pre=c2581cbb post=c2581cbb luma_avg=105.2 luma_min=95 luma_max=140 luma_last=102 avg_probe=2.293ms max_probe=2.878ms tsf_waits=0 tsf_wait_us=0 tsf_wait_max_global_us=0 launch_phase_samples=0 launch_phase_avg=0.0 launch_phase_min=0 launch_phase_max=0 tsf_errors=0
I (265147) rc_video: [CAM-DIAG-C16S] HEALTH window=19 display_frame=1354 guard_errors=0 quiesce=1354 resume_before=1353 lifecycle_errors=0 pause_req=1354 pause_ack=1354 pause_timeout=0 cache_sync_err=0 raw_post_err=0 overlap=0 finish_collision=0 tsf_waits=0 tsf_wait_us=0 tsf_wait_max_global_us=0 target=0 tolerance=0 launch_samples=0 launch_min=0 launch_max=0 rgb_gain=110 present=direct chunk_lines=60 repeats=1 tsf_errors=0 staged_events=14900 staged_copies=14895 staged_bytes=762624000 staged_tail=5 staged_forward=2709 staged_fallback=0 staged_errors=0 tail_drain=0 tail_waits=0 tail_wait_us=0 eof_callbacks=14900 eof_valid=14895 eof_invalid=0 eof_mismatch=1357 eof_half0=6904 eof_half1=7991 eof_settle=0 eof_settle_events=6999 eof_settle_us=121711
W (269945) rc_video: [CAM-DIAG-C16S] LIGHT stage=periodic window=19 sensor=real display=camera idle=0ms full_probe=0 cache=c2m_inv frames=300 changes=299 sync_changes=0 sync_calls=300 sync_skips=0 unique=8 overflow=292 pre=ac7552fd post=ac7552fd luma_avg=105.1 luma_min=95 luma_max=140 luma_last=102 avg_probe=2.291ms max_probe=2.878ms tsf_waits=0 tsf_wait_us=0 tsf_wait_max_global_us=0 launch_phase_samples=0 launch_phase_avg=0.0 launch_phase_min=0 launch_phase_max=0 tsf_errors=0
I (269976) rc_video: [CAM-DIAG-C16S] HEALTH window=19 display_frame=1384 guard_errors=0 quiesce=1384 resume_before=1383 lifecycle_errors=0 pause_req=1384 pause_ack=1384 pause_timeout=0 cache_sync_err=0 raw_post_err=0 overlap=0 finish_collision=0 tsf_waits=0 tsf_wait_us=0 tsf_wait_max_global_us=0 target=0 tolerance=0 launch_samples=0 launch_min=0 launch_max=0 rgb_gain=110 present=direct chunk_lines=60 repeats=1 tsf_errors=0 staged_events=15230 staged_copies=15225 staged_bytes=779520000 staged_tail=5 staged_forward=2769 staged_fallback=0 staged_errors=0 tail_drain=0 tail_waits=0 tail_wait_us=0 eof_callbacks=15230 eof_valid=15225 eof_invalid=0 eof_mismatch=1387 eof_half0=7054 eof_half1=8171 eof_settle=0 eof_settle_events=6999 eof_settle_us=121711
W (274813) rc_video: [CAM-DIAG-C16S] LIGHT stage=periodic window=19 sensor=real display=camera idle=0ms full_probe=0 cache=c2m_inv frames=330 changes=329 sync_changes=0 sync_calls=330 sync_skips=0 unique=8 overflow=322 pre=168b7c2e post=168b7c2e luma_avg=105.3 luma_min=95 luma_max=140 luma_last=110 avg_probe=2.290ms max_probe=2.878ms tsf_waits=0 tsf_wait_us=0 tsf_wait_max_global_us=0 launch_phase_samples=0 launch_phase_avg=0.0 launch_phase_min=0 launch_phase_max=0 tsf_errors=0
I (274844) rc_video: [CAM-DIAG-C16S] HEALTH window=19 display_frame=1414 guard_errors=0 quiesce=1414 resume_before=1413 lifecycle_errors=0 pause_req=1414 pause_ack=1414 pause_timeout=0 cache_sync_err=0 raw_post_err=0 overlap=0 finish_collision=0 tsf_waits=0 tsf_wait_us=0 tsf_wait_max_global_us=0 target=0 tolerance=0 launch_samples=0 launch_min=0 launch_max=0 rgb_gain=110 present=direct chunk_lines=60 repeats=1 tsf_errors=0 staged_events=15560 staged_copies=15555 staged_bytes=796416000 staged_tail=5 staged_forward=2829 staged_fallback=0 staged_errors=0 tail_drain=0 tail_waits=0 tail_wait_us=0 eof_callbacks=15560 eof_valid=15555 eof_invalid=0 eof_mismatch=1417 eof_half0=7204 eof_half1=8351 eof_settle=0 eof_settle_events=6999 eof_settle_us=121711
W (279681) rc_video: [CAM-DIAG-C16S] LIGHT stage=periodic window=19 sensor=real display=camera idle=0ms full_probe=0 cache=c2m_inv frames=360 changes=359 sync_changes=0 sync_calls=360 sync_skips=0 unique=8 overflow=352 pre=d3e74db3 post=d3e74db3 luma_avg=105.7 luma_min=95 luma_max=140 luma_last=111 avg_probe=2.290ms max_probe=2.878ms tsf_waits=0 tsf_wait_us=0 tsf_wait_max_global_us=0 launch_phase_samples=0 launch_phase_avg=0.0 launch_phase_min=0 launch_phase_max=0 tsf_errors=0
I (279713) rc_video: [CAM-DIAG-C16S] HEALTH window=19 display_frame=1444 guard_errors=0 quiesce=1444 resume_before=1443 lifecycle_errors=0 pause_req=1444 pause_ack=1444 pause_timeout=0 cache_sync_err=0 raw_post_err=0 overlap=0 finish_collision=0 tsf_waits=0 tsf_wait_us=0 tsf_wait_max_global_us=0 target=0 tolerance=0 launch_samples=0 launch_min=0 launch_max=0 rgb_gain=110 present=direct chunk_lines=60 repeats=1 tsf_errors=0 staged_events=15890 staged_copies=15885 staged_bytes=813312000 staged_tail=5 staged_forward=2889 staged_fallback=0 staged_errors=0 tail_drain=0 tail_waits=0 tail_wait_us=0 eof_callbacks=15890 eof_valid=15885 eof_invalid=0 eof_mismatch=1447 eof_half0=7354 eof_half1=8531 eof_settle=0 eof_settle_events=6999 eof_settle_us=121711
W (284549) rc_video: [CAM-DIAG-C16S] LIGHT stage=periodic window=19 sensor=real display=camera idle=0ms full_probe=0 cache=c2m_inv frames=390 changes=389 sync_changes=0 sync_calls=390 sync_skips=0 unique=8 overflow=382 pre=1df61c6c post=1df61c6c luma_avg=106.2 luma_min=95 luma_max=140 luma_last=112 avg_probe=2.292ms max_probe=3.339ms tsf_waits=0 tsf_wait_us=0 tsf_wait_max_global_us=0 launch_phase_samples=0 launch_phase_avg=0.0 launch_phase_min=0 launch_phase_max=0 tsf_errors=0
I (284580) rc_video: [CAM-DIAG-C16S] HEALTH window=19 display_frame=1474 guard_errors=0 quiesce=1474 resume_before=1473 lifecycle_errors=0 pause_req=1474 pause_ack=1474 pause_timeout=0 cache_sync_err=0 raw_post_err=0 overlap=0 finish_collision=0 tsf_waits=0 tsf_wait_us=0 tsf_wait_max_global_us=0 target=0 tolerance=0 launch_samples=0 launch_min=0 launch_max=0 rgb_gain=110 present=direct chunk_lines=60 repeats=1 tsf_errors=0 staged_events=16220 staged_copies=16215 staged_bytes=830208000 staged_tail=5 staged_forward=2949 staged_fallback=0 staged_errors=0 tail_drain=0 tail_waits=0 tail_wait_us=0 eof_callbacks=16220 eof_valid=16215 eof_invalid=0 eof_mismatch=1477 eof_half0=7504 eof_half1=8711 eof_settle=0 eof_settle_events=6999 eof_settle_us=121711
W (289378) rc_video: [CAM-DIAG-C16S] LIGHT stage=periodic window=19 sensor=real display=camera idle=0ms full_probe=0 cache=c2m_inv frames=420 changes=419 sync_changes=0 sync_calls=420 sync_skips=0 unique=8 overflow=412 pre=ae565380 post=ae565380 luma_avg=106.5 luma_min=95 luma_max=140 luma_last=110 avg_probe=2.291ms max_probe=3.339ms tsf_waits=0 tsf_wait_us=0 tsf_wait_max_global_us=0 launch_phase_samples=0 launch_phase_avg=0.0 launch_phase_min=0 launch_phase_max=0 tsf_errors=0
I (289409) rc_video: [CAM-DIAG-C16S] HEALTH window=19 display_frame=1504 guard_errors=0 quiesce=1504 resume_before=1503 lifecycle_errors=0 pause_req=1504 pause_ack=1504 pause_timeout=0 cache_sync_err=0 raw_post_err=0 overlap=0 finish_collision=0 tsf_waits=0 tsf_wait_us=0 tsf_wait_max_global_us=0 target=0 tolerance=0 launch_samples=0 launch_min=0 launch_max=0 rgb_gain=110 present=direct chunk_lines=60 repeats=1 tsf_errors=0 staged_events=16550 staged_copies=16545 staged_bytes=847104000 staged_tail=5 staged_forward=3009 staged_fallback=0 staged_errors=0 tail_drain=0 tail_waits=0 tail_wait_us=0 eof_callbacks=16550 eof_valid=16545 eof_invalid=0 eof_mismatch=1507 eof_half0=7654 eof_half1=8891 eof_settle=0 eof_settle_events=6999 eof_settle_us=121711
W (294207) rc_video: [CAM-DIAG-C16S] LIGHT stage=periodic window=19 sensor=real display=camera idle=0ms full_probe=0 cache=c2m_inv frames=450 changes=449 sync_changes=0 sync_calls=450 sync_skips=0 unique=8 overflow=442 pre=66b60c5b post=66b60c5b luma_avg=106.7 luma_min=95 luma_max=140 luma_last=128 avg_probe=2.290ms max_probe=3.339ms tsf_waits=0 tsf_wait_us=0 tsf_wait_max_global_us=0 launch_phase_samples=0 launch_phase_avg=0.0 launch_phase_min=0 launch_phase_max=0 tsf_errors=0
I (294238) rc_video: [CAM-DIAG-C16S] HEALTH window=19 display_frame=1534 guard_errors=0 quiesce=1534 resume_before=1533 lifecycle_errors=0 pause_req=1534 pause_ack=1534 pause_timeout=0 cache_sync_err=0 raw_post_err=0 overlap=0 finish_collision=0 tsf_waits=0 tsf_wait_us=0 tsf_wait_max_global_us=0 target=0 tolerance=0 launch_samples=0 launch_min=0 launch_max=0 rgb_gain=110 present=direct chunk_lines=60 repeats=1 tsf_errors=0 staged_events=16880 staged_copies=16875 staged_bytes=864000000 staged_tail=5 staged_forward=3069 staged_fallback=0 staged_errors=0 tail_drain=0 tail_waits=0 tail_wait_us=0 eof_callbacks=16880 eof_valid=16875 eof_invalid=0 eof_mismatch=1537 eof_half0=7804 eof_half1=9071 eof_settle=0 eof_settle_events=6999 eof_settle_us=121711
W (299075) rc_video: [CAM-DIAG-C16S] LIGHT stage=periodic window=19 sensor=real display=camera idle=0ms full_probe=0 cache=c2m_inv frames=480 changes=479 sync_changes=0 sync_calls=480 sync_skips=0 unique=8 overflow=472 pre=919f0fd5 post=919f0fd5 luma_avg=108.1 luma_min=95 luma_max=140 luma_last=136 avg_probe=2.289ms max_probe=3.339ms tsf_waits=0 tsf_wait_us=0 tsf_wait_max_global_us=0 launch_phase_samples=0 launch_phase_avg=0.0 launch_phase_min=0 launch_phase_max=0 tsf_errors=0
I (299106) rc_video: [CAM-DIAG-C16S] HEALTH window=19 display_frame=1564 guard_errors=0 quiesce=1564 resume_before=1563 lifecycle_errors=0 pause_req=1564 pause_ack=1564 pause_timeout=0 cache_sync_err=0 raw_post_err=0 overlap=0 finish_collision=0 tsf_waits=0 tsf_wait_us=0 tsf_wait_max_global_us=0 target=0 tolerance=0 launch_samples=0 launch_min=0 launch_max=0 rgb_gain=110 present=direct chunk_lines=60 repeats=1 tsf_errors=0 staged_events=17210 staged_copies=17205 staged_bytes=880896000 staged_tail=5 staged_forward=3129 staged_fallback=0 staged_errors=0 tail_drain=0 tail_waits=0 tail_wait_us=0 eof_callbacks=17210 eof_valid=17205 eof_invalid=0 eof_mismatch=1567 eof_half0=7954 eof_half1=9251 eof_settle=0 eof_settle_events=6999 eof_settle_us=121711
W (303943) rc_video: [CAM-DIAG-C16S] LIGHT stage=periodic window=19 sensor=real display=camera idle=0ms full_probe=0 cache=c2m_inv frames=510 changes=509 sync_changes=0 sync_calls=510 sync_skips=0 unique=8 overflow=502 pre=c2199106 post=c2199106 luma_avg=109.8 luma_min=95 luma_max=140 luma_last=136 avg_probe=2.289ms max_probe=3.339ms tsf_waits=0 tsf_wait_us=0 tsf_wait_max_global_us=0 launch_phase_samples=0 launch_phase_avg=0.0 launch_phase_min=0 launch_phase_max=0 tsf_errors=0
I (303975) rc_video: [CAM-DIAG-C16S] HEALTH window=19 display_frame=1594 guard_errors=0 quiesce=1594 resume_before=1593 lifecycle_errors=0 pause_req=1594 pause_ack=1594 pause_timeout=0 cache_sync_err=0 raw_post_err=0 overlap=0 finish_collision=0 tsf_waits=0 tsf_wait_us=0 tsf_wait_max_global_us=0 target=0 tolerance=0 launch_samples=0 launch_min=0 launch_max=0 rgb_gain=110 present=direct chunk_lines=60 repeats=1 tsf_errors=0 staged_events=17540 staged_copies=17535 staged_bytes=897792000 staged_tail=5 staged_forward=3189 staged_fallback=0 staged_errors=0 tail_drain=0 tail_waits=0 tail_wait_us=0 eof_callbacks=17540 eof_valid=17535 eof_invalid=0 eof_mismatch=1597 eof_half0=8104 eof_half1=9431 eof_settle=0 eof_settle_events=6999 eof_settle_us=121711
W (308811) rc_video: [CAM-DIAG-C16S] LIGHT stage=periodic window=19 sensor=real display=camera idle=0ms full_probe=0 cache=c2m_inv frames=540 changes=539 sync_changes=0 sync_calls=540 sync_skips=0 unique=8 overflow=532 pre=43b29987 post=43b29987 luma_avg=110.9 luma_min=95 luma_max=144 luma_last=100 avg_probe=2.289ms max_probe=3.339ms tsf_waits=0 tsf_wait_us=0 tsf_wait_max_global_us=0 launch_phase_samples=0 launch_phase_avg=0.0 launch_phase_min=0 launch_phase_max=0 tsf_errors=0
I (308843) rc_video: [CAM-DIAG-C16S] HEALTH window=19 display_frame=1624 guard_errors=0 quiesce=1624 resume_before=1623 lifecycle_errors=0 pause_req=1624 pause_ack=1624 pause_timeout=0 cache_sync_err=0 raw_post_err=0 overlap=0 finish_collision=0 tsf_waits=0 tsf_wait_us=0 tsf_wait_max_global_us=0 target=0 tolerance=0 launch_samples=0 launch_min=0 launch_max=0 rgb_gain=110 present=direct chunk_lines=60 repeats=1 tsf_errors=0 staged_events=17870 staged_copies=17865 staged_bytes=914688000 staged_tail=5 staged_forward=3249 staged_fallback=0 staged_errors=0 tail_drain=0 tail_waits=0 tail_wait_us=0 eof_callbacks=17870 eof_valid=17865 eof_invalid=0 eof_mismatch=1627 eof_half0=8254 eof_half1=9611 eof_settle=0 eof_settle_events=6999 eof_settle_us=121711
W (313679) rc_video: [CAM-DIAG-C16S] LIGHT stage=periodic window=19 sensor=real display=camera idle=0ms full_probe=0 cache=c2m_inv frames=570 changes=569 sync_changes=0 sync_calls=570 sync_skips=0 unique=8 overflow=562 pre=0948a382 post=0948a382 luma_avg=110.6 luma_min=95 luma_max=144 luma_last=102 avg_probe=2.288ms max_probe=3.339ms tsf_waits=0 tsf_wait_us=0 tsf_wait_max_global_us=0 launch_phase_samples=0 launch_phase_avg=0.0 launch_phase_min=0 launch_phase_max=0 tsf_errors=0
I (313711) rc_video: [CAM-DIAG-C16S] HEALTH window=19 display_frame=1654 guard_errors=0 quiesce=1654 resume_before=1653 lifecycle_errors=0 pause_req=1654 pause_ack=1654 pause_timeout=0 cache_sync_err=0 raw_post_err=0 overlap=0 finish_collision=0 tsf_waits=0 tsf_wait_us=0 tsf_wait_max_global_us=0 target=0 tolerance=0 launch_samples=0 launch_min=0 launch_max=0 rgb_gain=110 present=direct chunk_lines=60 repeats=1 tsf_errors=0 staged_events=18200 staged_copies=18195 staged_bytes=931584000 staged_tail=5 staged_forward=3309 staged_fallback=0 staged_errors=0 tail_drain=0 tail_waits=0 tail_wait_us=0 eof_callbacks=18200 eof_valid=18195 eof_invalid=0 eof_mismatch=1657 eof_half0=8404 eof_half1=9791 eof_settle=0 eof_settle_events=6999 eof_settle_us=121711
W (318508) rc_video: [CAM-DIAG-C16S] LIGHT stage=periodic window=19 sensor=real display=camera idle=0ms full_probe=0 cache=c2m_inv frames=600 changes=599 sync_changes=0 sync_calls=600 sync_skips=0 unique=8 overflow=592 pre=af2c4adf post=af2c4adf luma_avg=110.1 luma_min=95 luma_max=144 luma_last=101 avg_probe=2.288ms max_probe=3.339ms tsf_waits=0 tsf_wait_us=0 tsf_wait_max_global_us=0 launch_phase_samples=0 launch_phase_avg=0.0 launch_phase_min=0 launch_phase_max=0 tsf_errors=0
I (318539) rc_video: [CAM-DIAG-C16S] HEALTH window=19 display_frame=1684 guard_errors=0 quiesce=1684 resume_before=1683 lifecycle_errors=0 pause_req=1684 pause_ack=1684 pause_timeout=0 cache_sync_err=0 raw_post_err=0 overlap=0 finish_collision=0 tsf_waits=0 tsf_wait_us=0 tsf_wait_max_global_us=0 target=0 tolerance=0 launch_samples=0 launch_min=0 launch_max=0 rgb_gain=110 present=direct chunk_lines=60 repeats=1 tsf_errors=0 staged_events=18530 staged_copies=18525 staged_bytes=948480000 staged_tail=5 staged_forward=3369 staged_fallback=0 staged_errors=0 tail_drain=0 tail_waits=0 tail_wait_us=0 eof_callbacks=18530 eof_valid=18525 eof_invalid=0 eof_mismatch=1687 eof_half0=8554 eof_half1=9971 eof_settle=0 eof_settle_events=6999 eof_settle_us=121711
W (323337) rc_video: [CAM-DIAG-C16S] LIGHT stage=periodic window=19 sensor=real display=camera idle=0ms full_probe=0 cache=c2m_inv frames=630 changes=629 sync_changes=0 sync_calls=630 sync_skips=0 unique=8 overflow=622 pre=5bbd6994 post=5bbd6994 luma_avg=109.7 luma_min=95 luma_max=144 luma_last=101 avg_probe=2.288ms max_probe=3.339ms tsf_waits=0 tsf_wait_us=0 tsf_wait_max_global_us=0 launch_phase_samples=0 launch_phase_avg=0.0 launch_phase_min=0 launch_phase_max=0 tsf_errors=0
I (323368) rc_video: [CAM-DIAG-C16S] HEALTH window=19 display_frame=1714 guard_errors=0 quiesce=1714 resume_before=1713 lifecycle_errors=0 pause_req=1714 pause_ack=1714 pause_timeout=0 cache_sync_err=0 raw_post_err=0 overlap=0 finish_collision=0 tsf_waits=0 tsf_wait_us=0 tsf_wait_max_global_us=0 target=0 tolerance=0 launch_samples=0 launch_min=0 launch_max=0 rgb_gain=110 present=direct chunk_lines=60 repeats=1 tsf_errors=0 staged_events=18860 staged_copies=18855 staged_bytes=965376000 staged_tail=5 staged_forward=3429 staged_fallback=0 staged_errors=0 tail_drain=0 tail_waits=0 tail_wait_us=0 eof_callbacks=18860 eof_valid=18855 eof_invalid=0 eof_mismatch=1717 eof_half0=8704 eof_half1=10151 eof_settle=0 eof_settle_events=6999 eof_settle_us=121711
W (328205) rc_video: [CAM-DIAG-C16S] LIGHT stage=periodic window=19 sensor=real display=camera idle=0ms full_probe=0 cache=c2m_inv frames=660 changes=659 sync_changes=0 sync_calls=660 sync_skips=0 unique=8 overflow=652 pre=43e442d7 post=43e442d7 luma_avg=109.3 luma_min=95 luma_max=144 luma_last=101 avg_probe=2.288ms max_probe=3.339ms tsf_waits=0 tsf_wait_us=0 tsf_wait_max_global_us=0 launch_phase_samples=0 launch_phase_avg=0.0 launch_phase_min=0 launch_phase_max=0 tsf_errors=0
I (328236) rc_video: [CAM-DIAG-C16S] HEALTH window=19 display_frame=1744 guard_errors=0 quiesce=1744 resume_before=1743 lifecycle_errors=0 pause_req=1744 pause_ack=1744 pause_timeout=0 cache_sync_err=0 raw_post_err=0 overlap=0 finish_collision=0 tsf_waits=0 tsf_wait_us=0 tsf_wait_max_global_us=0 target=0 tolerance=0 launch_samples=0 launch_min=0 launch_max=0 rgb_gain=110 present=direct chunk_lines=60 repeats=1 tsf_errors=0 staged_events=19190 staged_copies=19185 staged_bytes=982272000 staged_tail=5 staged_forward=3489 staged_fallback=0 staged_errors=0 tail_drain=0 tail_waits=0 tail_wait_us=0 eof_callbacks=19190 eof_valid=19185 eof_invalid=0 eof_mismatch=1747 eof_half0=8854 eof_half1=10331 eof_settle=0 eof_settle_events=6999 eof_settle_us=121711
W (333034) rc_video: [CAM-DIAG-C16S] LIGHT stage=periodic window=19 sensor=real display=camera idle=0ms full_probe=0 cache=c2m_inv frames=690 changes=689 sync_changes=0 sync_calls=690 sync_skips=0 unique=8 overflow=682 pre=74e32a16 post=74e32a16 luma_avg=108.9 luma_min=95 luma_max=144 luma_last=100 avg_probe=2.288ms max_probe=3.339ms tsf_waits=0 tsf_wait_us=0 tsf_wait_max_global_us=0 launch_phase_samples=0 launch_phase_avg=0.0 launch_phase_min=0 launch_phase_max=0 tsf_errors=0
I (333065) rc_video: [CAM-DIAG-C16S] HEALTH window=19 display_frame=1774 guard_errors=0 quiesce=1774 resume_before=1773 lifecycle_errors=0 pause_req=1774 pause_ack=1774 pause_timeout=0 cache_sync_err=0 raw_post_err=0 overlap=0 finish_collision=0 tsf_waits=0 tsf_wait_us=0 tsf_wait_max_global_us=0 target=0 tolerance=0 launch_samples=0 launch_min=0 launch_max=0 rgb_gain=110 present=direct chunk_lines=60 repeats=1 tsf_errors=0 staged_events=19520 staged_copies=19515 staged_bytes=999168000 staged_tail=5 staged_forward=3549 staged_fallback=0 staged_errors=0 tail_drain=0 tail_waits=0 tail_wait_us=0 eof_callbacks=19520 eof_valid=19515 eof_invalid=0 eof_mismatch=1777 eof_half0=9004 eof_half1=10511 eof_settle=0 eof_settle_events=6999 eof_settle_us=121711
W (337903) rc_video: [CAM-DIAG-C16S] LIGHT stage=periodic window=19 sensor=real display=camera idle=0ms full_probe=0 cache=c2m_inv frames=720 changes=719 sync_changes=0 sync_calls=720 sync_skips=0 unique=8 overflow=712 pre=4d9521f0 post=4d9521f0 luma_avg=108.6 luma_min=95 luma_max=144 luma_last=101 avg_probe=2.287ms max_probe=3.339ms tsf_waits=0 tsf_wait_us=0 tsf_wait_max_global_us=0 launch_phase_samples=0 launch_phase_avg=0.0 launch_phase_min=0 launch_phase_max=0 tsf_errors=0
I (337934) rc_video: [CAM-DIAG-C16S] HEALTH window=19 display_frame=1804 guard_errors=0 quiesce=1804 resume_before=1803 lifecycle_errors=0 pause_req=1804 pause_ack=1804 pause_timeout=0 cache_sync_err=0 raw_post_err=0 overlap=0 finish_collision=0 tsf_waits=0 tsf_wait_us=0 tsf_wait_max_global_us=0 target=0 tolerance=0 launch_samples=0 launch_min=0 launch_max=0 rgb_gain=110 present=direct chunk_lines=60 repeats=1 tsf_errors=0 staged_events=19850 staged_copies=19845 staged_bytes=1016064000 staged_tail=5 staged_forward=3609 staged_fallback=0 staged_errors=0 tail_drain=0 tail_waits=0 tail_wait_us=0 eof_callbacks=19850 eof_valid=19845 eof_invalid=0 eof_mismatch=1807 eof_half0=9154 eof_half1=10691 eof_settle=0 eof_settle_events=6999 eof_settle_us=121711
W (342770) rc_video: [CAM-DIAG-C16S] LIGHT stage=periodic window=19 sensor=real display=camera idle=0ms full_probe=0 cache=c2m_inv frames=750 changes=749 sync_changes=0 sync_calls=750 sync_skips=0 unique=8 overflow=742 pre=677595bc post=677595bc luma_avg=108.3 luma_min=95 luma_max=144 luma_last=101 avg_probe=2.286ms max_probe=3.339ms tsf_waits=0 tsf_wait_us=0 tsf_wait_max_global_us=0 launch_phase_samples=0 launch_phase_avg=0.0 launch_phase_min=0 launch_phase_max=0 tsf_errors=0
I (342801) rc_video: [CAM-DIAG-C16S] HEALTH window=19 display_frame=1834 guard_errors=0 quiesce=1834 resume_before=1833 lifecycle_errors=0 pause_req=1834 pause_ack=1834 pause_timeout=0 cache_sync_err=0 raw_post_err=0 overlap=0 finish_collision=0 tsf_waits=0 tsf_wait_us=0 tsf_wait_max_global_us=0 target=0 tolerance=0 launch_samples=0 launch_min=0 launch_max=0 rgb_gain=110 present=direct chunk_lines=60 repeats=1 tsf_errors=0 staged_events=20180 staged_copies=20175 staged_bytes=1032960000 staged_tail=5 staged_forward=3669 staged_fallback=0 staged_errors=0 tail_drain=0 tail_waits=0 tail_wait_us=0 eof_callbacks=20180 eof_valid=20175 eof_invalid=0 eof_mismatch=1837 eof_half0=9304 eof_half1=10871 eof_settle=0 eof_settle_events=6999 eof_settle_us=121711
W (347599) rc_video: [CAM-DIAG-C16S] LIGHT stage=periodic window=19 sensor=real display=camera idle=0ms full_probe=0 cache=c2m_inv frames=780 changes=779 sync_changes=0 sync_calls=780 sync_skips=0 unique=8 overflow=772 pre=64717a91 post=64717a91 luma_avg=108.0 luma_min=95 luma_max=144 luma_last=100 avg_probe=2.286ms max_probe=3.339ms tsf_waits=0 tsf_wait_us=0 tsf_wait_max_global_us=0 launch_phase_samples=0 launch_phase_avg=0.0 launch_phase_min=0 launch_phase_max=0 tsf_errors=0
I (347630) rc_video: [CAM-DIAG-C16S] HEALTH window=19 display_frame=1864 guard_errors=0 quiesce=1864 resume_before=1863 lifecycle_errors=0 pause_req=1864 pause_ack=1864 pause_timeout=0 cache_sync_err=0 raw_post_err=0 overlap=0 finish_collision=0 tsf_waits=0 tsf_wait_us=0 tsf_wait_max_global_us=0 target=0 tolerance=0 launch_samples=0 launch_min=0 launch_max=0 rgb_gain=110 present=direct chunk_lines=60 repeats=1 tsf_errors=0 staged_events=20510 staged_copies=20505 staged_bytes=1049856000 staged_tail=5 staged_forward=3729 staged_fallback=0 staged_errors=0 tail_drain=0 tail_waits=0 tail_wait_us=0 eof_callbacks=20510 eof_valid=20505 eof_invalid=0 eof_mismatch=1867 eof_half0=9454 eof_half1=11051 eof_settle=0 eof_settle_events=6999 eof_settle_us=121711
W (352468) rc_video: [CAM-DIAG-C16S] LIGHT stage=periodic window=19 sensor=real display=camera idle=0ms full_probe=0 cache=c2m_inv frames=810 changes=809 sync_changes=0 sync_calls=810 sync_skips=0 unique=8 overflow=802 pre=144f4c60 post=144f4c60 luma_avg=107.7 luma_min=95 luma_max=144 luma_last=100 avg_probe=2.286ms max_probe=3.339ms tsf_waits=0 tsf_wait_us=0 tsf_wait_max_global_us=0 launch_phase_samples=0 launch_phase_avg=0.0 launch_phase_min=0 launch_phase_max=0 tsf_errors=0
I (352499) rc_video: [CAM-DIAG-C16S] HEALTH window=19 display_frame=1894 guard_errors=0 quiesce=1894 resume_before=1893 lifecycle_errors=0 pause_req=1894 pause_ack=1894 pause_timeout=0 cache_sync_err=0 raw_post_err=0 overlap=0 finish_collision=0 tsf_waits=0 tsf_wait_us=0 tsf_wait_max_global_us=0 target=0 tolerance=0 launch_samples=0 launch_min=0 launch_max=0 rgb_gain=110 present=direct chunk_lines=60 repeats=1 tsf_errors=0 staged_events=20840 staged_copies=20835 staged_bytes=1066752000 staged_tail=5 staged_forward=3789 staged_fallback=0 staged_errors=0 tail_drain=0 tail_waits=0 tail_wait_us=0 eof_callbacks=20840 eof_valid=20835 eof_invalid=0 eof_mismatch=1897 eof_half0=9604 eof_half1=11231 eof_settle=0 eof_settle_events=6999 eof_settle_us=121711
W (356799) dvp_ext: invalid state 1

W (356839) dvp_ext: invalid state 1

W (357338) rc_video: [CAM-DIAG-C16S] LIGHT stage=periodic window=19 sensor=real display=camera idle=0ms full_probe=0 cache=c2m_inv frames=840 changes=839 sync_changes=0 sync_calls=840 sync_skips=0 unique=8 overflow=832 pre=5aa40281 post=5aa40281 luma_avg=107.5 luma_min=95 luma_max=144 luma_last=100 avg_probe=2.287ms max_probe=3.339ms tsf_waits=0 tsf_wait_us=0 tsf_wait_max_global_us=0 launch_phase_samples=0 launch_phase_avg=0.0 launch_phase_min=0 launch_phase_max=0 tsf_errors=0
I (357369) rc_video: [CAM-DIAG-C16S] HEALTH window=19 display_frame=1924 guard_errors=0 quiesce=1924 resume_before=1923 lifecycle_errors=0 pause_req=1924 pause_ack=1924 pause_timeout=0 cache_sync_err=0 raw_post_err=0 overlap=0 finish_collision=0 tsf_waits=0 tsf_wait_us=0 tsf_wait_max_global_us=0 target=0 tolerance=0 launch_samples=0 launch_min=0 launch_max=0 rgb_gain=110 present=direct chunk_lines=60 repeats=1 tsf_errors=0 staged_events=21170 staged_copies=21165 staged_bytes=1083648000 staged_tail=5 staged_forward=3851 staged_fallback=0 staged_errors=0 tail_drain=0 tail_waits=0 tail_wait_us=0 eof_callbacks=21170 eof_valid=21165 eof_invalid=0 eof_mismatch=1927 eof_half0=9754 eof_half1=11411 eof_settle=0 eof_settle_events=6999 eof_settle_us=121711
W (362204) rc_video: [CAM-DIAG-C16S] LIGHT stage=periodic window=19 sensor=real display=camera idle=0ms full_probe=0 cache=c2m_inv frames=870 changes=869 sync_changes=0 sync_calls=870 sync_skips=0 unique=8 overflow=862 pre=20f28c2b post=20f28c2b luma_avg=107.2 luma_min=95 luma_max=144 luma_last=102 avg_probe=2.287ms max_probe=3.339ms tsf_waits=0 tsf_wait_us=0 tsf_wait_max_global_us=0 launch_phase_samples=0 launch_phase_avg=0.0 launch_phase_min=0 launch_phase_max=0 tsf_errors=0
I (362235) rc_video: [CAM-DIAG-C16S] HEALTH window=19 display_frame=1954 guard_errors=0 quiesce=1954 resume_before=1953 lifecycle_errors=0 pause_req=1954 pause_ack=1954 pause_timeout=0 cache_sync_err=0 raw_post_err=0 overlap=0 finish_collision=0 tsf_waits=0 tsf_wait_us=0 tsf_wait_max_global_us=0 target=0 tolerance=0 launch_samples=0 launch_min=0 launch_max=0 rgb_gain=110 present=direct chunk_lines=60 repeats=1 tsf_errors=0 staged_events=21500 staged_copies=21495 staged_bytes=1100544000 staged_tail=5 staged_forward=3911 staged_fallback=0 staged_errors=0 tail_drain=0 tail_waits=0 tail_wait_us=0 eof_callbacks=21500 eof_valid=21495 eof_invalid=0 eof_mismatch=1957 eof_half0=9904 eof_half1=11591 eof_settle=0 eof_settle_events=6999 eof_settle_us=121711
W (367072) rc_video: [CAM-DIAG-C16S] LIGHT stage=periodic window=19 sensor=real display=camera idle=0ms full_probe=0 cache=c2m_inv frames=900 changes=899 sync_changes=0 sync_calls=900 sync_skips=0 unique=8 overflow=892 pre=d140abfb post=d140abfb luma_avg=107.1 luma_min=95 luma_max=144 luma_last=102 avg_probe=2.287ms max_probe=3.339ms tsf_waits=0 tsf_wait_us=0 tsf_wait_max_global_us=0 launch_phase_samples=0 launch_phase_avg=0.0 launch_phase_min=0 launch_phase_max=0 tsf_errors=0
I (367103) rc_video: [CAM-DIAG-C16S] HEALTH window=19 display_frame=1984 guard_errors=0 quiesce=1984 resume_before=1983 lifecycle_errors=0 pause_req=1984 pause_ack=1984 pause_timeout=0 cache_sync_err=0 raw_post_err=0 overlap=0 finish_collision=0 tsf_waits=0 tsf_wait_us=0 tsf_wait_max_global_us=0 target=0 tolerance=0 launch_samples=0 launch_min=0 launch_max=0 rgb_gain=110 present=direct chunk_lines=60 repeats=1 tsf_errors=0 staged_events=21830 staged_copies=21825 staged_bytes=1117440000 staged_tail=5 staged_forward=3971 staged_fallback=0 staged_errors=0 tail_drain=0 tail_waits=0 tail_wait_us=0 eof_callbacks=21830 eof_valid=21825 eof_invalid=0 eof_mismatch=1987 eof_half0=10054 eof_half1=11771 eof_settle=0 eof_settle_events=6999 eof_settle_us=121711
W (371901) rc_video: [CAM-DIAG-C16S] LIGHT stage=periodic window=19 sensor=real display=camera idle=0ms full_probe=0 cache=c2m_inv frames=930 changes=929 sync_changes=0 sync_calls=930 sync_skips=0 unique=8 overflow=922 pre=bca1b129 post=bca1b129 luma_avg=106.9 luma_min=95 luma_max=144 luma_last=102 avg_probe=2.287ms max_probe=3.339ms tsf_waits=0 tsf_wait_us=0 tsf_wait_max_global_us=0 launch_phase_samples=0 launch_phase_avg=0.0 launch_phase_min=0 launch_phase_max=0 tsf_errors=0
I (371932) rc_video: [CAM-DIAG-C16S] HEALTH window=19 display_frame=2014 guard_errors=0 quiesce=2014 resume_before=2013 lifecycle_errors=0 pause_req=2014 pause_ack=2014 pause_timeout=0 cache_sync_err=0 raw_post_err=0 overlap=0 finish_collision=0 tsf_waits=0 tsf_wait_us=0 tsf_wait_max_global_us=0 target=0 tolerance=0 launch_samples=0 launch_min=0 launch_max=0 rgb_gain=110 present=direct chunk_lines=60 repeats=1 tsf_errors=0 staged_events=22160 staged_copies=22155 staged_bytes=1134336000 staged_tail=5 staged_forward=4031 staged_fallback=0 staged_errors=0 tail_drain=0 tail_waits=0 tail_wait_us=0 eof_callbacks=22160 eof_valid=22155 eof_invalid=0 eof_mismatch=2017 eof_half0=10204 eof_half1=11951 eof_settle=0 eof_settle_events=6999 eof_settle_us=121711
