W (45347) rc_tank: [CAM-DIAG-C16T] WINDOW_01 repeat: wifi=off camera=off display=black cache=none; camera_init=next
W (45347) rc_video: [CAM-DIAG-C16T] PROFILE window=1 sensor=real display=camera idle=0ms full_probe=0 cache=none capture=0
I (45357) rc_tank: [STEP] Camera init starting...
I (45361) rc_video: Initializing camera (SP0A39 640x480 VYUY)
W (45366) rc_video: [CAM-DIAG-C16T] staged DVP init core=0; Wi-Fi task core=0; configured_internal_dma=102400; free_internal=230179 largest_internal_dma=110592
I (45380) board_camera: initializing SP0A39 camera mode=0 640x480
I (45386) camera_hal: init SP0A39 DVP 640x480 (SCCB manual mode)
I (45392) camera_hal: configuring IOEX pins for camera RESET/PWDN
I (45399) camera_hal: PWDN=HIGH (power down)
I (45412) camera_hal: PWDN=LOW (release sensor)
I (45612) camera_hal: RESET=LOW (assert reset)
I (45632) camera_hal: RESET=HIGH (release reset)
I (46632) camera_hal: full I2C scan after camera power-up (diagnostic only)...
I (46634) camera_hal:   post-powerup ACK at 0x15
I (46634) camera_hal:   post-powerup ACK at 0x18
I (46637) camera_hal:   post-powerup ACK at 0x21
I (46641) camera_hal:   post-powerup ACK at 0x22
I (46649) camera_hal:   post-powerup ACK at 0x40
I (46651) camera_hal:   post-powerup ACK at 0x51
I (46657) camera_hal:   post-powerup ACK at 0x68
I (46660) camera_hal: DVP GPIO diagnostics (checking PCLK/VSYNC/HSYNC activity)...
I (46726) camera_hal: DVP diagnostics: PCLK_changes=0 VSYNC_changes=0 HSYNC_changes=0
W (46726) camera_hal: PCLK has no transitions - MCLK likely not reaching sensor or sensor not active
I (46731) camera_hal: using sensor address 0x21
I (46736) camera_hal: SP0A39 I2C device added at 0x21
I (46742) camera_hal: SP0A39 chip ID: 0x0A39
I (46864) camera_hal: SP0A39 register init done: VYUY 640x480 (359 regs)
I (46865) camera_hal: [CAM-PROBE] SP0A39 p0_31 stage=post_table value=0x00 expected=0x01
E (46867) camera_hal: camera_hal_verify_expected_output_p0_31(92): unexpected p0_31=0x00 at post_table
W (46876) camera_hal: [CAM-PROBE] output state differs after table; continuing: ESP_ERR_INVALID_RESPONSE
I (46906) camera_hal: [CAM-PROBE] SP0A39 p0_31 stage=post_delay value=0x01 expected=0x01
I (46907) camera_hal: camera HAL initialized (sensor ready, DVP capture not yet implemented)
I (46911) board_camera: camera ready
I (46919) camera_hal: SP0A39 output regs: P0:1c=0x00 P0:30=0x01 P0:31=0x01 P1:32=0x15 P1:34=0xeb P1:35=0x00 P1:36=0x10
I (47053) rc_video:   3 DMA-capable PSRAM framebuffers allocated (600 KB each)
W (47096) rc_video: [CAM-DIAG-C16T] capture handoff uses rc_capture_pool + backup
W (47096) rc_video: [DEBUG-C151] buffers fb0=0x3c0f6040 fb1=0x3c18c180 fb2=0x3c2222c0 backup=0x3c2b8400 payload=614400 storage=614400 alloc=614656 terminal_guard=256
W (47107) rc_video: [DEBUG-C151] heap stage=framebuffers_allocated intact=1
I (47115) dvp_ext: DVP Extended camera controller driver is initialized
W (47119) dvp_ext: [CAM-DIAG-C16T] staged assembly uses GDMA-EOF direct copy; dma=102400 half=51200 queue_data_events=suppressed eof_desc=probe
W (47132) rc_video: [DEBUG-C151] heap stage=dvp_controller_created_before_start intact=1
W (47140) rc_video: [CAM-DIAG-C16T] staged DVP controller created; configured_internal_dma=102400 free_internal=123099 largest_internal_dma=63488
I (47152) rc_video: Camera initialized
I (47156) rc_tank: [STEP] Camera init OK
W (47160) rc_tank: [CAM-DIAG-C16T] TSF_GUARD window=2 beacon=0 after=0us budget=0us result=ESP_OK
W (47168) rc_tank: [CAM-DIAG-C16T] TSF_TARGET window=2 phase=0us tolerance=0us result=ESP_OK
W (47176) rc_tank: [CAM-DIAG-C16T] RGB_GAIN window=2 requested=110 result=ESP_OK
W (47183) rc_tank: [CAM-DIAG-C16T] PRESENT window=2 mode=direct chunk_lines=60 repeats=1 result=ESP_OK
W (47192) rc_tank: [CAM-DIAG-C16T] TAIL_DRAIN window=2 requested=0us result=ESP_OK
W (47200) rc_tank: [CAM-DIAG-C16T] MISMATCH_PROFILE window=2 source=software_index settle=0us result=ESP_OK
W (47209) rc_video: [CAM-DIAG-C16T] PROFILE window=2 sensor=real display=camera idle=0ms full_probe=0 cache=c2m_inv capture=0
W (47220) rc_tank: [CAM-DIAG-C16T] WINDOW_02 start: wifi=off sensor=real display=camera idle=0ms full_probe=off cache=c2m_inv dvp=staged100k protocol=off beacon=0 guard_after=0us capture_budget=0us target=0us tolerance=0us rgb_gain=110% present=direct chunk_lines=60 repeats=1 tail_drain=0us eof_source=software_index mismatch_settle=0us
W (47220) rc_video: [CAM-DIAG-C16T] LIGHT stage=complete window=1 sensor=real display=camera idle=0ms full_probe=0 cache=none frames=0 changes=0 sync_changes=0 sync_calls=0 sync_skips=0 unique=0 overflow=0 pre=00000000 post=00000000 luma_avg=0.0 luma_min=255 luma_max=0 luma_last=0 avg_probe=0.000ms max_probe=0.000ms tsf_waits=0 tsf_wait_us=0 tsf_wait_max_global_us=0 launch_phase_samples=0 launch_phase_avg=0.0 launch_phase_min=0 launch_phase_max=0 tsf_errors=0
I (47251) camera_hal: [CAM-PROBE] SP0A39 p0_31 stage=dvp_started value=0x01 expected=0x01
W (47301) rc_video: [CAM-DIAG-C16T] scaled camera preview enabled (240x180 at 80,0; DVP started)
W (47306) rc_tank: [CAM-DIAG-C16T] staged-100KiB VYUY camera preview started while Wi-Fi is off
W (51983) rc_video: [CAM-DIAG-C16T] LIGHT stage=periodic window=2 sensor=real display=camera idle=0ms full_probe=0 cache=c2m_inv frames=30 changes=29 sync_changes=0 sync_calls=30 sync_skips=0 unique=8 overflow=22 pre=e6614344 post=e6614344 luma_avg=122.2 luma_min=111 luma_max=151 luma_last=112 avg_probe=2.209ms max_probe=2.584ms tsf_waits=0 tsf_wait_us=0 tsf_wait_max_global_us=0 launch_phase_samples=0 launch_phase_avg=0.0 launch_phase_min=0 launch_phase_max=0 tsf_errors=0
I (52014) rc_video: [CAM-DIAG-C16T] HEALTH window=2 display_frame=30 guard_errors=0 quiesce=30 resume_before=29 lifecycle_errors=0 pause_req=30 pause_ack=30 pause_timeout=0 cache_sync_err=0 raw_post_err=0 overlap=0 finish_collision=0 tsf_waits=0 tsf_wait_us=0 tsf_wait_max_global_us=0 target=0 tolerance=0 launch_samples=0 launch_min=0 launch_max=0 rgb_gain=110 present=direct chunk_lines=60 repeats=1 tsf_errors=0 staged_events=331 staged_copies=330 staged_bytes=16896000 staged_tail=1 staged_forward=60 staged_fallback=0 staged_errors=0 tail_drain=0 tail_waits=0 tail_wait_us=0 eof_callbacks=331 eof_valid=330 eof_invalid=0 eof_mismatch=32 eof_half0=150 eof_half1=180 eof_mm_blocks=0/0/0/0/0/0/0/0/1/1/30 eof_settle=0 eof_settle_events=0 eof_settle_us=0
W (56812) rc_video: [CAM-DIAG-C16T] LIGHT stage=periodic window=2 sensor=real display=camera idle=0ms full_probe=0 cache=c2m_inv frames=60 changes=59 sync_changes=0 sync_calls=60 sync_skips=0 unique=8 overflow=52 pre=93a411e0 post=93a411e0 luma_avg=116.8 luma_min=111 luma_max=151 luma_last=111 avg_probe=2.199ms max_probe=2.584ms tsf_waits=0 tsf_wait_us=0 tsf_wait_max_global_us=0 launch_phase_samples=0 launch_phase_avg=0.0 launch_phase_min=0 launch_phase_max=0 tsf_errors=0
I (56843) rc_video: [CAM-DIAG-C16T] HEALTH window=2 display_frame=60 guard_errors=0 quiesce=60 resume_before=59 lifecycle_errors=0 pause_req=60 pause_ack=60 pause_timeout=0 cache_sync_err=0 raw_post_err=0 overlap=0 finish_collision=0 tsf_waits=0 tsf_wait_us=0 tsf_wait_max_global_us=0 target=0 tolerance=0 launch_samples=0 launch_min=0 launch_max=0 rgb_gain=110 present=direct chunk_lines=60 repeats=1 tsf_errors=0 staged_events=661 staged_copies=660 staged_bytes=33792000 staged_tail=1 staged_forward=120 staged_fallback=0 staged_errors=0 tail_drain=0 tail_waits=0 tail_wait_us=0 eof_callbacks=661 eof_valid=660 eof_invalid=0 eof_mismatch=62 eof_half0=300 eof_half1=360 eof_mm_blocks=0/0/0/0/0/0/0/0/1/1/60 eof_settle=0 eof_settle_events=0 eof_settle_us=0
W (57315) rc_tank: [DEBUG-C151] heap stage=window_2_end intact=1
W (57318) camera_hal: [CAM-DIAG-C16I] SP0A39 test_pattern=on P1:32 before=0x15 write=0x95 read=0x80 expected_bit=0x80
W (57431) rc_tank: [CAM-DIAG-C16T] TSF_GUARD window=3 beacon=0 after=0us budget=0us result=ESP_OK
W (57432) rc_tank: [CAM-DIAG-C16T] TSF_TARGET window=3 phase=0us tolerance=0us result=ESP_OK
W (57438) rc_tank: [CAM-DIAG-C16T] RGB_GAIN window=3 requested=110 result=ESP_OK
W (57445) rc_tank: [CAM-DIAG-C16T] PRESENT window=3 mode=direct chunk_lines=60 repeats=1 result=ESP_OK
W (57454) rc_tank: [CAM-DIAG-C16T] TAIL_DRAIN window=3 requested=0us result=ESP_OK
W (57461) rc_tank: [CAM-DIAG-C16T] MISMATCH_PROFILE window=3 source=software_index settle=0us result=ESP_OK
W (57471) rc_video: [CAM-DIAG-C16T] PROFILE window=3 sensor=pattern display=camera idle=0ms full_probe=0 cache=c2m_inv capture=64
W (57482) rc_tank: [CAM-DIAG-C16T] WINDOW_03 start: wifi=off sensor=pattern display=camera idle=0ms full_probe=off cache=c2m_inv dvp=staged100k protocol=off beacon=0 guard_after=0us capture_budget=0us target=0us tolerance=0us rgb_gain=110% present=direct chunk_lines=60 repeats=1 tail_drain=0us eof_source=software_index mismatch_settle=0us
W (57533) rc_video: [CAM-DIAG-C16T] LIGHT stage=complete window=2 sensor=real display=camera idle=0ms full_probe=0 cache=c2m_inv frames=64 changes=63 sync_changes=0 sync_calls=64 sync_skips=0 unique=8 overflow=56 pre=0d150321 post=0d150321 luma_avg=116.7 luma_min=111 luma_max=151 luma_last=123 avg_probe=2.208ms max_probe=2.736ms tsf_waits=0 tsf_wait_us=0 tsf_wait_max_global_us=0 launch_phase_samples=0 launch_phase_avg=0.0 launch_phase_min=0 launch_phase_max=0 tsf_errors=0
W (62273) rc_video: [CAM-DIAG-C16T] LIGHT stage=periodic window=3 sensor=pattern display=camera idle=0ms full_probe=0 cache=c2m_inv frames=30 changes=0 sync_changes=0 sync_calls=30 sync_skips=0 unique=1 overflow=0 pre=0d150321 post=0d150321 luma_avg=123.0 luma_min=123 luma_max=123 luma_last=123 avg_probe=2.188ms max_probe=2.239ms tsf_waits=0 tsf_wait_us=0 tsf_wait_max_global_us=0 launch_phase_samples=0 launch_phase_avg=0.0 launch_phase_min=0 launch_phase_max=0 tsf_errors=0
I (62304) rc_video: [CAM-DIAG-C16T] HEALTH window=3 display_frame=94 guard_errors=0 quiesce=94 resume_before=93 lifecycle_errors=0 pause_req=94 pause_ack=94 pause_timeout=0 cache_sync_err=0 raw_post_err=0 overlap=0 finish_collision=0 tsf_waits=0 tsf_wait_us=0 tsf_wait_max_global_us=0 target=0 tolerance=0 launch_samples=0 launch_min=0 launch_max=0 rgb_gain=110 present=direct chunk_lines=60 repeats=1 tsf_errors=0 staged_events=1035 staged_copies=1034 staged_bytes=52940800 staged_tail=1 staged_forward=188 staged_fallback=0 staged_errors=0 tail_drain=0 tail_waits=0 tail_wait_us=0 eof_callbacks=1035 eof_valid=1034 eof_invalid=0 eof_mismatch=96 eof_half0=470 eof_half1=564 eof_mm_blocks=0/0/0/0/0/0/0/0/1/1/94 eof_settle=0 eof_settle_events=0 eof_settle_us=0
W (67102) rc_video: [CAM-DIAG-C16T] LIGHT stage=periodic window=3 sensor=pattern display=camera idle=0ms full_probe=0 cache=c2m_inv frames=60 changes=0 sync_changes=0 sync_calls=60 sync_skips=0 unique=1 overflow=0 pre=0d150321 post=0d150321 luma_avg=123.0 luma_min=123 luma_max=123 luma_last=123 avg_probe=2.189ms max_probe=2.239ms tsf_waits=0 tsf_wait_us=0 tsf_wait_max_global_us=0 launch_phase_samples=0 launch_phase_avg=0.0 launch_phase_min=0 launch_phase_max=0 tsf_errors=0
I (67133) rc_video: [CAM-DIAG-C16T] HEALTH window=3 display_frame=124 guard_errors=0 quiesce=124 resume_before=123 lifecycle_errors=0 pause_req=124 pause_ack=124 pause_timeout=0 cache_sync_err=0 raw_post_err=0 overlap=0 finish_collision=0 tsf_waits=0 tsf_wait_us=0 tsf_wait_max_global_us=0 target=0 tolerance=0 launch_samples=0 launch_min=0 launch_max=0 rgb_gain=110 present=direct chunk_lines=60 repeats=1 tsf_errors=0 staged_events=1365 staged_copies=1364 staged_bytes=69836800 staged_tail=1 staged_forward=248 staged_fallback=0 staged_errors=0 tail_drain=0 tail_waits=0 tail_wait_us=0 eof_callbacks=1365 eof_valid=1364 eof_invalid=0 eof_mismatch=126 eof_half0=620 eof_half1=744 eof_mm_blocks=0/0/0/0/0/0/0/0/1/1/124 eof_settle=0 eof_settle_events=0 eof_settle_us=0
W (67512) rc_tank: [DEBUG-C151] heap stage=window_3_end_before_network intact=1
I (67513) rc_tank: [STEP] Network init starting...
I (67514) rc_net: Initializing as SoftAP (Tank)
I (67519) pp: pp rom version: e7ae62f
I (67521) net80211: net80211 rom version: e7ae62f
I (67568) wifi:wifi driver task: 3fce8a4c, prio:23, stack:6656, core=0
I (67573) wifi:wifi firmware version: 0947e8b
I (67574) wifi:wifi certification version: v7.0
I (67574) wifi:config NVS flash: enabled
I (67575) wifi:config nano formatting: disabled
I (67580) wifi:Init data frame dynamic rx buffer num: 32
I (67585) wifi:Init static rx mgmt buffer num: 5
I (67589) wifi:Init management short buffer num: 32
I (67594) wifi:Init dynamic tx buffer num: 64
I (67598) wifi:Init static tx FG buffer num: 2
I (67602) wifi:Init static rx buffer size: 1600
I (67606) wifi:Init static rx buffer num: 10
I (67610) wifi:Init dynamic rx buffer num: 32
I (67615) wifi_init: rx ba win: 6
I (67617) wifi_init: accept mbox: 6
I (67620) wifi_init: tcpip mbox: 16
I (67624) wifi_init: udp mbox: 6
I (67627) wifi_init: tcp mbox: 6
I (67630) wifi_init: tcp tx win: 5760
I (67633) wifi_init: tcp rx win: 5760
I (67636) wifi_init: tcp mss: 1440
I (67639) wifi_init: WiFi IRAM OP enabled
I (67643) wifi_init: WiFi RX IRAM OP enabled
I (67648) rc_net: AP set_mode/config, SSID=RC_TANK_F3AE79 ch=1
I (67762) phy_init: phy_version 711,97bcf0a2,Aug 25 2025,19:04:10
W (67763) phy_init: failed to load RF calibration data (0x1102), falling back to full calibration
I (67800) phy_init: Saving new calibration data due to checksum failure or outdated calibration data, mode(2)
I (67810) wifi:mode : softAP (44:1b:f6:f3:ae:79)
I (67815) wifi:Total power save buffer number: 32
I (67816) wifi:Init max length of beacon: 752/752
I (67817) wifi:Init max length of beacon: 752/752
I (67819) rc_net: SoftAP started, SSID: RC_TANK_F3AE79, Password: 12345678
I (67820) esp_netif_lwip: DHCP server started on interface WIFI_AP_DEF with IP: 192.168.4.1
I (67833) rc_tank: [STEP] Network init OK
I (67836) rc_tank: Tank SoftAP ready, waiting for remote...
W (67842) rc_tank: [CAM-DIAG-C16R] PROTOCOL window=4 before=0x07 requested=0x07 after=0x07 name=bgn changed=0
I (67856) wifi:Total power save buffer number: 32
W (67858) rc_tank: [CAM-DIAG-C16R] BEACON window=4 before=100 requested=200 after=200 changed=1
I (67860) esp_netif_lwip: DHCP server started on interface WIFI_AP_DEF with IP: 192.168.4.1
W (67872) rc_tank: [CAM-DIAG-C16T] TSF_GUARD window=4 beacon=200 after=0us budget=0us result=ESP_OK
W (67920) rc_tank: [CAM-DIAG-C16T] TSF_TARGET window=4 phase=0us tolerance=0us result=ESP_OK
W (67920) rc_tank: [CAM-DIAG-C16T] RGB_GAIN window=4 requested=110 result=ESP_OK
W (67925) rc_tank: [CAM-DIAG-C16T] PRESENT window=4 mode=direct chunk_lines=60 repeats=1 result=ESP_OK
W (67934) rc_tank: [CAM-DIAG-C16T] TAIL_DRAIN window=4 requested=0us result=ESP_OK
W (67941) rc_tank: [CAM-DIAG-C16T] MISMATCH_PROFILE window=4 source=software_index settle=0us result=ESP_OK
W (67950) rc_video: [CAM-DIAG-C16T] PROFILE window=4 sensor=pattern display=camera idle=0ms full_probe=0 cache=c2m_inv capture=129
W (67962) rc_tank: [CAM-DIAG-C16T] WINDOW_04 start: wifi=on sensor=pattern display=camera idle=0ms full_probe=off cache=c2m_inv dvp=staged100k protocol=bgn beacon=200 guard_after=0us capture_budget=0us target=0us tolerance=0us rgb_gain=110% present=direct chunk_lines=60 repeats=1 tail_drain=0us eof_source=software_index mismatch_settle=0us
W (68020) rc_video: [CAM-DIAG-C16T] LIGHT stage=complete window=3 sensor=pattern display=camera idle=0ms full_probe=0 cache=c2m_inv frames=65 changes=0 sync_changes=0 sync_calls=65 sync_skips=0 unique=1 overflow=0 pre=0d150321 post=0d150321 luma_avg=123.0 luma_min=123 luma_max=123 luma_last=123 avg_probe=2.219ms max_probe=3.115ms tsf_waits=0 tsf_wait_us=0 tsf_wait_max_global_us=0 launch_phase_samples=0 launch_phase_avg=0.0 launch_phase_min=0 launch_phase_max=0 tsf_errors=0
W (72763) rc_video: [CAM-DIAG-C16T] LIGHT stage=periodic window=4 sensor=pattern display=camera idle=0ms full_probe=0 cache=c2m_inv frames=30 changes=0 sync_changes=0 sync_calls=30 sync_skips=0 unique=1 overflow=0 pre=0d150321 post=0d150321 luma_avg=123.0 luma_min=123 luma_max=123 luma_last=123 avg_probe=2.283ms max_probe=2.568ms tsf_waits=0 tsf_wait_us=0 tsf_wait_max_global_us=0 launch_phase_samples=0 launch_phase_avg=0.0 launch_phase_min=0 launch_phase_max=0 tsf_errors=0
I (72794) rc_video: [CAM-DIAG-C16T] HEALTH window=4 display_frame=159 guard_errors=0 quiesce=159 resume_before=158 lifecycle_errors=0 pause_req=159 pause_ack=159 pause_timeout=0 cache_sync_err=0 raw_post_err=0 overlap=0 finish_collision=0 tsf_waits=0 tsf_wait_us=0 tsf_wait_max_global_us=0 target=0 tolerance=0 launch_samples=0 launch_min=0 launch_max=0 rgb_gain=110 present=direct chunk_lines=60 repeats=1 tsf_errors=0 staged_events=1750 staged_copies=1749 staged_bytes=89548800 staged_tail=1 staged_forward=318 staged_fallback=0 staged_errors=0 tail_drain=0 tail_waits=0 tail_wait_us=0 eof_callbacks=1750 eof_valid=1749 eof_invalid=0 eof_mismatch=161 eof_half0=795 eof_half1=954 eof_mm_blocks=0/0/0/0/0/0/0/0/1/1/159 eof_settle=0 eof_settle_events=0 eof_settle_us=0
W (77631) rc_video: [CAM-DIAG-C16T] LIGHT stage=periodic window=4 sensor=pattern display=camera idle=0ms full_probe=0 cache=c2m_inv frames=60 changes=0 sync_changes=0 sync_calls=60 sync_skips=0 unique=1 overflow=0 pre=0d150321 post=0d150321 luma_avg=123.0 luma_min=123 luma_max=123 luma_last=123 avg_probe=2.280ms max_probe=2.568ms tsf_waits=0 tsf_wait_us=0 tsf_wait_max_global_us=0 launch_phase_samples=0 launch_phase_avg=0.0 launch_phase_min=0 launch_phase_max=0 tsf_errors=0
I (77662) rc_video: [CAM-DIAG-C16T] HEALTH window=4 display_frame=189 guard_errors=0 quiesce=189 resume_before=188 lifecycle_errors=0 pause_req=189 pause_ack=189 pause_timeout=0 cache_sync_err=0 raw_post_err=0 overlap=0 finish_collision=0 tsf_waits=0 tsf_wait_us=0 tsf_wait_max_global_us=0 target=0 tolerance=0 launch_samples=0 launch_min=0 launch_max=0 rgb_gain=110 present=direct chunk_lines=60 repeats=1 tsf_errors=0 staged_events=2080 staged_copies=2079 staged_bytes=106444800 staged_tail=1 staged_forward=378 staged_fallback=0 staged_errors=0 tail_drain=0 tail_waits=0 tail_wait_us=0 eof_callbacks=2080 eof_valid=2079 eof_invalid=0 eof_mismatch=191 eof_half0=945 eof_half1=1134 eof_mm_blocks=0/0/0/0/0/0/0/0/1/1/189 eof_settle=0 eof_settle_events=0 eof_settle_us=0
W (77994) camera_hal: [CAM-DIAG-C16I] SP0A39 test_pattern=off P1:32 before=0x80 write=0x00 read=0x15 expected_bit=0x00
W (78133) rc_tank: [CAM-DIAG-C16R] PROTOCOL window=5 before=0x07 requested=0x07 after=0x07 name=bgn changed=0
W (78134) rc_tank: [CAM-DIAG-C16R] BEACON window=5 before=200 requested=200 after=200 changed=0
W (78140) rc_tank: [CAM-DIAG-C16T] TSF_GUARD window=5 beacon=200 after=0us budget=0us result=ESP_OK
W (78149) rc_tank: [CAM-DIAG-C16T] TSF_TARGET window=5 phase=0us tolerance=0us result=ESP_OK
W (78157) rc_tank: [CAM-DIAG-C16T] RGB_GAIN window=5 requested=110 result=ESP_OK
W (78164) rc_tank: [CAM-DIAG-C16T] PRESENT window=5 mode=direct chunk_lines=60 repeats=1 result=ESP_OK
W (78173) rc_tank: [CAM-DIAG-C16T] TAIL_DRAIN window=5 requested=0us result=ESP_OK
W (78181) rc_tank: [CAM-DIAG-C16T] MISMATCH_PROFILE window=5 source=software_index settle=0us result=ESP_OK
W (78190) rc_video: [CAM-DIAG-C16T] PROFILE window=5 sensor=real display=camera idle=0ms full_probe=0 cache=c2m_inv capture=192
W (78201) rc_tank: [CAM-DIAG-C16T] WINDOW_05 start: wifi=on sensor=real display=camera idle=0ms full_probe=off cache=c2m_inv dvp=staged100k protocol=bgn beacon=200 guard_after=0us capture_budget=0us target=0us tolerance=0us rgb_gain=110% present=direct chunk_lines=60 repeats=1 tail_drain=0us eof_source=software_index mismatch_settle=0us
W (78238) rc_video: [CAM-DIAG-C16T] LIGHT stage=complete window=4 sensor=pattern display=camera idle=0ms full_probe=0 cache=c2m_inv frames=63 changes=1 sync_changes=0 sync_calls=63 sync_skips=0 unique=2 overflow=0 pre=8adefdc7 post=8adefdc7 luma_avg=122.4 luma_min=85 luma_max=123 luma_last=85 avg_probe=2.302ms max_probe=3.737ms tsf_waits=0 tsf_wait_us=0 tsf_wait_max_global_us=0 launch_phase_samples=0 launch_phase_avg=0.0 launch_phase_min=0 launch_phase_max=0 tsf_errors=0
W (82974) rc_video: [CAM-DIAG-C16T] LIGHT stage=periodic window=5 sensor=real display=camera idle=0ms full_probe=0 cache=c2m_inv frames=30 changes=29 sync_changes=0 sync_calls=30 sync_skips=0 unique=8 overflow=22 pre=9efec0fc post=9efec0fc luma_avg=56.3 luma_min=35 luma_max=81 luma_last=57 avg_probe=2.312ms max_probe=3.405ms tsf_waits=0 tsf_wait_us=0 tsf_wait_max_global_us=0 launch_phase_samples=0 launch_phase_avg=0.0 launch_phase_min=0 launch_phase_max=0 tsf_errors=0
I (83005) rc_video: [CAM-DIAG-C16T] HEALTH window=5 display_frame=222 guard_errors=0 quiesce=222 resume_before=221 lifecycle_errors=0 pause_req=222 pause_ack=222 pause_timeout=0 cache_sync_err=0 raw_post_err=0 overlap=0 finish_collision=0 tsf_waits=0 tsf_wait_us=0 tsf_wait_max_global_us=0 target=0 tolerance=0 launch_samples=0 launch_min=0 launch_max=0 rgb_gain=110 present=direct chunk_lines=60 repeats=1 tsf_errors=0 staged_events=2443 staged_copies=2442 staged_bytes=125030400 staged_tail=1 staged_forward=444 staged_fallback=0 staged_errors=0 tail_drain=0 tail_waits=0 tail_wait_us=0 eof_callbacks=2443 eof_valid=2442 eof_invalid=0 eof_mismatch=226 eof_half0=1110 eof_half1=1332 eof_mm_blocks=0/0/0/0/0/0/0/0/2/2/222 eof_settle=0 eof_settle_events=0 eof_settle_us=0
W (87843) rc_video: [CAM-DIAG-C16T] LIGHT stage=periodic window=5 sensor=real display=camera idle=0ms full_probe=0 cache=c2m_inv frames=60 changes=59 sync_changes=0 sync_calls=60 sync_skips=0 unique=8 overflow=52 pre=54d2e778 post=54d2e778 luma_avg=56.7 luma_min=35 luma_max=81 luma_last=57 avg_probe=2.292ms max_probe=3.405ms tsf_waits=0 tsf_wait_us=0 tsf_wait_max_global_us=0 launch_phase_samples=0 launch_phase_avg=0.0 launch_phase_min=0 launch_phase_max=0 tsf_errors=0
I (87873) rc_video: [CAM-DIAG-C16T] HEALTH window=5 display_frame=252 guard_errors=0 quiesce=252 resume_before=251 lifecycle_errors=0 pause_req=252 pause_ack=252 pause_timeout=0 cache_sync_err=0 raw_post_err=0 overlap=0 finish_collision=0 tsf_waits=0 tsf_wait_us=0 tsf_wait_max_global_us=0 target=0 tolerance=0 launch_samples=0 launch_min=0 launch_max=0 rgb_gain=110 present=direct chunk_lines=60 repeats=1 tsf_errors=0 staged_events=2773 staged_copies=2772 staged_bytes=141926400 staged_tail=1 staged_forward=504 staged_fallback=0 staged_errors=0 tail_drain=0 tail_waits=0 tail_wait_us=0 eof_callbacks=2773 eof_valid=2772 eof_invalid=0 eof_mismatch=256 eof_half0=1260 eof_half1=1512 eof_mm_blocks=0/0/0/0/0/0/0/0/2/2/252 eof_settle=0 eof_settle_events=0 eof_settle_us=0
W (88233) camera_hal: [CAM-DIAG-C16I] SP0A39 test_pattern=on P1:32 before=0x00 write=0x80 read=0x80 expected_bit=0x80
W (88344) rc_tank: [CAM-DIAG-C16R] PROTOCOL window=6 before=0x07 requested=0x07 after=0x07 name=bgn changed=0
W (88345) rc_tank: [CAM-DIAG-C16R] BEACON window=6 before=200 requested=200 after=200 changed=0
W (88352) rc_tank: [CAM-DIAG-C16T] TSF_GUARD window=6 beacon=200 after=0us budget=0us result=ESP_OK
W (88361) rc_tank: [CAM-DIAG-C16T] TSF_TARGET window=6 phase=0us tolerance=0us result=ESP_OK
W (88369) rc_tank: [CAM-DIAG-C16T] RGB_GAIN window=6 requested=110 result=ESP_OK
W (88376) rc_tank: [CAM-DIAG-C16T] PRESENT window=6 mode=direct chunk_lines=60 repeats=1 result=ESP_OK
W (88385) rc_tank: [CAM-DIAG-C16T] TAIL_DRAIN window=6 requested=0us result=ESP_OK
W (88392) rc_tank: [CAM-DIAG-C16T] MISMATCH_PROFILE window=6 source=software_index settle=2us result=ESP_OK
W (88402) rc_video: [CAM-DIAG-C16T] PROFILE window=6 sensor=pattern display=camera idle=0ms full_probe=0 cache=c2m_inv capture=255
W (88413) rc_tank: [CAM-DIAG-C16T] WINDOW_06 start: wifi=on sensor=pattern display=camera idle=0ms full_probe=off cache=c2m_inv dvp=staged100k protocol=bgn beacon=200 guard_after=0us capture_budget=0us target=0us tolerance=0us rgb_gain=110% present=direct chunk_lines=60 repeats=1 tail_drain=0us eof_source=software_index mismatch_settle=2us
W (88448) rc_video: [CAM-DIAG-C16T] LIGHT stage=complete window=5 sensor=real display=camera idle=0ms full_probe=0 cache=c2m_inv frames=63 changes=62 sync_changes=0 sync_calls=63 sync_skips=0 unique=8 overflow=55 pre=abce4c05 post=abce4c05 luma_avg=57.8 luma_min=35 luma_max=123 luma_last=123 avg_probe=2.320ms max_probe=4.157ms tsf_waits=0 tsf_wait_us=0 tsf_wait_max_global_us=0 launch_phase_samples=0 launch_phase_avg=0.0 launch_phase_min=0 launch_phase_max=0 tsf_errors=0
W (93185) rc_video: [CAM-DIAG-C16T] LIGHT stage=periodic window=6 sensor=pattern display=camera idle=0ms full_probe=0 cache=c2m_inv frames=30 changes=0 sync_changes=0 sync_calls=30 sync_skips=0 unique=1 overflow=0 pre=abce4c05 post=abce4c05 luma_avg=123.0 luma_min=123 luma_max=123 luma_last=123 avg_probe=2.300ms max_probe=3.113ms tsf_waits=0 tsf_wait_us=0 tsf_wait_max_global_us=0 launch_phase_samples=0 launch_phase_avg=0.0 launch_phase_min=0 launch_phase_max=0 tsf_errors=0
I (93216) rc_video: [CAM-DIAG-C16T] HEALTH window=6 display_frame=285 guard_errors=0 quiesce=285 resume_before=284 lifecycle_errors=0 pause_req=285 pause_ack=285 pause_timeout=0 cache_sync_err=0 raw_post_err=0 overlap=0 finish_collision=0 tsf_waits=0 tsf_wait_us=0 tsf_wait_max_global_us=0 target=0 tolerance=0 launch_samples=0 launch_min=0 launch_max=0 rgb_gain=110 present=direct chunk_lines=60 repeats=1 tsf_errors=0 staged_events=3136 staged_copies=3135 staged_bytes=160512000 staged_tail=1 staged_forward=570 staged_fallback=0 staged_errors=0 tail_drain=0 tail_waits=0 tail_wait_us=0 eof_callbacks=3136 eof_valid=3135 eof_invalid=0 eof_mismatch=289 eof_half0=1425 eof_half1=1710 eof_mm_blocks=0/0/0/0/0/0/0/0/2/2/285 eof_settle=2 eof_settle_events=30 eof_settle_us=60
W (98053) rc_video: [CAM-DIAG-C16T] LIGHT stage=periodic window=6 sensor=pattern display=camera idle=0ms full_probe=0 cache=c2m_inv frames=60 changes=0 sync_changes=0 sync_calls=60 sync_skips=0 unique=1 overflow=0 pre=abce4c05 post=abce4c05 luma_avg=123.0 luma_min=123 luma_max=123 luma_last=123 avg_probe=2.289ms max_probe=3.113ms tsf_waits=0 tsf_wait_us=0 tsf_wait_max_global_us=0 launch_phase_samples=0 launch_phase_avg=0.0 launch_phase_min=0 launch_phase_max=0 tsf_errors=0
I (98084) rc_video: [CAM-DIAG-C16T] HEALTH window=6 display_frame=315 guard_errors=0 quiesce=315 resume_before=314 lifecycle_errors=0 pause_req=315 pause_ack=315 pause_timeout=0 cache_sync_err=0 raw_post_err=0 overlap=0 finish_collision=0 tsf_waits=0 tsf_wait_us=0 tsf_wait_max_global_us=0 target=0 tolerance=0 launch_samples=0 launch_min=0 launch_max=0 rgb_gain=110 present=direct chunk_lines=60 repeats=1 tsf_errors=0 staged_events=3466 staged_copies=3465 staged_bytes=177408000 staged_tail=1 staged_forward=630 staged_fallback=0 staged_errors=0 tail_drain=0 tail_waits=0 tail_wait_us=0 eof_callbacks=3466 eof_valid=3465 eof_invalid=0 eof_mismatch=319 eof_half0=1575 eof_half1=1890 eof_mm_blocks=0/0/0/0/0/0/0/0/2/2/315 eof_settle=2 eof_settle_events=60 eof_settle_us=120
W (98445) camera_hal: [CAM-DIAG-C16I] SP0A39 test_pattern=off P1:32 before=0x80 write=0x00 read=0x00 expected_bit=0x00
W (98555) rc_tank: [CAM-DIAG-C16R] PROTOCOL window=7 before=0x07 requested=0x07 after=0x07 name=bgn changed=0
W (98556) rc_tank: [CAM-DIAG-C16R] BEACON window=7 before=200 requested=200 after=200 changed=0
W (98563) rc_tank: [CAM-DIAG-C16T] TSF_GUARD window=7 beacon=200 after=0us budget=0us result=ESP_OK
W (98571) rc_tank: [CAM-DIAG-C16T] TSF_TARGET window=7 phase=0us tolerance=0us result=ESP_OK
W (98580) rc_tank: [CAM-DIAG-C16T] RGB_GAIN window=7 requested=110 result=ESP_OK
W (98587) rc_tank: [CAM-DIAG-C16T] PRESENT window=7 mode=direct chunk_lines=60 repeats=1 result=ESP_OK
W (98596) rc_tank: [CAM-DIAG-C16T] TAIL_DRAIN window=7 requested=0us result=ESP_OK
W (98603) rc_tank: [CAM-DIAG-C16T] MISMATCH_PROFILE window=7 source=software_index settle=2us result=ESP_OK
W (98612) rc_video: [CAM-DIAG-C16T] PROFILE window=7 sensor=real display=camera idle=0ms full_probe=0 cache=c2m_inv capture=318
W (98624) rc_tank: [CAM-DIAG-C16T] WINDOW_07 start: wifi=on sensor=real display=camera idle=0ms full_probe=off cache=c2m_inv dvp=staged100k protocol=bgn beacon=200 guard_after=0us capture_budget=0us target=0us tolerance=0us rgb_gain=110% present=direct chunk_lines=60 repeats=1 tail_drain=0us eof_source=software_index mismatch_settle=2us
W (98660) rc_video: [CAM-DIAG-C16T] LIGHT stage=complete window=6 sensor=pattern display=camera idle=0ms full_probe=0 cache=c2m_inv frames=63 changes=1 sync_changes=0 sync_calls=63 sync_skips=0 unique=2 overflow=0 pre=fea7d76f post=fea7d76f luma_avg=121.9 luma_min=56 luma_max=123 luma_last=56 avg_probe=2.308ms max_probe=3.252ms tsf_waits=0 tsf_wait_us=0 tsf_wait_max_global_us=0 launch_phase_samples=0 launch_phase_avg=0.0 launch_phase_min=0 launch_phase_max=0 tsf_errors=0
W (103400) rc_video: [CAM-DIAG-C16T] LIGHT stage=periodic window=7 sensor=real display=camera idle=0ms full_probe=0 cache=c2m_inv frames=30 changes=29 sync_changes=0 sync_calls=30 sync_skips=0 unique=8 overflow=22 pre=9698f595 post=9698f595 luma_avg=57.4 luma_min=57 luma_max=58 luma_last=57 avg_probe=2.290ms max_probe=2.521ms tsf_waits=0 tsf_wait_us=0 tsf_wait_max_global_us=0 launch_phase_samples=0 launch_phase_avg=0.0 launch_phase_min=0 launch_phase_max=0 tsf_errors=0
I (103431) rc_video: [CAM-DIAG-C16T] HEALTH window=7 display_frame=348 guard_errors=0 quiesce=348 resume_before=347 lifecycle_errors=0 pause_req=348 pause_ack=348 pause_timeout=0 cache_sync_err=0 raw_post_err=0 overlap=0 finish_collision=0 tsf_waits=0 tsf_wait_us=0 tsf_wait_max_global_us=0 target=0 tolerance=0 launch_samples=0 launch_min=0 launch_max=0 rgb_gain=110 present=direct chunk_lines=60 repeats=1 tsf_errors=0 staged_events=3829 staged_copies=3828 staged_bytes=195993600 staged_tail=1 staged_forward=696 staged_fallback=0 staged_errors=0 tail_drain=0 tail_waits=0 tail_wait_us=0 eof_callbacks=3829 eof_valid=3828 eof_invalid=0 eof_mismatch=352 eof_half0=1740 eof_half1=2088 eof_mm_blocks=0/0/0/0/0/0/0/0/2/2/348 eof_settle=2 eof_settle_events=93 eof_settle_us=186
W (105830) dvp_ext: invalid state 1

W (105869) dvp_ext: invalid state 1

W (108266) rc_video: [CAM-DIAG-C16T] LIGHT stage=periodic window=7 sensor=real display=camera idle=0ms full_probe=0 cache=c2m_inv frames=60 changes=59 sync_changes=0 sync_calls=60 sync_skips=0 unique=8 overflow=52 pre=3007115e post=3007115e luma_avg=62.2 luma_min=57 luma_max=71 luma_last=68 avg_probe=2.277ms max_probe=2.620ms tsf_waits=0 tsf_wait_us=0 tsf_wait_max_global_us=0 launch_phase_samples=0 launch_phase_avg=0.0 launch_phase_min=0 launch_phase_max=0 tsf_errors=0
I (108297) rc_video: [CAM-DIAG-C16T] HEALTH window=7 display_frame=378 guard_errors=0 quiesce=378 resume_before=377 lifecycle_errors=0 pause_req=378 pause_ack=378 pause_timeout=0 cache_sync_err=0 raw_post_err=0 overlap=0 finish_collision=0 tsf_waits=0 tsf_wait_us=0 tsf_wait_max_global_us=0 target=0 tolerance=0 launch_samples=0 launch_min=0 launch_max=0 rgb_gain=110 present=direct chunk_lines=60 repeats=1 tsf_errors=0 staged_events=4159 staged_copies=4158 staged_bytes=212889600 staged_tail=1 staged_forward=758 staged_fallback=0 staged_errors=0 tail_drain=0 tail_waits=0 tail_wait_us=0 eof_callbacks=4159 eof_valid=4158 eof_invalid=0 eof_mismatch=382 eof_half0=1890 eof_half1=2268 eof_mm_blocks=0/0/0/0/0/0/0/0/2/2/378 eof_settle=2 eof_settle_events=123 eof_settle_us=246
W (108655) camera_hal: [CAM-DIAG-C16I] SP0A39 test_pattern=on P1:32 before=0x00 write=0x80 read=0x80 expected_bit=0x80
W (108766) rc_tank: [CAM-DIAG-C16R] PROTOCOL window=8 before=0x07 requested=0x07 after=0x07 name=bgn changed=0
W (108767) rc_tank: [CAM-DIAG-C16R] BEACON window=8 before=200 requested=200 after=200 changed=0
W (108774) rc_tank: [CAM-DIAG-C16T] TSF_GUARD window=8 beacon=200 after=0us budget=0us result=ESP_OK
W (108783) rc_tank: [CAM-DIAG-C16T] TSF_TARGET window=8 phase=0us tolerance=0us result=ESP_OK
W (108791) rc_tank: [CAM-DIAG-C16T] RGB_GAIN window=8 requested=110 result=ESP_OK
W (108799) rc_tank: [CAM-DIAG-C16T] PRESENT window=8 mode=direct chunk_lines=60 repeats=1 result=ESP_OK
W (108808) rc_tank: [CAM-DIAG-C16T] TAIL_DRAIN window=8 requested=0us result=ESP_OK
W (108815) rc_tank: [CAM-DIAG-C16T] MISMATCH_PROFILE window=8 source=software_index settle=5us result=ESP_OK
W (108825) rc_video: [CAM-DIAG-C16T] PROFILE window=8 sensor=pattern display=camera idle=0ms full_probe=0 cache=c2m_inv capture=381
W (108836) rc_tank: [CAM-DIAG-C16T] WINDOW_08 start: wifi=on sensor=pattern display=camera idle=0ms full_probe=off cache=c2m_inv dvp=staged100k protocol=bgn beacon=200 guard_after=0us capture_budget=0us target=0us tolerance=0us rgb_gain=110% present=direct chunk_lines=60 repeats=1 tail_drain=0us eof_source=software_index mismatch_settle=5us
W (108871) rc_video: [CAM-DIAG-C16T] LIGHT stage=complete window=7 sensor=real display=camera idle=0ms full_probe=0 cache=c2m_inv frames=63 changes=62 sync_changes=0 sync_calls=63 sync_skips=0 unique=8 overflow=55 pre=abce4c05 post=abce4c05 luma_avg=63.4 luma_min=57 luma_max=123 luma_last=123 avg_probe=2.291ms max_probe=3.270ms tsf_waits=0 tsf_wait_us=0 tsf_wait_max_global_us=0 launch_phase_samples=0 launch_phase_avg=0.0 launch_phase_min=0 launch_phase_max=0 tsf_errors=0
W (113609) rc_video: [CAM-DIAG-C16T] LIGHT stage=periodic window=8 sensor=pattern display=camera idle=0ms full_probe=0 cache=c2m_inv frames=30 changes=0 sync_changes=0 sync_calls=30 sync_skips=0 unique=1 overflow=0 pre=abce4c05 post=abce4c05 luma_avg=123.0 luma_min=123 luma_max=123 luma_last=123 avg_probe=2.258ms max_probe=2.430ms tsf_waits=0 tsf_wait_us=0 tsf_wait_max_global_us=0 launch_phase_samples=0 launch_phase_avg=0.0 launch_phase_min=0 launch_phase_max=0 tsf_errors=0
I (113640) rc_video: [CAM-DIAG-C16T] HEALTH window=8 display_frame=411 guard_errors=0 quiesce=411 resume_before=410 lifecycle_errors=0 pause_req=411 pause_ack=411 pause_timeout=0 cache_sync_err=0 raw_post_err=0 overlap=0 finish_collision=0 tsf_waits=0 tsf_wait_us=0 tsf_wait_max_global_us=0 target=0 tolerance=0 launch_samples=0 launch_min=0 launch_max=0 rgb_gain=110 present=direct chunk_lines=60 repeats=1 tsf_errors=0 staged_events=4522 staged_copies=4521 staged_bytes=231475200 staged_tail=1 staged_forward=824 staged_fallback=0 staged_errors=0 tail_drain=0 tail_waits=0 tail_wait_us=0 eof_callbacks=4522 eof_valid=4521 eof_invalid=0 eof_mismatch=415 eof_half0=2055 eof_half1=2466 eof_mm_blocks=0/0/0/0/0/0/0/0/2/2/411 eof_settle=5 eof_settle_events=156 eof_settle_us=402
W (118476) rc_video: [CAM-DIAG-C16T] LIGHT stage=periodic window=8 sensor=pattern display=camera idle=0ms full_probe=0 cache=c2m_inv frames=60 changes=0 sync_changes=0 sync_calls=60 sync_skips=0 unique=1 overflow=0 pre=abce4c05 post=abce4c05 luma_avg=123.0 luma_min=123 luma_max=123 luma_last=123 avg_probe=2.260ms max_probe=2.599ms tsf_waits=0 tsf_wait_us=0 tsf_wait_max_global_us=0 launch_phase_samples=0 launch_phase_avg=0.0 launch_phase_min=0 launch_phase_max=0 tsf_errors=0
I (118507) rc_video: [CAM-DIAG-C16T] HEALTH window=8 display_frame=441 guard_errors=0 quiesce=441 resume_before=440 lifecycle_errors=0 pause_req=441 pause_ack=441 pause_timeout=0 cache_sync_err=0 raw_post_err=0 overlap=0 finish_collision=0 tsf_waits=0 tsf_wait_us=0 tsf_wait_max_global_us=0 target=0 tolerance=0 launch_samples=0 launch_min=0 launch_max=0 rgb_gain=110 present=direct chunk_lines=60 repeats=1 tsf_errors=0 staged_events=4852 staged_copies=4851 staged_bytes=248371200 staged_tail=1 staged_forward=884 staged_fallback=0 staged_errors=0 tail_drain=0 tail_waits=0 tail_wait_us=0 eof_callbacks=4852 eof_valid=4851 eof_invalid=0 eof_mismatch=445 eof_half0=2205 eof_half1=2646 eof_mm_blocks=0/0/0/0/0/0/0/0/2/2/441 eof_settle=5 eof_settle_events=186 eof_settle_us=552
W (118868) camera_hal: [CAM-DIAG-C16I] SP0A39 test_pattern=off P1:32 before=0x80 write=0x00 read=0x00 expected_bit=0x00
W (118978) rc_tank: [CAM-DIAG-C16R] PROTOCOL window=9 before=0x07 requested=0x07 after=0x07 name=bgn changed=0
W (118979) rc_tank: [CAM-DIAG-C16R] BEACON window=9 before=200 requested=200 after=200 changed=0
W (118986) rc_tank: [CAM-DIAG-C16T] TSF_GUARD window=9 beacon=200 after=0us budget=0us result=ESP_OK
W (118995) rc_tank: [CAM-DIAG-C16T] TSF_TARGET window=9 phase=0us tolerance=0us result=ESP_OK
W (119003) rc_tank: [CAM-DIAG-C16T] RGB_GAIN window=9 requested=110 result=ESP_OK
W (119010) rc_tank: [CAM-DIAG-C16T] PRESENT window=9 mode=direct chunk_lines=60 repeats=1 result=ESP_OK
W (119019) rc_tank: [CAM-DIAG-C16T] TAIL_DRAIN window=9 requested=0us result=ESP_OK
W (119027) rc_tank: [CAM-DIAG-C16T] MISMATCH_PROFILE window=9 source=software_index settle=5us result=ESP_OK
W (119036) rc_video: [CAM-DIAG-C16T] PROFILE window=9 sensor=real display=camera idle=0ms full_probe=0 cache=c2m_inv capture=444
W (119047) rc_tank: [CAM-DIAG-C16T] WINDOW_09 start: wifi=on sensor=real display=camera idle=0ms full_probe=off cache=c2m_inv dvp=staged100k protocol=bgn beacon=200 guard_after=0us capture_budget=0us target=0us tolerance=0us rgb_gain=110% present=direct chunk_lines=60 repeats=1 tail_drain=0us eof_source=software_index mismatch_settle=5us
W (119084) rc_video: [CAM-DIAG-C16T] LIGHT stage=complete window=8 sensor=pattern display=camera idle=0ms full_probe=0 cache=c2m_inv frames=63 changes=1 sync_changes=0 sync_calls=63 sync_skips=0 unique=2 overflow=0 pre=457020e1 post=457020e1 luma_avg=122.1 luma_min=67 luma_max=123 luma_last=67 avg_probe=2.281ms max_probe=3.265ms tsf_waits=0 tsf_wait_us=0 tsf_wait_max_global_us=0 launch_phase_samples=0 launch_phase_avg=0.0 launch_phase_min=0 launch_phase_max=0 tsf_errors=0
W (123820) rc_video: [CAM-DIAG-C16T] LIGHT stage=periodic window=9 sensor=real display=camera idle=0ms full_probe=0 cache=c2m_inv frames=30 changes=29 sync_changes=0 sync_calls=30 sync_skips=0 unique=8 overflow=22 pre=b9773549 post=b9773549 luma_avg=67.3 luma_min=66 luma_max=78 luma_last=67 avg_probe=2.288ms max_probe=2.626ms tsf_waits=0 tsf_wait_us=0 tsf_wait_max_global_us=0 launch_phase_samples=0 launch_phase_avg=0.0 launch_phase_min=0 launch_phase_max=0 tsf_errors=0
I (123851) rc_video: [CAM-DIAG-C16T] HEALTH window=9 display_frame=474 guard_errors=0 quiesce=474 resume_before=473 lifecycle_errors=0 pause_req=474 pause_ack=474 pause_timeout=0 cache_sync_err=0 raw_post_err=0 overlap=0 finish_collision=0 tsf_waits=0 tsf_wait_us=0 tsf_wait_max_global_us=0 target=0 tolerance=0 launch_samples=0 launch_min=0 launch_max=0 rgb_gain=110 present=direct chunk_lines=60 repeats=1 tsf_errors=0 staged_events=5215 staged_copies=5214 staged_bytes=266956800 staged_tail=1 staged_forward=950 staged_fallback=0 staged_errors=0 tail_drain=0 tail_waits=0 tail_wait_us=0 eof_callbacks=5215 eof_valid=5214 eof_invalid=0 eof_mismatch=480 eof_half0=2370 eof_half1=2844 eof_mm_blocks=0/0/0/0/0/0/0/0/3/3/474 eof_settle=5 eof_settle_events=221 eof_settle_us=727
W (128690) rc_video: [CAM-DIAG-C16T] LIGHT stage=periodic window=9 sensor=real display=camera idle=0ms full_probe=0 cache=c2m_inv frames=60 changes=59 sync_changes=0 sync_calls=60 sync_skips=0 unique=8 overflow=52 pre=59ea516f post=59ea516f luma_avg=63.7 luma_min=44 luma_max=78 luma_last=44 avg_probe=2.276ms max_probe=2.626ms tsf_waits=0 tsf_wait_us=0 tsf_wait_max_global_us=0 launch_phase_samples=0 launch_phase_avg=0.0 launch_phase_min=0 launch_phase_max=0 tsf_errors=0
I (128721) rc_video: [CAM-DIAG-C16T] HEALTH window=9 display_frame=504 guard_errors=0 quiesce=504 resume_before=503 lifecycle_errors=0 pause_req=504 pause_ack=504 pause_timeout=0 cache_sync_err=0 raw_post_err=0 overlap=0 finish_collision=0 tsf_waits=0 tsf_wait_us=0 tsf_wait_max_global_us=0 target=0 tolerance=0 launch_samples=0 launch_min=0 launch_max=0 rgb_gain=110 present=direct chunk_lines=60 repeats=1 tsf_errors=0 staged_events=5545 staged_copies=5544 staged_bytes=283852800 staged_tail=1 staged_forward=1010 staged_fallback=0 staged_errors=0 tail_drain=0 tail_waits=0 tail_wait_us=0 eof_callbacks=5545 eof_valid=5544 eof_invalid=0 eof_mismatch=510 eof_half0=2520 eof_half1=3024 eof_mm_blocks=0/0/0/0/0/0/0/0/3/3/504 eof_settle=5 eof_settle_events=251 eof_settle_us=877
W (129079) camera_hal: [CAM-DIAG-C16I] SP0A39 test_pattern=on P1:32 before=0x00 write=0x80 read=0x80 expected_bit=0x80
W (129186) rc_tank: [CAM-DIAG-C16R] PROTOCOL window=10 before=0x07 requested=0x07 after=0x07 name=bgn changed=0
W (129187) rc_tank: [CAM-DIAG-C16R] BEACON window=10 before=200 requested=200 after=200 changed=0
W (129194) rc_tank: [CAM-DIAG-C16T] TSF_GUARD window=10 beacon=200 after=0us budget=0us result=ESP_OK
W (129203) rc_tank: [CAM-DIAG-C16T] TSF_TARGET window=10 phase=0us tolerance=0us result=ESP_OK
W (129212) rc_tank: [CAM-DIAG-C16T] RGB_GAIN window=10 requested=110 result=ESP_OK
W (129219) rc_tank: [CAM-DIAG-C16T] PRESENT window=10 mode=direct chunk_lines=60 repeats=1 result=ESP_OK
W (129228) rc_tank: [CAM-DIAG-C16T] TAIL_DRAIN window=10 requested=0us result=ESP_OK
W (129236) rc_tank: [CAM-DIAG-C16T] MISMATCH_PROFILE window=10 source=software_index settle=10us result=ESP_OK
W (129245) rc_video: [CAM-DIAG-C16T] PROFILE window=10 sensor=pattern display=camera idle=0ms full_probe=0 cache=c2m_inv capture=507
W (129257) rc_tank: [CAM-DIAG-C16T] WINDOW_10 start: wifi=on sensor=pattern display=camera idle=0ms full_probe=off cache=c2m_inv dvp=staged100k protocol=bgn beacon=200 guard_after=0us capture_budget=0us target=0us tolerance=0us rgb_gain=110% present=direct chunk_lines=60 repeats=1 tail_drain=0us eof_source=software_index mismatch_settle=10us
W (129294) rc_video: [CAM-DIAG-C16T] LIGHT stage=complete window=9 sensor=real display=camera idle=0ms full_probe=0 cache=c2m_inv frames=63 changes=62 sync_changes=0 sync_calls=63 sync_skips=0 unique=8 overflow=55 pre=abce4c05 post=abce4c05 luma_avg=64.0 luma_min=44 luma_max=123 luma_last=123 avg_probe=2.280ms max_probe=2.626ms tsf_waits=0 tsf_wait_us=0 tsf_wait_max_global_us=0 launch_phase_samples=0 launch_phase_avg=0.0 launch_phase_min=0 launch_phase_max=0 tsf_errors=0
W (134031) rc_video: [CAM-DIAG-C16T] LIGHT stage=periodic window=10 sensor=pattern display=camera idle=0ms full_probe=0 cache=c2m_inv frames=30 changes=1 sync_changes=0 sync_calls=30 sync_skips=0 unique=2 overflow=0 pre=abce4c05 post=abce4c05 luma_avg=122.5 luma_min=107 luma_max=123 luma_last=123 avg_probe=2.292ms max_probe=2.616ms tsf_waits=0 tsf_wait_us=0 tsf_wait_max_global_us=0 launch_phase_samples=0 launch_phase_avg=0.0 launch_phase_min=0 launch_phase_max=0 tsf_errors=0
I (134063) rc_video: [CAM-DIAG-C16T] HEALTH window=10 display_frame=537 guard_errors=0 quiesce=537 resume_before=536 lifecycle_errors=0 pause_req=537 pause_ack=537 pause_timeout=0 cache_sync_err=0 raw_post_err=0 overlap=0 finish_collision=0 tsf_waits=0 tsf_wait_us=0 tsf_wait_max_global_us=0 target=0 tolerance=0 launch_samples=0 launch_min=0 launch_max=0 rgb_gain=110 present=direct chunk_lines=60 repeats=1 tsf_errors=0 staged_events=5908 staged_copies=5907 staged_bytes=302438400 staged_tail=1 staged_forward=1076 staged_fallback=0 staged_errors=0 tail_drain=0 tail_waits=0 tail_wait_us=0 eof_callbacks=5908 eof_valid=5907 eof_invalid=0 eof_mismatch=545 eof_half0=2685 eof_half1=3222 eof_mm_blocks=0/0/0/0/0/0/0/0/4/4/537 eof_settle=10 eof_settle_events=286 eof_settle_us=1212
W (138899) rc_video: [CAM-DIAG-C16T] LIGHT stage=periodic window=10 sensor=pattern display=camera idle=0ms full_probe=0 cache=c2m_inv frames=60 changes=1 sync_changes=0 sync_calls=60 sync_skips=0 unique=2 overflow=0 pre=abce4c05 post=abce4c05 luma_avg=122.7 luma_min=107 luma_max=123 luma_last=123 avg_probe=2.280ms max_probe=2.616ms tsf_waits=0 tsf_wait_us=0 tsf_wait_max_global_us=0 launch_phase_samples=0 launch_phase_avg=0.0 launch_phase_min=0 launch_phase_max=0 tsf_errors=0
I (138931) rc_video: [CAM-DIAG-C16T] HEALTH window=10 display_frame=567 guard_errors=0 quiesce=567 resume_before=566 lifecycle_errors=0 pause_req=567 pause_ack=567 pause_timeout=0 cache_sync_err=0 raw_post_err=0 overlap=0 finish_collision=0 tsf_waits=0 tsf_wait_us=0 tsf_wait_max_global_us=0 target=0 tolerance=0 launch_samples=0 launch_min=0 launch_max=0 rgb_gain=110 present=direct chunk_lines=60 repeats=1 tsf_errors=0 staged_events=6238 staged_copies=6237 staged_bytes=319334400 staged_tail=1 staged_forward=1136 staged_fallback=0 staged_errors=0 tail_drain=0 tail_waits=0 tail_wait_us=0 eof_callbacks=6238 eof_valid=6237 eof_invalid=0 eof_mismatch=575 eof_half0=2835 eof_half1=3402 eof_mm_blocks=0/0/0/0/0/0/0/0/4/4/567 eof_settle=10 eof_settle_events=316 eof_settle_us=1512
W (139289) camera_hal: [CAM-DIAG-C16I] SP0A39 test_pattern=off P1:32 before=0x80 write=0x00 read=0x00 expected_bit=0x00
W (139401) rc_tank: [CAM-DIAG-C16R] PROTOCOL window=11 before=0x07 requested=0x07 after=0x07 name=bgn changed=0
W (139402) rc_tank: [CAM-DIAG-C16R] BEACON window=11 before=200 requested=200 after=200 changed=0
W (139409) rc_tank: [CAM-DIAG-C16T] TSF_GUARD window=11 beacon=200 after=0us budget=0us result=ESP_OK
W (139418) rc_tank: [CAM-DIAG-C16T] TSF_TARGET window=11 phase=0us tolerance=0us result=ESP_OK
W (139426) rc_tank: [CAM-DIAG-C16T] RGB_GAIN window=11 requested=110 result=ESP_OK
W (139434) rc_tank: [CAM-DIAG-C16T] PRESENT window=11 mode=direct chunk_lines=60 repeats=1 result=ESP_OK
W (139443) rc_tank: [CAM-DIAG-C16T] TAIL_DRAIN window=11 requested=0us result=ESP_OK
W (139450) rc_tank: [CAM-DIAG-C16T] MISMATCH_PROFILE window=11 source=software_index settle=10us result=ESP_OK
W (139460) rc_video: [CAM-DIAG-C16T] PROFILE window=11 sensor=real display=camera idle=0ms full_probe=0 cache=c2m_inv capture=570
W (139471) rc_tank: [CAM-DIAG-C16T] WINDOW_11 start: wifi=on sensor=real display=camera idle=0ms full_probe=off cache=c2m_inv dvp=staged100k protocol=bgn beacon=200 guard_after=0us capture_budget=0us target=0us tolerance=0us rgb_gain=110% present=direct chunk_lines=60 repeats=1 tail_drain=0us eof_source=software_index mismatch_settle=10us
W (139506) rc_video: [CAM-DIAG-C16T] LIGHT stage=complete window=10 sensor=pattern display=camera idle=0ms full_probe=0 cache=c2m_inv frames=63 changes=2 sync_changes=0 sync_calls=63 sync_skips=0 unique=3 overflow=0 pre=f3db2266 post=f3db2266 luma_avg=121.7 luma_min=59 luma_max=123 luma_last=59 avg_probe=2.295ms max_probe=3.308ms tsf_waits=0 tsf_wait_us=0 tsf_wait_max_global_us=0 launch_phase_samples=0 launch_phase_avg=0.0 launch_phase_min=0 launch_phase_max=0 tsf_errors=0
W (144243) rc_video: [CAM-DIAG-C16T] LIGHT stage=periodic window=11 sensor=real display=camera idle=0ms full_probe=0 cache=c2m_inv frames=30 changes=29 sync_changes=0 sync_calls=30 sync_skips=0 unique=8 overflow=22 pre=abb01212 post=abb01212 luma_avg=57.7 luma_min=56 luma_max=62 luma_last=57 avg_probe=2.276ms max_probe=2.602ms tsf_waits=0 tsf_wait_us=0 tsf_wait_max_global_us=0 launch_phase_samples=0 launch_phase_avg=0.0 launch_phase_min=0 launch_phase_max=0 tsf_errors=0
I (144274) rc_video: [CAM-DIAG-C16T] HEALTH window=11 display_frame=600 guard_errors=0 quiesce=600 resume_before=599 lifecycle_errors=0 pause_req=600 pause_ack=600 pause_timeout=0 cache_sync_err=0 raw_post_err=0 overlap=0 finish_collision=0 tsf_waits=0 tsf_wait_us=0 tsf_wait_max_global_us=0 target=0 tolerance=0 launch_samples=0 launch_min=0 launch_max=0 rgb_gain=110 present=direct chunk_lines=60 repeats=1 tsf_errors=0 staged_events=6601 staged_copies=6600 staged_bytes=337920000 staged_tail=1 staged_forward=1202 staged_fallback=0 staged_errors=0 tail_drain=0 tail_waits=0 tail_wait_us=0 eof_callbacks=6601 eof_valid=6600 eof_invalid=0 eof_mismatch=608 eof_half0=3000 eof_half1=3600 eof_mm_blocks=0/0/0/0/0/0/0/0/4/4/600 eof_settle=10 eof_settle_events=349 eof_settle_us=1842
W (149111) rc_video: [CAM-DIAG-C16T] LIGHT stage=periodic window=11 sensor=real display=camera idle=0ms full_probe=0 cache=c2m_inv frames=60 changes=59 sync_changes=0 sync_calls=60 sync_skips=0 unique=8 overflow=52 pre=53b62f1b post=53b62f1b luma_avg=57.3 luma_min=56 luma_max=62 luma_last=57 avg_probe=2.273ms max_probe=2.621ms tsf_waits=0 tsf_wait_us=0 tsf_wait_max_global_us=0 launch_phase_samples=0 launch_phase_avg=0.0 launch_phase_min=0 launch_phase_max=0 tsf_errors=0
I (149142) rc_video: [CAM-DIAG-C16T] HEALTH window=11 display_frame=630 guard_errors=0 quiesce=630 resume_before=629 lifecycle_errors=0 pause_req=630 pause_ack=630 pause_timeout=0 cache_sync_err=0 raw_post_err=0 overlap=0 finish_collision=0 tsf_waits=0 tsf_wait_us=0 tsf_wait_max_global_us=0 target=0 tolerance=0 launch_samples=0 launch_min=0 launch_max=0 rgb_gain=110 present=direct chunk_lines=60 repeats=1 tsf_errors=0 staged_events=6931 staged_copies=6930 staged_bytes=354816000 staged_tail=1 staged_forward=1262 staged_fallback=0 staged_errors=0 tail_drain=0 tail_waits=0 tail_wait_us=0 eof_callbacks=6931 eof_valid=6930 eof_invalid=0 eof_mismatch=638 eof_half0=3150 eof_half1=3780 eof_mm_blocks=0/0/0/0/0/0/0/0/4/4/630 eof_settle=10 eof_settle_events=379 eof_settle_us=2142
W (149503) camera_hal: [CAM-DIAG-C16I] SP0A39 test_pattern=on P1:32 before=0x00 write=0x80 read=0x80 expected_bit=0x80
W (149609) rc_tank: [CAM-DIAG-C16R] PROTOCOL window=12 before=0x07 requested=0x07 after=0x07 name=bgn changed=0
W (149611) rc_tank: [CAM-DIAG-C16R] BEACON window=12 before=200 requested=200 after=200 changed=0
W (149618) rc_tank: [CAM-DIAG-C16T] TSF_GUARD window=12 beacon=200 after=0us budget=0us result=ESP_OK
W (149627) rc_tank: [CAM-DIAG-C16T] TSF_TARGET window=12 phase=0us tolerance=0us result=ESP_OK
W (149635) rc_tank: [CAM-DIAG-C16T] RGB_GAIN window=12 requested=110 result=ESP_OK
W (149642) rc_tank: [CAM-DIAG-C16T] PRESENT window=12 mode=direct chunk_lines=60 repeats=1 result=ESP_OK
W (149651) rc_tank: [CAM-DIAG-C16T] TAIL_DRAIN window=12 requested=0us result=ESP_OK
W (149659) rc_tank: [CAM-DIAG-C16T] MISMATCH_PROFILE window=12 source=software_index settle=20us result=ESP_OK
W (149669) rc_video: [CAM-DIAG-C16T] PROFILE window=12 sensor=pattern display=camera idle=0ms full_probe=0 cache=c2m_inv capture=633
W (149680) rc_tank: [CAM-DIAG-C16T] WINDOW_12 start: wifi=on sensor=pattern display=camera idle=0ms full_probe=off cache=c2m_inv dvp=staged100k protocol=bgn beacon=200 guard_after=0us capture_budget=0us target=0us tolerance=0us rgb_gain=110% present=direct chunk_lines=60 repeats=1 tail_drain=0us eof_source=software_index mismatch_settle=20us
W (149717) rc_video: [CAM-DIAG-C16T] LIGHT stage=complete window=11 sensor=real display=camera idle=0ms full_probe=0 cache=c2m_inv frames=63 changes=62 sync_changes=0 sync_calls=63 sync_skips=0 unique=8 overflow=55 pre=abce4c05 post=abce4c05 luma_avg=58.3 luma_min=56 luma_max=123 luma_last=123 avg_probe=2.278ms max_probe=2.679ms tsf_waits=0 tsf_wait_us=0 tsf_wait_max_global_us=0 launch_phase_samples=0 launch_phase_avg=0.0 launch_phase_min=0 launch_phase_max=0 tsf_errors=0
W (154454) rc_video: [CAM-DIAG-C16T] LIGHT stage=periodic window=12 sensor=pattern display=camera idle=0ms full_probe=0 cache=c2m_inv frames=30 changes=0 sync_changes=0 sync_calls=30 sync_skips=0 unique=1 overflow=0 pre=abce4c05 post=abce4c05 luma_avg=123.0 luma_min=123 luma_max=123 luma_last=123 avg_probe=2.282ms max_probe=2.658ms tsf_waits=0 tsf_wait_us=0 tsf_wait_max_global_us=0 launch_phase_samples=0 launch_phase_avg=0.0 launch_phase_min=0 launch_phase_max=0 tsf_errors=0
I (154486) rc_video: [CAM-DIAG-C16T] HEALTH window=12 display_frame=663 guard_errors=0 quiesce=663 resume_before=662 lifecycle_errors=0 pause_req=663 pause_ack=663 pause_timeout=0 cache_sync_err=0 raw_post_err=0 overlap=0 finish_collision=0 tsf_waits=0 tsf_wait_us=0 tsf_wait_max_global_us=0 target=0 tolerance=0 launch_samples=0 launch_min=0 launch_max=0 rgb_gain=110 present=direct chunk_lines=60 repeats=1 tsf_errors=0 staged_events=7294 staged_copies=7293 staged_bytes=373401600 staged_tail=1 staged_forward=1328 staged_fallback=0 staged_errors=0 tail_drain=0 tail_waits=0 tail_wait_us=0 eof_callbacks=7294 eof_valid=7293 eof_invalid=0 eof_mismatch=671 eof_half0=3315 eof_half1=3978 eof_mm_blocks=0/0/0/0/0/0/0/0/4/4/663 eof_settle=20 eof_settle_events=412 eof_settle_us=2772
W (159322) rc_video: [CAM-DIAG-C16T] LIGHT stage=periodic window=12 sensor=pattern display=camera idle=0ms full_probe=0 cache=c2m_inv frames=60 changes=0 sync_changes=0 sync_calls=60 sync_skips=0 unique=1 overflow=0 pre=abce4c05 post=abce4c05 luma_avg=123.0 luma_min=123 luma_max=123 luma_last=123 avg_probe=2.278ms max_probe=2.658ms tsf_waits=0 tsf_wait_us=0 tsf_wait_max_global_us=0 launch_phase_samples=0 launch_phase_avg=0.0 launch_phase_min=0 launch_phase_max=0 tsf_errors=0
I (159354) rc_video: [CAM-DIAG-C16T] HEALTH window=12 display_frame=693 guard_errors=0 quiesce=693 resume_before=692 lifecycle_errors=0 pause_req=693 pause_ack=693 pause_timeout=0 cache_sync_err=0 raw_post_err=0 overlap=0 finish_collision=0 tsf_waits=0 tsf_wait_us=0 tsf_wait_max_global_us=0 target=0 tolerance=0 launch_samples=0 launch_min=0 launch_max=0 rgb_gain=110 present=direct chunk_lines=60 repeats=1 tsf_errors=0 staged_events=7624 staged_copies=7623 staged_bytes=390297600 staged_tail=1 staged_forward=1388 staged_fallback=0 staged_errors=0 tail_drain=0 tail_waits=0 tail_wait_us=0 eof_callbacks=7624 eof_valid=7623 eof_invalid=0 eof_mismatch=701 eof_half0=3465 eof_half1=4158 eof_mm_blocks=0/0/0/0/0/0/0/0/4/4/693 eof_settle=20 eof_settle_events=442 eof_settle_us=3372
W (159712) camera_hal: [CAM-DIAG-C16I] SP0A39 test_pattern=off P1:32 before=0x80 write=0x00 read=0x00 expected_bit=0x00
W (159825) rc_tank: [CAM-DIAG-C16R] PROTOCOL window=13 before=0x07 requested=0x07 after=0x07 name=bgn changed=0
W (159826) rc_tank: [CAM-DIAG-C16R] BEACON window=13 before=200 requested=200 after=200 changed=0
W (159833) rc_tank: [CAM-DIAG-C16T] TSF_GUARD window=13 beacon=200 after=0us budget=0us result=ESP_OK
W (159842) rc_tank: [CAM-DIAG-C16T] TSF_TARGET window=13 phase=0us tolerance=0us result=ESP_OK
W (159850) rc_tank: [CAM-DIAG-C16T] RGB_GAIN window=13 requested=110 result=ESP_OK
W (159857) rc_tank: [CAM-DIAG-C16T] PRESENT window=13 mode=direct chunk_lines=60 repeats=1 result=ESP_OK
W (159867) rc_tank: [CAM-DIAG-C16T] TAIL_DRAIN window=13 requested=0us result=ESP_OK
W (159874) rc_tank: [CAM-DIAG-C16T] MISMATCH_PROFILE window=13 source=software_index settle=20us result=ESP_OK
W (159884) rc_video: [CAM-DIAG-C16T] PROFILE window=13 sensor=real display=camera idle=0ms full_probe=0 cache=c2m_inv capture=696
W (159895) rc_tank: [CAM-DIAG-C16T] WINDOW_13 start: wifi=on sensor=real display=camera idle=0ms full_probe=off cache=c2m_inv dvp=staged100k protocol=bgn beacon=200 guard_after=0us capture_budget=0us target=0us tolerance=0us rgb_gain=110% present=direct chunk_lines=60 repeats=1 tail_drain=0us eof_source=software_index mismatch_settle=20us
W (159930) rc_video: [CAM-DIAG-C16T] LIGHT stage=complete window=12 sensor=pattern display=camera idle=0ms full_probe=0 cache=c2m_inv frames=63 changes=1 sync_changes=0 sync_calls=63 sync_skips=0 unique=2 overflow=0 pre=b5b83e7d post=b5b83e7d luma_avg=122.0 luma_min=62 luma_max=123 luma_last=62 avg_probe=2.309ms max_probe=4.274ms tsf_waits=0 tsf_wait_us=0 tsf_wait_max_global_us=0 launch_phase_samples=0 launch_phase_avg=0.0 launch_phase_min=0 launch_phase_max=0 tsf_errors=0
W (164666) rc_video: [CAM-DIAG-C16T] LIGHT stage=periodic window=13 sensor=real display=camera idle=0ms full_probe=0 cache=c2m_inv frames=30 changes=29 sync_changes=0 sync_calls=30 sync_skips=0 unique=8 overflow=22 pre=b4c33ce9 post=b4c33ce9 luma_avg=60.2 luma_min=57 luma_max=65 luma_last=60 avg_probe=2.297ms max_probe=2.624ms tsf_waits=0 tsf_wait_us=0 tsf_wait_max_global_us=0 launch_phase_samples=0 launch_phase_avg=0.0 launch_phase_min=0 launch_phase_max=0 tsf_errors=0
I (164697) rc_video: [CAM-DIAG-C16T] HEALTH window=13 display_frame=726 guard_errors=0 quiesce=726 resume_before=725 lifecycle_errors=0 pause_req=726 pause_ack=726 pause_timeout=0 cache_sync_err=0 raw_post_err=0 overlap=0 finish_collision=0 tsf_waits=0 tsf_wait_us=0 tsf_wait_max_global_us=0 target=0 tolerance=0 launch_samples=0 launch_min=0 launch_max=0 rgb_gain=110 present=direct chunk_lines=60 repeats=1 tsf_errors=0 staged_events=7987 staged_copies=7986 staged_bytes=408883200 staged_tail=1 staged_forward=1454 staged_fallback=0 staged_errors=0 tail_drain=0 tail_waits=0 tail_wait_us=0 eof_callbacks=7987 eof_valid=7986 eof_invalid=0 eof_mismatch=734 eof_half0=3630 eof_half1=4356 eof_mm_blocks=0/0/0/0/0/0/0/0/4/4/726 eof_settle=20 eof_settle_events=475 eof_settle_us=4032
W (169535) rc_video: [CAM-DIAG-C16T] LIGHT stage=periodic window=13 sensor=real display=camera idle=0ms full_probe=0 cache=c2m_inv frames=60 changes=59 sync_changes=0 sync_calls=60 sync_skips=0 unique=8 overflow=52 pre=46d5df39 post=46d5df39 luma_avg=61.3 luma_min=57 luma_max=66 luma_last=62 avg_probe=2.288ms max_probe=2.624ms tsf_waits=0 tsf_wait_us=0 tsf_wait_max_global_us=0 launch_phase_samples=0 launch_phase_avg=0.0 launch_phase_min=0 launch_phase_max=0 tsf_errors=0
I (169566) rc_video: [CAM-DIAG-C16T] HEALTH window=13 display_frame=756 guard_errors=0 quiesce=756 resume_before=755 lifecycle_errors=0 pause_req=756 pause_ack=756 pause_timeout=0 cache_sync_err=0 raw_post_err=0 overlap=0 finish_collision=0 tsf_waits=0 tsf_wait_us=0 tsf_wait_max_global_us=0 target=0 tolerance=0 launch_samples=0 launch_min=0 launch_max=0 rgb_gain=110 present=direct chunk_lines=60 repeats=1 tsf_errors=0 staged_events=8317 staged_copies=8316 staged_bytes=425779200 staged_tail=1 staged_forward=1514 staged_fallback=0 staged_errors=0 tail_drain=0 tail_waits=0 tail_wait_us=0 eof_callbacks=8317 eof_valid=8316 eof_invalid=0 eof_mismatch=764 eof_half0=3780 eof_half1=4536 eof_mm_blocks=0/0/0/0/0/0/0/0/4/4/756 eof_settle=20 eof_settle_events=505 eof_settle_us=4632
W (169927) camera_hal: [CAM-DIAG-C16I] SP0A39 test_pattern=on P1:32 before=0x00 write=0x80 read=0x80 expected_bit=0x80
W (170035) rc_tank: [CAM-DIAG-C16R] PROTOCOL window=14 before=0x07 requested=0x07 after=0x07 name=bgn changed=0
W (170036) rc_tank: [CAM-DIAG-C16R] BEACON window=14 before=200 requested=200 after=200 changed=0
W (170043) rc_tank: [CAM-DIAG-C16T] TSF_GUARD window=14 beacon=200 after=0us budget=0us result=ESP_OK
W (170052) rc_tank: [CAM-DIAG-C16T] TSF_TARGET window=14 phase=0us tolerance=0us result=ESP_OK
W (170061) rc_tank: [CAM-DIAG-C16T] RGB_GAIN window=14 requested=110 result=ESP_OK
W (170068) rc_tank: [CAM-DIAG-C16T] PRESENT window=14 mode=direct chunk_lines=60 repeats=1 result=ESP_OK
W (170077) rc_tank: [CAM-DIAG-C16T] TAIL_DRAIN window=14 requested=0us result=ESP_OK
W (170084) rc_tank: [CAM-DIAG-C16T] MISMATCH_PROFILE window=14 source=software_index settle=50us result=ESP_OK
W (170094) rc_video: [CAM-DIAG-C16T] PROFILE window=14 sensor=pattern display=camera idle=0ms full_probe=0 cache=c2m_inv capture=759
W (170106) rc_tank: [CAM-DIAG-C16T] WINDOW_14 start: wifi=on sensor=pattern display=camera idle=0ms full_probe=off cache=c2m_inv dvp=staged100k protocol=bgn beacon=200 guard_after=0us capture_budget=0us target=0us tolerance=0us rgb_gain=110% present=direct chunk_lines=60 repeats=1 tail_drain=0us eof_source=software_index mismatch_settle=50us
W (170139) rc_video: [CAM-DIAG-C16T] LIGHT stage=complete window=13 sensor=real display=camera idle=0ms full_probe=0 cache=c2m_inv frames=63 changes=62 sync_changes=0 sync_calls=63 sync_skips=0 unique=8 overflow=55 pre=abce4c05 post=abce4c05 luma_avg=62.3 luma_min=57 luma_max=123 luma_last=123 avg_probe=2.304ms max_probe=3.185ms tsf_waits=0 tsf_wait_us=0 tsf_wait_max_global_us=0 launch_phase_samples=0 launch_phase_avg=0.0 launch_phase_min=0 launch_phase_max=0 tsf_errors=0
W (174877) rc_video: [CAM-DIAG-C16T] LIGHT stage=periodic window=14 sensor=pattern display=camera idle=0ms full_probe=0 cache=c2m_inv frames=30 changes=0 sync_changes=0 sync_calls=30 sync_skips=0 unique=1 overflow=0 pre=abce4c05 post=abce4c05 luma_avg=123.0 luma_min=123 luma_max=123 luma_last=123 avg_probe=2.294ms max_probe=2.605ms tsf_waits=0 tsf_wait_us=0 tsf_wait_max_global_us=0 launch_phase_samples=0 launch_phase_avg=0.0 launch_phase_min=0 launch_phase_max=0 tsf_errors=0
I (174908) rc_video: [CAM-DIAG-C16T] HEALTH window=14 display_frame=789 guard_errors=0 quiesce=789 resume_before=788 lifecycle_errors=0 pause_req=789 pause_ack=789 pause_timeout=0 cache_sync_err=0 raw_post_err=0 overlap=0 finish_collision=0 tsf_waits=0 tsf_wait_us=0 tsf_wait_max_global_us=0 target=0 tolerance=0 launch_samples=0 launch_min=0 launch_max=0 rgb_gain=110 present=direct chunk_lines=60 repeats=1 tsf_errors=0 staged_events=8680 staged_copies=8679 staged_bytes=444364800 staged_tail=1 staged_forward=1580 staged_fallback=0 staged_errors=0 tail_drain=0 tail_waits=0 tail_wait_us=0 eof_callbacks=8680 eof_valid=8679 eof_invalid=0 eof_mismatch=797 eof_half0=3945 eof_half1=4734 eof_mm_blocks=0/0/0/0/0/0/0/0/4/4/789 eof_settle=50 eof_settle_events=538 eof_settle_us=6192
W (179745) rc_video: [CAM-DIAG-C16T] LIGHT stage=periodic window=14 sensor=pattern display=camera idle=0ms full_probe=0 cache=c2m_inv frames=60 changes=0 sync_changes=0 sync_calls=60 sync_skips=0 unique=1 overflow=0 pre=abce4c05 post=abce4c05 luma_avg=123.0 luma_min=123 luma_max=123 luma_last=123 avg_probe=2.284ms max_probe=2.605ms tsf_waits=0 tsf_wait_us=0 tsf_wait_max_global_us=0 launch_phase_samples=0 launch_phase_avg=0.0 launch_phase_min=0 launch_phase_max=0 tsf_errors=0
I (179777) rc_video: [CAM-DIAG-C16T] HEALTH window=14 display_frame=819 guard_errors=0 quiesce=819 resume_before=818 lifecycle_errors=0 pause_req=819 pause_ack=819 pause_timeout=0 cache_sync_err=0 raw_post_err=0 overlap=0 finish_collision=0 tsf_waits=0 tsf_wait_us=0 tsf_wait_max_global_us=0 target=0 tolerance=0 launch_samples=0 launch_min=0 launch_max=0 rgb_gain=110 present=direct chunk_lines=60 repeats=1 tsf_errors=0 staged_events=9010 staged_copies=9009 staged_bytes=461260800 staged_tail=1 staged_forward=1640 staged_fallback=0 staged_errors=0 tail_drain=0 tail_waits=0 tail_wait_us=0 eof_callbacks=9010 eof_valid=9009 eof_invalid=0 eof_mismatch=827 eof_half0=4095 eof_half1=4914 eof_mm_blocks=0/0/0/0/0/0/0/0/4/4/819 eof_settle=50 eof_settle_events=568 eof_settle_us=7692
W (180138) camera_hal: [CAM-DIAG-C16I] SP0A39 test_pattern=off P1:32 before=0x80 write=0x00 read=0x00 expected_bit=0x00
W (180247) rc_tank: [CAM-DIAG-C16R] PROTOCOL window=15 before=0x07 requested=0x07 after=0x07 name=bgn changed=0
W (180248) rc_tank: [CAM-DIAG-C16R] BEACON window=15 before=200 requested=200 after=200 changed=0
W (180255) rc_tank: [CAM-DIAG-C16T] TSF_GUARD window=15 beacon=200 after=0us budget=0us result=ESP_OK
W (180264) rc_tank: [CAM-DIAG-C16T] TSF_TARGET window=15 phase=0us tolerance=0us result=ESP_OK
W (180272) rc_tank: [CAM-DIAG-C16T] RGB_GAIN window=15 requested=110 result=ESP_OK
W (180279) rc_tank: [CAM-DIAG-C16T] PRESENT window=15 mode=direct chunk_lines=60 repeats=1 result=ESP_OK
W (180288) rc_tank: [CAM-DIAG-C16T] TAIL_DRAIN window=15 requested=0us result=ESP_OK
W (180296) rc_tank: [CAM-DIAG-C16T] MISMATCH_PROFILE window=15 source=software_index settle=50us result=ESP_OK
W (180306) rc_video: [CAM-DIAG-C16T] PROFILE window=15 sensor=real display=camera idle=0ms full_probe=0 cache=c2m_inv capture=822
W (180317) rc_tank: [CAM-DIAG-C16T] WINDOW_15 start: wifi=on sensor=real display=camera idle=0ms full_probe=off cache=c2m_inv dvp=staged100k protocol=bgn beacon=200 guard_after=0us capture_budget=0us target=0us tolerance=0us rgb_gain=110% present=direct chunk_lines=60 repeats=1 tail_drain=0us eof_source=software_index mismatch_settle=50us
W (180353) rc_video: [CAM-DIAG-C16T] LIGHT stage=complete window=14 sensor=pattern display=camera idle=0ms full_probe=0 cache=c2m_inv frames=63 changes=1 sync_changes=0 sync_calls=63 sync_skips=0 unique=2 overflow=0 pre=af722d19 post=af722d19 luma_avg=122.0 luma_min=60 luma_max=123 luma_last=60 avg_probe=2.300ms max_probe=3.161ms tsf_waits=0 tsf_wait_us=0 tsf_wait_max_global_us=0 launch_phase_samples=0 launch_phase_avg=0.0 launch_phase_min=0 launch_phase_max=0 tsf_errors=0
W (185089) rc_video: [CAM-DIAG-C16T] LIGHT stage=periodic window=15 sensor=real display=camera idle=0ms full_probe=0 cache=c2m_inv frames=30 changes=29 sync_changes=0 sync_calls=30 sync_skips=0 unique=8 overflow=22 pre=45e6d9ae post=45e6d9ae luma_avg=59.8 luma_min=59 luma_max=63 luma_last=59 avg_probe=2.272ms max_probe=2.446ms tsf_waits=0 tsf_wait_us=0 tsf_wait_max_global_us=0 launch_phase_samples=0 launch_phase_avg=0.0 launch_phase_min=0 launch_phase_max=0 tsf_errors=0
I (185120) rc_video: [CAM-DIAG-C16T] HEALTH window=15 display_frame=852 guard_errors=0 quiesce=852 resume_before=851 lifecycle_errors=0 pause_req=852 pause_ack=852 pause_timeout=0 cache_sync_err=0 raw_post_err=0 overlap=0 finish_collision=0 tsf_waits=0 tsf_wait_us=0 tsf_wait_max_global_us=0 target=0 tolerance=0 launch_samples=0 launch_min=0 launch_max=0 rgb_gain=110 present=direct chunk_lines=60 repeats=1 tsf_errors=0 staged_events=9373 staged_copies=9372 staged_bytes=479846400 staged_tail=1 staged_forward=1706 staged_fallback=0 staged_errors=0 tail_drain=0 tail_waits=0 tail_wait_us=0 eof_callbacks=9373 eof_valid=9372 eof_invalid=0 eof_mismatch=862 eof_half0=4260 eof_half1=5112 eof_mm_blocks=0/0/0/0/0/0/0/0/5/5/852 eof_settle=50 eof_settle_events=603 eof_settle_us=9442
W (189957) rc_video: [CAM-DIAG-C16T] LIGHT stage=periodic window=15 sensor=real display=camera idle=0ms full_probe=0 cache=c2m_inv frames=60 changes=59 sync_changes=0 sync_calls=60 sync_skips=0 unique=8 overflow=52 pre=90a80971 post=90a80971 luma_avg=62.2 luma_min=58 luma_max=68 luma_last=65 avg_probe=2.284ms max_probe=2.580ms tsf_waits=0 tsf_wait_us=0 tsf_wait_max_global_us=0 launch_phase_samples=0 launch_phase_avg=0.0 launch_phase_min=0 launch_phase_max=0 tsf_errors=0
I (189988) rc_video: [CAM-DIAG-C16T] HEALTH window=15 display_frame=882 guard_errors=0 quiesce=882 resume_before=881 lifecycle_errors=0 pause_req=882 pause_ack=882 pause_timeout=0 cache_sync_err=0 raw_post_err=0 overlap=0 finish_collision=0 tsf_waits=0 tsf_wait_us=0 tsf_wait_max_global_us=0 target=0 tolerance=0 launch_samples=0 launch_min=0 launch_max=0 rgb_gain=110 present=direct chunk_lines=60 repeats=1 tsf_errors=0 staged_events=9703 staged_copies=9702 staged_bytes=496742400 staged_tail=1 staged_forward=1766 staged_fallback=0 staged_errors=0 tail_drain=0 tail_waits=0 tail_wait_us=0 eof_callbacks=9703 eof_valid=9702 eof_invalid=0 eof_mismatch=892 eof_half0=4410 eof_half1=5292 eof_mm_blocks=0/0/0/0/0/0/0/0/5/5/882 eof_settle=50 eof_settle_events=633 eof_settle_us=10942
W (190349) camera_hal: [CAM-DIAG-C16I] SP0A39 test_pattern=on P1:32 before=0x00 write=0x80 read=0x80 expected_bit=0x80
W (190458) rc_tank: [CAM-DIAG-C16R] PROTOCOL window=16 before=0x07 requested=0x07 after=0x07 name=bgn changed=0
W (190459) rc_tank: [CAM-DIAG-C16R] BEACON window=16 before=200 requested=200 after=200 changed=0
W (190466) rc_tank: [CAM-DIAG-C16T] TSF_GUARD window=16 beacon=200 after=0us budget=0us result=ESP_OK
W (190475) rc_tank: [CAM-DIAG-C16T] TSF_TARGET window=16 phase=0us tolerance=0us result=ESP_OK
W (190484) rc_tank: [CAM-DIAG-C16T] RGB_GAIN window=16 requested=110 result=ESP_OK
W (190491) rc_tank: [CAM-DIAG-C16T] PRESENT window=16 mode=direct chunk_lines=60 repeats=1 result=ESP_OK
W (190500) rc_tank: [CAM-DIAG-C16T] TAIL_DRAIN window=16 requested=0us result=ESP_OK
W (190508) rc_tank: [CAM-DIAG-C16T] MISMATCH_PROFILE window=16 source=software_index settle=100us result=ESP_OK
W (190517) rc_video: [CAM-DIAG-C16T] PROFILE window=16 sensor=pattern display=camera idle=0ms full_probe=0 cache=c2m_inv capture=885
W (190529) rc_tank: [CAM-DIAG-C16T] WINDOW_16 start: wifi=on sensor=pattern display=camera idle=0ms full_probe=off cache=c2m_inv dvp=staged100k protocol=bgn beacon=200 guard_after=0us capture_budget=0us target=0us tolerance=0us rgb_gain=110% present=direct chunk_lines=60 repeats=1 tail_drain=0us eof_source=software_index mismatch_settle=100us
W (190563) rc_video: [CAM-DIAG-C16T] LIGHT stage=complete window=15 sensor=real display=camera idle=0ms full_probe=0 cache=c2m_inv frames=63 changes=62 sync_changes=0 sync_calls=63 sync_skips=0 unique=8 overflow=55 pre=abce4c05 post=abce4c05 luma_avg=63.5 luma_min=58 luma_max=123 luma_last=123 avg_probe=2.302ms max_probe=3.275ms tsf_waits=0 tsf_wait_us=0 tsf_wait_max_global_us=0 launch_phase_samples=0 launch_phase_avg=0.0 launch_phase_min=0 launch_phase_max=0 tsf_errors=0
W (195301) rc_video: [CAM-DIAG-C16T] LIGHT stage=periodic window=16 sensor=pattern display=camera idle=0ms full_probe=0 cache=c2m_inv frames=30 changes=1 sync_changes=0 sync_calls=30 sync_skips=0 unique=2 overflow=0 pre=abce4c05 post=abce4c05 luma_avg=122.5 luma_min=107 luma_max=123 luma_last=123 avg_probe=2.298ms max_probe=2.604ms tsf_waits=0 tsf_wait_us=0 tsf_wait_max_global_us=0 launch_phase_samples=0 launch_phase_avg=0.0 launch_phase_min=0 launch_phase_max=0 tsf_errors=0
I (195332) rc_video: [CAM-DIAG-C16T] HEALTH window=16 display_frame=915 guard_errors=0 quiesce=915 resume_before=914 lifecycle_errors=0 pause_req=915 pause_ack=915 pause_timeout=0 cache_sync_err=0 raw_post_err=0 overlap=0 finish_collision=0 tsf_waits=0 tsf_wait_us=0 tsf_wait_max_global_us=0 target=0 tolerance=0 launch_samples=0 launch_min=0 launch_max=0 rgb_gain=110 present=direct chunk_lines=60 repeats=1 tsf_errors=0 staged_events=10066 staged_copies=10065 staged_bytes=515328000 staged_tail=1 staged_forward=1832 staged_fallback=0 staged_errors=0 tail_drain=0 tail_waits=0 tail_wait_us=0 eof_callbacks=10066 eof_valid=10065 eof_invalid=0 eof_mismatch=927 eof_half0=4575 eof_half1=5490 eof_mm_blocks=0/0/0/0/0/0/0/0/6/6/915 eof_settle=100 eof_settle_events=668 eof_settle_us=14292
W (200169) rc_video: [CAM-DIAG-C16T] LIGHT stage=periodic window=16 sensor=pattern display=camera idle=0ms full_probe=0 cache=c2m_inv frames=60 changes=1 sync_changes=0 sync_calls=60 sync_skips=0 unique=2 overflow=0 pre=abce4c05 post=abce4c05 luma_avg=122.7 luma_min=107 luma_max=123 luma_last=123 avg_probe=2.295ms max_probe=3.082ms tsf_waits=0 tsf_wait_us=0 tsf_wait_max_global_us=0 launch_phase_samples=0 launch_phase_avg=0.0 launch_phase_min=0 launch_phase_max=0 tsf_errors=0
I (200201) rc_video: [CAM-DIAG-C16T] HEALTH window=16 display_frame=945 guard_errors=0 quiesce=945 resume_before=944 lifecycle_errors=0 pause_req=945 pause_ack=945 pause_timeout=0 cache_sync_err=0 raw_post_err=0 overlap=0 finish_collision=0 tsf_waits=0 tsf_wait_us=0 tsf_wait_max_global_us=0 target=0 tolerance=0 launch_samples=0 launch_min=0 launch_max=0 rgb_gain=110 present=direct chunk_lines=60 repeats=1 tsf_errors=0 staged_events=10396 staged_copies=10395 staged_bytes=532224000 staged_tail=1 staged_forward=1892 staged_fallback=0 staged_errors=0 tail_drain=0 tail_waits=0 tail_wait_us=0 eof_callbacks=10396 eof_valid=10395 eof_invalid=0 eof_mismatch=957 eof_half0=4725 eof_half1=5670 eof_mm_blocks=0/0/0/0/0/0/0/0/6/6/945 eof_settle=100 eof_settle_events=698 eof_settle_us=17292
W (200561) camera_hal: [CAM-DIAG-C16I] SP0A39 test_pattern=off P1:32 before=0x80 write=0x00 read=0x00 expected_bit=0x00
W (200670) rc_tank: [CAM-DIAG-C16R] PROTOCOL window=17 before=0x07 requested=0x07 after=0x07 name=bgn changed=0
W (200671) rc_tank: [CAM-DIAG-C16R] BEACON window=17 before=200 requested=200 after=200 changed=0
W (200678) rc_tank: [CAM-DIAG-C16T] TSF_GUARD window=17 beacon=200 after=0us budget=0us result=ESP_OK
W (200687) rc_tank: [CAM-DIAG-C16T] TSF_TARGET window=17 phase=0us tolerance=0us result=ESP_OK
W (200695) rc_tank: [CAM-DIAG-C16T] RGB_GAIN window=17 requested=110 result=ESP_OK
W (200702) rc_tank: [CAM-DIAG-C16T] PRESENT window=17 mode=direct chunk_lines=60 repeats=1 result=ESP_OK
W (200712) rc_tank: [CAM-DIAG-C16T] TAIL_DRAIN window=17 requested=0us result=ESP_OK
W (200719) rc_tank: [CAM-DIAG-C16T] MISMATCH_PROFILE window=17 source=software_index settle=100us result=ESP_OK
W (200729) rc_video: [CAM-DIAG-C16T] PROFILE window=17 sensor=real display=camera idle=0ms full_probe=0 cache=c2m_inv capture=948
W (200740) rc_tank: [CAM-DIAG-C16T] WINDOW_17 start: wifi=on sensor=real display=camera idle=0ms full_probe=off cache=c2m_inv dvp=staged100k protocol=bgn beacon=200 guard_after=0us capture_budget=0us target=0us tolerance=0us rgb_gain=110% present=direct chunk_lines=60 repeats=1 tail_drain=0us eof_source=software_index mismatch_settle=100us
W (200775) rc_video: [CAM-DIAG-C16T] LIGHT stage=complete window=16 sensor=pattern display=camera idle=0ms full_probe=0 cache=c2m_inv frames=63 changes=2 sync_changes=0 sync_calls=63 sync_skips=0 unique=3 overflow=0 pre=4e4263e8 post=4e4263e8 luma_avg=121.8 luma_min=64 luma_max=123 luma_last=64 avg_probe=2.313ms max_probe=3.293ms tsf_waits=0 tsf_wait_us=0 tsf_wait_max_global_us=0 launch_phase_samples=0 launch_phase_avg=0.0 launch_phase_min=0 launch_phase_max=0 tsf_errors=0
W (205513) rc_video: [CAM-DIAG-C16T] LIGHT stage=periodic window=17 sensor=real display=camera idle=0ms full_probe=0 cache=c2m_inv frames=30 changes=29 sync_changes=0 sync_calls=30 sync_skips=0 unique=8 overflow=22 pre=e7289826 post=e7289826 luma_avg=65.5 luma_min=59 luma_max=68 luma_last=59 avg_probe=2.278ms max_probe=2.594ms tsf_waits=0 tsf_wait_us=0 tsf_wait_max_global_us=0 launch_phase_samples=0 launch_phase_avg=0.0 launch_phase_min=0 launch_phase_max=0 tsf_errors=0
I (205544) rc_video: [CAM-DIAG-C16T] HEALTH window=17 display_frame=978 guard_errors=0 quiesce=978 resume_before=977 lifecycle_errors=0 pause_req=978 pause_ack=978 pause_timeout=0 cache_sync_err=0 raw_post_err=0 overlap=0 finish_collision=0 tsf_waits=0 tsf_wait_us=0 tsf_wait_max_global_us=0 target=0 tolerance=0 launch_samples=0 launch_min=0 launch_max=0 rgb_gain=110 present=direct chunk_lines=60 repeats=1 tsf_errors=0 staged_events=10759 staged_copies=10758 staged_bytes=550809600 staged_tail=1 staged_forward=1958 staged_fallback=0 staged_errors=0 tail_drain=0 tail_waits=0 tail_wait_us=0 eof_callbacks=10759 eof_valid=10758 eof_invalid=0 eof_mismatch=990 eof_half0=4890 eof_half1=5868 eof_mm_blocks=0/0/0/0/0/0/0/0/6/6/978 eof_settle=100 eof_settle_events=731 eof_settle_us=20592
W (210380) rc_video: [CAM-DIAG-C16T] LIGHT stage=periodic window=17 sensor=real display=camera idle=0ms full_probe=0 cache=c2m_inv frames=60 changes=59 sync_changes=0 sync_calls=60 sync_skips=0 unique=8 overflow=52 pre=b33f30a0 post=b33f30a0 luma_avg=64.7 luma_min=57 luma_max=72 luma_last=65 avg_probe=2.273ms max_probe=2.594ms tsf_waits=0 tsf_wait_us=0 tsf_wait_max_global_us=0 launch_phase_samples=0 launch_phase_avg=0.0 launch_phase_min=0 launch_phase_max=0 tsf_errors=0
I (210411) rc_video: [CAM-DIAG-C16T] HEALTH window=17 display_frame=1008 guard_errors=0 quiesce=1008 resume_before=1007 lifecycle_errors=0 pause_req=1008 pause_ack=1008 pause_timeout=0 cache_sync_err=0 raw_post_err=0 overlap=0 finish_collision=0 tsf_waits=0 tsf_wait_us=0 tsf_wait_max_global_us=0 target=0 tolerance=0 launch_samples=0 launch_min=0 launch_max=0 rgb_gain=110 present=direct chunk_lines=60 repeats=1 tsf_errors=0 staged_events=11089 staged_copies=11088 staged_bytes=567705600 staged_tail=1 staged_forward=2018 staged_fallback=0 staged_errors=0 tail_drain=0 tail_waits=0 tail_wait_us=0 eof_callbacks=11089 eof_valid=11088 eof_invalid=0 eof_mismatch=1020 eof_half0=5040 eof_half1=6048 eof_mm_blocks=0/0/0/0/0/0/0/0/6/6/1008 eof_settle=100 eof_settle_events=761 eof_settle_us=23592
W (210772) camera_hal: [CAM-DIAG-C16I] SP0A39 test_pattern=on P1:32 before=0x00 write=0x80 read=0x80 expected_bit=0x80
W (210881) rc_tank: [CAM-DIAG-C16R] PROTOCOL window=18 before=0x07 requested=0x07 after=0x07 name=bgn changed=0
W (210882) rc_tank: [CAM-DIAG-C16R] BEACON window=18 before=200 requested=200 after=200 changed=0
W (210889) rc_tank: [CAM-DIAG-C16T] TSF_GUARD window=18 beacon=200 after=0us budget=0us result=ESP_OK
W (210898) rc_tank: [CAM-DIAG-C16T] TSF_TARGET window=18 phase=0us tolerance=0us result=ESP_OK
W (210907) rc_tank: [CAM-DIAG-C16T] RGB_GAIN window=18 requested=110 result=ESP_OK
W (210914) rc_tank: [CAM-DIAG-C16T] PRESENT window=18 mode=direct chunk_lines=60 repeats=1 result=ESP_OK
W (210923) rc_tank: [CAM-DIAG-C16T] TAIL_DRAIN window=18 requested=0us result=ESP_OK
W (210931) rc_tank: [CAM-DIAG-C16T] MISMATCH_PROFILE window=18 source=software_index settle=200us result=ESP_OK
W (210940) rc_video: [CAM-DIAG-C16T] PROFILE window=18 sensor=pattern display=camera idle=0ms full_probe=0 cache=c2m_inv capture=1011
W (210952) rc_tank: [CAM-DIAG-C16T] WINDOW_18 start: wifi=on sensor=pattern display=camera idle=0ms full_probe=off cache=c2m_inv dvp=staged100k protocol=bgn beacon=200 guard_after=0us capture_budget=0us target=0us tolerance=0us rgb_gain=110% present=direct chunk_lines=60 repeats=1 tail_drain=0us eof_source=software_index mismatch_settle=200us
W (210985) rc_video: [CAM-DIAG-C16T] LIGHT stage=complete window=17 sensor=real display=camera idle=0ms full_probe=0 cache=c2m_inv frames=63 changes=62 sync_changes=0 sync_calls=63 sync_skips=0 unique=8 overflow=55 pre=abce4c05 post=abce4c05 luma_avg=65.6 luma_min=57 luma_max=123 luma_last=123 avg_probe=2.288ms max_probe=3.328ms tsf_waits=0 tsf_wait_us=0 tsf_wait_max_global_us=0 launch_phase_samples=0 launch_phase_avg=0.0 launch_phase_min=0 launch_phase_max=0 tsf_errors=0
W (215723) rc_video: [CAM-DIAG-C16T] LIGHT stage=periodic window=18 sensor=pattern display=camera idle=0ms full_probe=0 cache=c2m_inv frames=30 changes=1 sync_changes=0 sync_calls=30 sync_skips=0 unique=2 overflow=0 pre=abce4c05 post=abce4c05 luma_avg=122.5 luma_min=107 luma_max=123 luma_last=123 avg_probe=2.297ms max_probe=2.725ms tsf_waits=0 tsf_wait_us=0 tsf_wait_max_global_us=0 launch_phase_samples=0 launch_phase_avg=0.0 launch_phase_min=0 launch_phase_max=0 tsf_errors=0
I (215755) rc_video: [CAM-DIAG-C16T] HEALTH window=18 display_frame=1041 guard_errors=0 quiesce=1041 resume_before=1040 lifecycle_errors=0 pause_req=1041 pause_ack=1041 pause_timeout=0 cache_sync_err=0 raw_post_err=0 overlap=0 finish_collision=0 tsf_waits=0 tsf_wait_us=0 tsf_wait_max_global_us=0 target=0 tolerance=0 launch_samples=0 launch_min=0 launch_max=0 rgb_gain=110 present=direct chunk_lines=60 repeats=1 tsf_errors=0 staged_events=11453 staged_copies=11451 staged_bytes=586291200 staged_tail=2 staged_forward=2084 staged_fallback=0 staged_errors=0 tail_drain=0 tail_waits=0 tail_wait_us=0 eof_callbacks=11453 eof_valid=11451 eof_invalid=0 eof_mismatch=1055 eof_half0=5205 eof_half1=6246 eof_mm_blocks=0/0/0/0/0/0/0/0/7/7/1041 eof_settle=200 eof_settle_events=796 eof_settle_us=30292
W (220591) rc_video: [CAM-DIAG-C16T] LIGHT stage=periodic window=18 sensor=pattern display=camera idle=0ms full_probe=0 cache=c2m_inv frames=60 changes=1 sync_changes=0 sync_calls=60 sync_skips=0 unique=2 overflow=0 pre=abce4c05 post=abce4c05 luma_avg=122.7 luma_min=107 luma_max=123 luma_last=123 avg_probe=2.288ms max_probe=2.725ms tsf_waits=0 tsf_wait_us=0 tsf_wait_max_global_us=0 launch_phase_samples=0 launch_phase_avg=0.0 launch_phase_min=0 launch_phase_max=0 tsf_errors=0
I (220623) rc_video: [CAM-DIAG-C16T] HEALTH window=18 display_frame=1071 guard_errors=0 quiesce=1071 resume_before=1070 lifecycle_errors=0 pause_req=1071 pause_ack=1071 pause_timeout=0 cache_sync_err=0 raw_post_err=0 overlap=0 finish_collision=0 tsf_waits=0 tsf_wait_us=0 tsf_wait_max_global_us=0 target=0 tolerance=0 launch_samples=0 launch_min=0 launch_max=0 rgb_gain=110 present=direct chunk_lines=60 repeats=1 tsf_errors=0 staged_events=11783 staged_copies=11781 staged_bytes=603187200 staged_tail=2 staged_forward=2144 staged_fallback=0 staged_errors=0 tail_drain=0 tail_waits=0 tail_wait_us=0 eof_callbacks=11783 eof_valid=11781 eof_invalid=0 eof_mismatch=1085 eof_half0=5355 eof_half1=6426 eof_mm_blocks=0/0/0/0/0/0/0/0/7/7/1071 eof_settle=200 eof_settle_events=826 eof_settle_us=36292
W (220984) camera_hal: [CAM-DIAG-C16I] SP0A39 test_pattern=off P1:32 before=0x80 write=0x00 read=0x00 expected_bit=0x00
W (221093) rc_tank: [CAM-DIAG-C16R] PROTOCOL window=19 before=0x07 requested=0x07 after=0x07 name=bgn changed=0
W (221095) rc_tank: [CAM-DIAG-C16R] BEACON window=19 before=200 requested=200 after=200 changed=0
W (221102) rc_tank: [CAM-DIAG-C16T] TSF_GUARD window=19 beacon=200 after=0us budget=0us result=ESP_OK
W (221110) rc_tank: [CAM-DIAG-C16T] TSF_TARGET window=19 phase=0us tolerance=0us result=ESP_OK
W (221119) rc_tank: [CAM-DIAG-C16T] RGB_GAIN window=19 requested=110 result=ESP_OK
W (221126) rc_tank: [CAM-DIAG-C16T] PRESENT window=19 mode=direct chunk_lines=60 repeats=1 result=ESP_OK
W (221135) rc_tank: [CAM-DIAG-C16T] TAIL_DRAIN window=19 requested=0us result=ESP_OK
W (221143) rc_tank: [CAM-DIAG-C16T] MISMATCH_PROFILE window=19 source=software_index settle=200us result=ESP_OK
W (221153) rc_video: [CAM-DIAG-C16T] PROFILE window=19 sensor=real display=camera idle=0ms full_probe=0 cache=c2m_inv capture=1074
W (221164) rc_tank: [CAM-DIAG-C16T] WINDOW_19 start: wifi=on sensor=real display=camera idle=0ms full_probe=off cache=c2m_inv dvp=staged100k protocol=bgn beacon=200 guard_after=0us capture_budget=0us target=0us tolerance=0us rgb_gain=110% present=direct chunk_lines=60 repeats=1 tail_drain=0us eof_source=software_index mismatch_settle=200us
W (221199) rc_video: [CAM-DIAG-C16T] LIGHT stage=complete window=18 sensor=pattern display=camera idle=0ms full_probe=0 cache=c2m_inv frames=63 changes=2 sync_changes=0 sync_calls=63 sync_skips=0 unique=3 overflow=0 pre=0e8f1c75 post=0e8f1c75 luma_avg=121.7 luma_min=58 luma_max=123 luma_last=58 avg_probe=2.302ms max_probe=3.293ms tsf_waits=0 tsf_wait_us=0 tsf_wait_max_global_us=0 launch_phase_samples=0 launch_phase_avg=0.0 launch_phase_min=0 launch_phase_max=0 tsf_errors=0
W (225935) rc_video: [CAM-DIAG-C16T] LIGHT stage=periodic window=19 sensor=real display=camera idle=0ms full_probe=0 cache=c2m_inv frames=30 changes=29 sync_changes=0 sync_calls=30 sync_skips=0 unique=8 overflow=22 pre=53c1c1d4 post=53c1c1d4 luma_avg=58.1 luma_min=58 luma_max=61 luma_last=58 avg_probe=2.284ms max_probe=2.803ms tsf_waits=0 tsf_wait_us=0 tsf_wait_max_global_us=0 launch_phase_samples=0 launch_phase_avg=0.0 launch_phase_min=0 launch_phase_max=0 tsf_errors=0
I (225966) rc_video: [CAM-DIAG-C16T] HEALTH window=19 display_frame=1104 guard_errors=0 quiesce=1104 resume_before=1103 lifecycle_errors=0 pause_req=1104 pause_ack=1104 pause_timeout=0 cache_sync_err=0 raw_post_err=0 overlap=0 finish_collision=0 tsf_waits=0 tsf_wait_us=0 tsf_wait_max_global_us=0 target=0 tolerance=0 launch_samples=0 launch_min=0 launch_max=0 rgb_gain=110 present=direct chunk_lines=60 repeats=1 tsf_errors=0 staged_events=12147 staged_copies=12144 staged_bytes=621772800 staged_tail=3 staged_forward=2210 staged_fallback=0 staged_errors=0 tail_drain=0 tail_waits=0 tail_wait_us=0 eof_callbacks=12147 eof_valid=12144 eof_invalid=0 eof_mismatch=1120 eof_half0=5520 eof_half1=6624 eof_mm_blocks=0/0/0/0/0/0/0/0/8/8/1104 eof_settle=200 eof_settle_events=861 eof_settle_us=43292
W (230805) rc_video: [CAM-DIAG-C16T] LIGHT stage=periodic window=19 sensor=real display=camera idle=0ms full_probe=0 cache=c2m_inv frames=60 changes=59 sync_changes=0 sync_calls=60 sync_skips=0 unique=8 overflow=52 pre=20bf682a post=20bf682a luma_avg=56.1 luma_min=52 luma_max=61 luma_last=54 avg_probe=2.284ms max_probe=2.803ms tsf_waits=0 tsf_wait_us=0 tsf_wait_max_global_us=0 launch_phase_samples=0 launch_phase_avg=0.0 launch_phase_min=0 launch_phase_max=0 tsf_errors=0
I (230836) rc_video: [CAM-DIAG-C16T] HEALTH window=19 display_frame=1134 guard_errors=0 quiesce=1134 resume_before=1133 lifecycle_errors=0 pause_req=1134 pause_ack=1134 pause_timeout=0 cache_sync_err=0 raw_post_err=0 overlap=0 finish_collision=0 tsf_waits=0 tsf_wait_us=0 tsf_wait_max_global_us=0 target=0 tolerance=0 launch_samples=0 launch_min=0 launch_max=0 rgb_gain=110 present=direct chunk_lines=60 repeats=1 tsf_errors=0 staged_events=12477 staged_copies=12474 staged_bytes=638668800 staged_tail=3 staged_forward=2270 staged_fallback=0 staged_errors=0 tail_drain=0 tail_waits=0 tail_wait_us=0 eof_callbacks=12477 eof_valid=12474 eof_invalid=0 eof_mismatch=1150 eof_half0=5670 eof_half1=6804 eof_mm_blocks=0/0/0/0/0/0/0/0/8/8/1134 eof_settle=200 eof_settle_events=891 eof_settle_us=49292
W (231196) camera_hal: [CAM-DIAG-C16I] SP0A39 test_pattern=on P1:32 before=0x00 write=0x80 read=0x80 expected_bit=0x80
W (231305) rc_tank: [CAM-DIAG-C16R] PROTOCOL window=20 before=0x07 requested=0x07 after=0x07 name=bgn changed=0
W (231306) rc_tank: [CAM-DIAG-C16R] BEACON window=20 before=200 requested=200 after=200 changed=0
W (231313) rc_tank: [CAM-DIAG-C16T] TSF_GUARD window=20 beacon=200 after=0us budget=0us result=ESP_OK
W (231322) rc_tank: [CAM-DIAG-C16T] TSF_TARGET window=20 phase=0us tolerance=0us result=ESP_OK
W (231330) rc_tank: [CAM-DIAG-C16T] RGB_GAIN window=20 requested=110 result=ESP_OK
W (231338) rc_tank: [CAM-DIAG-C16T] PRESENT window=20 mode=direct chunk_lines=60 repeats=1 result=ESP_OK
W (231347) rc_tank: [CAM-DIAG-C16T] TAIL_DRAIN window=20 requested=0us result=ESP_OK
W (231354) rc_tank: [CAM-DIAG-C16T] MISMATCH_PROFILE window=20 source=software_index settle=500us result=ESP_OK
W (231364) rc_video: [CAM-DIAG-C16T] PROFILE window=20 sensor=pattern display=camera idle=0ms full_probe=0 cache=c2m_inv capture=1137
W (231376) rc_tank: [CAM-DIAG-C16T] WINDOW_20 start: wifi=on sensor=pattern display=camera idle=0ms full_probe=off cache=c2m_inv dvp=staged100k protocol=bgn beacon=200 guard_after=0us capture_budget=0us target=0us tolerance=0us rgb_gain=110% present=direct chunk_lines=60 repeats=1 tail_drain=0us eof_source=software_index mismatch_settle=500us
W (231409) rc_video: [CAM-DIAG-C16T] LIGHT stage=complete window=19 sensor=real display=camera idle=0ms full_probe=0 cache=c2m_inv frames=63 changes=62 sync_changes=0 sync_calls=63 sync_skips=0 unique=8 overflow=55 pre=abce4c05 post=abce4c05 luma_avg=57.1 luma_min=52 luma_max=123 luma_last=123 avg_probe=2.310ms max_probe=4.017ms tsf_waits=0 tsf_wait_us=0 tsf_wait_max_global_us=0 launch_phase_samples=0 launch_phase_avg=0.0 launch_phase_min=0 launch_phase_max=0 tsf_errors=0
W (236146) rc_video: [CAM-DIAG-C16T] LIGHT stage=periodic window=20 sensor=pattern display=camera idle=0ms full_probe=0 cache=c2m_inv frames=30 changes=1 sync_changes=0 sync_calls=30 sync_skips=0 unique=2 overflow=0 pre=abce4c05 post=abce4c05 luma_avg=123.5 luma_min=123 luma_max=137 luma_last=123 avg_probe=2.279ms max_probe=2.443ms tsf_waits=0 tsf_wait_us=0 tsf_wait_max_global_us=0 launch_phase_samples=0 launch_phase_avg=0.0 launch_phase_min=0 launch_phase_max=0 tsf_errors=0
I (236178) rc_video: [CAM-DIAG-C16T] HEALTH window=20 display_frame=1167 guard_errors=0 quiesce=1167 resume_before=1166 lifecycle_errors=0 pause_req=1167 pause_ack=1167 pause_timeout=0 cache_sync_err=0 raw_post_err=0 overlap=0 finish_collision=0 tsf_waits=0 tsf_wait_us=0 tsf_wait_max_global_us=0 target=0 tolerance=0 launch_samples=0 launch_min=0 launch_max=0 rgb_gain=110 present=direct chunk_lines=60 repeats=1 tsf_errors=0 staged_events=12841 staged_copies=12837 staged_bytes=657254400 staged_tail=4 staged_forward=2336 staged_fallback=0 staged_errors=0 tail_drain=0 tail_waits=0 tail_wait_us=0 eof_callbacks=12841 eof_valid=12837 eof_invalid=0 eof_mismatch=1184 eof_half0=5836 eof_half1=7001 eof_mm_blocks=0/0/0/0/0/0/0/0/8/9/1167 eof_settle=500 eof_settle_events=925 eof_settle_us=65392
W (241016) rc_video: [CAM-DIAG-C16T] LIGHT stage=periodic window=20 sensor=pattern display=camera idle=0ms full_probe=0 cache=c2m_inv frames=60 changes=1 sync_changes=0 sync_calls=60 sync_skips=0 unique=2 overflow=0 pre=abce4c05 post=abce4c05 luma_avg=123.2 luma_min=123 luma_max=137 luma_last=123 avg_probe=2.279ms max_probe=2.597ms tsf_waits=0 tsf_wait_us=0 tsf_wait_max_global_us=0 launch_phase_samples=0 launch_phase_avg=0.0 launch_phase_min=0 launch_phase_max=0 tsf_errors=0
I (241048) rc_video: [CAM-DIAG-C16T] HEALTH window=20 display_frame=1197 guard_errors=0 quiesce=1197 resume_before=1196 lifecycle_errors=0 pause_req=1197 pause_ack=1197 pause_timeout=0 cache_sync_err=0 raw_post_err=0 overlap=0 finish_collision=0 tsf_waits=0 tsf_wait_us=0 tsf_wait_max_global_us=0 target=0 tolerance=0 launch_samples=0 launch_min=0 launch_max=0 rgb_gain=110 present=direct chunk_lines=60 repeats=1 tsf_errors=0 staged_events=13171 staged_copies=13167 staged_bytes=674150400 staged_tail=4 staged_forward=2396 staged_fallback=0 staged_errors=0 tail_drain=0 tail_waits=0 tail_wait_us=0 eof_callbacks=13171 eof_valid=13167 eof_invalid=0 eof_mismatch=1214 eof_half0=5986 eof_half1=7181 eof_mm_blocks=0/0/0/0/0/0/0/0/8/9/1197 eof_settle=500 eof_settle_events=955 eof_settle_us=80392
W (241408) camera_hal: [CAM-DIAG-C16I] SP0A39 test_pattern=off P1:32 before=0x80 write=0x00 read=0x00 expected_bit=0x00
W (241516) rc_tank: [CAM-DIAG-C16R] PROTOCOL window=21 before=0x07 requested=0x07 after=0x07 name=bgn changed=0
W (241517) rc_tank: [CAM-DIAG-C16R] BEACON window=21 before=200 requested=200 after=200 changed=0
W (241524) rc_tank: [CAM-DIAG-C16T] TSF_GUARD window=21 beacon=200 after=0us budget=0us result=ESP_OK
W (241533) rc_tank: [CAM-DIAG-C16T] TSF_TARGET window=21 phase=0us tolerance=0us result=ESP_OK
W (241542) rc_tank: [CAM-DIAG-C16T] RGB_GAIN window=21 requested=110 result=ESP_OK
W (241549) rc_tank: [CAM-DIAG-C16T] PRESENT window=21 mode=direct chunk_lines=60 repeats=1 result=ESP_OK
W (241558) rc_tank: [CAM-DIAG-C16T] TAIL_DRAIN window=21 requested=0us result=ESP_OK
W (241566) rc_tank: [CAM-DIAG-C16T] MISMATCH_PROFILE window=21 source=software_index settle=500us result=ESP_OK
W (241575) rc_video: [CAM-DIAG-C16T] PROFILE window=21 sensor=real display=camera idle=0ms full_probe=0 cache=c2m_inv capture=1200
W (241587) rc_tank: [CAM-DIAG-C16T] WINDOW_21 start: wifi=on sensor=real display=camera idle=0ms full_probe=off cache=c2m_inv dvp=staged100k protocol=bgn beacon=200 guard_after=0us capture_budget=0us target=0us tolerance=0us rgb_gain=110% present=direct chunk_lines=60 repeats=1 tail_drain=0us eof_source=software_index mismatch_settle=500us
W (241622) rc_video: [CAM-DIAG-C16T] LIGHT stage=complete window=20 sensor=pattern display=camera idle=0ms full_probe=0 cache=c2m_inv frames=63 changes=2 sync_changes=0 sync_calls=63 sync_skips=0 unique=3 overflow=0 pre=48ecc315 post=48ecc315 luma_avg=122.2 luma_min=57 luma_max=137 luma_last=57 avg_probe=2.295ms max_probe=3.232ms tsf_waits=0 tsf_wait_us=0 tsf_wait_max_global_us=0 launch_phase_samples=0 launch_phase_avg=0.0 launch_phase_min=0 launch_phase_max=0 tsf_errors=0
W (246358) rc_video: [CAM-DIAG-C16T] LIGHT stage=periodic window=21 sensor=real display=camera idle=0ms full_probe=0 cache=c2m_inv frames=30 changes=29 sync_changes=0 sync_calls=30 sync_skips=0 unique=8 overflow=22 pre=b5836065 post=b5836065 luma_avg=58.2 luma_min=57 luma_max=64 luma_last=57 avg_probe=2.274ms max_probe=2.532ms tsf_waits=0 tsf_wait_us=0 tsf_wait_max_global_us=0 launch_phase_samples=0 launch_phase_avg=0.0 launch_phase_min=0 launch_phase_max=0 tsf_errors=0
I (246389) rc_video: [CAM-DIAG-C16T] HEALTH window=21 display_frame=1230 guard_errors=0 quiesce=1230 resume_before=1229 lifecycle_errors=0 pause_req=1230 pause_ack=1230 pause_timeout=0 cache_sync_err=0 raw_post_err=0 overlap=0 finish_collision=0 tsf_waits=0 tsf_wait_us=0 tsf_wait_max_global_us=0 target=0 tolerance=0 launch_samples=0 launch_min=0 launch_max=0 rgb_gain=110 present=direct chunk_lines=60 repeats=1 tsf_errors=0 staged_events=13534 staged_copies=13530 staged_bytes=692736000 staged_tail=4 staged_forward=2462 staged_fallback=0 staged_errors=0 tail_drain=0 tail_waits=0 tail_wait_us=0 eof_callbacks=13534 eof_valid=13530 eof_invalid=0 eof_mismatch=1247 eof_half0=6151 eof_half1=7379 eof_mm_blocks=0/0/0/0/0/0/0/0/8/9/1230 eof_settle=500 eof_settle_events=988 eof_settle_us=96892
W (251226) rc_video: [CAM-DIAG-C16T] LIGHT stage=periodic window=21 sensor=real display=camera idle=0ms full_probe=0 cache=c2m_inv frames=60 changes=59 sync_changes=0 sync_calls=60 sync_skips=0 unique=8 overflow=52 pre=c2c19770 post=c2c19770 luma_avg=56.9 luma_min=55 luma_max=64 luma_last=55 avg_probe=2.276ms max_probe=2.637ms tsf_waits=0 tsf_wait_us=0 tsf_wait_max_global_us=0 launch_phase_samples=0 launch_phase_avg=0.0 launch_phase_min=0 launch_phase_max=0 tsf_errors=0
I (251257) rc_video: [CAM-DIAG-C16T] HEALTH window=21 display_frame=1260 guard_errors=0 quiesce=1260 resume_before=1259 lifecycle_errors=0 pause_req=1260 pause_ack=1260 pause_timeout=0 cache_sync_err=0 raw_post_err=0 overlap=0 finish_collision=0 tsf_waits=0 tsf_wait_us=0 tsf_wait_max_global_us=0 target=0 tolerance=0 launch_samples=0 launch_min=0 launch_max=0 rgb_gain=110 present=direct chunk_lines=60 repeats=1 tsf_errors=0 staged_events=13864 staged_copies=13860 staged_bytes=709632000 staged_tail=4 staged_forward=2522 staged_fallback=0 staged_errors=0 tail_drain=0 tail_waits=0 tail_wait_us=0 eof_callbacks=13864 eof_valid=13860 eof_invalid=0 eof_mismatch=1277 eof_half0=6301 eof_half1=7559 eof_mm_blocks=0/0/0/0/0/0/0/0/8/9/1260 eof_settle=500 eof_settle_events=1018 eof_settle_us=111892
W (251619) camera_hal: [CAM-DIAG-C16I] SP0A39 test_pattern=on P1:32 before=0x00 write=0x80 read=0x80 expected_bit=0x80
W (251727) rc_tank: [CAM-DIAG-C16R] PROTOCOL window=22 before=0x07 requested=0x07 after=0x07 name=bgn changed=0
W (251729) rc_tank: [CAM-DIAG-C16R] BEACON window=22 before=200 requested=200 after=200 changed=0
W (251736) rc_tank: [CAM-DIAG-C16T] TSF_GUARD window=22 beacon=200 after=0us budget=0us result=ESP_OK
W (251744) rc_tank: [CAM-DIAG-C16T] TSF_TARGET window=22 phase=0us tolerance=0us result=ESP_OK
W (251753) rc_tank: [CAM-DIAG-C16T] RGB_GAIN window=22 requested=110 result=ESP_OK
W (251760) rc_tank: [CAM-DIAG-C16T] PRESENT window=22 mode=direct chunk_lines=60 repeats=1 result=ESP_OK
W (251769) rc_tank: [CAM-DIAG-C16T] TAIL_DRAIN window=22 requested=0us result=ESP_OK
W (251777) rc_tank: [CAM-DIAG-C16T] MISMATCH_PROFILE window=22 source=software_index settle=1000us result=ESP_OK
W (251787) rc_video: [CAM-DIAG-C16T] PROFILE window=22 sensor=pattern display=camera idle=0ms full_probe=0 cache=c2m_inv capture=1263
W (251798) rc_tank: [CAM-DIAG-C16T] WINDOW_22 start: wifi=on sensor=pattern display=camera idle=0ms full_probe=off cache=c2m_inv dvp=staged100k protocol=bgn beacon=200 guard_after=0us capture_budget=0us target=0us tolerance=0us rgb_gain=110% present=direct chunk_lines=60 repeats=1 tail_drain=0us eof_source=software_index mismatch_settle=1000us
W (251832) rc_video: [CAM-DIAG-C16T] LIGHT stage=complete window=21 sensor=real display=camera idle=0ms full_probe=0 cache=c2m_inv frames=63 changes=62 sync_changes=0 sync_calls=63 sync_skips=0 unique=8 overflow=55 pre=abce4c05 post=abce4c05 luma_avg=57.9 luma_min=55 luma_max=123 luma_last=123 avg_probe=2.292ms max_probe=3.200ms tsf_waits=0 tsf_wait_us=0 tsf_wait_max_global_us=0 launch_phase_samples=0 launch_phase_avg=0.0 launch_phase_min=0 launch_phase_max=0 tsf_errors=0
W (256570) rc_video: [CAM-DIAG-C16T] LIGHT stage=periodic window=22 sensor=pattern display=camera idle=0ms full_probe=0 cache=c2m_inv frames=30 changes=0 sync_changes=0 sync_calls=30 sync_skips=0 unique=1 overflow=0 pre=abce4c05 post=abce4c05 luma_avg=123.0 luma_min=123 luma_max=123 luma_last=123 avg_probe=2.286ms max_probe=2.631ms tsf_waits=0 tsf_wait_us=0 tsf_wait_max_global_us=0 launch_phase_samples=0 launch_phase_avg=0.0 launch_phase_min=0 launch_phase_max=0 tsf_errors=0
I (256602) rc_video: [CAM-DIAG-C16T] HEALTH window=22 display_frame=1293 guard_errors=0 quiesce=1293 resume_before=1292 lifecycle_errors=0 pause_req=1293 pause_ack=1293 pause_timeout=0 cache_sync_err=0 raw_post_err=0 overlap=0 finish_collision=0 tsf_waits=0 tsf_wait_us=0 tsf_wait_max_global_us=0 target=0 tolerance=0 launch_samples=0 launch_min=0 launch_max=0 rgb_gain=110 present=direct chunk_lines=60 repeats=1 tsf_errors=0 staged_events=14227 staged_copies=14223 staged_bytes=728217600 staged_tail=4 staged_forward=2588 staged_fallback=0 staged_errors=0 tail_drain=0 tail_waits=0 tail_wait_us=0 eof_callbacks=14227 eof_valid=14223 eof_invalid=0 eof_mismatch=1310 eof_half0=6466 eof_half1=7757 eof_mm_blocks=0/0/0/0/0/0/0/0/8/9/1293 eof_settle=1000 eof_settle_events=1051 eof_settle_us=143392
W (261438) rc_video: [CAM-DIAG-C16T] LIGHT stage=periodic window=22 sensor=pattern display=camera idle=0ms full_probe=0 cache=c2m_inv frames=60 changes=0 sync_changes=0 sync_calls=60 sync_skips=0 unique=1 overflow=0 pre=abce4c05 post=abce4c05 luma_avg=123.0 luma_min=123 luma_max=123 luma_last=123 avg_probe=2.282ms max_probe=2.631ms tsf_waits=0 tsf_wait_us=0 tsf_wait_max_global_us=0 launch_phase_samples=0 launch_phase_avg=0.0 launch_phase_min=0 launch_phase_max=0 tsf_errors=0
I (261470) rc_video: [CAM-DIAG-C16T] HEALTH window=22 display_frame=1323 guard_errors=0 quiesce=1323 resume_before=1322 lifecycle_errors=0 pause_req=1323 pause_ack=1323 pause_timeout=0 cache_sync_err=0 raw_post_err=0 overlap=0 finish_collision=0 tsf_waits=0 tsf_wait_us=0 tsf_wait_max_global_us=0 target=0 tolerance=0 launch_samples=0 launch_min=0 launch_max=0 rgb_gain=110 present=direct chunk_lines=60 repeats=1 tsf_errors=0 staged_events=14557 staged_copies=14553 staged_bytes=745113600 staged_tail=4 staged_forward=2648 staged_fallback=0 staged_errors=0 tail_drain=0 tail_waits=0 tail_wait_us=0 eof_callbacks=14557 eof_valid=14553 eof_invalid=0 eof_mismatch=1340 eof_half0=6616 eof_half1=7937 eof_mm_blocks=0/0/0/0/0/0/0/0/8/9/1323 eof_settle=1000 eof_settle_events=1081 eof_settle_us=173392
W (261830) camera_hal: [CAM-DIAG-C16I] SP0A39 test_pattern=off P1:32 before=0x80 write=0x00 read=0x00 expected_bit=0x00
W (261939) rc_tank: [CAM-DIAG-C16R] PROTOCOL window=23 before=0x07 requested=0x07 after=0x07 name=bgn changed=0
W (261941) rc_tank: [CAM-DIAG-C16R] BEACON window=23 before=200 requested=200 after=200 changed=0
W (261948) rc_tank: [CAM-DIAG-C16T] TSF_GUARD window=23 beacon=200 after=0us budget=0us result=ESP_OK
W (261957) rc_tank: [CAM-DIAG-C16T] TSF_TARGET window=23 phase=0us tolerance=0us result=ESP_OK
W (261965) rc_tank: [CAM-DIAG-C16T] RGB_GAIN window=23 requested=110 result=ESP_OK
W (261972) rc_tank: [CAM-DIAG-C16T] PRESENT window=23 mode=direct chunk_lines=60 repeats=1 result=ESP_OK
W (261981) rc_tank: [CAM-DIAG-C16T] TAIL_DRAIN window=23 requested=0us result=ESP_OK
W (261989) rc_tank: [CAM-DIAG-C16T] MISMATCH_PROFILE window=23 source=software_index settle=1000us result=ESP_OK
W (261999) rc_video: [CAM-DIAG-C16T] PROFILE window=23 sensor=real display=camera idle=0ms full_probe=0 cache=c2m_inv capture=1326
W (262010) rc_tank: [CAM-DIAG-C16T] WINDOW_23 start: wifi=on sensor=real display=camera idle=0ms full_probe=off cache=c2m_inv dvp=staged100k protocol=bgn beacon=200 guard_after=0us capture_budget=0us target=0us tolerance=0us rgb_gain=110% present=direct chunk_lines=60 repeats=1 tail_drain=0us eof_source=software_index mismatch_settle=1000us
W (262040) rc_tank: [CAM-DIAG-C16T] mismatch-settle matrix sequence complete; hold WINDOW_23 wifi=on real cache=c2m_inv staged_dma=102400B protocol=bgn beacon=200 tsf_guard=off rgb_gain=110% present=direct chunk_lines=60 repeats=1 tail_drain=0us eof_source=software_index mismatch_settle=1000us
W (262045) rc_video: [CAM-DIAG-C16T] LIGHT stage=complete window=22 sensor=pattern display=camera idle=0ms full_probe=0 cache=c2m_inv frames=63 changes=1 sync_changes=0 sync_calls=63 sync_skips=0 unique=2 overflow=0 pre=23951007 post=23951007 luma_avg=121.9 luma_min=55 luma_max=123 luma_last=55 avg_probe=2.300ms max_probe=3.316ms tsf_waits=0 tsf_wait_us=0 tsf_wait_max_global_us=0 launch_phase_samples=0 launch_phase_avg=0.0 launch_phase_min=0 launch_phase_max=0 tsf_errors=0
I (262097) rc_tank: Tank running (video + control; audio disabled)
I (262180) rc_tank: app_main done, idle loop
W (266901) rc_video: [CAM-DIAG-C16T] LIGHT stage=periodic window=23 sensor=real display=camera idle=0ms full_probe=0 cache=c2m_inv frames=30 changes=29 sync_changes=0 sync_calls=30 sync_skips=0 unique=8 overflow=22 pre=9ffb5d80 post=9ffb5d80 luma_avg=58.5 luma_min=36 luma_max=68 luma_last=56 avg_probe=2.244ms max_probe=2.526ms tsf_waits=0 tsf_wait_us=0 tsf_wait_max_global_us=0 launch_phase_samples=0 launch_phase_avg=0.0 launch_phase_min=0 launch_phase_max=0 tsf_errors=0
I (266932) rc_video: [CAM-DIAG-C16T] HEALTH window=23 display_frame=1356 guard_errors=0 quiesce=1356 resume_before=1355 lifecycle_errors=0 pause_req=1358 pause_ack=1358 pause_timeout=0 cache_sync_err=0 raw_post_err=0 overlap=0 finish_collision=0 tsf_waits=0 tsf_wait_us=0 tsf_wait_max_global_us=0 target=0 tolerance=0 launch_samples=0 launch_min=0 launch_max=0 rgb_gain=110 present=direct chunk_lines=60 repeats=1 tsf_errors=0 staged_events=14956 staged_copies=14949 staged_bytes=765388800 staged_tail=7 staged_forward=2719 staged_fallback=0 staged_errors=0 tail_drain=0 tail_waits=0 tail_wait_us=0 eof_callbacks=14956 eof_valid=14949 eof_invalid=0 eof_mismatch=1379 eof_half0=6797 eof_half1=8152 eof_mm_blocks=0/0/0/0/1/1/1/0/9/10/1357 eof_settle=1000 eof_settle_events=1120 eof_settle_us=212392
W (271769) rc_video: [CAM-DIAG-C16T] LIGHT stage=periodic window=23 sensor=real display=camera idle=0ms full_probe=0 cache=c2m_inv frames=60 changes=59 sync_changes=0 sync_calls=60 sync_skips=0 unique=8 overflow=52 pre=c84633e1 post=c84633e1 luma_avg=57.9 luma_min=36 luma_max=68 luma_last=57 avg_probe=2.259ms max_probe=2.592ms tsf_waits=0 tsf_wait_us=0 tsf_wait_max_global_us=0 launch_phase_samples=0 launch_phase_avg=0.0 launch_phase_min=0 launch_phase_max=0 tsf_errors=0
I (271800) rc_video: [CAM-DIAG-C16T] HEALTH window=23 display_frame=1386 guard_errors=0 quiesce=1386 resume_before=1385 lifecycle_errors=0 pause_req=1388 pause_ack=1388 pause_timeout=0 cache_sync_err=0 raw_post_err=0 overlap=0 finish_collision=0 tsf_waits=0 tsf_wait_us=0 tsf_wait_max_global_us=0 target=0 tolerance=0 launch_samples=0 launch_min=0 launch_max=0 rgb_gain=110 present=direct chunk_lines=60 repeats=1 tsf_errors=0 staged_events=15286 staged_copies=15279 staged_bytes=782284800 staged_tail=7 staged_forward=2779 staged_fallback=0 staged_errors=0 tail_drain=0 tail_waits=0 tail_wait_us=0 eof_callbacks=15286 eof_valid=15279 eof_invalid=0 eof_mismatch=1409 eof_half0=6947 eof_half1=8332 eof_mm_blocks=0/0/0/0/1/1/1/0/9/10/1387 eof_settle=1000 eof_settle_events=1150 eof_settle_us=242392
W (276638) rc_video: [CAM-DIAG-C16T] LIGHT stage=periodic window=23 sensor=real display=camera idle=0ms full_probe=0 cache=c2m_inv frames=90 changes=89 sync_changes=0 sync_calls=90 sync_skips=0 unique=8 overflow=82 pre=0eee7c25 post=0eee7c25 luma_avg=57.6 luma_min=36 luma_max=68 luma_last=57 avg_probe=2.262ms max_probe=2.592ms tsf_waits=0 tsf_wait_us=0 tsf_wait_max_global_us=0 launch_phase_samples=0 launch_phase_avg=0.0 launch_phase_min=0 launch_phase_max=0 tsf_errors=0
I (276669) rc_video: [CAM-DIAG-C16T] HEALTH window=23 display_frame=1416 guard_errors=0 quiesce=1416 resume_before=1415 lifecycle_errors=0 pause_req=1418 pause_ack=1418 pause_timeout=0 cache_sync_err=0 raw_post_err=0 overlap=0 finish_collision=0 tsf_waits=0 tsf_wait_us=0 tsf_wait_max_global_us=0 target=0 tolerance=0 launch_samples=0 launch_min=0 launch_max=0 rgb_gain=110 present=direct chunk_lines=60 repeats=1 tsf_errors=0 staged_events=15616 staged_copies=15609 staged_bytes=799180800 staged_tail=7 staged_forward=2839 staged_fallback=0 staged_errors=0 tail_drain=0 tail_waits=0 tail_wait_us=0 eof_callbacks=15616 eof_valid=15609 eof_invalid=0 eof_mismatch=1439 eof_half0=7097 eof_half1=8512 eof_mm_blocks=0/0/0/0/1/1/1/0/9/10/1417 eof_settle=1000 eof_settle_events=1180 eof_settle_us=272392
W (281505) rc_video: [CAM-DIAG-C16T] LIGHT stage=periodic window=23 sensor=real display=camera idle=0ms full_probe=0 cache=c2m_inv frames=120 changes=119 sync_changes=0 sync_calls=120 sync_skips=0 unique=8 overflow=112 pre=1de18e83 post=1de18e83 luma_avg=57.9 luma_min=36 luma_max=68 luma_last=57 avg_probe=2.266ms max_probe=2.592ms tsf_waits=0 tsf_wait_us=0 tsf_wait_max_global_us=0 launch_phase_samples=0 launch_phase_avg=0.0 launch_phase_min=0 launch_phase_max=0 tsf_errors=0
I (281536) rc_video: [CAM-DIAG-C16T] HEALTH window=23 display_frame=1446 guard_errors=0 quiesce=1446 resume_before=1445 lifecycle_errors=0 pause_req=1448 pause_ack=1448 pause_timeout=0 cache_sync_err=0 raw_post_err=0 overlap=0 finish_collision=0 tsf_waits=0 tsf_wait_us=0 tsf_wait_max_global_us=0 target=0 tolerance=0 launch_samples=0 launch_min=0 launch_max=0 rgb_gain=110 present=direct chunk_lines=60 repeats=1 tsf_errors=0 staged_events=15946 staged_copies=15939 staged_bytes=816076800 staged_tail=7 staged_forward=2899 staged_fallback=0 staged_errors=0 tail_drain=0 tail_waits=0 tail_wait_us=0 eof_callbacks=15946 eof_valid=15939 eof_invalid=0 eof_mismatch=1469 eof_half0=7247 eof_half1=8692 eof_mm_blocks=0/0/0/0/1/1/1/0/9/10/1447 eof_settle=1000 eof_settle_events=1210 eof_settle_us=302392
W (286373) rc_video: [CAM-DIAG-C16T] LIGHT stage=periodic window=23 sensor=real display=camera idle=0ms full_probe=0 cache=c2m_inv frames=150 changes=149 sync_changes=0 sync_calls=150 sync_skips=0 unique=8 overflow=142 pre=b54c0a3d post=b54c0a3d luma_avg=57.9 luma_min=36 luma_max=68 luma_last=58 avg_probe=2.271ms max_probe=2.704ms tsf_waits=0 tsf_wait_us=0 tsf_wait_max_global_us=0 launch_phase_samples=0 launch_phase_avg=0.0 launch_phase_min=0 launch_phase_max=0 tsf_errors=0
I (286404) rc_video: [CAM-DIAG-C16T] HEALTH window=23 display_frame=1476 guard_errors=0 quiesce=1476 resume_before=1475 lifecycle_errors=0 pause_req=1478 pause_ack=1478 pause_timeout=0 cache_sync_err=0 raw_post_err=0 overlap=0 finish_collision=0 tsf_waits=0 tsf_wait_us=0 tsf_wait_max_global_us=0 target=0 tolerance=0 launch_samples=0 launch_min=0 launch_max=0 rgb_gain=110 present=direct chunk_lines=60 repeats=1 tsf_errors=0 staged_events=16276 staged_copies=16269 staged_bytes=832972800 staged_tail=7 staged_forward=2959 staged_fallback=0 staged_errors=0 tail_drain=0 tail_waits=0 tail_wait_us=0 eof_callbacks=16276 eof_valid=16269 eof_invalid=0 eof_mismatch=1499 eof_half0=7397 eof_half1=8872 eof_mm_blocks=0/0/0/0/1/1/1/0/9/10/1477 eof_settle=1000 eof_settle_events=1240 eof_settle_us=332392
W (291242) rc_video: [CAM-DIAG-C16T] LIGHT stage=periodic window=23 sensor=real display=camera idle=0ms full_probe=0 cache=c2m_inv frames=180 changes=179 sync_changes=0 sync_calls=180 sync_skips=0 unique=8 overflow=172 pre=1406d1e8 post=1406d1e8 luma_avg=58.6 luma_min=36 luma_max=68 luma_last=59 avg_probe=2.272ms max_probe=2.704ms tsf_waits=0 tsf_wait_us=0 tsf_wait_max_global_us=0 launch_phase_samples=0 launch_phase_avg=0.0 launch_phase_min=0 launch_phase_max=0 tsf_errors=0
I (291273) rc_video: [CAM-DIAG-C16T] HEALTH window=23 display_frame=1506 guard_errors=0 quiesce=1506 resume_before=1505 lifecycle_errors=0 pause_req=1508 pause_ack=1508 pause_timeout=0 cache_sync_err=0 raw_post_err=0 overlap=0 finish_collision=0 tsf_waits=0 tsf_wait_us=0 tsf_wait_max_global_us=0 target=0 tolerance=0 launch_samples=0 launch_min=0 launch_max=0 rgb_gain=110 present=direct chunk_lines=60 repeats=1 tsf_errors=0 staged_events=16606 staged_copies=16599 staged_bytes=849868800 staged_tail=7 staged_forward=3019 staged_fallback=0 staged_errors=0 tail_drain=0 tail_waits=0 tail_wait_us=0 eof_callbacks=16606 eof_valid=16599 eof_invalid=0 eof_mismatch=1529 eof_half0=7547 eof_half1=9052 eof_mm_blocks=0/0/0/0/1/1/1/0/9/10/1507 eof_settle=1000 eof_settle_events=1270 eof_settle_us=362392
W (296111) rc_video: [CAM-DIAG-C16T] LIGHT stage=periodic window=23 sensor=real display=camera idle=0ms full_probe=0 cache=c2m_inv frames=210 changes=209 sync_changes=0 sync_calls=210 sync_skips=0 unique=8 overflow=202 pre=07be287a post=07be287a luma_avg=58.7 luma_min=36 luma_max=68 luma_last=58 avg_probe=2.272ms max_probe=2.704ms tsf_waits=0 tsf_wait_us=0 tsf_wait_max_global_us=0 launch_phase_samples=0 launch_phase_avg=0.0 launch_phase_min=0 launch_phase_max=0 tsf_errors=0
I (296142) rc_video: [CAM-DIAG-C16T] HEALTH window=23 display_frame=1536 guard_errors=0 quiesce=1536 resume_before=1535 lifecycle_errors=0 pause_req=1538 pause_ack=1538 pause_timeout=0 cache_sync_err=0 raw_post_err=0 overlap=0 finish_collision=0 tsf_waits=0 tsf_wait_us=0 tsf_wait_max_global_us=0 target=0 tolerance=0 launch_samples=0 launch_min=0 launch_max=0 rgb_gain=110 present=direct chunk_lines=60 repeats=1 tsf_errors=0 staged_events=16936 staged_copies=16929 staged_bytes=866764800 staged_tail=7 staged_forward=3079 staged_fallback=0 staged_errors=0 tail_drain=0 tail_waits=0 tail_wait_us=0 eof_callbacks=16936 eof_valid=16929 eof_invalid=0 eof_mismatch=1559 eof_half0=7697 eof_half1=9232 eof_mm_blocks=0/0/0/0/1/1/1/0/9/10/1537 eof_settle=1000 eof_settle_events=1300 eof_settle_us=392392
W (300979) rc_video: [CAM-DIAG-C16T] LIGHT stage=periodic window=23 sensor=real display=camera idle=0ms full_probe=0 cache=c2m_inv frames=240 changes=239 sync_changes=0 sync_calls=240 sync_skips=0 unique=8 overflow=232 pre=5db98750 post=5db98750 luma_avg=59.2 luma_min=36 luma_max=69 luma_last=69 avg_probe=2.274ms max_probe=2.704ms tsf_waits=0 tsf_wait_us=0 tsf_wait_max_global_us=0 launch_phase_samples=0 launch_phase_avg=0.0 launch_phase_min=0 launch_phase_max=0 tsf_errors=0
I (301010) rc_video: [CAM-DIAG-C16T] HEALTH window=23 display_frame=1566 guard_errors=0 quiesce=1566 resume_before=1565 lifecycle_errors=0 pause_req=1568 pause_ack=1568 pause_timeout=0 cache_sync_err=0 raw_post_err=0 overlap=0 finish_collision=0 tsf_waits=0 tsf_wait_us=0 tsf_wait_max_global_us=0 target=0 tolerance=0 launch_samples=0 launch_min=0 launch_max=0 rgb_gain=110 present=direct chunk_lines=60 repeats=1 tsf_errors=0 staged_events=17266 staged_copies=17259 staged_bytes=883660800 staged_tail=7 staged_forward=3139 staged_fallback=0 staged_errors=0 tail_drain=0 tail_waits=0 tail_wait_us=0 eof_callbacks=17266 eof_valid=17259 eof_invalid=0 eof_mismatch=1589 eof_half0=7847 eof_half1=9412 eof_mm_blocks=0/0/0/0/1/1/1/0/9/10/1567 eof_settle=1000 eof_settle_events=1330 eof_settle_us=422392
W (305846) rc_video: [CAM-DIAG-C16T] LIGHT stage=periodic window=23 sensor=real display=camera idle=0ms full_probe=0 cache=c2m_inv frames=270 changes=269 sync_changes=0 sync_calls=270 sync_skips=0 unique=8 overflow=262 pre=5444f741 post=5444f741 luma_avg=60.1 luma_min=36 luma_max=69 luma_last=69 avg_probe=2.275ms max_probe=2.704ms tsf_waits=0 tsf_wait_us=0 tsf_wait_max_global_us=0 launch_phase_samples=0 launch_phase_avg=0.0 launch_phase_min=0 launch_phase_max=0 tsf_errors=0
I (305878) rc_video: [CAM-DIAG-C16T] HEALTH window=23 display_frame=1596 guard_errors=0 quiesce=1596 resume_before=1595 lifecycle_errors=0 pause_req=1598 pause_ack=1598 pause_timeout=0 cache_sync_err=0 raw_post_err=0 overlap=0 finish_collision=0 tsf_waits=0 tsf_wait_us=0 tsf_wait_max_global_us=0 target=0 tolerance=0 launch_samples=0 launch_min=0 launch_max=0 rgb_gain=110 present=direct chunk_lines=60 repeats=1 tsf_errors=0 staged_events=17596 staged_copies=17589 staged_bytes=900556800 staged_tail=7 staged_forward=3199 staged_fallback=0 staged_errors=0 tail_drain=0 tail_waits=0 tail_wait_us=0 eof_callbacks=17596 eof_valid=17589 eof_invalid=0 eof_mismatch=1619 eof_half0=7997 eof_half1=9592 eof_mm_blocks=0/0/0/0/1/1/1/0/9/10/1597 eof_settle=1000 eof_settle_events=1360 eof_settle_us=452392
W (310715) rc_video: [CAM-DIAG-C16T] LIGHT stage=periodic window=23 sensor=real display=camera idle=0ms full_probe=0 cache=c2m_inv frames=300 changes=299 sync_changes=0 sync_calls=300 sync_skips=0 unique=8 overflow=292 pre=aee1d1ee post=aee1d1ee luma_avg=61.0 luma_min=36 luma_max=69 luma_last=68 avg_probe=2.277ms max_probe=2.704ms tsf_waits=0 tsf_wait_us=0 tsf_wait_max_global_us=0 launch_phase_samples=0 launch_phase_avg=0.0 launch_phase_min=0 launch_phase_max=0 tsf_errors=0
I (310746) rc_video: [CAM-DIAG-C16T] HEALTH window=23 display_frame=1626 guard_errors=0 quiesce=1626 resume_before=1625 lifecycle_errors=0 pause_req=1628 pause_ack=1628 pause_timeout=0 cache_sync_err=0 raw_post_err=0 overlap=0 finish_collision=0 tsf_waits=0 tsf_wait_us=0 tsf_wait_max_global_us=0 target=0 tolerance=0 launch_samples=0 launch_min=0 launch_max=0 rgb_gain=110 present=direct chunk_lines=60 repeats=1 tsf_errors=0 staged_events=17926 staged_copies=17919 staged_bytes=917452800 staged_tail=7 staged_forward=3259 staged_fallback=0 staged_errors=0 tail_drain=0 tail_waits=0 tail_wait_us=0 eof_callbacks=17926 eof_valid=17919 eof_invalid=0 eof_mismatch=1649 eof_half0=8147 eof_half1=9772 eof_mm_blocks=0/0/0/0/1/1/1/0/9/10/1627 eof_settle=1000 eof_settle_events=1390 eof_settle_us=482392
W (315584) rc_video: [CAM-DIAG-C16T] LIGHT stage=periodic window=23 sensor=real display=camera idle=0ms full_probe=0 cache=c2m_inv frames=330 changes=329 sync_changes=0 sync_calls=330 sync_skips=0 unique=8 overflow=322 pre=2b38edf4 post=2b38edf4 luma_avg=61.6 luma_min=36 luma_max=70 luma_last=67 avg_probe=2.277ms max_probe=2.704ms tsf_waits=0 tsf_wait_us=0 tsf_wait_max_global_us=0 launch_phase_samples=0 launch_phase_avg=0.0 launch_phase_min=0 launch_phase_max=0 tsf_errors=0
I (315615) rc_video: [CAM-DIAG-C16T] HEALTH window=23 display_frame=1656 guard_errors=0 quiesce=1656 resume_before=1655 lifecycle_errors=0 pause_req=1658 pause_ack=1658 pause_timeout=0 cache_sync_err=0 raw_post_err=0 overlap=0 finish_collision=0 tsf_waits=0 tsf_wait_us=0 tsf_wait_max_global_us=0 target=0 tolerance=0 launch_samples=0 launch_min=0 launch_max=0 rgb_gain=110 present=direct chunk_lines=60 repeats=1 tsf_errors=0 staged_events=18257 staged_copies=18249 staged_bytes=934348800 staged_tail=8 staged_forward=3319 staged_fallback=0 staged_errors=0 tail_drain=0 tail_waits=0 tail_wait_us=0 eof_callbacks=18257 eof_valid=18249 eof_invalid=0 eof_mismatch=1679 eof_half0=8297 eof_half1=9952 eof_mm_blocks=0/0/0/0/1/1/1/0/9/10/1657 eof_settle=1000 eof_settle_events=1420 eof_settle_us=512392
W (320531) rc_video: [CAM-DIAG-C16T] LIGHT stage=periodic window=23 sensor=real display=camera idle=0ms full_probe=0 cache=c2m_inv frames=360 changes=359 sync_changes=0 sync_calls=360 sync_skips=0 unique=8 overflow=352 pre=ab6bb34d post=ab6bb34d luma_avg=62.2 luma_min=36 luma_max=80 luma_last=66 avg_probe=2.276ms max_probe=2.704ms tsf_waits=0 tsf_wait_us=0 tsf_wait_max_global_us=0 launch_phase_samples=0 launch_phase_avg=0.0 launch_phase_min=0 launch_phase_max=0 tsf_errors=0
I (320562) rc_video: [CAM-DIAG-C16T] HEALTH window=23 display_frame=1686 guard_errors=0 quiesce=1686 resume_before=1685 lifecycle_errors=0 pause_req=1690 pause_ack=1690 pause_timeout=0 cache_sync_err=0 raw_post_err=0 overlap=0 finish_collision=0 tsf_waits=0 tsf_wait_us=0 tsf_wait_max_global_us=0 target=0 tolerance=0 launch_samples=0 launch_min=0 launch_max=0 rgb_gain=110 present=direct chunk_lines=60 repeats=1 tsf_errors=0 staged_events=18611 staged_copies=18601 staged_bytes=952371200 staged_tail=10 staged_forward=3383 staged_fallback=0 staged_errors=0 tail_drain=0 tail_waits=0 tail_wait_us=0 eof_callbacks=18611 eof_valid=18601 eof_invalid=0 eof_mismatch=1711 eof_half0=8459 eof_half1=10142 eof_mm_blocks=0/0/0/0/1/1/1/0/9/11/1688 eof_settle=1000 eof_settle_events=1452 eof_settle_us=544392
W (325399) rc_video: [CAM-DIAG-C16T] LIGHT stage=periodic window=23 sensor=real display=camera idle=0ms full_probe=0 cache=c2m_inv frames=390 changes=389 sync_changes=0 sync_calls=390 sync_skips=0 unique=8 overflow=382 pre=9ee9880b post=9ee9880b luma_avg=62.6 luma_min=36 luma_max=80 luma_last=68 avg_probe=2.276ms max_probe=2.704ms tsf_waits=0 tsf_wait_us=0 tsf_wait_max_global_us=0 launch_phase_samples=0 launch_phase_avg=0.0 launch_phase_min=0 launch_phase_max=0 tsf_errors=0
I (325430) rc_video: [CAM-DIAG-C16T] HEALTH window=23 display_frame=1716 guard_errors=0 quiesce=1716 resume_before=1715 lifecycle_errors=0 pause_req=1720 pause_ack=1720 pause_timeout=0 cache_sync_err=0 raw_post_err=0 overlap=0 finish_collision=0 tsf_waits=0 tsf_wait_us=0 tsf_wait_max_global_us=0 target=0 tolerance=0 launch_samples=0 launch_min=0 launch_max=0 rgb_gain=110 present=direct chunk_lines=60 repeats=1 tsf_errors=0 staged_events=18941 staged_copies=18931 staged_bytes=969267200 staged_tail=10 staged_forward=3443 staged_fallback=0 staged_errors=0 tail_drain=0 tail_waits=0 tail_wait_us=0 eof_callbacks=18941 eof_valid=18931 eof_invalid=0 eof_mismatch=1741 eof_half0=8609 eof_half1=10322 eof_mm_blocks=0/0/0/0/1/1/1/0/9/11/1718 eof_settle=1000 eof_settle_events=1482 eof_settle_us=574392
W (330267) rc_video: [CAM-DIAG-C16T] LIGHT stage=periodic window=23 sensor=real display=camera idle=0ms full_probe=0 cache=c2m_inv frames=420 changes=419 sync_changes=0 sync_calls=420 sync_skips=0 unique=8 overflow=412 pre=b8e2739e post=b8e2739e luma_avg=63.0 luma_min=36 luma_max=80 luma_last=68 avg_probe=2.277ms max_probe=2.704ms tsf_waits=0 tsf_wait_us=0 tsf_wait_max_global_us=0 launch_phase_samples=0 launch_phase_avg=0.0 launch_phase_min=0 launch_phase_max=0 tsf_errors=0
I (330299) rc_video: [CAM-DIAG-C16T] HEALTH window=23 display_frame=1746 guard_errors=0 quiesce=1746 resume_before=1745 lifecycle_errors=0 pause_req=1750 pause_ack=1750 pause_timeout=0 cache_sync_err=0 raw_post_err=0 overlap=0 finish_collision=0 tsf_waits=0 tsf_wait_us=0 tsf_wait_max_global_us=0 target=0 tolerance=0 launch_samples=0 launch_min=0 launch_max=0 rgb_gain=110 present=direct chunk_lines=60 repeats=1 tsf_errors=0 staged_events=19271 staged_copies=19261 staged_bytes=986163200 staged_tail=10 staged_forward=3503 staged_fallback=0 staged_errors=0 tail_drain=0 tail_waits=0 tail_wait_us=0 eof_callbacks=19271 eof_valid=19261 eof_invalid=0 eof_mismatch=1771 eof_half0=8759 eof_half1=10502 eof_mm_blocks=0/0/0/0/1/1/1/0/9/11/1748 eof_settle=1000 eof_settle_events=1512 eof_settle_us=604392
W (335136) rc_video: [CAM-DIAG-C16T] LIGHT stage=periodic window=23 sensor=real display=camera idle=0ms full_probe=0 cache=c2m_inv frames=450 changes=449 sync_changes=0 sync_calls=450 sync_skips=0 unique=8 overflow=442 pre=e248f78e post=e248f78e luma_avg=63.3 luma_min=36 luma_max=80 luma_last=65 avg_probe=2.277ms max_probe=2.704ms tsf_waits=0 tsf_wait_us=0 tsf_wait_max_global_us=0 launch_phase_samples=0 launch_phase_avg=0.0 launch_phase_min=0 launch_phase_max=0 tsf_errors=0
I (335167) rc_video: [CAM-DIAG-C16T] HEALTH window=23 display_frame=1776 guard_errors=0 quiesce=1776 resume_before=1775 lifecycle_errors=0 pause_req=1780 pause_ack=1780 pause_timeout=0 cache_sync_err=0 raw_post_err=0 overlap=0 finish_collision=0 tsf_waits=0 tsf_wait_us=0 tsf_wait_max_global_us=0 target=0 tolerance=0 launch_samples=0 launch_min=0 launch_max=0 rgb_gain=110 present=direct chunk_lines=60 repeats=1 tsf_errors=0 staged_events=19601 staged_copies=19591 staged_bytes=1003059200 staged_tail=10 staged_forward=3563 staged_fallback=0 staged_errors=0 tail_drain=0 tail_waits=0 tail_wait_us=0 eof_callbacks=19601 eof_valid=19591 eof_invalid=0 eof_mismatch=1801 eof_half0=8909 eof_half1=10682 eof_mm_blocks=0/0/0/0/1/1/1/0/9/11/1778 eof_settle=1000 eof_settle_events=1542 eof_settle_us=634392
W (340004) rc_video: [CAM-DIAG-C16T] LIGHT stage=periodic window=23 sensor=real display=camera idle=0ms full_probe=0 cache=c2m_inv frames=480 changes=479 sync_changes=0 sync_calls=480 sync_skips=0 unique=8 overflow=472 pre=fbcb596a post=fbcb596a luma_avg=63.6 luma_min=36 luma_max=80 luma_last=69 avg_probe=2.277ms max_probe=2.704ms tsf_waits=0 tsf_wait_us=0 tsf_wait_max_global_us=0 launch_phase_samples=0 launch_phase_avg=0.0 launch_phase_min=0 launch_phase_max=0 tsf_errors=0
I (340035) rc_video: [CAM-DIAG-C16T] HEALTH window=23 display_frame=1806 guard_errors=0 quiesce=1806 resume_before=1805 lifecycle_errors=0 pause_req=1810 pause_ack=1810 pause_timeout=0 cache_sync_err=0 raw_post_err=0 overlap=0 finish_collision=0 tsf_waits=0 tsf_wait_us=0 tsf_wait_max_global_us=0 target=0 tolerance=0 launch_samples=0 launch_min=0 launch_max=0 rgb_gain=110 present=direct chunk_lines=60 repeats=1 tsf_errors=0 staged_events=19931 staged_copies=19921 staged_bytes=1019955200 staged_tail=10 staged_forward=3623 staged_fallback=0 staged_errors=0 tail_drain=0 tail_waits=0 tail_wait_us=0 eof_callbacks=19931 eof_valid=19921 eof_invalid=0 eof_mismatch=1831 eof_half0=9059 eof_half1=10862 eof_mm_blocks=0/0/0/0/1/1/1/0/9/11/1808 eof_settle=1000 eof_settle_events=1572 eof_settle_us=664392
W (344872) rc_video: [CAM-DIAG-C16T] LIGHT stage=periodic window=23 sensor=real display=camera idle=0ms full_probe=0 cache=c2m_inv frames=510 changes=509 sync_changes=0 sync_calls=510 sync_skips=0 unique=8 overflow=502 pre=c714718d post=c714718d luma_avg=63.9 luma_min=36 luma_max=80 luma_last=70 avg_probe=2.278ms max_probe=2.704ms tsf_waits=0 tsf_wait_us=0 tsf_wait_max_global_us=0 launch_phase_samples=0 launch_phase_avg=0.0 launch_phase_min=0 launch_phase_max=0 tsf_errors=0
I (344903) rc_video: [CAM-DIAG-C16T] HEALTH window=23 display_frame=1836 guard_errors=0 quiesce=1836 resume_before=1835 lifecycle_errors=0 pause_req=1840 pause_ack=1840 pause_timeout=0 cache_sync_err=0 raw_post_err=0 overlap=0 finish_collision=0 tsf_waits=0 tsf_wait_us=0 tsf_wait_max_global_us=0 target=0 tolerance=0 launch_samples=0 launch_min=0 launch_max=0 rgb_gain=110 present=direct chunk_lines=60 repeats=1 tsf_errors=0 staged_events=20261 staged_copies=20251 staged_bytes=1036851200 staged_tail=10 staged_forward=3683 staged_fallback=0 staged_errors=0 tail_drain=0 tail_waits=0 tail_wait_us=0 eof_callbacks=20261 eof_valid=20251 eof_invalid=0 eof_mismatch=1861 eof_half0=9209 eof_half1=11042 eof_mm_blocks=0/0/0/0/1/1/1/0/9/11/1838 eof_settle=1000 eof_settle_events=1602 eof_settle_us=694392
W (349741) rc_video: [CAM-DIAG-C16T] LIGHT stage=periodic window=23 sensor=real display=camera idle=0ms full_probe=0 cache=c2m_inv frames=540 changes=539 sync_changes=0 sync_calls=540 sync_skips=0 unique=8 overflow=532 pre=447592b9 post=447592b9 luma_avg=64.2 luma_min=36 luma_max=80 luma_last=70 avg_probe=2.279ms max_probe=2.704ms tsf_waits=0 tsf_wait_us=0 tsf_wait_max_global_us=0 launch_phase_samples=0 launch_phase_avg=0.0 launch_phase_min=0 launch_phase_max=0 tsf_errors=0
I (349772) rc_video: [CAM-DIAG-C16T] HEALTH window=23 display_frame=1866 guard_errors=0 quiesce=1866 resume_before=1865 lifecycle_errors=0 pause_req=1870 pause_ack=1870 pause_timeout=0 cache_sync_err=0 raw_post_err=0 overlap=0 finish_collision=0 tsf_waits=0 tsf_wait_us=0 tsf_wait_max_global_us=0 target=0 tolerance=0 launch_samples=0 launch_min=0 launch_max=0 rgb_gain=110 present=direct chunk_lines=60 repeats=1 tsf_errors=0 staged_events=20591 staged_copies=20581 staged_bytes=1053747200 staged_tail=10 staged_forward=3743 staged_fallback=0 staged_errors=0 tail_drain=0 tail_waits=0 tail_wait_us=0 eof_callbacks=20591 eof_valid=20581 eof_invalid=0 eof_mismatch=1891 eof_half0=9359 eof_half1=11222 eof_mm_blocks=0/0/0/0/1/1/1/0/9/11/1868 eof_settle=1000 eof_settle_events=1632 eof_settle_us=724392
W (354609) rc_video: [CAM-DIAG-C16T] LIGHT stage=periodic window=23 sensor=real display=camera idle=0ms full_probe=0 cache=c2m_inv frames=570 changes=569 sync_changes=0 sync_calls=570 sync_skips=0 unique=8 overflow=562 pre=a57aaf9d post=a57aaf9d luma_avg=64.6 luma_min=36 luma_max=80 luma_last=74 avg_probe=2.279ms max_probe=2.704ms tsf_waits=0 tsf_wait_us=0 tsf_wait_max_global_us=0 launch_phase_samples=0 launch_phase_avg=0.0 launch_phase_min=0 launch_phase_max=0 tsf_errors=0
I (354640) rc_video: [CAM-DIAG-C16T] HEALTH window=23 display_frame=1896 guard_errors=0 quiesce=1896 resume_before=1895 lifecycle_errors=0 pause_req=1900 pause_ack=1900 pause_timeout=0 cache_sync_err=0 raw_post_err=0 overlap=0 finish_collision=0 tsf_waits=0 tsf_wait_us=0 tsf_wait_max_global_us=0 target=0 tolerance=0 launch_samples=0 launch_min=0 launch_max=0 rgb_gain=110 present=direct chunk_lines=60 repeats=1 tsf_errors=0 staged_events=20921 staged_copies=20911 staged_bytes=1070643200 staged_tail=10 staged_forward=3803 staged_fallback=0 staged_errors=0 tail_drain=0 tail_waits=0 tail_wait_us=0 eof_callbacks=20921 eof_valid=20911 eof_invalid=0 eof_mismatch=1921 eof_half0=9509 eof_half1=11402 eof_mm_blocks=0/0/0/0/1/1/1/0/9/11/1898 eof_settle=1000 eof_settle_events=1662 eof_settle_us=754392
W (359477) rc_video: [CAM-DIAG-C16T] LIGHT stage=periodic window=23 sensor=real display=camera idle=0ms full_probe=0 cache=c2m_inv frames=600 changes=599 sync_changes=0 sync_calls=600 sync_skips=0 unique=8 overflow=592 pre=7909aa78 post=7909aa78 luma_avg=64.9 luma_min=36 luma_max=80 luma_last=70 avg_probe=2.279ms max_probe=2.704ms tsf_waits=0 tsf_wait_us=0 tsf_wait_max_global_us=0 launch_phase_samples=0 launch_phase_avg=0.0 launch_phase_min=0 launch_phase_max=0 tsf_errors=0
I (359508) rc_video: [CAM-DIAG-C16T] HEALTH window=23 display_frame=1926 guard_errors=0 quiesce=1926 resume_before=1925 lifecycle_errors=0 pause_req=1930 pause_ack=1930 pause_timeout=0 cache_sync_err=0 raw_post_err=0 overlap=0 finish_collision=0 tsf_waits=0 tsf_wait_us=0 tsf_wait_max_global_us=0 target=0 tolerance=0 launch_samples=0 launch_min=0 launch_max=0 rgb_gain=110 present=direct chunk_lines=60 repeats=1 tsf_errors=0 staged_events=21251 staged_copies=21241 staged_bytes=1087539200 staged_tail=10 staged_forward=3863 staged_fallback=0 staged_errors=0 tail_drain=0 tail_waits=0 tail_wait_us=0 eof_callbacks=21251 eof_valid=21241 eof_invalid=0 eof_mismatch=1951 eof_half0=9659 eof_half1=11582 eof_mm_blocks=0/0/0/0/1/1/1/0/9/11/1928 eof_settle=1000 eof_settle_events=1692 eof_settle_us=784392
W (364345) rc_video: [CAM-DIAG-C16T] LIGHT stage=periodic window=23 sensor=real display=camera idle=0ms full_probe=0 cache=c2m_inv frames=630 changes=629 sync_changes=0 sync_calls=630 sync_skips=0 unique=8 overflow=622 pre=b5869976 post=b5869976 luma_avg=65.3 luma_min=36 luma_max=80 luma_last=73 avg_probe=2.280ms max_probe=2.704ms tsf_waits=0 tsf_wait_us=0 tsf_wait_max_global_us=0 launch_phase_samples=0 launch_phase_avg=0.0 launch_phase_min=0 launch_phase_max=0 tsf_errors=0
I (364376) rc_video: [CAM-DIAG-C16T] HEALTH window=23 display_frame=1956 guard_errors=0 quiesce=1956 resume_before=1955 lifecycle_errors=0 pause_req=1960 pause_ack=1960 pause_timeout=0 cache_sync_err=0 raw_post_err=0 overlap=0 finish_collision=0 tsf_waits=0 tsf_wait_us=0 tsf_wait_max_global_us=0 target=0 tolerance=0 launch_samples=0 launch_min=0 launch_max=0 rgb_gain=110 present=direct chunk_lines=60 repeats=1 tsf_errors=0 staged_events=21581 staged_copies=21571 staged_bytes=1104435200 staged_tail=10 staged_forward=3923 staged_fallback=0 staged_errors=0 tail_drain=0 tail_waits=0 tail_wait_us=0 eof_callbacks=21581 eof_valid=21571 eof_invalid=0 eof_mismatch=1981 eof_half0=9809 eof_half1=11762 eof_mm_blocks=0/0/0/0/1/1/1/0/9/11/1958 eof_settle=1000 eof_settle_events=1722 eof_settle_us=814392
W (369215) rc_video: [CAM-DIAG-C16T] LIGHT stage=periodic window=23 sensor=real display=camera idle=0ms full_probe=0 cache=c2m_inv frames=660 changes=659 sync_changes=0 sync_calls=660 sync_skips=0 unique=8 overflow=652 pre=8c6be655 post=8c6be655 luma_avg=65.6 luma_min=36 luma_max=80 luma_last=71 avg_probe=2.281ms max_probe=2.704ms tsf_waits=0 tsf_wait_us=0 tsf_wait_max_global_us=0 launch_phase_samples=0 launch_phase_avg=0.0 launch_phase_min=0 launch_phase_max=0 tsf_errors=0
I (369247) rc_video: [CAM-DIAG-C16T] HEALTH window=23 display_frame=1986 guard_errors=0 quiesce=1986 resume_before=1985 lifecycle_errors=0 pause_req=1990 pause_ack=1990 pause_timeout=0 cache_sync_err=0 raw_post_err=0 overlap=0 finish_collision=0 tsf_waits=0 tsf_wait_us=0 tsf_wait_max_global_us=0 target=0 tolerance=0 launch_samples=0 launch_min=0 launch_max=0 rgb_gain=110 present=direct chunk_lines=60 repeats=1 tsf_errors=0 staged_events=21911 staged_copies=21901 staged_bytes=1121331200 staged_tail=10 staged_forward=3983 staged_fallback=0 staged_errors=0 tail_drain=0 tail_waits=0 tail_wait_us=0 eof_callbacks=21911 eof_valid=21901 eof_invalid=0 eof_mismatch=2011 eof_half0=9959 eof_half1=11942 eof_mm_blocks=0/0/0/0/1/1/1/0/9/11/1988 eof_settle=1000 eof_settle_events=1752 eof_settle_us=844392
W (374081) rc_video: [CAM-DIAG-C16T] LIGHT stage=periodic window=23 sensor=real display=camera idle=0ms full_probe=0 cache=c2m_inv frames=690 changes=689 sync_changes=0 sync_calls=690 sync_skips=0 unique=8 overflow=682 pre=ea344631 post=ea344631 luma_avg=66.0 luma_min=36 luma_max=80 luma_last=72 avg_probe=2.282ms max_probe=2.704ms tsf_waits=0 tsf_wait_us=0 tsf_wait_max_global_us=0 launch_phase_samples=0 launch_phase_avg=0.0 launch_phase_min=0 launch_phase_max=0 tsf_errors=0
I (374112) rc_video: [CAM-DIAG-C16T] HEALTH window=23 display_frame=2016 guard_errors=0 quiesce=2016 resume_before=2015 lifecycle_errors=0 pause_req=2020 pause_ack=2020 pause_timeout=0 cache_sync_err=0 raw_post_err=0 overlap=0 finish_collision=0 tsf_waits=0 tsf_wait_us=0 tsf_wait_max_global_us=0 target=0 tolerance=0 launch_samples=0 launch_min=0 launch_max=0 rgb_gain=110 present=direct chunk_lines=60 repeats=1 tsf_errors=0 staged_events=22241 staged_copies=22231 staged_bytes=1138227200 staged_tail=10 staged_forward=4043 staged_fallback=0 staged_errors=0 tail_drain=0 tail_waits=0 tail_wait_us=0 eof_callbacks=22241 eof_valid=22231 eof_invalid=0 eof_mismatch=2041 eof_half0=10109 eof_half1=12122 eof_mm_blocks=0/0/0/0/1/1/1/0/9/11/2018 eof_settle=1000 eof_settle_events=1782 eof_settle_us=874392
W (378950) rc_video: [CAM-DIAG-C16T] LIGHT stage=periodic window=23 sensor=real display=camera idle=0ms full_probe=0 cache=c2m_inv frames=720 changes=719 sync_changes=0 sync_calls=720 sync_skips=0 unique=8 overflow=712 pre=33297956 post=33297956 luma_avg=66.1 luma_min=36 luma_max=80 luma_last=66 avg_probe=2.282ms max_probe=2.704ms tsf_waits=0 tsf_wait_us=0 tsf_wait_max_global_us=0 launch_phase_samples=0 launch_phase_avg=0.0 launch_phase_min=0 launch_phase_max=0 tsf_errors=0
I (378981) rc_video: [CAM-DIAG-C16T] HEALTH window=23 display_frame=2046 guard_errors=0 quiesce=2046 resume_before=2045 lifecycle_errors=0 pause_req=2050 pause_ack=2050 pause_timeout=0 cache_sync_err=0 raw_post_err=0 overlap=0 finish_collision=0 tsf_waits=0 tsf_wait_us=0 tsf_wait_max_global_us=0 target=0 tolerance=0 launch_samples=0 launch_min=0 launch_max=0 rgb_gain=110 present=direct chunk_lines=60 repeats=1 tsf_errors=0 staged_events=22571 staged_copies=22561 staged_bytes=1155123200 staged_tail=10 staged_forward=4103 staged_fallback=0 staged_errors=0 tail_drain=0 tail_waits=0 tail_wait_us=0 eof_callbacks=22571 eof_valid=22561 eof_invalid=0 eof_mismatch=2071 eof_half0=10259 eof_half1=12302 eof_mm_blocks=0/0/0/0/1/1/1/0/9/11/2048 eof_settle=1000 eof_settle_events=1812 eof_settle_us=904392
W (383818) rc_video: [CAM-DIAG-C16T] LIGHT stage=periodic window=23 sensor=real display=camera idle=0ms full_probe=0 cache=c2m_inv frames=750 changes=749 sync_changes=0 sync_calls=750 sync_skips=0 unique=8 overflow=742 pre=5f71b6d2 post=5f71b6d2 luma_avg=66.1 luma_min=36 luma_max=80 luma_last=66 avg_probe=2.281ms max_probe=2.704ms tsf_waits=0 tsf_wait_us=0 tsf_wait_max_global_us=0 launch_phase_samples=0 launch_phase_avg=0.0 launch_phase_min=0 launch_phase_max=0 tsf_errors=0
I (383849) rc_video: [CAM-DIAG-C16T] HEALTH window=23 display_frame=2076 guard_errors=0 quiesce=2076 resume_before=2075 lifecycle_errors=0 pause_req=2080 pause_ack=2080 pause_timeout=0 cache_sync_err=0 raw_post_err=0 overlap=0 finish_collision=0 tsf_waits=0 tsf_wait_us=0 tsf_wait_max_global_us=0 target=0 tolerance=0 launch_samples=0 launch_min=0 launch_max=0 rgb_gain=110 present=direct chunk_lines=60 repeats=1 tsf_errors=0 staged_events=22901 staged_copies=22891 staged_bytes=1172019200 staged_tail=10 staged_forward=4163 staged_fallback=0 staged_errors=0 tail_drain=0 tail_waits=0 tail_wait_us=0 eof_callbacks=22901 eof_valid=22891 eof_invalid=0 eof_mismatch=2101 eof_half0=10409 eof_half1=12482 eof_mm_blocks=0/0/0/0/1/1/1/0/9/11/2078 eof_settle=1000 eof_settle_events=1842 eof_settle_us=934392
W (388687) rc_video: [CAM-DIAG-C16T] LIGHT stage=periodic window=23 sensor=real display=camera idle=0ms full_probe=0 cache=c2m_inv frames=780 changes=779 sync_changes=0 sync_calls=780 sync_skips=0 unique=8 overflow=772 pre=d3e4fee5 post=d3e4fee5 luma_avg=66.0 luma_min=36 luma_max=86 luma_last=65 avg_probe=2.282ms max_probe=2.704ms tsf_waits=0 tsf_wait_us=0 tsf_wait_max_global_us=0 launch_phase_samples=0 launch_phase_avg=0.0 launch_phase_min=0 launch_phase_max=0 tsf_errors=0
I (388718) rc_video: [CAM-DIAG-C16T] HEALTH window=23 display_frame=2106 guard_errors=0 quiesce=2106 resume_before=2105 lifecycle_errors=0 pause_req=2110 pause_ack=2110 pause_timeout=0 cache_sync_err=0 raw_post_err=0 overlap=0 finish_collision=0 tsf_waits=0 tsf_wait_us=0 tsf_wait_max_global_us=0 target=0 tolerance=0 launch_samples=0 launch_min=0 launch_max=0 rgb_gain=110 present=direct chunk_lines=60 repeats=1 tsf_errors=0 staged_events=23231 staged_copies=23221 staged_bytes=1188915200 staged_tail=10 staged_forward=4223 staged_fallback=0 staged_errors=0 tail_drain=0 tail_waits=0 tail_wait_us=0 eof_callbacks=23231 eof_valid=23221 eof_invalid=0 eof_mismatch=2131 eof_half0=10559 eof_half1=12662 eof_mm_blocks=0/0/0/0/1/1/1/0/9/11/2108 eof_settle=1000 eof_settle_events=1872 eof_settle_us=964392
W (393554) rc_video: [CAM-DIAG-C16T] LIGHT stage=periodic window=23 sensor=real display=camera idle=0ms full_probe=0 cache=c2m_inv frames=810 changes=809 sync_changes=0 sync_calls=810 sync_skips=0 unique=8 overflow=802 pre=ed6324be post=ed6324be luma_avg=65.8 luma_min=36 luma_max=86 luma_last=65 avg_probe=2.282ms max_probe=3.062ms tsf_waits=0 tsf_wait_us=0 tsf_wait_max_global_us=0 launch_phase_samples=0 launch_phase_avg=0.0 launch_phase_min=0 launch_phase_max=0 tsf_errors=0
I (393585) rc_video: [CAM-DIAG-C16T] HEALTH window=23 display_frame=2136 guard_errors=0 quiesce=2136 resume_before=2135 lifecycle_errors=0 pause_req=2140 pause_ack=2140 pause_timeout=0 cache_sync_err=0 raw_post_err=0 overlap=0 finish_collision=0 tsf_waits=0 tsf_wait_us=0 tsf_wait_max_global_us=0 target=0 tolerance=0 launch_samples=0 launch_min=0 launch_max=0 rgb_gain=110 present=direct chunk_lines=60 repeats=1 tsf_errors=0 staged_events=23561 staged_copies=23551 staged_bytes=1205811200 staged_tail=10 staged_forward=4283 staged_fallback=0 staged_errors=0 tail_drain=0 tail_waits=0 tail_wait_us=0 eof_callbacks=23561 eof_valid=23551 eof_invalid=0 eof_mismatch=2161 eof_half0=10709 eof_half1=12842 eof_mm_blocks=0/0/0/0/1/1/1/0/9/11/2138 eof_settle=1000 eof_settle_events=1902 eof_settle_us=994392
