W (45348) rc_tank: [CAM-DIAG-C16U] WINDOW_01 repeat: wifi=off camera=off display=black cache=none; camera_init=next
W (45348) rc_video: [CAM-DIAG-C16U] PROFILE window=1 sensor=real display=camera idle=0ms full_probe=0 cache=none capture=0
I (45358) rc_tank: [STEP] Camera init starting...
I (45362) rc_video: Initializing camera (SP0A39 640x480 VYUY)
W (45367) rc_video: [CAM-DIAG-C16U] staged DVP init core=0; Wi-Fi task core=0; configured_internal_dma=102400; free_internal=230155 largest_internal_dma=110592
I (45381) board_camera: initializing SP0A39 camera mode=0 640x480
I (45387) camera_hal: init SP0A39 DVP 640x480 (SCCB manual mode)
I (45393) camera_hal: configuring IOEX pins for camera RESET/PWDN
I (45400) camera_hal: PWDN=HIGH (power down)
I (45413) camera_hal: PWDN=LOW (release sensor)
I (45613) camera_hal: RESET=LOW (assert reset)
I (45633) camera_hal: RESET=HIGH (release reset)
I (46633) camera_hal: full I2C scan after camera power-up (diagnostic only)...
I (46635) camera_hal:   post-powerup ACK at 0x15
I (46635) camera_hal:   post-powerup ACK at 0x18
I (46638) camera_hal:   post-powerup ACK at 0x21
I (46642) camera_hal:   post-powerup ACK at 0x22
I (46650) camera_hal:   post-powerup ACK at 0x40
I (46652) camera_hal:   post-powerup ACK at 0x51
I (46658) camera_hal:   post-powerup ACK at 0x68
I (46661) camera_hal: DVP GPIO diagnostics (checking PCLK/VSYNC/HSYNC activity)...
I (46727) camera_hal: DVP diagnostics: PCLK_changes=0 VSYNC_changes=0 HSYNC_changes=0
W (46727) camera_hal: PCLK has no transitions - MCLK likely not reaching sensor or sensor not active
I (46732) camera_hal: using sensor address 0x21
I (46737) camera_hal: SP0A39 I2C device added at 0x21
I (46743) camera_hal: SP0A39 chip ID: 0x0A39
I (46865) camera_hal: SP0A39 register init done: VYUY 640x480 (359 regs)
I (46866) camera_hal: [CAM-PROBE] SP0A39 p0_31 stage=post_table value=0x00 expected=0x01
E (46868) camera_hal: camera_hal_verify_expected_output_p0_31(92): unexpected p0_31=0x00 at post_table
W (46877) camera_hal: [CAM-PROBE] output state differs after table; continuing: ESP_ERR_INVALID_RESPONSE
I (46907) camera_hal: [CAM-PROBE] SP0A39 p0_31 stage=post_delay value=0x01 expected=0x01
I (46908) camera_hal: camera HAL initialized (sensor ready, DVP capture not yet implemented)
I (46912) board_camera: camera ready
I (46920) camera_hal: SP0A39 output regs: P0:1c=0x00 P0:30=0x01 P0:31=0x01 P1:32=0x15 P1:34=0xeb P1:35=0x00 P1:36=0x10
I (47054) rc_video:   3 DMA-capable PSRAM framebuffers allocated (600 KB each)
W (47097) rc_video: [CAM-DIAG-C16U] capture handoff uses rc_capture_pool + backup
W (47097) rc_video: [DEBUG-C151] buffers fb0=0x3c0f6040 fb1=0x3c18c180 fb2=0x3c2222c0 backup=0x3c2b8400 payload=614400 storage=614400 alloc=614656 terminal_guard=256
W (47108) rc_video: [DEBUG-C151] heap stage=framebuffers_allocated intact=1
I (47116) dvp_ext: DVP Extended camera controller driver is initialized
W (47120) dvp_ext: [CAM-DIAG-C16U] staged assembly uses GDMA-EOF direct copy; dma=102400 half=51200 queue_data_events=suppressed eof_desc=probe
W (47133) rc_video: [DEBUG-C151] heap stage=dvp_controller_created_before_start intact=1
W (47141) rc_video: [CAM-DIAG-C16U] staged DVP controller created; configured_internal_dma=102400 free_internal=123075 largest_internal_dma=63488
I (47153) rc_video: Camera initialized
I (47157) rc_tank: [STEP] Camera init OK
W (47161) rc_tank: [CAM-DIAG-C16U] TSF_GUARD window=2 beacon=0 after=0us budget=0us result=ESP_OK
W (47169) rc_tank: [CAM-DIAG-C16U] TSF_TARGET window=2 phase=0us tolerance=0us result=ESP_OK
W (47177) rc_tank: [CAM-DIAG-C16U] RGB_GAIN window=2 requested=110 result=ESP_OK
W (47184) rc_tank: [CAM-DIAG-C16U] PRESENT window=2 mode=direct chunk_lines=60 repeats=1 result=ESP_OK
W (47193) rc_tank: [CAM-DIAG-C16U] TAIL_DRAIN window=2 requested=0us result=ESP_OK
W (47201) rc_tank: [CAM-DIAG-C16U] DEFER_PROFILE window=2 mode=software_index vsync_settle=0us result=ESP_OK
W (47210) rc_video: [CAM-DIAG-C16U] PROFILE window=2 sensor=real display=camera idle=0ms full_probe=0 cache=c2m_inv capture=0
W (47221) rc_tank: [CAM-DIAG-C16U] WINDOW_02 start: wifi=off sensor=real display=camera idle=0ms full_probe=off cache=c2m_inv dvp=staged100k protocol=off beacon=0 guard_after=0us capture_budget=0us target=0us tolerance=0us rgb_gain=110% present=direct chunk_lines=60 repeats=1 tail_drain=0us eof_mode=software_index vsync_settle=0us
W (47221) rc_video: [CAM-DIAG-C16U] LIGHT stage=complete window=1 sensor=real display=camera idle=0ms full_probe=0 cache=none frames=0 changes=0 sync_changes=0 sync_calls=0 sync_skips=0 unique=0 overflow=0 pre=00000000 post=00000000 luma_avg=0.0 luma_min=255 luma_max=0 luma_last=0 avg_probe=0.000ms max_probe=0.000ms tsf_waits=0 tsf_wait_us=0 tsf_wait_max_global_us=0 launch_phase_samples=0 launch_phase_avg=0.0 launch_phase_min=0 launch_phase_max=0 tsf_errors=0
I (47252) camera_hal: [CAM-PROBE] SP0A39 p0_31 stage=dvp_started value=0x01 expected=0x01
W (47302) rc_video: [CAM-DIAG-C16U] scaled camera preview enabled (240x180 at 80,0; DVP started)
W (47307) rc_tank: [CAM-DIAG-C16U] staged-100KiB VYUY camera preview started while Wi-Fi is off
W (51984) rc_video: [CAM-DIAG-C16U] LIGHT stage=periodic window=2 sensor=real display=camera idle=0ms full_probe=0 cache=c2m_inv frames=30 changes=29 sync_changes=0 sync_calls=30 sync_skips=0 unique=8 overflow=22 pre=a81f13c3 post=a81f13c3 luma_avg=82.5 luma_min=68 luma_max=84 luma_last=83 avg_probe=2.192ms max_probe=2.587ms tsf_waits=0 tsf_wait_us=0 tsf_wait_max_global_us=0 launch_phase_samples=0 launch_phase_avg=0.0 launch_phase_min=0 launch_phase_max=0 tsf_errors=0
I (52015) rc_video: [CAM-DIAG-C16U] HEALTH window=2 display_frame=30 guard_errors=0 quiesce=30 resume_before=29 lifecycle_errors=0 pause_req=30 pause_ack=30 pause_timeout=0 cache_sync_err=0 raw_post_err=0 overlap=0 finish_collision=0 tsf_waits=0 tsf_wait_us=0 tsf_wait_max_global_us=0 target=0 tolerance=0 launch_samples=0 launch_min=0 launch_max=0 rgb_gain=110 present=direct chunk_lines=60 repeats=1 tsf_errors=0 staged_events=331 staged_copies=330 staged_bytes=16896000 staged_tail=1 staged_forward=60 staged_fallback=0 staged_errors=0 tail_drain=0 tail_waits=0 tail_wait_us=0 eof_callbacks=331 eof_valid=330 eof_invalid=0 eof_mismatch=32 eof_half0=150 eof_half1=180 eof_mm_blocks=0/0/0/0/0/0/0/0/1/1/30 eof_settle=0 eof_settle_events=0 eof_settle_us=0 defer_events=0 drained=0 pending_collisions=0 drain_errors=0
W (56852) rc_video: [CAM-DIAG-C16U] LIGHT stage=periodic window=2 sensor=real display=camera idle=0ms full_probe=0 cache=c2m_inv frames=60 changes=59 sync_changes=0 sync_calls=60 sync_skips=0 unique=8 overflow=52 pre=e6a74e1a post=e6a74e1a luma_avg=79.2 luma_min=68 luma_max=85 luma_last=73 avg_probe=2.185ms max_probe=2.587ms tsf_waits=0 tsf_wait_us=0 tsf_wait_max_global_us=0 launch_phase_samples=0 launch_phase_avg=0.0 launch_phase_min=0 launch_phase_max=0 tsf_errors=0
I (56883) rc_video: [CAM-DIAG-C16U] HEALTH window=2 display_frame=60 guard_errors=0 quiesce=60 resume_before=59 lifecycle_errors=0 pause_req=60 pause_ack=60 pause_timeout=0 cache_sync_err=0 raw_post_err=0 overlap=0 finish_collision=0 tsf_waits=0 tsf_wait_us=0 tsf_wait_max_global_us=0 target=0 tolerance=0 launch_samples=0 launch_min=0 launch_max=0 rgb_gain=110 present=direct chunk_lines=60 repeats=1 tsf_errors=0 staged_events=661 staged_copies=660 staged_bytes=33792000 staged_tail=1 staged_forward=120 staged_fallback=0 staged_errors=0 tail_drain=0 tail_waits=0 tail_wait_us=0 eof_callbacks=661 eof_valid=660 eof_invalid=0 eof_mismatch=62 eof_half0=300 eof_half1=360 eof_mm_blocks=0/0/0/0/0/0/0/0/1/1/60 eof_settle=0 eof_settle_events=0 eof_settle_us=0 defer_events=0 drained=0 pending_collisions=0 drain_errors=0
W (57354) rc_tank: [DEBUG-C151] heap stage=window_2_end intact=1
W (57357) camera_hal: [CAM-DIAG-C16I] SP0A39 test_pattern=on P1:32 before=0x15 write=0x95 read=0x80 expected_bit=0x80
W (57459) rc_tank: [CAM-DIAG-C16U] TSF_GUARD window=3 beacon=0 after=0us budget=0us result=ESP_OK
W (57459) rc_tank: [CAM-DIAG-C16U] TSF_TARGET window=3 phase=0us tolerance=0us result=ESP_OK
W (57465) rc_tank: [CAM-DIAG-C16U] RGB_GAIN window=3 requested=110 result=ESP_OK
W (57472) rc_tank: [CAM-DIAG-C16U] PRESENT window=3 mode=direct chunk_lines=60 repeats=1 result=ESP_OK
W (57512) rc_tank: [CAM-DIAG-C16U] TAIL_DRAIN window=3 requested=0us result=ESP_OK
W (57516) rc_tank: [CAM-DIAG-C16U] DEFER_PROFILE window=3 mode=software_index vsync_settle=0us result=ESP_OK
W (57526) rc_video: [CAM-DIAG-C16U] PROFILE window=3 sensor=pattern display=camera idle=0ms full_probe=0 cache=c2m_inv capture=64
W (57537) rc_tank: [CAM-DIAG-C16U] WINDOW_03 start: wifi=off sensor=pattern display=camera idle=0ms full_probe=off cache=c2m_inv dvp=staged100k protocol=off beacon=0 guard_after=0us capture_budget=0us target=0us tolerance=0us rgb_gain=110% present=direct chunk_lines=60 repeats=1 tail_drain=0us eof_mode=software_index vsync_settle=0us
W (57611) rc_video: [CAM-DIAG-C16U] LIGHT stage=complete window=2 sensor=real display=camera idle=0ms full_probe=0 cache=c2m_inv frames=64 changes=63 sync_changes=0 sync_calls=64 sync_skips=0 unique=8 overflow=56 pre=0afaec70 post=0afaec70 luma_avg=79.6 luma_min=68 luma_max=123 luma_last=123 avg_probe=2.214ms max_probe=3.507ms tsf_waits=0 tsf_wait_us=0 tsf_wait_max_global_us=0 launch_phase_samples=0 launch_phase_avg=0.0 launch_phase_min=0 launch_phase_max=0 tsf_errors=0
W (62353) rc_video: [CAM-DIAG-C16U] LIGHT stage=periodic window=3 sensor=pattern display=camera idle=0ms full_probe=0 cache=c2m_inv frames=30 changes=0 sync_changes=0 sync_calls=30 sync_skips=0 unique=1 overflow=0 pre=0afaec70 post=0afaec70 luma_avg=123.0 luma_min=123 luma_max=123 luma_last=123 avg_probe=2.179ms max_probe=2.232ms tsf_waits=0 tsf_wait_us=0 tsf_wait_max_global_us=0 launch_phase_samples=0 launch_phase_avg=0.0 launch_phase_min=0 launch_phase_max=0 tsf_errors=0
I (62384) rc_video: [CAM-DIAG-C16U] HEALTH window=3 display_frame=94 guard_errors=0 quiesce=94 resume_before=93 lifecycle_errors=0 pause_req=94 pause_ack=94 pause_timeout=0 cache_sync_err=0 raw_post_err=0 overlap=0 finish_collision=0 tsf_waits=0 tsf_wait_us=0 tsf_wait_max_global_us=0 target=0 tolerance=0 launch_samples=0 launch_min=0 launch_max=0 rgb_gain=110 present=direct chunk_lines=60 repeats=1 tsf_errors=0 staged_events=1035 staged_copies=1034 staged_bytes=52940800 staged_tail=1 staged_forward=188 staged_fallback=0 staged_errors=0 tail_drain=0 tail_waits=0 tail_wait_us=0 eof_callbacks=1035 eof_valid=1034 eof_invalid=0 eof_mismatch=97 eof_half0=471 eof_half1=563 eof_mm_blocks=0/0/0/0/0/0/0/0/1/2/94 eof_settle=0 eof_settle_events=0 eof_settle_us=0 defer_events=0 drained=0 pending_collisions=0 drain_errors=0
W (67221) rc_video: [CAM-DIAG-C16U] LIGHT stage=periodic window=3 sensor=pattern display=camera idle=0ms full_probe=0 cache=c2m_inv frames=60 changes=0 sync_changes=0 sync_calls=60 sync_skips=0 unique=1 overflow=0 pre=0afaec70 post=0afaec70 luma_avg=123.0 luma_min=123 luma_max=123 luma_last=123 avg_probe=2.179ms max_probe=2.235ms tsf_waits=0 tsf_wait_us=0 tsf_wait_max_global_us=0 launch_phase_samples=0 launch_phase_avg=0.0 launch_phase_min=0 launch_phase_max=0 tsf_errors=0
I (67252) rc_video: [CAM-DIAG-C16U] HEALTH window=3 display_frame=124 guard_errors=0 quiesce=124 resume_before=123 lifecycle_errors=0 pause_req=124 pause_ack=124 pause_timeout=0 cache_sync_err=0 raw_post_err=0 overlap=0 finish_collision=0 tsf_waits=0 tsf_wait_us=0 tsf_wait_max_global_us=0 target=0 tolerance=0 launch_samples=0 launch_min=0 launch_max=0 rgb_gain=110 present=direct chunk_lines=60 repeats=1 tsf_errors=0 staged_events=1365 staged_copies=1364 staged_bytes=69836800 staged_tail=1 staged_forward=248 staged_fallback=0 staged_errors=0 tail_drain=0 tail_waits=0 tail_wait_us=0 eof_callbacks=1365 eof_valid=1364 eof_invalid=0 eof_mismatch=127 eof_half0=621 eof_half1=743 eof_mm_blocks=0/0/0/0/0/0/0/0/1/2/124 eof_settle=0 eof_settle_events=0 eof_settle_us=0 defer_events=0 drained=0 pending_collisions=0 drain_errors=0
W (67568) rc_tank: [DEBUG-C151] heap stage=window_3_end_before_network intact=1
I (67568) rc_tank: [STEP] Network init starting...
I (67570) rc_net: Initializing as SoftAP (Tank)
I (67575) pp: pp rom version: e7ae62f
I (67577) net80211: net80211 rom version: e7ae62f
I (67584) wifi:wifi driver task: 3fce8990, prio:23, stack:6656, core=0
I (67591) wifi:wifi firmware version: 0947e8b
I (67592) wifi:wifi certification version: v7.0
I (67595) wifi:config NVS flash: enabled
I (67599) wifi:config nano formatting: disabled
I (67603) wifi:Init data frame dynamic rx buffer num: 32
I (67608) wifi:Init static rx mgmt buffer num: 5
I (67613) wifi:Init management short buffer num: 32
I (67617) wifi:Init dynamic tx buffer num: 64
I (67621) wifi:Init static tx FG buffer num: 2
I (67626) wifi:Init static rx buffer size: 1600
I (67630) wifi:Init static rx buffer num: 10
I (67634) wifi:Init dynamic rx buffer num: 32
I (67639) wifi_init: rx ba win: 6
I (67641) wifi_init: accept mbox: 6
I (67644) wifi_init: tcpip mbox: 16
I (67647) wifi_init: udp mbox: 6
I (67650) wifi_init: tcp mbox: 6
I (67653) wifi_init: tcp tx win: 5760
I (67657) wifi_init: tcp rx win: 5760
I (67660) wifi_init: tcp mss: 1440
I (67663) wifi_init: WiFi IRAM OP enabled
I (67667) wifi_init: WiFi RX IRAM OP enabled
I (67672) rc_net: AP set_mode/config, SSID=RC_TANK_F3AE79 ch=1
I (67787) phy_init: phy_version 711,97bcf0a2,Aug 25 2025,19:04:10
W (67788) phy_init: failed to load RF calibration data (0x1102), falling back to full calibration
I (67827) phy_init: Saving new calibration data due to checksum failure or outdated calibration data, mode(2)
I (67837) wifi:mode : softAP (44:1b:f6:f3:ae:79)
I (67880) wifi:Total power save buffer number: 32
I (67881) wifi:Init max length of beacon: 752/752
I (67882) wifi:Init max length of beacon: 752/752
I (67886) esp_netif_lwip: DHCP server started on interface WIFI_AP_DEF with IP: 192.168.4.1
I (67891) rc_net: SoftAP started, SSID: RC_TANK_F3AE79, Password: 12345678
I (67898) rc_tank: [STEP] Network init OK
I (67901) rc_tank: Tank SoftAP ready, waiting for remote...
W (67907) rc_tank: [CAM-DIAG-C16R] PROTOCOL window=4 before=0x07 requested=0x07 after=0x07 name=bgn changed=0
I (67922) wifi:Total power save buffer number: 32
W (67923) rc_tank: [CAM-DIAG-C16R] BEACON window=4 before=100 requested=200 after=200 changed=1
I (67925) esp_netif_lwip: DHCP server started on interface WIFI_AP_DEF with IP: 192.168.4.1
W (67948) rc_tank: [CAM-DIAG-C16U] TSF_GUARD window=4 beacon=200 after=0us budget=0us result=ESP_OK
W (67957) rc_tank: [CAM-DIAG-C16U] TSF_TARGET window=4 phase=0us tolerance=0us result=ESP_OK
W (67965) rc_tank: [CAM-DIAG-C16U] RGB_GAIN window=4 requested=110 result=ESP_OK
W (67972) rc_tank: [CAM-DIAG-C16U] PRESENT window=4 mode=direct chunk_lines=60 repeats=1 result=ESP_OK
W (67981) rc_tank: [CAM-DIAG-C16U] TAIL_DRAIN window=4 requested=0us result=ESP_OK
W (67988) rc_tank: [CAM-DIAG-C16U] DEFER_PROFILE window=4 mode=software_index vsync_settle=0us result=ESP_OK
W (68000) rc_video: [CAM-DIAG-C16U] PROFILE window=4 sensor=pattern display=camera idle=0ms full_probe=0 cache=c2m_inv capture=128
W (68040) rc_tank: [CAM-DIAG-C16U] WINDOW_04 start: wifi=on sensor=pattern display=camera idle=0ms full_probe=off cache=c2m_inv dvp=staged100k protocol=bgn beacon=200 guard_after=0us capture_budget=0us target=0us tolerance=0us rgb_gain=110% present=direct chunk_lines=60 repeats=1 tail_drain=0us eof_mode=software_index vsync_settle=0us
W (68137) rc_video: [CAM-DIAG-C16U] LIGHT stage=complete window=3 sensor=pattern display=camera idle=0ms full_probe=0 cache=c2m_inv frames=65 changes=0 sync_changes=0 sync_calls=65 sync_skips=0 unique=1 overflow=0 pre=0afaec70 post=0afaec70 luma_avg=123.0 luma_min=123 luma_max=123 luma_last=123 avg_probe=2.218ms max_probe=3.107ms tsf_waits=0 tsf_wait_us=0 tsf_wait_max_global_us=0 launch_phase_samples=0 launch_phase_avg=0.0 launch_phase_min=0 launch_phase_max=0 tsf_errors=0
W (72883) rc_video: [CAM-DIAG-C16U] LIGHT stage=periodic window=4 sensor=pattern display=camera idle=0ms full_probe=0 cache=c2m_inv frames=30 changes=0 sync_changes=0 sync_calls=30 sync_skips=0 unique=1 overflow=0 pre=0afaec70 post=0afaec70 luma_avg=123.0 luma_min=123 luma_max=123 luma_last=123 avg_probe=2.262ms max_probe=2.551ms tsf_waits=0 tsf_wait_us=0 tsf_wait_max_global_us=0 launch_phase_samples=0 launch_phase_avg=0.0 launch_phase_min=0 launch_phase_max=0 tsf_errors=0
I (72914) rc_video: [CAM-DIAG-C16U] HEALTH window=4 display_frame=159 guard_errors=0 quiesce=159 resume_before=158 lifecycle_errors=0 pause_req=159 pause_ack=159 pause_timeout=0 cache_sync_err=0 raw_post_err=0 overlap=0 finish_collision=0 tsf_waits=0 tsf_wait_us=0 tsf_wait_max_global_us=0 target=0 tolerance=0 launch_samples=0 launch_min=0 launch_max=0 rgb_gain=110 present=direct chunk_lines=60 repeats=1 tsf_errors=0 staged_events=1750 staged_copies=1749 staged_bytes=89548800 staged_tail=1 staged_forward=318 staged_fallback=0 staged_errors=0 tail_drain=0 tail_waits=0 tail_wait_us=0 eof_callbacks=1750 eof_valid=1749 eof_invalid=0 eof_mismatch=162 eof_half0=796 eof_half1=953 eof_mm_blocks=0/0/0/0/0/0/0/0/1/2/159 eof_settle=0 eof_settle_events=0 eof_settle_us=0 defer_events=0 drained=0 pending_collisions=0 drain_errors=0
W (77750) rc_video: [CAM-DIAG-C16U] LIGHT stage=periodic window=4 sensor=pattern display=camera idle=0ms full_probe=0 cache=c2m_inv frames=60 changes=0 sync_changes=0 sync_calls=60 sync_skips=0 unique=1 overflow=0 pre=0afaec70 post=0afaec70 luma_avg=123.0 luma_min=123 luma_max=123 luma_last=123 avg_probe=2.263ms max_probe=2.593ms tsf_waits=0 tsf_wait_us=0 tsf_wait_max_global_us=0 launch_phase_samples=0 launch_phase_avg=0.0 launch_phase_min=0 launch_phase_max=0 tsf_errors=0
I (77781) rc_video: [CAM-DIAG-C16U] HEALTH window=4 display_frame=189 guard_errors=0 quiesce=189 resume_before=188 lifecycle_errors=0 pause_req=189 pause_ack=189 pause_timeout=0 cache_sync_err=0 raw_post_err=0 overlap=0 finish_collision=0 tsf_waits=0 tsf_wait_us=0 tsf_wait_max_global_us=0 target=0 tolerance=0 launch_samples=0 launch_min=0 launch_max=0 rgb_gain=110 present=direct chunk_lines=60 repeats=1 tsf_errors=0 staged_events=2080 staged_copies=2079 staged_bytes=106444800 staged_tail=1 staged_forward=378 staged_fallback=0 staged_errors=0 tail_drain=0 tail_waits=0 tail_wait_us=0 eof_callbacks=2080 eof_valid=2079 eof_invalid=0 eof_mismatch=192 eof_half0=946 eof_half1=1133 eof_mm_blocks=0/0/0/0/0/0/0/0/1/2/189 eof_settle=0 eof_settle_events=0 eof_settle_us=0 defer_events=0 drained=0 pending_collisions=0 drain_errors=0
W (78096) camera_hal: [CAM-DIAG-C16I] SP0A39 test_pattern=off P1:32 before=0x80 write=0x00 read=0x15 expected_bit=0x00
W (78197) rc_tank: [CAM-DIAG-C16R] PROTOCOL window=5 before=0x07 requested=0x07 after=0x07 name=bgn changed=0
W (78198) rc_tank: [CAM-DIAG-C16R] BEACON window=5 before=200 requested=200 after=200 changed=0
W (78205) rc_tank: [CAM-DIAG-C16U] TSF_GUARD window=5 beacon=200 after=0us budget=0us result=ESP_OK
W (78251) rc_tank: [CAM-DIAG-C16U] TSF_TARGET window=5 phase=0us tolerance=0us result=ESP_OK
W (78252) rc_tank: [CAM-DIAG-C16U] RGB_GAIN window=5 requested=110 result=ESP_OK
W (78257) rc_tank: [CAM-DIAG-C16U] PRESENT window=5 mode=direct chunk_lines=60 repeats=1 result=ESP_OK
W (78266) rc_tank: [CAM-DIAG-C16U] TAIL_DRAIN window=5 requested=0us result=ESP_OK
W (78273) rc_tank: [CAM-DIAG-C16U] DEFER_PROFILE window=5 mode=software_index vsync_settle=0us result=ESP_OK
W (78282) rc_video: [CAM-DIAG-C16U] PROFILE window=5 sensor=real display=camera idle=0ms full_probe=0 cache=c2m_inv capture=192
W (78294) rc_tank: [CAM-DIAG-C16U] WINDOW_05 start: wifi=on sensor=real display=camera idle=0ms full_probe=off cache=c2m_inv dvp=staged100k protocol=bgn beacon=200 guard_after=0us capture_budget=0us target=0us tolerance=0us rgb_gain=110% present=direct chunk_lines=60 repeats=1 tail_drain=0us eof_mode=software_index vsync_settle=0us
W (78353) rc_video: [CAM-DIAG-C16U] LIGHT stage=complete window=4 sensor=pattern display=camera idle=0ms full_probe=0 cache=c2m_inv frames=63 changes=1 sync_changes=0 sync_calls=63 sync_skips=0 unique=2 overflow=0 pre=ab9265c9 post=ab9265c9 luma_avg=122.4 luma_min=84 luma_max=123 luma_last=84 avg_probe=2.274ms max_probe=2.630ms tsf_waits=0 tsf_wait_us=0 tsf_wait_max_global_us=0 launch_phase_samples=0 launch_phase_avg=0.0 launch_phase_min=0 launch_phase_max=0 tsf_errors=0
W (83095) rc_video: [CAM-DIAG-C16U] LIGHT stage=periodic window=5 sensor=real display=camera idle=0ms full_probe=0 cache=c2m_inv frames=30 changes=29 sync_changes=0 sync_calls=30 sync_skips=0 unique=8 overflow=22 pre=f06e8a39 post=f06e8a39 luma_avg=77.1 luma_min=51 luma_max=85 luma_last=78 avg_probe=2.282ms max_probe=2.590ms tsf_waits=0 tsf_wait_us=0 tsf_wait_max_global_us=0 launch_phase_samples=0 launch_phase_avg=0.0 launch_phase_min=0 launch_phase_max=0 tsf_errors=0
I (83126) rc_video: [CAM-DIAG-C16U] HEALTH window=5 display_frame=222 guard_errors=0 quiesce=222 resume_before=221 lifecycle_errors=0 pause_req=222 pause_ack=222 pause_timeout=0 cache_sync_err=0 raw_post_err=0 overlap=0 finish_collision=0 tsf_waits=0 tsf_wait_us=0 tsf_wait_max_global_us=0 target=0 tolerance=0 launch_samples=0 launch_min=0 launch_max=0 rgb_gain=110 present=direct chunk_lines=60 repeats=1 tsf_errors=0 staged_events=2443 staged_copies=2442 staged_bytes=125030400 staged_tail=1 staged_forward=444 staged_fallback=0 staged_errors=0 tail_drain=0 tail_waits=0 tail_wait_us=0 eof_callbacks=2443 eof_valid=2442 eof_invalid=0 eof_mismatch=227 eof_half0=1111 eof_half1=1331 eof_mm_blocks=0/0/0/0/0/0/0/0/2/3/222 eof_settle=0 eof_settle_events=0 eof_settle_us=0 defer_events=0 drained=0 pending_collisions=0 drain_errors=0
W (87962) rc_video: [CAM-DIAG-C16U] LIGHT stage=periodic window=5 sensor=real display=camera idle=0ms full_probe=0 cache=c2m_inv frames=60 changes=59 sync_changes=0 sync_calls=60 sync_skips=0 unique=8 overflow=52 pre=5247eefb post=5247eefb luma_avg=71.5 luma_min=51 luma_max=85 luma_last=65 avg_probe=2.272ms max_probe=2.590ms tsf_waits=0 tsf_wait_us=0 tsf_wait_max_global_us=0 launch_phase_samples=0 launch_phase_avg=0.0 launch_phase_min=0 launch_phase_max=0 tsf_errors=0
I (87993) rc_video: [CAM-DIAG-C16U] HEALTH window=5 display_frame=252 guard_errors=0 quiesce=252 resume_before=251 lifecycle_errors=0 pause_req=252 pause_ack=252 pause_timeout=0 cache_sync_err=0 raw_post_err=0 overlap=0 finish_collision=0 tsf_waits=0 tsf_wait_us=0 tsf_wait_max_global_us=0 target=0 tolerance=0 launch_samples=0 launch_min=0 launch_max=0 rgb_gain=110 present=direct chunk_lines=60 repeats=1 tsf_errors=0 staged_events=2773 staged_copies=2772 staged_bytes=141926400 staged_tail=1 staged_forward=504 staged_fallback=0 staged_errors=0 tail_drain=0 tail_waits=0 tail_wait_us=0 eof_callbacks=2773 eof_valid=2772 eof_invalid=0 eof_mismatch=257 eof_half0=1261 eof_half1=1511 eof_mm_blocks=0/0/0/0/0/0/0/0/2/3/252 eof_settle=0 eof_settle_events=0 eof_settle_us=0 defer_events=0 drained=0 pending_collisions=0 drain_errors=0
W (88325) camera_hal: [CAM-DIAG-C16I] SP0A39 test_pattern=on P1:32 before=0x00 write=0x80 read=0x80 expected_bit=0x80
W (88463) rc_tank: [CAM-DIAG-C16R] PROTOCOL window=6 before=0x07 requested=0x07 after=0x07 name=bgn changed=0
W (88464) rc_tank: [CAM-DIAG-C16R] BEACON window=6 before=200 requested=200 after=200 changed=0
W (88471) rc_tank: [CAM-DIAG-C16U] TSF_GUARD window=6 beacon=200 after=0us budget=0us result=ESP_OK
W (88480) rc_tank: [CAM-DIAG-C16U] TSF_TARGET window=6 phase=0us tolerance=0us result=ESP_OK
W (88488) rc_tank: [CAM-DIAG-C16U] RGB_GAIN window=6 requested=110 result=ESP_OK
W (88495) rc_tank: [CAM-DIAG-C16U] PRESENT window=6 mode=direct chunk_lines=60 repeats=1 result=ESP_OK
W (88504) rc_tank: [CAM-DIAG-C16U] TAIL_DRAIN window=6 requested=0us result=ESP_OK
W (88511) rc_tank: [CAM-DIAG-C16U] DEFER_PROFILE window=6 mode=defer_mismatch_to_vsync vsync_settle=0us result=ESP_OK
W (88522) rc_video: [CAM-DIAG-C16U] PROFILE window=6 sensor=pattern display=camera idle=0ms full_probe=0 cache=c2m_inv capture=255
W (88533) rc_tank: [CAM-DIAG-C16U] WINDOW_06 start: wifi=on sensor=pattern display=camera idle=0ms full_probe=off cache=c2m_inv dvp=staged100k protocol=bgn beacon=200 guard_after=0us capture_budget=0us target=0us tolerance=0us rgb_gain=110% present=direct chunk_lines=60 repeats=1 tail_drain=0us eof_mode=defer_mismatch_to_vsync vsync_settle=0us
W (88568) rc_video: [CAM-DIAG-C16U] LIGHT stage=complete window=5 sensor=real display=camera idle=0ms full_probe=0 cache=c2m_inv frames=63 changes=62 sync_changes=0 sync_calls=63 sync_skips=0 unique=8 overflow=55 pre=5d9a6f9b post=5d9a6f9b luma_avg=72.1 luma_min=51 luma_max=123 luma_last=123 avg_probe=2.287ms max_probe=3.232ms tsf_waits=0 tsf_wait_us=0 tsf_wait_max_global_us=0 launch_phase_samples=0 launch_phase_avg=0.0 launch_phase_min=0 launch_phase_max=0 tsf_errors=0
W (93345) rc_video: [CAM-DIAG-C16U] LIGHT stage=periodic window=6 sensor=pattern display=camera idle=0ms full_probe=0 cache=c2m_inv frames=30 changes=1 sync_changes=0 sync_calls=30 sync_skips=0 unique=2 overflow=0 pre=5d9a6f9b post=5d9a6f9b luma_avg=122.6 luma_min=111 luma_max=123 luma_last=123 avg_probe=2.268ms max_probe=2.648ms tsf_waits=0 tsf_wait_us=0 tsf_wait_max_global_us=0 launch_phase_samples=0 launch_phase_avg=0.0 launch_phase_min=0 launch_phase_max=0 tsf_errors=0
I (93377) rc_video: [CAM-DIAG-C16U] HEALTH window=6 display_frame=285 guard_errors=0 quiesce=285 resume_before=284 lifecycle_errors=0 pause_req=285 pause_ack=285 pause_timeout=0 cache_sync_err=0 raw_post_err=0 overlap=0 finish_collision=0 tsf_waits=0 tsf_wait_us=0 tsf_wait_max_global_us=0 target=0 tolerance=0 launch_samples=0 launch_min=0 launch_max=0 rgb_gain=110 present=direct chunk_lines=60 repeats=1 tsf_errors=0 staged_events=3150 staged_copies=3144 staged_bytes=160972800 staged_tail=2 staged_forward=571 staged_fallback=0 staged_errors=0 tail_drain=0 tail_waits=0 tail_wait_us=0 eof_callbacks=3150 eof_valid=3144 eof_invalid=0 eof_mismatch=290 eof_half0=1431 eof_half1=1713 eof_mm_blocks=0/0/0/0/0/0/0/0/3/3/284 eof_settle=0 eof_settle_events=0 eof_settle_us=0 defer_events=30 drained=30 pending_collisions=4 drain_errors=0
W (98213) rc_video: [CAM-DIAG-C16U] LIGHT stage=periodic window=6 sensor=pattern display=camera idle=0ms full_probe=0 cache=c2m_inv frames=60 changes=1 sync_changes=0 sync_calls=60 sync_skips=0 unique=2 overflow=0 pre=5d9a6f9b post=5d9a6f9b luma_avg=122.8 luma_min=111 luma_max=123 luma_last=123 avg_probe=2.271ms max_probe=2.648ms tsf_waits=0 tsf_wait_us=0 tsf_wait_max_global_us=0 launch_phase_samples=0 launch_phase_avg=0.0 launch_phase_min=0 launch_phase_max=0 tsf_errors=0
I (98244) rc_video: [CAM-DIAG-C16U] HEALTH window=6 display_frame=315 guard_errors=0 quiesce=315 resume_before=314 lifecycle_errors=0 pause_req=315 pause_ack=315 pause_timeout=0 cache_sync_err=0 raw_post_err=0 overlap=0 finish_collision=0 tsf_waits=0 tsf_wait_us=0 tsf_wait_max_global_us=0 target=0 tolerance=0 launch_samples=0 launch_min=0 launch_max=0 rgb_gain=110 present=direct chunk_lines=60 repeats=1 tsf_errors=0 staged_events=3480 staged_copies=3474 staged_bytes=177868800 staged_tail=2 staged_forward=631 staged_fallback=0 staged_errors=0 tail_drain=0 tail_waits=0 tail_wait_us=0 eof_callbacks=3480 eof_valid=3474 eof_invalid=0 eof_mismatch=320 eof_half0=1581 eof_half1=1893 eof_mm_blocks=0/0/0/0/0/0/0/0/3/3/314 eof_settle=0 eof_settle_events=0 eof_settle_us=0 defer_events=60 drained=60 pending_collisions=4 drain_errors=0
W (98565) camera_hal: [CAM-DIAG-C16I] SP0A39 test_pattern=off P1:32 before=0x80 write=0x00 read=0x00 expected_bit=0x00
W (98666) rc_tank: [CAM-DIAG-C16R] PROTOCOL window=7 before=0x07 requested=0x07 after=0x07 name=bgn changed=0
W (98667) rc_tank: [CAM-DIAG-C16R] BEACON window=7 before=200 requested=200 after=200 changed=0
W (98674) rc_tank: [CAM-DIAG-C16U] TSF_GUARD window=7 beacon=200 after=0us budget=0us result=ESP_OK
W (98708) rc_tank: [CAM-DIAG-C16U] TSF_TARGET window=7 phase=0us tolerance=0us result=ESP_OK
W (98713) rc_tank: [CAM-DIAG-C16U] RGB_GAIN window=7 requested=110 result=ESP_OK
W (98720) rc_tank: [CAM-DIAG-C16U] PRESENT window=7 mode=direct chunk_lines=60 repeats=1 result=ESP_OK
W (98729) rc_tank: [CAM-DIAG-C16U] TAIL_DRAIN window=7 requested=0us result=ESP_OK
W (98736) rc_tank: [CAM-DIAG-C16U] DEFER_PROFILE window=7 mode=defer_mismatch_to_vsync vsync_settle=0us result=ESP_OK
W (98747) rc_video: [CAM-DIAG-C16U] PROFILE window=7 sensor=real display=camera idle=0ms full_probe=0 cache=c2m_inv capture=318
W (98758) rc_tank: [CAM-DIAG-C16U] WINDOW_07 start: wifi=on sensor=real display=camera idle=0ms full_probe=off cache=c2m_inv dvp=staged100k protocol=bgn beacon=200 guard_after=0us capture_budget=0us target=0us tolerance=0us rgb_gain=110% present=direct chunk_lines=60 repeats=1 tail_drain=0us eof_mode=defer_mismatch_to_vsync vsync_settle=0us
W (98818) rc_video: [CAM-DIAG-C16U] LIGHT stage=complete window=6 sensor=pattern display=camera idle=0ms full_probe=0 cache=c2m_inv frames=63 changes=2 sync_changes=0 sync_calls=63 sync_skips=0 unique=3 overflow=0 pre=06735f1f post=06735f1f luma_avg=121.9 luma_min=68 luma_max=123 luma_last=68 avg_probe=2.275ms max_probe=2.648ms tsf_waits=0 tsf_wait_us=0 tsf_wait_max_global_us=0 launch_phase_samples=0 launch_phase_avg=0.0 launch_phase_min=0 launch_phase_max=0 tsf_errors=0
W (103596) rc_video: [CAM-DIAG-C16U] LIGHT stage=periodic window=7 sensor=real display=camera idle=0ms full_probe=0 cache=c2m_inv frames=30 changes=29 sync_changes=0 sync_calls=30 sync_skips=0 unique=8 overflow=22 pre=8c33c390 post=8c33c390 luma_avg=66.6 luma_min=64 luma_max=133 luma_last=64 avg_probe=2.312ms max_probe=2.655ms tsf_waits=0 tsf_wait_us=0 tsf_wait_max_global_us=0 launch_phase_samples=0 launch_phase_avg=0.0 launch_phase_min=0 launch_phase_max=0 tsf_errors=0
I (103627) rc_video: [CAM-DIAG-C16U] HEALTH window=7 display_frame=348 guard_errors=0 quiesce=348 resume_before=347 lifecycle_errors=0 pause_req=348 pause_ack=348 pause_timeout=0 cache_sync_err=0 raw_post_err=0 overlap=0 finish_collision=0 tsf_waits=0 tsf_wait_us=0 tsf_wait_max_global_us=0 target=0 tolerance=0 launch_samples=0 launch_min=0 launch_max=0 rgb_gain=110 present=direct chunk_lines=60 repeats=1 tsf_errors=0 staged_events=3856 staged_copies=3847 staged_bytes=196966400 staged_tail=3 staged_forward=698 staged_fallback=0 staged_errors=0 tail_drain=0 tail_waits=0 tail_wait_us=0 eof_callbacks=3856 eof_valid=3847 eof_invalid=0 eof_mismatch=353 eof_half0=1753 eof_half1=2094 eof_mm_blocks=0/0/0/0/0/0/0/0/3/4/346 eof_settle=0 eof_settle_events=0 eof_settle_us=0 defer_events=93 drained=93 pending_collisions=6 drain_errors=0
W (108466) rc_video: [CAM-DIAG-C16U] LIGHT stage=periodic window=7 sensor=real display=camera idle=0ms full_probe=0 cache=c2m_inv frames=60 changes=59 sync_changes=0 sync_calls=60 sync_skips=0 unique=8 overflow=52 pre=fbdd1288 post=fbdd1288 luma_avg=65.1 luma_min=61 luma_max=133 luma_last=61 avg_probe=2.301ms max_probe=2.655ms tsf_waits=0 tsf_wait_us=0 tsf_wait_max_global_us=0 launch_phase_samples=0 launch_phase_avg=0.0 launch_phase_min=0 launch_phase_max=0 tsf_errors=0
I (108497) rc_video: [CAM-DIAG-C16U] HEALTH window=7 display_frame=378 guard_errors=0 quiesce=378 resume_before=377 lifecycle_errors=0 pause_req=378 pause_ack=378 pause_timeout=0 cache_sync_err=0 raw_post_err=0 overlap=0 finish_collision=0 tsf_waits=0 tsf_wait_us=0 tsf_wait_max_global_us=0 target=0 tolerance=0 launch_samples=0 launch_min=0 launch_max=0 rgb_gain=110 present=direct chunk_lines=60 repeats=1 tsf_errors=0 staged_events=4186 staged_copies=4177 staged_bytes=213862400 staged_tail=3 staged_forward=758 staged_fallback=0 staged_errors=0 tail_drain=0 tail_waits=0 tail_wait_us=0 eof_callbacks=4186 eof_valid=4177 eof_invalid=0 eof_mismatch=383 eof_half0=1903 eof_half1=2274 eof_mm_blocks=0/0/0/0/0/0/0/0/3/4/376 eof_settle=0 eof_settle_events=0 eof_settle_us=0 defer_events=123 drained=123 pending_collisions=6 drain_errors=0
W (108804) camera_hal: [CAM-DIAG-C16I] SP0A39 test_pattern=on P1:32 before=0x00 write=0x80 read=0x80 expected_bit=0x80
W (108905) rc_tank: [CAM-DIAG-C16R] PROTOCOL window=8 before=0x07 requested=0x07 after=0x07 name=bgn changed=0
W (108906) rc_tank: [CAM-DIAG-C16R] BEACON window=8 before=200 requested=200 after=200 changed=0
W (108913) rc_tank: [CAM-DIAG-C16U] TSF_GUARD window=8 beacon=200 after=0us budget=0us result=ESP_OK
W (108922) rc_tank: [CAM-DIAG-C16U] TSF_TARGET window=8 phase=0us tolerance=0us result=ESP_OK
W (108965) rc_tank: [CAM-DIAG-C16U] RGB_GAIN window=8 requested=110 result=ESP_OK
W (108965) rc_tank: [CAM-DIAG-C16U] PRESENT window=8 mode=direct chunk_lines=60 repeats=1 result=ESP_OK
W (108974) rc_tank: [CAM-DIAG-C16U] TAIL_DRAIN window=8 requested=0us result=ESP_OK
W (108982) rc_tank: [CAM-DIAG-C16U] DEFER_PROFILE window=8 mode=defer_mismatch_to_vsync vsync_settle=10us result=ESP_OK
W (108992) rc_video: [CAM-DIAG-C16U] PROFILE window=8 sensor=pattern display=camera idle=0ms full_probe=0 cache=c2m_inv capture=381
W (109004) rc_tank: [CAM-DIAG-C16U] WINDOW_08 start: wifi=on sensor=pattern display=camera idle=0ms full_probe=off cache=c2m_inv dvp=staged100k protocol=bgn beacon=200 guard_after=0us capture_budget=0us target=0us tolerance=0us rgb_gain=110% present=direct chunk_lines=60 repeats=1 tail_drain=0us eof_mode=defer_mismatch_to_vsync vsync_settle=10us
W (109065) rc_video: [CAM-DIAG-C16U] LIGHT stage=complete window=7 sensor=real display=camera idle=0ms full_probe=0 cache=c2m_inv frames=63 changes=62 sync_changes=0 sync_calls=63 sync_skips=0 unique=8 overflow=55 pre=5d9a6f9b post=5d9a6f9b luma_avg=66.1 luma_min=61 luma_max=133 luma_last=123 avg_probe=2.305ms max_probe=2.666ms tsf_waits=0 tsf_wait_us=0 tsf_wait_max_global_us=0 launch_phase_samples=0 launch_phase_avg=0.0 launch_phase_min=0 launch_phase_max=0 tsf_errors=0
W (113807) rc_video: [CAM-DIAG-C16U] LIGHT stage=periodic window=8 sensor=pattern display=camera idle=0ms full_probe=0 cache=c2m_inv frames=30 changes=0 sync_changes=0 sync_calls=30 sync_skips=0 unique=1 overflow=0 pre=5d9a6f9b post=5d9a6f9b luma_avg=123.0 luma_min=123 luma_max=123 luma_last=123 avg_probe=2.296ms max_probe=2.652ms tsf_waits=0 tsf_wait_us=0 tsf_wait_max_global_us=0 launch_phase_samples=0 launch_phase_avg=0.0 launch_phase_min=0 launch_phase_max=0 tsf_errors=0
I (113838) rc_video: [CAM-DIAG-C16U] HEALTH window=8 display_frame=411 guard_errors=0 quiesce=411 resume_before=410 lifecycle_errors=0 pause_req=411 pause_ack=411 pause_timeout=0 cache_sync_err=0 raw_post_err=0 overlap=0 finish_collision=0 tsf_waits=0 tsf_wait_us=0 tsf_wait_max_global_us=0 target=0 tolerance=0 launch_samples=0 launch_min=0 launch_max=0 rgb_gain=110 present=direct chunk_lines=60 repeats=1 tsf_errors=0 staged_events=4551 staged_copies=4540 staged_bytes=232448000 staged_tail=3 staged_forward=824 staged_fallback=0 staged_errors=0 tail_drain=0 tail_waits=0 tail_wait_us=0 eof_callbacks=4551 eof_valid=4540 eof_invalid=0 eof_mismatch=416 eof_half0=2068 eof_half1=2472 eof_mm_blocks=0/0/0/0/0/0/0/0/3/4/409 eof_settle=10 eof_settle_events=30 eof_settle_us=300 defer_events=156 drained=156 pending_collisions=8 drain_errors=0
W (118675) rc_video: [CAM-DIAG-C16U] LIGHT stage=periodic window=8 sensor=pattern display=camera idle=0ms full_probe=0 cache=c2m_inv frames=60 changes=0 sync_changes=0 sync_calls=60 sync_skips=0 unique=1 overflow=0 pre=5d9a6f9b post=5d9a6f9b luma_avg=123.0 luma_min=123 luma_max=123 luma_last=123 avg_probe=2.287ms max_probe=2.655ms tsf_waits=0 tsf_wait_us=0 tsf_wait_max_global_us=0 launch_phase_samples=0 launch_phase_avg=0.0 launch_phase_min=0 launch_phase_max=0 tsf_errors=0
I (118706) rc_video: [CAM-DIAG-C16U] HEALTH window=8 display_frame=441 guard_errors=0 quiesce=441 resume_before=440 lifecycle_errors=0 pause_req=441 pause_ack=441 pause_timeout=0 cache_sync_err=0 raw_post_err=0 overlap=0 finish_collision=0 tsf_waits=0 tsf_wait_us=0 tsf_wait_max_global_us=0 target=0 tolerance=0 launch_samples=0 launch_min=0 launch_max=0 rgb_gain=110 present=direct chunk_lines=60 repeats=1 tsf_errors=0 staged_events=4882 staged_copies=4870 staged_bytes=249344000 staged_tail=3 staged_forward=884 staged_fallback=0 staged_errors=0 tail_drain=0 tail_waits=0 tail_wait_us=0 eof_callbacks=4882 eof_valid=4870 eof_invalid=0 eof_mismatch=446 eof_half0=2218 eof_half1=2652 eof_mm_blocks=0/0/0/0/0/0/0/0/3/4/439 eof_settle=10 eof_settle_events=60 eof_settle_us=600 defer_events=186 drained=186 pending_collisions=9 drain_errors=0
W (119036) camera_hal: [CAM-DIAG-C16I] SP0A39 test_pattern=off P1:32 before=0x80 write=0x00 read=0x00 expected_bit=0x00
W (119137) rc_tank: [CAM-DIAG-C16R] PROTOCOL window=9 before=0x07 requested=0x07 after=0x07 name=bgn changed=0
W (119178) rc_tank: [CAM-DIAG-C16R] BEACON window=9 before=200 requested=200 after=200 changed=0
W (119184) rc_tank: [CAM-DIAG-C16U] TSF_GUARD window=9 beacon=200 after=0us budget=0us result=ESP_OK
W (119193) rc_tank: [CAM-DIAG-C16U] TSF_TARGET window=9 phase=0us tolerance=0us result=ESP_OK
W (119201) rc_tank: [CAM-DIAG-C16U] RGB_GAIN window=9 requested=110 result=ESP_OK
W (119209) rc_tank: [CAM-DIAG-C16U] PRESENT window=9 mode=direct chunk_lines=60 repeats=1 result=ESP_OK
W (119218) rc_tank: [CAM-DIAG-C16U] TAIL_DRAIN window=9 requested=0us result=ESP_OK
W (119225) rc_tank: [CAM-DIAG-C16U] DEFER_PROFILE window=9 mode=defer_mismatch_to_vsync vsync_settle=10us result=ESP_OK
W (119236) rc_video: [CAM-DIAG-C16U] PROFILE window=9 sensor=real display=camera idle=0ms full_probe=0 cache=c2m_inv capture=444
W (119247) rc_tank: [CAM-DIAG-C16U] WINDOW_09 start: wifi=on sensor=real display=camera idle=0ms full_probe=off cache=c2m_inv dvp=staged100k protocol=bgn beacon=200 guard_after=0us capture_budget=0us target=0us tolerance=0us rgb_gain=110% present=direct chunk_lines=60 repeats=1 tail_drain=0us eof_mode=defer_mismatch_to_vsync vsync_settle=10us
W (119282) rc_video: [CAM-DIAG-C16U] LIGHT stage=complete window=8 sensor=pattern display=camera idle=0ms full_probe=0 cache=c2m_inv frames=63 changes=1 sync_changes=0 sync_calls=63 sync_skips=0 unique=2 overflow=0 pre=5ce2f8d6 post=5ce2f8d6 luma_avg=122.0 luma_min=62 luma_max=123 luma_last=62 avg_probe=2.295ms max_probe=2.795ms tsf_waits=0 tsf_wait_us=0 tsf_wait_max_global_us=0 launch_phase_samples=0 launch_phase_avg=0.0 launch_phase_min=0 launch_phase_max=0 tsf_errors=0
W (124019) rc_video: [CAM-DIAG-C16U] LIGHT stage=periodic window=9 sensor=real display=camera idle=0ms full_probe=0 cache=c2m_inv frames=30 changes=29 sync_changes=0 sync_calls=30 sync_skips=0 unique=8 overflow=22 pre=db866703 post=db866703 luma_avg=61.7 luma_min=60 luma_max=63 luma_last=62 avg_probe=2.288ms max_probe=2.528ms tsf_waits=0 tsf_wait_us=0 tsf_wait_max_global_us=0 launch_phase_samples=0 launch_phase_avg=0.0 launch_phase_min=0 launch_phase_max=0 tsf_errors=0
I (124050) rc_video: [CAM-DIAG-C16U] HEALTH window=9 display_frame=474 guard_errors=0 quiesce=474 resume_before=473 lifecycle_errors=0 pause_req=474 pause_ack=474 pause_timeout=0 cache_sync_err=0 raw_post_err=0 overlap=0 finish_collision=0 tsf_waits=0 tsf_wait_us=0 tsf_wait_max_global_us=0 target=0 tolerance=0 launch_samples=0 launch_min=0 launch_max=0 rgb_gain=110 present=direct chunk_lines=60 repeats=1 tsf_errors=0 staged_events=5248 staged_copies=5233 staged_bytes=267929600 staged_tail=3 staged_forward=950 staged_fallback=0 staged_errors=0 tail_drain=0 tail_waits=0 tail_wait_us=0 eof_callbacks=5248 eof_valid=5233 eof_invalid=0 eof_mismatch=479 eof_half0=2383 eof_half1=2850 eof_mm_blocks=0/0/0/0/0/0/0/0/3/4/472 eof_settle=10 eof_settle_events=93 eof_settle_us=930 defer_events=219 drained=219 pending_collisions=12 drain_errors=0
W (128887) rc_video: [CAM-DIAG-C16U] LIGHT stage=periodic window=9 sensor=real display=camera idle=0ms full_probe=0 cache=c2m_inv frames=60 changes=59 sync_changes=0 sync_calls=60 sync_skips=0 unique=8 overflow=52 pre=6d0f096c post=6d0f096c luma_avg=63.7 luma_min=60 luma_max=71 luma_last=64 avg_probe=2.283ms max_probe=2.614ms tsf_waits=0 tsf_wait_us=0 tsf_wait_max_global_us=0 launch_phase_samples=0 launch_phase_avg=0.0 launch_phase_min=0 launch_phase_max=0 tsf_errors=0
I (128918) rc_video: [CAM-DIAG-C16U] HEALTH window=9 display_frame=504 guard_errors=0 quiesce=504 resume_before=503 lifecycle_errors=0 pause_req=504 pause_ack=504 pause_timeout=0 cache_sync_err=0 raw_post_err=0 overlap=0 finish_collision=0 tsf_waits=0 tsf_wait_us=0 tsf_wait_max_global_us=0 target=0 tolerance=0 launch_samples=0 launch_min=0 launch_max=0 rgb_gain=110 present=direct chunk_lines=60 repeats=1 tsf_errors=0 staged_events=5579 staged_copies=5563 staged_bytes=284825600 staged_tail=3 staged_forward=1010 staged_fallback=0 staged_errors=0 tail_drain=0 tail_waits=0 tail_wait_us=0 eof_callbacks=5579 eof_valid=5563 eof_invalid=0 eof_mismatch=509 eof_half0=2533 eof_half1=3030 eof_mm_blocks=0/0/0/0/0/0/0/0/3/4/502 eof_settle=10 eof_settle_events=123 eof_settle_us=1230 defer_events=249 drained=249 pending_collisions=13 drain_errors=0
W (129279) camera_hal: [CAM-DIAG-C16I] SP0A39 test_pattern=on P1:32 before=0x00 write=0x80 read=0x80 expected_bit=0x80
W (129389) rc_tank: [CAM-DIAG-C16R] PROTOCOL window=10 before=0x07 requested=0x07 after=0x07 name=bgn changed=0
W (129390) rc_tank: [CAM-DIAG-C16R] BEACON window=10 before=200 requested=200 after=200 changed=0
W (129397) rc_tank: [CAM-DIAG-C16U] TSF_GUARD window=10 beacon=200 after=0us budget=0us result=ESP_OK
W (129406) rc_tank: [CAM-DIAG-C16U] TSF_TARGET window=10 phase=0us tolerance=0us result=ESP_OK
W (129414) rc_tank: [CAM-DIAG-C16U] RGB_GAIN window=10 requested=110 result=ESP_OK
W (129422) rc_tank: [CAM-DIAG-C16U] PRESENT window=10 mode=direct chunk_lines=60 repeats=1 result=ESP_OK
W (129431) rc_tank: [CAM-DIAG-C16U] TAIL_DRAIN window=10 requested=0us result=ESP_OK
W (129438) rc_tank: [CAM-DIAG-C16U] DEFER_PROFILE window=10 mode=defer_mismatch_to_vsync vsync_settle=20us result=ESP_OK
W (129449) rc_video: [CAM-DIAG-C16U] PROFILE window=10 sensor=pattern display=camera idle=0ms full_probe=0 cache=c2m_inv capture=507
W (129461) rc_tank: [CAM-DIAG-C16U] WINDOW_10 start: wifi=on sensor=pattern display=camera idle=0ms full_probe=off cache=c2m_inv dvp=staged100k protocol=bgn beacon=200 guard_after=0us capture_budget=0us target=0us tolerance=0us rgb_gain=110% present=direct chunk_lines=60 repeats=1 tail_drain=0us eof_mode=defer_mismatch_to_vsync vsync_settle=20us
W (129493) rc_video: [CAM-DIAG-C16U] LIGHT stage=complete window=9 sensor=real display=camera idle=0ms full_probe=0 cache=c2m_inv frames=63 changes=62 sync_changes=0 sync_calls=63 sync_skips=0 unique=8 overflow=55 pre=5d9a6f9b post=5d9a6f9b luma_avg=64.5 luma_min=59 luma_max=123 luma_last=123 avg_probe=2.308ms max_probe=3.996ms tsf_waits=0 tsf_wait_us=0 tsf_wait_max_global_us=0 launch_phase_samples=0 launch_phase_avg=0.0 launch_phase_min=0 launch_phase_max=0 tsf_errors=0
W (134230) rc_video: [CAM-DIAG-C16U] LIGHT stage=periodic window=10 sensor=pattern display=camera idle=0ms full_probe=0 cache=c2m_inv frames=30 changes=0 sync_changes=0 sync_calls=30 sync_skips=0 unique=1 overflow=0 pre=5d9a6f9b post=5d9a6f9b luma_avg=123.0 luma_min=123 luma_max=123 luma_last=123 avg_probe=2.267ms max_probe=2.699ms tsf_waits=0 tsf_wait_us=0 tsf_wait_max_global_us=0 launch_phase_samples=0 launch_phase_avg=0.0 launch_phase_min=0 launch_phase_max=0 tsf_errors=0
I (134261) rc_video: [CAM-DIAG-C16U] HEALTH window=10 display_frame=537 guard_errors=0 quiesce=537 resume_before=536 lifecycle_errors=0 pause_req=537 pause_ack=537 pause_timeout=0 cache_sync_err=0 raw_post_err=0 overlap=0 finish_collision=0 tsf_waits=0 tsf_wait_us=0 tsf_wait_max_global_us=0 target=0 tolerance=0 launch_samples=0 launch_min=0 launch_max=0 rgb_gain=110 present=direct chunk_lines=60 repeats=1 tsf_errors=0 staged_events=5942 staged_copies=5926 staged_bytes=303411200 staged_tail=3 staged_forward=1076 staged_fallback=0 staged_errors=0 tail_drain=0 tail_waits=0 tail_wait_us=0 eof_callbacks=5942 eof_valid=5926 eof_invalid=0 eof_mismatch=542 eof_half0=2698 eof_half1=3228 eof_mm_blocks=0/0/0/0/0/0/0/0/3/4/535 eof_settle=20 eof_settle_events=156 eof_settle_us=1860 defer_events=282 drained=282 pending_collisions=13 drain_errors=0
W (139098) rc_video: [CAM-DIAG-C16U] LIGHT stage=periodic window=10 sensor=pattern display=camera idle=0ms full_probe=0 cache=c2m_inv frames=60 changes=0 sync_changes=0 sync_calls=60 sync_skips=0 unique=1 overflow=0 pre=5d9a6f9b post=5d9a6f9b luma_avg=123.0 luma_min=123 luma_max=123 luma_last=123 avg_probe=2.277ms max_probe=2.699ms tsf_waits=0 tsf_wait_us=0 tsf_wait_max_global_us=0 launch_phase_samples=0 launch_phase_avg=0.0 launch_phase_min=0 launch_phase_max=0 tsf_errors=0
I (139130) rc_video: [CAM-DIAG-C16U] HEALTH window=10 display_frame=567 guard_errors=0 quiesce=567 resume_before=566 lifecycle_errors=0 pause_req=567 pause_ack=567 pause_timeout=0 cache_sync_err=0 raw_post_err=0 overlap=0 finish_collision=0 tsf_waits=0 tsf_wait_us=0 tsf_wait_max_global_us=0 target=0 tolerance=0 launch_samples=0 launch_min=0 launch_max=0 rgb_gain=110 present=direct chunk_lines=60 repeats=1 tsf_errors=0 staged_events=6272 staged_copies=6256 staged_bytes=320307200 staged_tail=3 staged_forward=1136 staged_fallback=0 staged_errors=0 tail_drain=0 tail_waits=0 tail_wait_us=0 eof_callbacks=6272 eof_valid=6256 eof_invalid=0 eof_mismatch=572 eof_half0=2848 eof_half1=3408 eof_mm_blocks=0/0/0/0/0/0/0/0/3/4/565 eof_settle=20 eof_settle_events=186 eof_settle_us=2460 defer_events=312 drained=312 pending_collisions=13 drain_errors=0
W (139493) camera_hal: [CAM-DIAG-C16I] SP0A39 test_pattern=off P1:32 before=0x80 write=0x00 read=0x00 expected_bit=0x00
W (139600) rc_tank: [CAM-DIAG-C16R] PROTOCOL window=11 before=0x07 requested=0x07 after=0x07 name=bgn changed=0
W (139601) rc_tank: [CAM-DIAG-C16R] BEACON window=11 before=200 requested=200 after=200 changed=0
W (139608) rc_tank: [CAM-DIAG-C16U] TSF_GUARD window=11 beacon=200 after=0us budget=0us result=ESP_OK
W (139617) rc_tank: [CAM-DIAG-C16U] TSF_TARGET window=11 phase=0us tolerance=0us result=ESP_OK
W (139625) rc_tank: [CAM-DIAG-C16U] RGB_GAIN window=11 requested=110 result=ESP_OK
W (139633) rc_tank: [CAM-DIAG-C16U] PRESENT window=11 mode=direct chunk_lines=60 repeats=1 result=ESP_OK
W (139642) rc_tank: [CAM-DIAG-C16U] TAIL_DRAIN window=11 requested=0us result=ESP_OK
W (139649) rc_tank: [CAM-DIAG-C16U] DEFER_PROFILE window=11 mode=defer_mismatch_to_vsync vsync_settle=20us result=ESP_OK
W (139660) rc_video: [CAM-DIAG-C16U] PROFILE window=11 sensor=real display=camera idle=0ms full_probe=0 cache=c2m_inv capture=570
W (139671) rc_tank: [CAM-DIAG-C16U] WINDOW_11 start: wifi=on sensor=real display=camera idle=0ms full_probe=off cache=c2m_inv dvp=staged100k protocol=bgn beacon=200 guard_after=0us capture_budget=0us target=0us tolerance=0us rgb_gain=110% present=direct chunk_lines=60 repeats=1 tail_drain=0us eof_mode=defer_mismatch_to_vsync vsync_settle=20us
W (139706) rc_video: [CAM-DIAG-C16U] LIGHT stage=complete window=10 sensor=pattern display=camera idle=0ms full_probe=0 cache=c2m_inv frames=63 changes=1 sync_changes=0 sync_calls=63 sync_skips=0 unique=2 overflow=0 pre=78a79eb6 post=78a79eb6 luma_avg=121.8 luma_min=48 luma_max=123 luma_last=48 avg_probe=2.295ms max_probe=3.464ms tsf_waits=0 tsf_wait_us=0 tsf_wait_max_global_us=0 launch_phase_samples=0 launch_phase_avg=0.0 launch_phase_min=0 launch_phase_max=0 tsf_errors=0
W (144442) rc_video: [CAM-DIAG-C16U] LIGHT stage=periodic window=11 sensor=real display=camera idle=0ms full_probe=0 cache=c2m_inv frames=30 changes=29 sync_changes=0 sync_calls=30 sync_skips=0 unique=8 overflow=22 pre=4e8d2c2b post=4e8d2c2b luma_avg=62.3 luma_min=43 luma_max=65 luma_last=65 avg_probe=2.275ms max_probe=2.722ms tsf_waits=0 tsf_wait_us=0 tsf_wait_max_global_us=0 launch_phase_samples=0 launch_phase_avg=0.0 launch_phase_min=0 launch_phase_max=0 tsf_errors=0
I (144473) rc_video: [CAM-DIAG-C16U] HEALTH window=11 display_frame=600 guard_errors=0 quiesce=600 resume_before=599 lifecycle_errors=0 pause_req=600 pause_ack=600 pause_timeout=0 cache_sync_err=0 raw_post_err=0 overlap=0 finish_collision=0 tsf_waits=0 tsf_wait_us=0 tsf_wait_max_global_us=0 target=0 tolerance=0 launch_samples=0 launch_min=0 launch_max=0 rgb_gain=110 present=direct chunk_lines=60 repeats=1 tsf_errors=0 staged_events=6637 staged_copies=6619 staged_bytes=338892800 staged_tail=3 staged_forward=1202 staged_fallback=0 staged_errors=0 tail_drain=0 tail_waits=0 tail_wait_us=0 eof_callbacks=6637 eof_valid=6619 eof_invalid=0 eof_mismatch=605 eof_half0=3013 eof_half1=3606 eof_mm_blocks=0/0/0/0/0/0/0/0/3/4/598 eof_settle=20 eof_settle_events=219 eof_settle_us=3120 defer_events=345 drained=345 pending_collisions=15 drain_errors=0
W (149310) rc_video: [CAM-DIAG-C16U] LIGHT stage=periodic window=11 sensor=real display=camera idle=0ms full_probe=0 cache=c2m_inv frames=60 changes=59 sync_changes=0 sync_calls=60 sync_skips=0 unique=8 overflow=52 pre=cd94ec37 post=cd94ec37 luma_avg=62.7 luma_min=43 luma_max=68 luma_last=61 avg_probe=2.277ms max_probe=2.722ms tsf_waits=0 tsf_wait_us=0 tsf_wait_max_global_us=0 launch_phase_samples=0 launch_phase_avg=0.0 launch_phase_min=0 launch_phase_max=0 tsf_errors=0
I (149341) rc_video: [CAM-DIAG-C16U] HEALTH window=11 display_frame=630 guard_errors=0 quiesce=630 resume_before=629 lifecycle_errors=0 pause_req=630 pause_ack=630 pause_timeout=0 cache_sync_err=0 raw_post_err=0 overlap=0 finish_collision=0 tsf_waits=0 tsf_wait_us=0 tsf_wait_max_global_us=0 target=0 tolerance=0 launch_samples=0 launch_min=0 launch_max=0 rgb_gain=110 present=direct chunk_lines=60 repeats=1 tsf_errors=0 staged_events=6969 staged_copies=6949 staged_bytes=355788800 staged_tail=3 staged_forward=1262 staged_fallback=0 staged_errors=0 tail_drain=0 tail_waits=0 tail_wait_us=0 eof_callbacks=6969 eof_valid=6949 eof_invalid=0 eof_mismatch=635 eof_half0=3163 eof_half1=3786 eof_mm_blocks=0/0/0/0/0/0/0/0/3/4/628 eof_settle=20 eof_settle_events=249 eof_settle_us=3720 defer_events=375 drained=375 pending_collisions=17 drain_errors=0
W (149703) camera_hal: [CAM-DIAG-C16I] SP0A39 test_pattern=on P1:32 before=0x00 write=0x80 read=0x80 expected_bit=0x80
W (149811) rc_tank: [CAM-DIAG-C16R] PROTOCOL window=12 before=0x07 requested=0x07 after=0x07 name=bgn changed=0
W (149812) rc_tank: [CAM-DIAG-C16R] BEACON window=12 before=200 requested=200 after=200 changed=0
W (149819) rc_tank: [CAM-DIAG-C16U] TSF_GUARD window=12 beacon=200 after=0us budget=0us result=ESP_OK
W (149828) rc_tank: [CAM-DIAG-C16U] TSF_TARGET window=12 phase=0us tolerance=0us result=ESP_OK
W (149837) rc_tank: [CAM-DIAG-C16U] RGB_GAIN window=12 requested=110 result=ESP_OK
W (149844) rc_tank: [CAM-DIAG-C16U] PRESENT window=12 mode=direct chunk_lines=60 repeats=1 result=ESP_OK
W (149853) rc_tank: [CAM-DIAG-C16U] TAIL_DRAIN window=12 requested=0us result=ESP_OK
W (149861) rc_tank: [CAM-DIAG-C16U] DEFER_PROFILE window=12 mode=defer_mismatch_to_vsync vsync_settle=50us result=ESP_OK
W (149871) rc_video: [CAM-DIAG-C16U] PROFILE window=12 sensor=pattern display=camera idle=0ms full_probe=0 cache=c2m_inv capture=633
W (149883) rc_tank: [CAM-DIAG-C16U] WINDOW_12 start: wifi=on sensor=pattern display=camera idle=0ms full_probe=off cache=c2m_inv dvp=staged100k protocol=bgn beacon=200 guard_after=0us capture_budget=0us target=0us tolerance=0us rgb_gain=110% present=direct chunk_lines=60 repeats=1 tail_drain=0us eof_mode=defer_mismatch_to_vsync vsync_settle=50us
W (149916) rc_video: [CAM-DIAG-C16U] LIGHT stage=complete window=11 sensor=real display=camera idle=0ms full_probe=0 cache=c2m_inv frames=63 changes=62 sync_changes=0 sync_calls=63 sync_skips=0 unique=8 overflow=55 pre=5d9a6f9b post=5d9a6f9b luma_avg=63.8 luma_min=43 luma_max=123 luma_last=123 avg_probe=2.291ms max_probe=3.215ms tsf_waits=0 tsf_wait_us=0 tsf_wait_max_global_us=0 launch_phase_samples=0 launch_phase_avg=0.0 launch_phase_min=0 launch_phase_max=0 tsf_errors=0
W (154693) rc_video: [CAM-DIAG-C16U] LIGHT stage=periodic window=12 sensor=pattern display=camera idle=0ms full_probe=0 cache=c2m_inv frames=30 changes=1 sync_changes=0 sync_calls=30 sync_skips=0 unique=2 overflow=0 pre=5d9a6f9b post=5d9a6f9b luma_avg=123.2 luma_min=123 luma_max=130 luma_last=123 avg_probe=2.271ms max_probe=2.560ms tsf_waits=0 tsf_wait_us=0 tsf_wait_max_global_us=0 launch_phase_samples=0 launch_phase_avg=0.0 launch_phase_min=0 launch_phase_max=0 tsf_errors=0
I (154724) rc_video: [CAM-DIAG-C16U] HEALTH window=12 display_frame=663 guard_errors=0 quiesce=663 resume_before=662 lifecycle_errors=0 pause_req=663 pause_ack=663 pause_timeout=0 cache_sync_err=0 raw_post_err=0 overlap=0 finish_collision=0 tsf_waits=0 tsf_wait_us=0 tsf_wait_max_global_us=0 target=0 tolerance=0 launch_samples=0 launch_min=0 launch_max=0 rgb_gain=110 present=direct chunk_lines=60 repeats=1 tsf_errors=0 staged_events=7345 staged_copies=7322 staged_bytes=374886400 staged_tail=4 staged_forward=1329 staged_fallback=0 staged_errors=0 tail_drain=0 tail_waits=0 tail_wait_us=0 eof_callbacks=7345 eof_valid=7322 eof_invalid=0 eof_mismatch=668 eof_half0=3335 eof_half1=3987 eof_mm_blocks=0/0/0/0/0/0/0/0/3/5/660 eof_settle=50 eof_settle_events=282 eof_settle_us=5280 defer_events=408 drained=408 pending_collisions=19 drain_errors=0
W (159561) rc_video: [CAM-DIAG-C16U] LIGHT stage=periodic window=12 sensor=pattern display=camera idle=0ms full_probe=0 cache=c2m_inv frames=60 changes=1 sync_changes=0 sync_calls=60 sync_skips=0 unique=2 overflow=0 pre=5d9a6f9b post=5d9a6f9b luma_avg=123.1 luma_min=123 luma_max=130 luma_last=123 avg_probe=2.277ms max_probe=2.560ms tsf_waits=0 tsf_wait_us=0 tsf_wait_max_global_us=0 launch_phase_samples=0 launch_phase_avg=0.0 launch_phase_min=0 launch_phase_max=0 tsf_errors=0
I (159592) rc_video: [CAM-DIAG-C16U] HEALTH window=12 display_frame=693 guard_errors=0 quiesce=693 resume_before=692 lifecycle_errors=0 pause_req=693 pause_ack=693 pause_timeout=0 cache_sync_err=0 raw_post_err=0 overlap=0 finish_collision=0 tsf_waits=0 tsf_wait_us=0 tsf_wait_max_global_us=0 target=0 tolerance=0 launch_samples=0 launch_min=0 launch_max=0 rgb_gain=110 present=direct chunk_lines=60 repeats=1 tsf_errors=0 staged_events=7678 staged_copies=7652 staged_bytes=391782400 staged_tail=4 staged_forward=1389 staged_fallback=0 staged_errors=0 tail_drain=0 tail_waits=0 tail_wait_us=0 eof_callbacks=7678 eof_valid=7652 eof_invalid=0 eof_mismatch=698 eof_half0=3485 eof_half1=4167 eof_mm_blocks=0/0/0/0/0/0/0/0/3/5/690 eof_settle=50 eof_settle_events=312 eof_settle_us=6780 defer_events=438 drained=438 pending_collisions=22 drain_errors=0
W (159915) camera_hal: [CAM-DIAG-C16I] SP0A39 test_pattern=off P1:32 before=0x80 write=0x00 read=0x00 expected_bit=0x00
W (160016) rc_tank: [CAM-DIAG-C16R] PROTOCOL window=13 before=0x07 requested=0x07 after=0x07 name=bgn changed=0
W (160017) rc_tank: [CAM-DIAG-C16R] BEACON window=13 before=200 requested=200 after=200 changed=0
W (160062) rc_tank: [CAM-DIAG-C16U] TSF_GUARD window=13 beacon=200 after=0us budget=0us result=ESP_OK
W (160062) rc_tank: [CAM-DIAG-C16U] TSF_TARGET window=13 phase=0us tolerance=0us result=ESP_OK
W (160069) rc_tank: [CAM-DIAG-C16U] RGB_GAIN window=13 requested=110 result=ESP_OK
W (160076) rc_tank: [CAM-DIAG-C16U] PRESENT window=13 mode=direct chunk_lines=60 repeats=1 result=ESP_OK
W (160086) rc_tank: [CAM-DIAG-C16U] TAIL_DRAIN window=13 requested=0us result=ESP_OK
W (160093) rc_tank: [CAM-DIAG-C16U] DEFER_PROFILE window=13 mode=defer_mismatch_to_vsync vsync_settle=50us result=ESP_OK
W (160104) rc_video: [CAM-DIAG-C16U] PROFILE window=13 sensor=real display=camera idle=0ms full_probe=0 cache=c2m_inv capture=696
W (160115) rc_tank: [CAM-DIAG-C16U] WINDOW_13 start: wifi=on sensor=real display=camera idle=0ms full_probe=off cache=c2m_inv dvp=staged100k protocol=bgn beacon=200 guard_after=0us capture_budget=0us target=0us tolerance=0us rgb_gain=110% present=direct chunk_lines=60 repeats=1 tail_drain=0us eof_mode=defer_mismatch_to_vsync vsync_settle=50us
W (160166) rc_video: [CAM-DIAG-C16U] LIGHT stage=complete window=12 sensor=pattern display=camera idle=0ms full_probe=0 cache=c2m_inv frames=63 changes=2 sync_changes=0 sync_calls=63 sync_skips=0 unique=3 overflow=0 pre=f2e9b8c5 post=f2e9b8c5 luma_avg=122.1 luma_min=62 luma_max=130 luma_last=62 avg_probe=2.285ms max_probe=2.661ms tsf_waits=0 tsf_wait_us=0 tsf_wait_max_global_us=0 launch_phase_samples=0 launch_phase_avg=0.0 launch_phase_min=0 launch_phase_max=0 tsf_errors=0
W (164944) rc_video: [CAM-DIAG-C16U] LIGHT stage=periodic window=13 sensor=real display=camera idle=0ms full_probe=0 cache=c2m_inv frames=30 changes=29 sync_changes=0 sync_calls=30 sync_skips=0 unique=8 overflow=22 pre=30b1227d post=30b1227d luma_avg=61.7 luma_min=60 luma_max=62 luma_last=62 avg_probe=2.272ms max_probe=2.622ms tsf_waits=0 tsf_wait_us=0 tsf_wait_max_global_us=0 launch_phase_samples=0 launch_phase_avg=0.0 launch_phase_min=0 launch_phase_max=0 tsf_errors=0
I (164975) rc_video: [CAM-DIAG-C16U] HEALTH window=13 display_frame=726 guard_errors=0 quiesce=726 resume_before=725 lifecycle_errors=0 pause_req=726 pause_ack=726 pause_timeout=0 cache_sync_err=0 raw_post_err=0 overlap=0 finish_collision=0 tsf_waits=0 tsf_wait_us=0 tsf_wait_max_global_us=0 target=0 tolerance=0 launch_samples=0 launch_min=0 launch_max=0 rgb_gain=110 present=direct chunk_lines=60 repeats=1 tsf_errors=0 staged_events=8054 staged_copies=8025 staged_bytes=410880000 staged_tail=5 staged_forward=1456 staged_fallback=0 staged_errors=0 tail_drain=0 tail_waits=0 tail_wait_us=0 eof_callbacks=8054 eof_valid=8025 eof_invalid=0 eof_mismatch=731 eof_half0=3657 eof_half1=4368 eof_mm_blocks=0/0/0/0/0/0/0/0/3/6/722 eof_settle=50 eof_settle_events=345 eof_settle_us=8430 defer_events=471 drained=471 pending_collisions=24 drain_errors=0
W (169813) rc_video: [CAM-DIAG-C16U] LIGHT stage=periodic window=13 sensor=real display=camera idle=0ms full_probe=0 cache=c2m_inv frames=60 changes=59 sync_changes=0 sync_calls=60 sync_skips=0 unique=8 overflow=52 pre=2dc955d1 post=2dc955d1 luma_avg=61.0 luma_min=54 luma_max=71 luma_last=71 avg_probe=2.276ms max_probe=2.622ms tsf_waits=0 tsf_wait_us=0 tsf_wait_max_global_us=0 launch_phase_samples=0 launch_phase_avg=0.0 launch_phase_min=0 launch_phase_max=0 tsf_errors=0
I (169844) rc_video: [CAM-DIAG-C16U] HEALTH window=13 display_frame=756 guard_errors=0 quiesce=756 resume_before=755 lifecycle_errors=0 pause_req=756 pause_ack=756 pause_timeout=0 cache_sync_err=0 raw_post_err=0 overlap=0 finish_collision=0 tsf_waits=0 tsf_wait_us=0 tsf_wait_max_global_us=0 target=0 tolerance=0 launch_samples=0 launch_min=0 launch_max=0 rgb_gain=110 present=direct chunk_lines=60 repeats=1 tsf_errors=0 staged_events=8384 staged_copies=8355 staged_bytes=427776000 staged_tail=5 staged_forward=1516 staged_fallback=0 staged_errors=0 tail_drain=0 tail_waits=0 tail_wait_us=0 eof_callbacks=8384 eof_valid=8355 eof_invalid=0 eof_mismatch=761 eof_half0=3807 eof_half1=4548 eof_mm_blocks=0/0/0/0/0/0/0/0/3/6/752 eof_settle=50 eof_settle_events=375 eof_settle_us=9930 defer_events=501 drained=501 pending_collisions=24 drain_errors=0
W (170158) camera_hal: [CAM-DIAG-C16I] SP0A39 test_pattern=on P1:32 before=0x00 write=0x80 read=0x80 expected_bit=0x80
W (170259) rc_tank: [CAM-DIAG-C16R] PROTOCOL window=14 before=0x07 requested=0x07 after=0x07 name=bgn changed=0
W (170260) rc_tank: [CAM-DIAG-C16R] BEACON window=14 before=200 requested=200 after=200 changed=0
W (170267) rc_tank: [CAM-DIAG-C16U] TSF_GUARD window=14 beacon=200 after=0us budget=0us result=ESP_OK
W (170313) rc_tank: [CAM-DIAG-C16U] TSF_TARGET window=14 phase=0us tolerance=0us result=ESP_OK
W (170313) rc_tank: [CAM-DIAG-C16U] RGB_GAIN window=14 requested=110 result=ESP_OK
W (170319) rc_tank: [CAM-DIAG-C16U] PRESENT window=14 mode=direct chunk_lines=60 repeats=1 result=ESP_OK
W (170329) rc_tank: [CAM-DIAG-C16U] TAIL_DRAIN window=14 requested=0us result=ESP_OK
W (170336) rc_tank: [CAM-DIAG-C16U] DEFER_PROFILE window=14 mode=defer_mismatch_to_vsync vsync_settle=100us result=ESP_OK
W (170347) rc_video: [CAM-DIAG-C16U] PROFILE window=14 sensor=pattern display=camera idle=0ms full_probe=0 cache=c2m_inv capture=759
W (170358) rc_tank: [CAM-DIAG-C16U] WINDOW_14 start: wifi=on sensor=pattern display=camera idle=0ms full_probe=off cache=c2m_inv dvp=staged100k protocol=bgn beacon=200 guard_after=0us capture_budget=0us target=0us tolerance=0us rgb_gain=110% present=direct chunk_lines=60 repeats=1 tail_drain=0us eof_mode=defer_mismatch_to_vsync vsync_settle=100us
W (170415) rc_video: [CAM-DIAG-C16U] LIGHT stage=complete window=13 sensor=real display=camera idle=0ms full_probe=0 cache=c2m_inv frames=63 changes=62 sync_changes=0 sync_calls=63 sync_skips=0 unique=8 overflow=55 pre=5d9a6f9b post=5d9a6f9b luma_avg=62.0 luma_min=54 luma_max=123 luma_last=123 avg_probe=2.293ms max_probe=3.021ms tsf_waits=0 tsf_wait_us=0 tsf_wait_max_global_us=0 launch_phase_samples=0 launch_phase_avg=0.0 launch_phase_min=0 launch_phase_max=0 tsf_errors=0
W (175195) rc_video: [CAM-DIAG-C16U] LIGHT stage=periodic window=14 sensor=pattern display=camera idle=0ms full_probe=0 cache=c2m_inv frames=30 changes=1 sync_changes=0 sync_calls=30 sync_skips=0 unique=2 overflow=0 pre=5d9a6f9b post=5d9a6f9b luma_avg=124.6 luma_min=123 luma_max=172 luma_last=123 avg_probe=2.278ms max_probe=2.776ms tsf_waits=0 tsf_wait_us=0 tsf_wait_max_global_us=0 launch_phase_samples=0 launch_phase_avg=0.0 launch_phase_min=0 launch_phase_max=0 tsf_errors=0
I (175226) rc_video: [CAM-DIAG-C16U] HEALTH window=14 display_frame=789 guard_errors=0 quiesce=789 resume_before=788 lifecycle_errors=0 pause_req=789 pause_ack=789 pause_timeout=0 cache_sync_err=0 raw_post_err=0 overlap=0 finish_collision=0 tsf_waits=0 tsf_wait_us=0 tsf_wait_max_global_us=0 target=0 tolerance=0 launch_samples=0 launch_min=0 launch_max=0 rgb_gain=110 present=direct chunk_lines=60 repeats=1 tsf_errors=0 staged_events=8759 staged_copies=8728 staged_bytes=446873600 staged_tail=6 staged_forward=1583 staged_fallback=0 staged_errors=0 tail_drain=0 tail_waits=0 tail_wait_us=0 eof_callbacks=8759 eof_valid=8728 eof_invalid=0 eof_mismatch=794 eof_half0=3979 eof_half1=4749 eof_mm_blocks=0/0/0/0/0/0/0/0/3/7/784 eof_settle=100 eof_settle_events=408 eof_settle_us=13080 defer_events=534 drained=534 pending_collisions=25 drain_errors=0
W (180063) rc_video: [CAM-DIAG-C16U] LIGHT stage=periodic window=14 sensor=pattern display=camera idle=0ms full_probe=0 cache=c2m_inv frames=60 changes=1 sync_changes=0 sync_calls=60 sync_skips=0 unique=2 overflow=0 pre=5d9a6f9b post=5d9a6f9b luma_avg=123.8 luma_min=123 luma_max=172 luma_last=123 avg_probe=2.278ms max_probe=2.776ms tsf_waits=0 tsf_wait_us=0 tsf_wait_max_global_us=0 launch_phase_samples=0 launch_phase_avg=0.0 launch_phase_min=0 launch_phase_max=0 tsf_errors=0
I (180095) rc_video: [CAM-DIAG-C16U] HEALTH window=14 display_frame=819 guard_errors=0 quiesce=819 resume_before=818 lifecycle_errors=0 pause_req=819 pause_ack=819 pause_timeout=0 cache_sync_err=0 raw_post_err=0 overlap=0 finish_collision=0 tsf_waits=0 tsf_wait_us=0 tsf_wait_max_global_us=0 target=0 tolerance=0 launch_samples=0 launch_min=0 launch_max=0 rgb_gain=110 present=direct chunk_lines=60 repeats=1 tsf_errors=0 staged_events=9089 staged_copies=9058 staged_bytes=463769600 staged_tail=6 staged_forward=1643 staged_fallback=0 staged_errors=0 tail_drain=0 tail_waits=0 tail_wait_us=0 eof_callbacks=9089 eof_valid=9058 eof_invalid=0 eof_mismatch=824 eof_half0=4129 eof_half1=4929 eof_mm_blocks=0/0/0/0/0/0/0/0/3/7/814 eof_settle=100 eof_settle_events=438 eof_settle_us=16080 defer_events=564 drained=564 pending_collisions=25 drain_errors=0
W (180408) camera_hal: [CAM-DIAG-C16I] SP0A39 test_pattern=off P1:32 before=0x80 write=0x00 read=0x00 expected_bit=0x00
W (180509) rc_tank: [CAM-DIAG-C16R] PROTOCOL window=15 before=0x07 requested=0x07 after=0x07 name=bgn changed=0
W (180510) rc_tank: [CAM-DIAG-C16R] BEACON window=15 before=200 requested=200 after=200 changed=0
W (180517) rc_tank: [CAM-DIAG-C16U] TSF_GUARD window=15 beacon=200 after=0us budget=0us result=ESP_OK
W (180565) rc_tank: [CAM-DIAG-C16U] TSF_TARGET window=15 phase=0us tolerance=0us result=ESP_OK
W (180565) rc_tank: [CAM-DIAG-C16U] RGB_GAIN window=15 requested=110 result=ESP_OK
W (180570) rc_tank: [CAM-DIAG-C16U] PRESENT window=15 mode=direct chunk_lines=60 repeats=1 result=ESP_OK
W (180579) rc_tank: [CAM-DIAG-C16U] TAIL_DRAIN window=15 requested=0us result=ESP_OK
W (180587) rc_tank: [CAM-DIAG-C16U] DEFER_PROFILE window=15 mode=defer_mismatch_to_vsync vsync_settle=100us result=ESP_OK
W (180598) rc_video: [CAM-DIAG-C16U] PROFILE window=15 sensor=real display=camera idle=0ms full_probe=0 cache=c2m_inv capture=822
W (180609) rc_tank: [CAM-DIAG-C16U] WINDOW_15 start: wifi=on sensor=real display=camera idle=0ms full_probe=off cache=c2m_inv dvp=staged100k protocol=bgn beacon=200 guard_after=0us capture_budget=0us target=0us tolerance=0us rgb_gain=110% present=direct chunk_lines=60 repeats=1 tail_drain=0us eof_mode=defer_mismatch_to_vsync vsync_settle=100us
W (180667) rc_video: [CAM-DIAG-C16U] LIGHT stage=complete window=14 sensor=pattern display=camera idle=0ms full_probe=0 cache=c2m_inv frames=63 changes=2 sync_changes=0 sync_calls=63 sync_skips=0 unique=3 overflow=0 pre=8c6e175a post=8c6e175a luma_avg=122.7 luma_min=52 luma_max=172 luma_last=52 avg_probe=2.295ms max_probe=2.970ms tsf_waits=0 tsf_wait_us=0 tsf_wait_max_global_us=0 launch_phase_samples=0 launch_phase_avg=0.0 launch_phase_min=0 launch_phase_max=0 tsf_errors=0
W (185446) rc_video: [CAM-DIAG-C16U] LIGHT stage=periodic window=15 sensor=real display=camera idle=0ms full_probe=0 cache=c2m_inv frames=30 changes=29 sync_changes=0 sync_calls=30 sync_skips=0 unique=8 overflow=22 pre=a185fc5a post=a185fc5a luma_avg=63.2 luma_min=52 luma_max=130 luma_last=64 avg_probe=2.282ms max_probe=2.629ms tsf_waits=0 tsf_wait_us=0 tsf_wait_max_global_us=0 launch_phase_samples=0 launch_phase_avg=0.0 launch_phase_min=0 launch_phase_max=0 tsf_errors=0
I (185477) rc_video: [CAM-DIAG-C16U] HEALTH window=15 display_frame=852 guard_errors=0 quiesce=852 resume_before=851 lifecycle_errors=0 pause_req=852 pause_ack=852 pause_timeout=0 cache_sync_err=0 raw_post_err=0 overlap=0 finish_collision=0 tsf_waits=0 tsf_wait_us=0 tsf_wait_max_global_us=0 target=0 tolerance=0 launch_samples=0 launch_min=0 launch_max=0 rgb_gain=110 present=direct chunk_lines=60 repeats=1 tsf_errors=0 staged_events=9465 staged_copies=9431 staged_bytes=482867200 staged_tail=7 staged_forward=1710 staged_fallback=0 staged_errors=0 tail_drain=0 tail_waits=0 tail_wait_us=0 eof_callbacks=9465 eof_valid=9431 eof_invalid=0 eof_mismatch=857 eof_half0=4301 eof_half1=5130 eof_mm_blocks=0/0/0/0/0/0/0/0/3/8/846 eof_settle=100 eof_settle_events=471 eof_settle_us=19380 defer_events=597 drained=597 pending_collisions=27 drain_errors=0
W (190315) rc_video: [CAM-DIAG-C16U] LIGHT stage=periodic window=15 sensor=real display=camera idle=0ms full_probe=0 cache=c2m_inv frames=60 changes=59 sync_changes=0 sync_calls=60 sync_skips=0 unique=8 overflow=52 pre=6861d7d2 post=6861d7d2 luma_avg=63.2 luma_min=52 luma_max=130 luma_last=63 avg_probe=2.286ms max_probe=2.629ms tsf_waits=0 tsf_wait_us=0 tsf_wait_max_global_us=0 launch_phase_samples=0 launch_phase_avg=0.0 launch_phase_min=0 launch_phase_max=0 tsf_errors=0
I (190346) rc_video: [CAM-DIAG-C16U] HEALTH window=15 display_frame=882 guard_errors=0 quiesce=882 resume_before=881 lifecycle_errors=0 pause_req=882 pause_ack=882 pause_timeout=0 cache_sync_err=0 raw_post_err=0 overlap=0 finish_collision=0 tsf_waits=0 tsf_wait_us=0 tsf_wait_max_global_us=0 target=0 tolerance=0 launch_samples=0 launch_min=0 launch_max=0 rgb_gain=110 present=direct chunk_lines=60 repeats=1 tsf_errors=0 staged_events=9795 staged_copies=9761 staged_bytes=499763200 staged_tail=7 staged_forward=1770 staged_fallback=0 staged_errors=0 tail_drain=0 tail_waits=0 tail_wait_us=0 eof_callbacks=9795 eof_valid=9761 eof_invalid=0 eof_mismatch=887 eof_half0=4451 eof_half1=5310 eof_mm_blocks=0/0/0/0/0/0/0/0/3/8/876 eof_settle=100 eof_settle_events=501 eof_settle_us=22380 defer_events=627 drained=627 pending_collisions=27 drain_errors=0
W (190659) camera_hal: [CAM-DIAG-C16I] SP0A39 test_pattern=on P1:32 before=0x00 write=0x80 read=0x80 expected_bit=0x80
W (190761) rc_tank: [CAM-DIAG-C16R] PROTOCOL window=16 before=0x07 requested=0x07 after=0x07 name=bgn changed=0
W (190762) rc_tank: [CAM-DIAG-C16R] BEACON window=16 before=200 requested=200 after=200 changed=0
W (190769) rc_tank: [CAM-DIAG-C16U] TSF_GUARD window=16 beacon=200 after=0us budget=0us result=ESP_OK
W (190816) rc_tank: [CAM-DIAG-C16U] TSF_TARGET window=16 phase=0us tolerance=0us result=ESP_OK
W (190816) rc_tank: [CAM-DIAG-C16U] RGB_GAIN window=16 requested=110 result=ESP_OK
W (190822) rc_tank: [CAM-DIAG-C16U] PRESENT window=16 mode=direct chunk_lines=60 repeats=1 result=ESP_OK
W (190831) rc_tank: [CAM-DIAG-C16U] TAIL_DRAIN window=16 requested=0us result=ESP_OK
W (190839) rc_tank: [CAM-DIAG-C16U] DEFER_PROFILE window=16 mode=defer_mismatch_to_vsync vsync_settle=200us result=ESP_OK
W (190850) rc_video: [CAM-DIAG-C16U] PROFILE window=16 sensor=pattern display=camera idle=0ms full_probe=0 cache=c2m_inv capture=885
W (190861) rc_tank: [CAM-DIAG-C16U] WINDOW_16 start: wifi=on sensor=pattern display=camera idle=0ms full_probe=off cache=c2m_inv dvp=staged100k protocol=bgn beacon=200 guard_after=0us capture_budget=0us target=0us tolerance=0us rgb_gain=110% present=direct chunk_lines=60 repeats=1 tail_drain=0us eof_mode=defer_mismatch_to_vsync vsync_settle=200us
W (190918) rc_video: [CAM-DIAG-C16U] LIGHT stage=complete window=15 sensor=real display=camera idle=0ms full_probe=0 cache=c2m_inv frames=63 changes=62 sync_changes=0 sync_calls=63 sync_skips=0 unique=8 overflow=55 pre=5d9a6f9b post=5d9a6f9b luma_avg=64.1 luma_min=52 luma_max=130 luma_last=123 avg_probe=2.304ms max_probe=3.037ms tsf_waits=0 tsf_wait_us=0 tsf_wait_max_global_us=0 launch_phase_samples=0 launch_phase_avg=0.0 launch_phase_min=0 launch_phase_max=0 tsf_errors=0
W (195657) rc_video: [CAM-DIAG-C16U] LIGHT stage=periodic window=16 sensor=pattern display=camera idle=0ms full_probe=0 cache=c2m_inv frames=30 changes=2 sync_changes=0 sync_calls=30 sync_skips=0 unique=2 overflow=0 pre=5d9a6f9b post=5d9a6f9b luma_avg=123.5 luma_min=123 luma_max=137 luma_last=123 avg_probe=2.267ms max_probe=2.551ms tsf_waits=0 tsf_wait_us=0 tsf_wait_max_global_us=0 launch_phase_samples=0 launch_phase_avg=0.0 launch_phase_min=0 launch_phase_max=0 tsf_errors=0
I (195689) rc_video: [CAM-DIAG-C16U] HEALTH window=16 display_frame=915 guard_errors=0 quiesce=915 resume_before=914 lifecycle_errors=0 pause_req=915 pause_ack=915 pause_timeout=0 cache_sync_err=0 raw_post_err=0 overlap=0 finish_collision=0 tsf_waits=0 tsf_wait_us=0 tsf_wait_max_global_us=0 target=0 tolerance=0 launch_samples=0 launch_min=0 launch_max=0 rgb_gain=110 present=direct chunk_lines=60 repeats=1 tsf_errors=0 staged_events=10159 staged_copies=10124 staged_bytes=518348800 staged_tail=7 staged_forward=1836 staged_fallback=0 staged_errors=0 tail_drain=0 tail_waits=0 tail_wait_us=0 eof_callbacks=10159 eof_valid=10124 eof_invalid=0 eof_mismatch=920 eof_half0=4616 eof_half1=5508 eof_mm_blocks=0/0/0/0/0/0/0/0/3/8/909 eof_settle=200 eof_settle_events=534 eof_settle_us=28680 defer_events=660 drained=660 pending_collisions=28 drain_errors=0
W (200724) rc_video: [CAM-DIAG-C16U] LIGHT stage=periodic window=16 sensor=pattern display=camera idle=0ms full_probe=0 cache=c2m_inv frames=60 changes=6 sync_changes=0 sync_calls=60 sync_skips=0 unique=3 overflow=0 pre=5d9a6f9b post=5d9a6f9b luma_avg=123.8 luma_min=123 luma_max=144 luma_last=123 avg_probe=2.273ms max_probe=2.660ms tsf_waits=0 tsf_wait_us=0 tsf_wait_max_global_us=0 launch_phase_samples=0 launch_phase_avg=0.0 launch_phase_min=0 launch_phase_max=0 tsf_errors=0
I (200755) rc_video: [CAM-DIAG-C16U] HEALTH window=16 display_frame=945 guard_errors=0 quiesce=945 resume_before=944 lifecycle_errors=0 pause_req=947 pause_ack=947 pause_timeout=0 cache_sync_err=0 raw_post_err=0 overlap=0 finish_collision=0 tsf_waits=0 tsf_wait_us=0 tsf_wait_max_global_us=0 target=0 tolerance=0 launch_samples=0 launch_min=0 launch_max=0 rgb_gain=110 present=direct chunk_lines=60 repeats=1 tsf_errors=0 staged_events=10536 staged_copies=10496 staged_bytes=537395200 staged_tail=9 staged_forward=1903 staged_fallback=0 staged_errors=0 tail_drain=0 tail_waits=0 tail_wait_us=0 eof_callbacks=10536 eof_valid=10496 eof_invalid=0 eof_mismatch=952 eof_half0=4790 eof_half1=5706 eof_mm_blocks=0/0/0/0/0/0/0/0/3/10/939 eof_settle=200 eof_settle_events=566 eof_settle_us=35080 defer_events=692 drained=692 pending_collisions=31 drain_errors=0
W (200911) camera_hal: [CAM-DIAG-C16I] SP0A39 test_pattern=off P1:32 before=0x80 write=0x00 read=0x00 expected_bit=0x00
W (201012) rc_tank: [CAM-DIAG-C16R] PROTOCOL window=17 before=0x07 requested=0x07 after=0x07 name=bgn changed=0
W (201013) rc_tank: [CAM-DIAG-C16R] BEACON window=17 before=200 requested=200 after=200 changed=0
W (201020) rc_tank: [CAM-DIAG-C16U] TSF_GUARD window=17 beacon=200 after=0us budget=0us result=ESP_OK
W (201067) rc_tank: [CAM-DIAG-C16U] TSF_TARGET window=17 phase=0us tolerance=0us result=ESP_OK
W (201068) rc_tank: [CAM-DIAG-C16U] RGB_GAIN window=17 requested=110 result=ESP_OK
W (201073) rc_tank: [CAM-DIAG-C16U] PRESENT window=17 mode=direct chunk_lines=60 repeats=1 result=ESP_OK
W (201082) rc_tank: [CAM-DIAG-C16U] TAIL_DRAIN window=17 requested=0us result=ESP_OK
W (201090) rc_tank: [CAM-DIAG-C16U] DEFER_PROFILE window=17 mode=defer_mismatch_to_vsync vsync_settle=200us result=ESP_OK
W (201101) rc_video: [CAM-DIAG-C16U] PROFILE window=17 sensor=real display=camera idle=0ms full_probe=0 cache=c2m_inv capture=949
W (201112) rc_tank: [CAM-DIAG-C16U] WINDOW_17 start: wifi=on sensor=real display=camera idle=0ms full_probe=off cache=c2m_inv dvp=staged100k protocol=bgn beacon=200 guard_after=0us capture_budget=0us target=0us tolerance=0us rgb_gain=110% present=direct chunk_lines=60 repeats=1 tail_drain=0us eof_mode=defer_mismatch_to_vsync vsync_settle=200us
W (201169) rc_video: [CAM-DIAG-C16U] LIGHT stage=complete window=16 sensor=pattern display=camera idle=0ms full_probe=0 cache=c2m_inv frames=62 changes=7 sync_changes=0 sync_calls=62 sync_skips=0 unique=4 overflow=0 pre=8c037f4a post=8c037f4a luma_avg=122.9 luma_min=65 luma_max=144 luma_last=65 avg_probe=2.293ms max_probe=3.055ms tsf_waits=0 tsf_wait_us=0 tsf_wait_max_global_us=0 launch_phase_samples=0 launch_phase_avg=0.0 launch_phase_min=0 launch_phase_max=0 tsf_errors=0
W (205949) rc_video: [CAM-DIAG-C16U] LIGHT stage=periodic window=17 sensor=real display=camera idle=0ms full_probe=0 cache=c2m_inv frames=30 changes=29 sync_changes=0 sync_calls=30 sync_skips=0 unique=8 overflow=22 pre=215909bd post=215909bd luma_avg=65.7 luma_min=65 luma_max=80 luma_last=66 avg_probe=2.295ms max_probe=2.641ms tsf_waits=0 tsf_wait_us=0 tsf_wait_max_global_us=0 launch_phase_samples=0 launch_phase_avg=0.0 launch_phase_min=0 launch_phase_max=0 tsf_errors=0
I (205980) rc_video: [CAM-DIAG-C16U] HEALTH window=17 display_frame=977 guard_errors=0 quiesce=977 resume_before=976 lifecycle_errors=0 pause_req=979 pause_ack=979 pause_timeout=0 cache_sync_err=0 raw_post_err=0 overlap=0 finish_collision=0 tsf_waits=0 tsf_wait_us=0 tsf_wait_max_global_us=0 target=0 tolerance=0 launch_samples=0 launch_min=0 launch_max=0 rgb_gain=110 present=direct chunk_lines=60 repeats=1 tsf_errors=0 staged_events=10901 staged_copies=10858 staged_bytes=555929600 staged_tail=10 staged_forward=1968 staged_fallback=0 staged_errors=0 tail_drain=0 tail_waits=0 tail_wait_us=0 eof_callbacks=10901 eof_valid=10858 eof_invalid=0 eof_mismatch=984 eof_half0=4957 eof_half1=5901 eof_mm_blocks=0/0/0/0/0/0/0/0/3/11/970 eof_settle=200 eof_settle_events=598 eof_settle_us=41480 defer_events=724 drained=724 pending_collisions=33 drain_errors=0
W (210817) rc_video: [CAM-DIAG-C16U] LIGHT stage=periodic window=17 sensor=real display=camera idle=0ms full_probe=0 cache=c2m_inv frames=60 changes=59 sync_changes=0 sync_calls=60 sync_skips=0 unique=8 overflow=52 pre=e1f35594 post=e1f35594 luma_avg=62.7 luma_min=51 luma_max=80 luma_last=59 avg_probe=2.286ms max_probe=2.641ms tsf_waits=0 tsf_wait_us=0 tsf_wait_max_global_us=0 launch_phase_samples=0 launch_phase_avg=0.0 launch_phase_min=0 launch_phase_max=0 tsf_errors=0
I (210848) rc_video: [CAM-DIAG-C16U] HEALTH window=17 display_frame=1007 guard_errors=0 quiesce=1007 resume_before=1006 lifecycle_errors=0 pause_req=1009 pause_ack=1009 pause_timeout=0 cache_sync_err=0 raw_post_err=0 overlap=0 finish_collision=0 tsf_waits=0 tsf_wait_us=0 tsf_wait_max_global_us=0 target=0 tolerance=0 launch_samples=0 launch_min=0 launch_max=0 rgb_gain=110 present=direct chunk_lines=60 repeats=1 tsf_errors=0 staged_events=11231 staged_copies=11188 staged_bytes=572825600 staged_tail=10 staged_forward=2028 staged_fallback=0 staged_errors=0 tail_drain=0 tail_waits=0 tail_wait_us=0 eof_callbacks=11231 eof_valid=11188 eof_invalid=0 eof_mismatch=1014 eof_half0=5107 eof_half1=6081 eof_mm_blocks=0/0/0/0/0/0/0/0/3/11/1000 eof_settle=200 eof_settle_events=628 eof_settle_us=47480 defer_events=754 drained=754 pending_collisions=33 drain_errors=0
W (211162) camera_hal: [CAM-DIAG-C16I] SP0A39 test_pattern=on P1:32 before=0x00 write=0x80 read=0x80 expected_bit=0x80
W (211263) rc_tank: [CAM-DIAG-C16R] PROTOCOL window=18 before=0x07 requested=0x07 after=0x07 name=bgn changed=0
W (211264) rc_tank: [CAM-DIAG-C16R] BEACON window=18 before=200 requested=200 after=200 changed=0
W (211271) rc_tank: [CAM-DIAG-C16U] TSF_GUARD window=18 beacon=200 after=0us budget=0us result=ESP_OK
W (211318) rc_tank: [CAM-DIAG-C16U] TSF_TARGET window=18 phase=0us tolerance=0us result=ESP_OK
W (211319) rc_tank: [CAM-DIAG-C16U] RGB_GAIN window=18 requested=110 result=ESP_OK
W (211324) rc_tank: [CAM-DIAG-C16U] PRESENT window=18 mode=direct chunk_lines=60 repeats=1 result=ESP_OK
W (211333) rc_tank: [CAM-DIAG-C16U] TAIL_DRAIN window=18 requested=0us result=ESP_OK
W (211341) rc_tank: [CAM-DIAG-C16U] DEFER_PROFILE window=18 mode=defer_mismatch_to_vsync vsync_settle=500us result=ESP_OK
W (211352) rc_video: [CAM-DIAG-C16U] PROFILE window=18 sensor=pattern display=camera idle=0ms full_probe=0 cache=c2m_inv capture=1012
W (211363) rc_tank: [CAM-DIAG-C16U] WINDOW_18 start: wifi=on sensor=pattern display=camera idle=0ms full_probe=off cache=c2m_inv dvp=staged100k protocol=bgn beacon=200 guard_after=0us capture_budget=0us target=0us tolerance=0us rgb_gain=110% present=direct chunk_lines=60 repeats=1 tail_drain=0us eof_mode=defer_mismatch_to_vsync vsync_settle=500us
W (211419) rc_video: [CAM-DIAG-C16U] LIGHT stage=complete window=17 sensor=real display=camera idle=0ms full_probe=0 cache=c2m_inv frames=63 changes=62 sync_changes=0 sync_calls=63 sync_skips=0 unique=8 overflow=55 pre=5d9a6f9b post=5d9a6f9b luma_avg=63.6 luma_min=51 luma_max=123 luma_last=123 avg_probe=2.304ms max_probe=3.107ms tsf_waits=0 tsf_wait_us=0 tsf_wait_max_global_us=0 launch_phase_samples=0 launch_phase_avg=0.0 launch_phase_min=0 launch_phase_max=0 tsf_errors=0
W (216159) rc_video: [CAM-DIAG-C16U] LIGHT stage=periodic window=18 sensor=pattern display=camera idle=0ms full_probe=0 cache=c2m_inv frames=30 changes=0 sync_changes=0 sync_calls=30 sync_skips=0 unique=1 overflow=0 pre=5d9a6f9b post=5d9a6f9b luma_avg=123.0 luma_min=123 luma_max=123 luma_last=123 avg_probe=2.271ms max_probe=2.528ms tsf_waits=0 tsf_wait_us=0 tsf_wait_max_global_us=0 launch_phase_samples=0 launch_phase_avg=0.0 launch_phase_min=0 launch_phase_max=0 tsf_errors=0
I (216190) rc_video: [CAM-DIAG-C16U] HEALTH window=18 display_frame=1040 guard_errors=0 quiesce=1040 resume_before=1039 lifecycle_errors=0 pause_req=1042 pause_ack=1042 pause_timeout=0 cache_sync_err=0 raw_post_err=0 overlap=0 finish_collision=0 tsf_waits=0 tsf_wait_us=0 tsf_wait_max_global_us=0 target=0 tolerance=0 launch_samples=0 launch_min=0 launch_max=0 rgb_gain=110 present=direct chunk_lines=60 repeats=1 tsf_errors=0 staged_events=11594 staged_copies=11551 staged_bytes=591411200 staged_tail=10 staged_forward=2094 staged_fallback=0 staged_errors=0 tail_drain=0 tail_waits=0 tail_wait_us=0 eof_callbacks=11594 eof_valid=11551 eof_invalid=0 eof_mismatch=1047 eof_half0=5272 eof_half1=6279 eof_mm_blocks=0/0/0/0/0/0/0/0/3/11/1033 eof_settle=500 eof_settle_events=661 eof_settle_us=63080 defer_events=787 drained=787 pending_collisions=33 drain_errors=0
W (221028) rc_video: [CAM-DIAG-C16U] LIGHT stage=periodic window=18 sensor=pattern display=camera idle=0ms full_probe=0 cache=c2m_inv frames=60 changes=0 sync_changes=0 sync_calls=60 sync_skips=0 unique=1 overflow=0 pre=5d9a6f9b post=5d9a6f9b luma_avg=123.0 luma_min=123 luma_max=123 luma_last=123 avg_probe=2.270ms max_probe=2.544ms tsf_waits=0 tsf_wait_us=0 tsf_wait_max_global_us=0 launch_phase_samples=0 launch_phase_avg=0.0 launch_phase_min=0 launch_phase_max=0 tsf_errors=0
I (221060) rc_video: [CAM-DIAG-C16U] HEALTH window=18 display_frame=1070 guard_errors=0 quiesce=1070 resume_before=1069 lifecycle_errors=0 pause_req=1072 pause_ack=1072 pause_timeout=0 cache_sync_err=0 raw_post_err=0 overlap=0 finish_collision=0 tsf_waits=0 tsf_wait_us=0 tsf_wait_max_global_us=0 target=0 tolerance=0 launch_samples=0 launch_min=0 launch_max=0 rgb_gain=110 present=direct chunk_lines=60 repeats=1 tsf_errors=0 staged_events=11924 staged_copies=11881 staged_bytes=608307200 staged_tail=10 staged_forward=2154 staged_fallback=0 staged_errors=0 tail_drain=0 tail_waits=0 tail_wait_us=0 eof_callbacks=11924 eof_valid=11881 eof_invalid=0 eof_mismatch=1077 eof_half0=5422 eof_half1=6459 eof_mm_blocks=0/0/0/0/0/0/0/0/3/11/1063 eof_settle=500 eof_settle_events=691 eof_settle_us=78080 defer_events=817 drained=817 pending_collisions=33 drain_errors=0
W (221396) camera_hal: [CAM-DIAG-C16I] SP0A39 test_pattern=off P1:32 before=0x80 write=0x00 read=0x00 expected_bit=0x00
W (221530) rc_tank: [CAM-DIAG-C16R] PROTOCOL window=19 before=0x07 requested=0x07 after=0x07 name=bgn changed=0
W (221532) rc_tank: [CAM-DIAG-C16R] BEACON window=19 before=200 requested=200 after=200 changed=0
W (221539) rc_tank: [CAM-DIAG-C16U] TSF_GUARD window=19 beacon=200 after=0us budget=0us result=ESP_OK
W (221548) rc_tank: [CAM-DIAG-C16U] TSF_TARGET window=19 phase=0us tolerance=0us result=ESP_OK
W (221556) rc_tank: [CAM-DIAG-C16U] RGB_GAIN window=19 requested=110 result=ESP_OK
W (221563) rc_tank: [CAM-DIAG-C16U] PRESENT window=19 mode=direct chunk_lines=60 repeats=1 result=ESP_OK
W (221572) rc_tank: [CAM-DIAG-C16U] TAIL_DRAIN window=19 requested=0us result=ESP_OK
W (221580) rc_tank: [CAM-DIAG-C16U] DEFER_PROFILE window=19 mode=defer_mismatch_to_vsync vsync_settle=500us result=ESP_OK
W (221591) rc_video: [CAM-DIAG-C16U] PROFILE window=19 sensor=real display=camera idle=0ms full_probe=0 cache=c2m_inv capture=1075
W (221602) rc_tank: [CAM-DIAG-C16U] WINDOW_19 start: wifi=on sensor=real display=camera idle=0ms full_probe=off cache=c2m_inv dvp=staged100k protocol=bgn beacon=200 guard_after=0us capture_budget=0us target=0us tolerance=0us rgb_gain=110% present=direct chunk_lines=60 repeats=1 tail_drain=0us eof_mode=defer_mismatch_to_vsync vsync_settle=500us
W (221636) rc_video: [CAM-DIAG-C16U] LIGHT stage=complete window=18 sensor=pattern display=camera idle=0ms full_probe=0 cache=c2m_inv frames=63 changes=1 sync_changes=0 sync_calls=63 sync_skips=0 unique=2 overflow=0 pre=96ef8c98 post=96ef8c98 luma_avg=122.0 luma_min=60 luma_max=123 luma_last=60 avg_probe=2.295ms max_probe=3.916ms tsf_waits=0 tsf_wait_us=0 tsf_wait_max_global_us=0 launch_phase_samples=0 launch_phase_avg=0.0 launch_phase_min=0 launch_phase_max=0 tsf_errors=0
W (226372) rc_video: [CAM-DIAG-C16U] LIGHT stage=periodic window=19 sensor=real display=camera idle=0ms full_probe=0 cache=c2m_inv frames=30 changes=29 sync_changes=0 sync_calls=30 sync_skips=0 unique=8 overflow=22 pre=196c0bdd post=196c0bdd luma_avg=60.1 luma_min=60 luma_max=62 luma_last=60 avg_probe=2.262ms max_probe=2.620ms tsf_waits=0 tsf_wait_us=0 tsf_wait_max_global_us=0 launch_phase_samples=0 launch_phase_avg=0.0 launch_phase_min=0 launch_phase_max=0 tsf_errors=0
I (226403) rc_video: [CAM-DIAG-C16U] HEALTH window=19 display_frame=1103 guard_errors=0 quiesce=1103 resume_before=1102 lifecycle_errors=0 pause_req=1105 pause_ack=1105 pause_timeout=0 cache_sync_err=0 raw_post_err=0 overlap=0 finish_collision=0 tsf_waits=0 tsf_wait_us=0 tsf_wait_max_global_us=0 target=0 tolerance=0 launch_samples=0 launch_min=0 launch_max=0 rgb_gain=110 present=direct chunk_lines=60 repeats=1 tsf_errors=0 staged_events=12288 staged_copies=12244 staged_bytes=626892800 staged_tail=10 staged_forward=2220 staged_fallback=0 staged_errors=0 tail_drain=0 tail_waits=0 tail_wait_us=0 eof_callbacks=12288 eof_valid=12244 eof_invalid=0 eof_mismatch=1110 eof_half0=5587 eof_half1=6657 eof_mm_blocks=0/0/0/0/0/0/0/0/3/11/1096 eof_settle=500 eof_settle_events=724 eof_settle_us=94580 defer_events=850 drained=850 pending_collisions=34 drain_errors=0
W (231240) rc_video: [CAM-DIAG-C16U] LIGHT stage=periodic window=19 sensor=real display=camera idle=0ms full_probe=0 cache=c2m_inv frames=60 changes=59 sync_changes=0 sync_calls=60 sync_skips=0 unique=8 overflow=52 pre=ab6b4448 post=ab6b4448 luma_avg=60.1 luma_min=59 luma_max=62 luma_last=60 avg_probe=2.274ms max_probe=2.646ms tsf_waits=0 tsf_wait_us=0 tsf_wait_max_global_us=0 launch_phase_samples=0 launch_phase_avg=0.0 launch_phase_min=0 launch_phase_max=0 tsf_errors=0
I (231271) rc_video: [CAM-DIAG-C16U] HEALTH window=19 display_frame=1133 guard_errors=0 quiesce=1133 resume_before=1132 lifecycle_errors=0 pause_req=1135 pause_ack=1135 pause_timeout=0 cache_sync_err=0 raw_post_err=0 overlap=0 finish_collision=0 tsf_waits=0 tsf_wait_us=0 tsf_wait_max_global_us=0 target=0 tolerance=0 launch_samples=0 launch_min=0 launch_max=0 rgb_gain=110 present=direct chunk_lines=60 repeats=1 tsf_errors=0 staged_events=12620 staged_copies=12574 staged_bytes=643788800 staged_tail=10 staged_forward=2280 staged_fallback=0 staged_errors=0 tail_drain=0 tail_waits=0 tail_wait_us=0 eof_callbacks=12620 eof_valid=12574 eof_invalid=0 eof_mismatch=1140 eof_half0=5737 eof_half1=6837 eof_mm_blocks=0/0/0/0/0/0/0/0/3/11/1126 eof_settle=500 eof_settle_events=754 eof_settle_us=109580 defer_events=880 drained=880 pending_collisions=36 drain_errors=0
W (231634) camera_hal: [CAM-DIAG-C16I] SP0A39 test_pattern=on P1:32 before=0x00 write=0x80 read=0x80 expected_bit=0x80
W (231741) rc_tank: [CAM-DIAG-C16R] PROTOCOL window=20 before=0x07 requested=0x07 after=0x07 name=bgn changed=0
W (231742) rc_tank: [CAM-DIAG-C16R] BEACON window=20 before=200 requested=200 after=200 changed=0
W (231749) rc_tank: [CAM-DIAG-C16U] TSF_GUARD window=20 beacon=200 after=0us budget=0us result=ESP_OK
W (231758) rc_tank: [CAM-DIAG-C16U] TSF_TARGET window=20 phase=0us tolerance=0us result=ESP_OK
W (231766) rc_tank: [CAM-DIAG-C16U] RGB_GAIN window=20 requested=110 result=ESP_OK
W (231774) rc_tank: [CAM-DIAG-C16U] PRESENT window=20 mode=direct chunk_lines=60 repeats=1 result=ESP_OK
W (231783) rc_tank: [CAM-DIAG-C16U] TAIL_DRAIN window=20 requested=0us result=ESP_OK
W (231790) rc_tank: [CAM-DIAG-C16U] DEFER_PROFILE window=20 mode=defer_mismatch_to_vsync vsync_settle=800us result=ESP_OK
W (231801) rc_video: [CAM-DIAG-C16U] PROFILE window=20 sensor=pattern display=camera idle=0ms full_probe=0 cache=c2m_inv capture=1138
W (231813) rc_tank: [CAM-DIAG-C16U] WINDOW_20 start: wifi=on sensor=pattern display=camera idle=0ms full_probe=off cache=c2m_inv dvp=staged100k protocol=bgn beacon=200 guard_after=0us capture_budget=0us target=0us tolerance=0us rgb_gain=110% present=direct chunk_lines=60 repeats=1 tail_drain=0us eof_mode=defer_mismatch_to_vsync vsync_settle=800us
W (231845) rc_video: [CAM-DIAG-C16U] LIGHT stage=complete window=19 sensor=real display=camera idle=0ms full_probe=0 cache=c2m_inv frames=63 changes=62 sync_changes=0 sync_calls=63 sync_skips=0 unique=8 overflow=55 pre=5d9a6f9b post=5d9a6f9b luma_avg=61.1 luma_min=59 luma_max=123 luma_last=123 avg_probe=2.288ms max_probe=3.212ms tsf_waits=0 tsf_wait_us=0 tsf_wait_max_global_us=0 launch_phase_samples=0 launch_phase_avg=0.0 launch_phase_min=0 launch_phase_max=0 tsf_errors=0
W (236584) rc_video: [CAM-DIAG-C16U] LIGHT stage=periodic window=20 sensor=pattern display=camera idle=0ms full_probe=0 cache=c2m_inv frames=30 changes=0 sync_changes=0 sync_calls=30 sync_skips=0 unique=1 overflow=0 pre=5d9a6f9b post=5d9a6f9b luma_avg=123.0 luma_min=123 luma_max=123 luma_last=123 avg_probe=2.271ms max_probe=2.603ms tsf_waits=0 tsf_wait_us=0 tsf_wait_max_global_us=0 launch_phase_samples=0 launch_phase_avg=0.0 launch_phase_min=0 launch_phase_max=0 tsf_errors=0
I (236615) rc_video: [CAM-DIAG-C16U] HEALTH window=20 display_frame=1166 guard_errors=0 quiesce=1166 resume_before=1165 lifecycle_errors=0 pause_req=1168 pause_ack=1168 pause_timeout=0 cache_sync_err=0 raw_post_err=0 overlap=0 finish_collision=0 tsf_waits=0 tsf_wait_us=0 tsf_wait_max_global_us=0 target=0 tolerance=0 launch_samples=0 launch_min=0 launch_max=0 rgb_gain=110 present=direct chunk_lines=60 repeats=1 tsf_errors=0 staged_events=12984 staged_copies=12937 staged_bytes=662374400 staged_tail=10 staged_forward=2346 staged_fallback=0 staged_errors=0 tail_drain=0 tail_waits=0 tail_wait_us=0 eof_callbacks=12984 eof_valid=12937 eof_invalid=0 eof_mismatch=1173 eof_half0=5902 eof_half1=7035 eof_mm_blocks=0/0/0/0/0/0/0/0/3/11/1159 eof_settle=800 eof_settle_events=787 eof_settle_us=135080 defer_events=913 drained=913 pending_collisions=37 drain_errors=0
W (241451) rc_video: [CAM-DIAG-C16U] LIGHT stage=periodic window=20 sensor=pattern display=camera idle=0ms full_probe=0 cache=c2m_inv frames=60 changes=2 sync_changes=0 sync_calls=60 sync_skips=0 unique=2 overflow=0 pre=5d9a6f9b post=5d9a6f9b luma_avg=123.5 luma_min=123 luma_max=151 luma_last=123 avg_probe=2.261ms max_probe=2.603ms tsf_waits=0 tsf_wait_us=0 tsf_wait_max_global_us=0 launch_phase_samples=0 launch_phase_avg=0.0 launch_phase_min=0 launch_phase_max=0 tsf_errors=0
I (241483) rc_video: [CAM-DIAG-C16U] HEALTH window=20 display_frame=1196 guard_errors=0 quiesce=1196 resume_before=1195 lifecycle_errors=0 pause_req=1198 pause_ack=1198 pause_timeout=0 cache_sync_err=0 raw_post_err=0 overlap=0 finish_collision=0 tsf_waits=0 tsf_wait_us=0 tsf_wait_max_global_us=0 target=0 tolerance=0 launch_samples=0 launch_min=0 launch_max=0 rgb_gain=110 present=direct chunk_lines=60 repeats=1 tsf_errors=0 staged_events=13316 staged_copies=13267 staged_bytes=679270400 staged_tail=10 staged_forward=2406 staged_fallback=0 staged_errors=0 tail_drain=0 tail_waits=0 tail_wait_us=0 eof_callbacks=13316 eof_valid=13267 eof_invalid=0 eof_mismatch=1203 eof_half0=6052 eof_half1=7215 eof_mm_blocks=0/0/0/0/0/0/0/0/3/11/1189 eof_settle=800 eof_settle_events=817 eof_settle_us=159080 defer_events=943 drained=943 pending_collisions=39 drain_errors=0
W (241845) camera_hal: [CAM-DIAG-C16I] SP0A39 test_pattern=off P1:32 before=0x80 write=0x00 read=0x00 expected_bit=0x00
W (241953) rc_tank: [CAM-DIAG-C16R] PROTOCOL window=21 before=0x07 requested=0x07 after=0x07 name=bgn changed=0
W (241954) rc_tank: [CAM-DIAG-C16R] BEACON window=21 before=200 requested=200 after=200 changed=0
W (241961) rc_tank: [CAM-DIAG-C16U] TSF_GUARD window=21 beacon=200 after=0us budget=0us result=ESP_OK
W (241970) rc_tank: [CAM-DIAG-C16U] TSF_TARGET window=21 phase=0us tolerance=0us result=ESP_OK
W (241978) rc_tank: [CAM-DIAG-C16U] RGB_GAIN window=21 requested=110 result=ESP_OK
W (241985) rc_tank: [CAM-DIAG-C16U] PRESENT window=21 mode=direct chunk_lines=60 repeats=1 result=ESP_OK
W (241995) rc_tank: [CAM-DIAG-C16U] TAIL_DRAIN window=21 requested=0us result=ESP_OK
W (242002) rc_tank: [CAM-DIAG-C16U] DEFER_PROFILE window=21 mode=defer_mismatch_to_vsync vsync_settle=800us result=ESP_OK
W (242013) rc_video: [CAM-DIAG-C16U] PROFILE window=21 sensor=real display=camera idle=0ms full_probe=0 cache=c2m_inv capture=1201
W (242024) rc_tank: [CAM-DIAG-C16U] WINDOW_21 start: wifi=on sensor=real display=camera idle=0ms full_probe=off cache=c2m_inv dvp=staged100k protocol=bgn beacon=200 guard_after=0us capture_budget=0us target=0us tolerance=0us rgb_gain=110% present=direct chunk_lines=60 repeats=1 tail_drain=0us eof_mode=defer_mismatch_to_vsync vsync_settle=800us
W (242059) rc_video: [CAM-DIAG-C16U] LIGHT stage=complete window=20 sensor=pattern display=camera idle=0ms full_probe=0 cache=c2m_inv frames=63 changes=3 sync_changes=0 sync_calls=63 sync_skips=0 unique=3 overflow=0 pre=95ea4578 post=95ea4578 luma_avg=122.5 luma_min=62 luma_max=151 luma_last=62 avg_probe=2.275ms max_probe=3.254ms tsf_waits=0 tsf_wait_us=0 tsf_wait_max_global_us=0 launch_phase_samples=0 launch_phase_avg=0.0 launch_phase_min=0 launch_phase_max=0 tsf_errors=0
W (246914) rc_video: [CAM-DIAG-C16U] LIGHT stage=periodic window=21 sensor=real display=camera idle=0ms full_probe=0 cache=c2m_inv frames=30 changes=29 sync_changes=0 sync_calls=30 sync_skips=0 unique=8 overflow=22 pre=dd2de2c5 post=dd2de2c5 luma_avg=57.0 luma_min=54 luma_max=81 luma_last=56 avg_probe=2.271ms max_probe=2.599ms tsf_waits=0 tsf_wait_us=0 tsf_wait_max_global_us=0 launch_phase_samples=0 launch_phase_avg=0.0 launch_phase_min=0 launch_phase_max=0 tsf_errors=0
I (246945) rc_video: [CAM-DIAG-C16U] HEALTH window=21 display_frame=1229 guard_errors=0 quiesce=1229 resume_before=1228 lifecycle_errors=0 pause_req=1231 pause_ack=1231 pause_timeout=0 cache_sync_err=0 raw_post_err=0 overlap=0 finish_collision=0 tsf_waits=0 tsf_wait_us=0 tsf_wait_max_global_us=0 target=0 tolerance=0 launch_samples=0 launch_min=0 launch_max=0 rgb_gain=110 present=direct chunk_lines=60 repeats=1 tsf_errors=0 staged_events=13705 staged_copies=13650 staged_bytes=698880000 staged_tail=11 staged_forward=2475 staged_fallback=0 staged_errors=0 tail_drain=0 tail_waits=0 tail_wait_us=0 eof_callbacks=13705 eof_valid=13650 eof_invalid=0 eof_mismatch=1237 eof_half0=6230 eof_half1=7420 eof_mm_blocks=0/0/0/0/0/0/0/0/3/13/1221 eof_settle=800 eof_settle_events=851 eof_settle_us=186280 defer_events=977 drained=977 pending_collisions=44 drain_errors=0
W (251782) rc_video: [CAM-DIAG-C16U] LIGHT stage=periodic window=21 sensor=real display=camera idle=0ms full_probe=0 cache=c2m_inv frames=60 changes=59 sync_changes=0 sync_calls=60 sync_skips=0 unique=8 overflow=52 pre=1a5c4b8e post=1a5c4b8e luma_avg=56.5 luma_min=54 luma_max=81 luma_last=56 avg_probe=2.263ms max_probe=2.599ms tsf_waits=0 tsf_wait_us=0 tsf_wait_max_global_us=0 launch_phase_samples=0 launch_phase_avg=0.0 launch_phase_min=0 launch_phase_max=0 tsf_errors=0
I (251813) rc_video: [CAM-DIAG-C16U] HEALTH window=21 display_frame=1259 guard_errors=0 quiesce=1259 resume_before=1258 lifecycle_errors=0 pause_req=1261 pause_ack=1261 pause_timeout=0 cache_sync_err=0 raw_post_err=0 overlap=0 finish_collision=0 tsf_waits=0 tsf_wait_us=0 tsf_wait_max_global_us=0 target=0 tolerance=0 launch_samples=0 launch_min=0 launch_max=0 rgb_gain=110 present=direct chunk_lines=60 repeats=1 tsf_errors=0 staged_events=14036 staged_copies=13980 staged_bytes=715776000 staged_tail=11 staged_forward=2535 staged_fallback=0 staged_errors=0 tail_drain=0 tail_waits=0 tail_wait_us=0 eof_callbacks=14036 eof_valid=13980 eof_invalid=0 eof_mismatch=1267 eof_half0=6380 eof_half1=7600 eof_mm_blocks=0/0/0/0/0/0/0/0/3/13/1251 eof_settle=800 eof_settle_events=881 eof_settle_us=210280 defer_events=1007 drained=1007 pending_collisions=45 drain_errors=0
W (252056) camera_hal: [CAM-DIAG-C16I] SP0A39 test_pattern=on P1:32 before=0x00 write=0x80 read=0x80 expected_bit=0x80
W (252160) rc_tank: [CAM-DIAG-C16R] PROTOCOL window=22 before=0x07 requested=0x07 after=0x07 name=bgn changed=0
W (252161) rc_tank: [CAM-DIAG-C16R] BEACON window=22 before=200 requested=200 after=200 changed=0
W (252168) rc_tank: [CAM-DIAG-C16U] TSF_GUARD window=22 beacon=200 after=0us budget=0us result=ESP_OK
W (252177) rc_tank: [CAM-DIAG-C16U] TSF_TARGET window=22 phase=0us tolerance=0us result=ESP_OK
W (252185) rc_tank: [CAM-DIAG-C16U] RGB_GAIN window=22 requested=110 result=ESP_OK
W (252192) rc_tank: [CAM-DIAG-C16U] PRESENT window=22 mode=direct chunk_lines=60 repeats=1 result=ESP_OK
W (252201) rc_tank: [CAM-DIAG-C16U] TAIL_DRAIN window=22 requested=0us result=ESP_OK
W (252209) rc_tank: [CAM-DIAG-C16U] DEFER_PROFILE window=22 mode=defer_mismatch_to_vsync vsync_settle=1000us result=ESP_OK
W (252220) rc_video: [CAM-DIAG-C16U] PROFILE window=22 sensor=pattern display=camera idle=0ms full_probe=0 cache=c2m_inv capture=1263
W (252225) rc_video: [CAM-DIAG-C16U] LIGHT stage=complete window=21 sensor=real display=camera idle=0ms full_probe=0 cache=c2m_inv frames=62 changes=61 sync_changes=0 sync_calls=62 sync_skips=0 unique=8 overflow=54 pre=5d9a6f9b post=5d9a6f9b luma_avg=57.6 luma_min=54 luma_max=123 luma_last=123 avg_probe=2.262ms max_probe=2.599ms tsf_waits=0 tsf_wait_us=0 tsf_wait_max_global_us=0 launch_phase_samples=0 launch_phase_avg=0.0 launch_phase_min=0 launch_phase_max=0 tsf_errors=0
W (252231) rc_tank: [CAM-DIAG-C16U] WINDOW_22 start: wifi=on sensor=pattern display=camera idle=0ms full_probe=off cache=c2m_inv dvp=staged100k protocol=bgn beacon=200 guard_after=0us capture_budget=0us target=0us tolerance=0us rgb_gain=110% present=direct chunk_lines=60 repeats=1 tail_drain=0us eof_mode=defer_mismatch_to_vsync vsync_settle=1000us
W (257007) rc_video: [CAM-DIAG-C16U] LIGHT stage=periodic window=22 sensor=pattern display=camera idle=0ms full_probe=0 cache=c2m_inv frames=30 changes=1 sync_changes=0 sync_calls=30 sync_skips=0 unique=2 overflow=0 pre=5d9a6f9b post=5d9a6f9b luma_avg=122.9 luma_min=121 luma_max=123 luma_last=123 avg_probe=2.294ms max_probe=2.646ms tsf_waits=0 tsf_wait_us=0 tsf_wait_max_global_us=0 launch_phase_samples=0 launch_phase_avg=0.0 launch_phase_min=0 launch_phase_max=0 tsf_errors=0
I (257038) rc_video: [CAM-DIAG-C16U] HEALTH window=22 display_frame=1291 guard_errors=0 quiesce=1291 resume_before=1290 lifecycle_errors=0 pause_req=1293 pause_ack=1293 pause_timeout=0 cache_sync_err=0 raw_post_err=0 overlap=0 finish_collision=0 tsf_waits=0 tsf_wait_us=0 tsf_wait_max_global_us=0 target=0 tolerance=0 launch_samples=0 launch_min=0 launch_max=0 rgb_gain=110 present=direct chunk_lines=60 repeats=1 tsf_errors=0 staged_events=14401 staged_copies=14341 staged_bytes=734259200 staged_tail=12 staged_forward=2600 staged_fallback=0 staged_errors=0 tail_drain=0 tail_waits=0 tail_wait_us=0 eof_callbacks=14401 eof_valid=14341 eof_invalid=0 eof_mismatch=1299 eof_half0=6545 eof_half1=7796 eof_mm_blocks=0/0/0/0/0/0/0/0/4/13/1282 eof_settle=1000 eof_settle_events=913 eof_settle_us=241880 defer_events=1039 drained=1039 pending_collisions=48 drain_errors=0
W (261874) rc_video: [CAM-DIAG-C16U] LIGHT stage=periodic window=22 sensor=pattern display=camera idle=0ms full_probe=0 cache=c2m_inv frames=60 changes=3 sync_changes=0 sync_calls=60 sync_skips=0 unique=3 overflow=0 pre=5d9a6f9b post=5d9a6f9b luma_avg=123.4 luma_min=121 luma_max=151 luma_last=123 avg_probe=2.276ms max_probe=2.646ms tsf_waits=0 tsf_wait_us=0 tsf_wait_max_global_us=0 launch_phase_samples=0 launch_phase_avg=0.0 launch_phase_min=0 launch_phase_max=0 tsf_errors=0
I (261906) rc_video: [CAM-DIAG-C16U] HEALTH window=22 display_frame=1321 guard_errors=0 quiesce=1321 resume_before=1320 lifecycle_errors=0 pause_req=1323 pause_ack=1323 pause_timeout=0 cache_sync_err=0 raw_post_err=0 overlap=0 finish_collision=0 tsf_waits=0 tsf_wait_us=0 tsf_wait_max_global_us=0 target=0 tolerance=0 launch_samples=0 launch_min=0 launch_max=0 rgb_gain=110 present=direct chunk_lines=60 repeats=1 tsf_errors=0 staged_events=14734 staged_copies=14671 staged_bytes=751155200 staged_tail=12 staged_forward=2660 staged_fallback=0 staged_errors=0 tail_drain=0 tail_waits=0 tail_wait_us=0 eof_callbacks=14734 eof_valid=14671 eof_invalid=0 eof_mismatch=1329 eof_half0=6695 eof_half1=7976 eof_mm_blocks=0/0/0/0/0/0/0/0/4/13/1312 eof_settle=1000 eof_settle_events=943 eof_settle_us=271880 defer_events=1069 drained=1069 pending_collisions=51 drain_errors=0
W (262369) camera_hal: [CAM-DIAG-C16I] SP0A39 test_pattern=off P1:32 before=0x80 write=0x00 read=0x00 expected_bit=0x00
W (262470) rc_tank: [CAM-DIAG-C16R] PROTOCOL window=23 before=0x07 requested=0x07 after=0x07 name=bgn changed=0
W (262471) rc_tank: [CAM-DIAG-C16R] BEACON window=23 before=200 requested=200 after=200 changed=0
W (262478) rc_tank: [CAM-DIAG-C16U] TSF_GUARD window=23 beacon=200 after=0us budget=0us result=ESP_OK
W (262487) rc_tank: [CAM-DIAG-C16U] TSF_TARGET window=23 phase=0us tolerance=0us result=ESP_OK
W (262534) rc_tank: [CAM-DIAG-C16U] RGB_GAIN window=23 requested=110 result=ESP_OK
W (262534) rc_tank: [CAM-DIAG-C16U] PRESENT window=23 mode=direct chunk_lines=60 repeats=1 result=ESP_OK
W (262541) rc_tank: [CAM-DIAG-C16U] TAIL_DRAIN window=23 requested=0us result=ESP_OK
W (262548) rc_tank: [CAM-DIAG-C16U] DEFER_PROFILE window=23 mode=defer_mismatch_to_vsync vsync_settle=1000us result=ESP_OK
W (262559) rc_video: [CAM-DIAG-C16U] PROFILE window=23 sensor=real display=camera idle=0ms full_probe=0 cache=c2m_inv capture=1327
W (262570) rc_tank: [CAM-DIAG-C16U] WINDOW_23 start: wifi=on sensor=real display=camera idle=0ms full_probe=off cache=c2m_inv dvp=staged100k protocol=bgn beacon=200 guard_after=0us capture_budget=0us target=0us tolerance=0us rgb_gain=110% present=direct chunk_lines=60 repeats=1 tail_drain=0us eof_mode=defer_mismatch_to_vsync vsync_settle=1000us
W (262601) rc_tank: [CAM-DIAG-C16U] VSYNC-deferred mismatch matrix sequence complete; hold WINDOW_23 wifi=on real cache=c2m_inv staged_dma=102400B protocol=bgn beacon=200 tsf_guard=off rgb_gain=110% present=direct chunk_lines=60 repeats=1 tail_drain=0us eof_mode=defer_mismatch_to_vsync vsync_settle=1000us
I (262627) rc_tank: Tank running (video + control; audio disabled)
I (262633) rc_tank: app_main done, idle loop
W (262639) rc_video: [CAM-DIAG-C16U] LIGHT stage=complete window=22 sensor=pattern display=camera idle=0ms full_probe=0 cache=c2m_inv frames=64 changes=5 sync_changes=0 sync_calls=64 sync_skips=0 unique=5 overflow=0 pre=5cd53c79 post=5cd53c79 luma_avg=122.5 luma_min=57 luma_max=151 luma_last=57 avg_probe=2.281ms max_probe=2.702ms tsf_waits=0 tsf_wait_us=0 tsf_wait_max_global_us=0 launch_phase_samples=0 launch_phase_avg=0.0 launch_phase_min=0 launch_phase_max=0 tsf_errors=0
W (267376) rc_video: [CAM-DIAG-C16U] LIGHT stage=periodic window=23 sensor=real display=camera idle=0ms full_probe=0 cache=c2m_inv frames=30 changes=29 sync_changes=0 sync_calls=30 sync_skips=0 unique=8 overflow=22 pre=d664655b post=d664655b luma_avg=56.8 luma_min=56 luma_max=57 luma_last=57 avg_probe=2.256ms max_probe=2.553ms tsf_waits=0 tsf_wait_us=0 tsf_wait_max_global_us=0 launch_phase_samples=0 launch_phase_avg=0.0 launch_phase_min=0 launch_phase_max=0 tsf_errors=0
I (267407) rc_video: [CAM-DIAG-C16U] HEALTH window=23 display_frame=1355 guard_errors=0 quiesce=1355 resume_before=1354 lifecycle_errors=0 pause_req=1357 pause_ack=1357 pause_timeout=0 cache_sync_err=0 raw_post_err=0 overlap=0 finish_collision=0 tsf_waits=0 tsf_wait_us=0 tsf_wait_max_global_us=0 target=0 tolerance=0 launch_samples=0 launch_min=0 launch_max=0 rgb_gain=110 present=direct chunk_lines=60 repeats=1 tsf_errors=0 staged_events=15109 staged_copies=15045 staged_bytes=770304000 staged_tail=12 staged_forward=2728 staged_fallback=0 staged_errors=0 tail_drain=0 tail_waits=0 tail_wait_us=0 eof_callbacks=15109 eof_valid=15045 eof_invalid=0 eof_mismatch=1363 eof_half0=6865 eof_half1=8180 eof_mm_blocks=0/0/0/0/0/0/0/0/4/13/1346 eof_settle=1000 eof_settle_events=977 eof_settle_us=305880 defer_events=1103 drained=1103 pending_collisions=52 drain_errors=0
W (272245) rc_video: [CAM-DIAG-C16U] LIGHT stage=periodic window=23 sensor=real display=camera idle=0ms full_probe=0 cache=c2m_inv frames=60 changes=59 sync_changes=0 sync_calls=60 sync_skips=0 unique=8 overflow=52 pre=d9700e37 post=d9700e37 luma_avg=56.9 luma_min=56 luma_max=57 luma_last=57 avg_probe=2.266ms max_probe=2.561ms tsf_waits=0 tsf_wait_us=0 tsf_wait_max_global_us=0 launch_phase_samples=0 launch_phase_avg=0.0 launch_phase_min=0 launch_phase_max=0 tsf_errors=0
I (272276) rc_video: [CAM-DIAG-C16U] HEALTH window=23 display_frame=1385 guard_errors=0 quiesce=1385 resume_before=1384 lifecycle_errors=0 pause_req=1387 pause_ack=1387 pause_timeout=0 cache_sync_err=0 raw_post_err=0 overlap=0 finish_collision=0 tsf_waits=0 tsf_wait_us=0 tsf_wait_max_global_us=0 target=0 tolerance=0 launch_samples=0 launch_min=0 launch_max=0 rgb_gain=110 present=direct chunk_lines=60 repeats=1 tsf_errors=0 staged_events=15443 staged_copies=15375 staged_bytes=787200000 staged_tail=12 staged_forward=2788 staged_fallback=0 staged_errors=0 tail_drain=0 tail_waits=0 tail_wait_us=0 eof_callbacks=15443 eof_valid=15375 eof_invalid=0 eof_mismatch=1393 eof_half0=7015 eof_half1=8360 eof_mm_blocks=0/0/0/0/0/0/0/0/4/13/1376 eof_settle=1000 eof_settle_events=1007 eof_settle_us=335880 defer_events=1133 drained=1133 pending_collisions=56 drain_errors=0
W (277113) rc_video: [CAM-DIAG-C16U] LIGHT stage=periodic window=23 sensor=real display=camera idle=0ms full_probe=0 cache=c2m_inv frames=90 changes=89 sync_changes=0 sync_calls=90 sync_skips=0 unique=8 overflow=82 pre=63652af6 post=63652af6 luma_avg=56.8 luma_min=56 luma_max=57 luma_last=57 avg_probe=2.269ms max_probe=2.567ms tsf_waits=0 tsf_wait_us=0 tsf_wait_max_global_us=0 launch_phase_samples=0 launch_phase_avg=0.0 launch_phase_min=0 launch_phase_max=0 tsf_errors=0
I (277144) rc_video: [CAM-DIAG-C16U] HEALTH window=23 display_frame=1415 guard_errors=0 quiesce=1415 resume_before=1414 lifecycle_errors=0 pause_req=1417 pause_ack=1417 pause_timeout=0 cache_sync_err=0 raw_post_err=0 overlap=0 finish_collision=0 tsf_waits=0 tsf_wait_us=0 tsf_wait_max_global_us=0 target=0 tolerance=0 launch_samples=0 launch_min=0 launch_max=0 rgb_gain=110 present=direct chunk_lines=60 repeats=1 tsf_errors=0 staged_events=15774 staged_copies=15705 staged_bytes=804096000 staged_tail=12 staged_forward=2848 staged_fallback=0 staged_errors=0 tail_drain=0 tail_waits=0 tail_wait_us=0 eof_callbacks=15774 eof_valid=15705 eof_invalid=0 eof_mismatch=1423 eof_half0=7165 eof_half1=8540 eof_mm_blocks=0/0/0/0/0/0/0/0/4/13/1406 eof_settle=1000 eof_settle_events=1037 eof_settle_us=365880 defer_events=1163 drained=1163 pending_collisions=57 drain_errors=0
W (281981) rc_video: [CAM-DIAG-C16U] LIGHT stage=periodic window=23 sensor=real display=camera idle=0ms full_probe=0 cache=c2m_inv frames=120 changes=119 sync_changes=0 sync_calls=120 sync_skips=0 unique=8 overflow=112 pre=2ffd39ae post=2ffd39ae luma_avg=56.9 luma_min=56 luma_max=58 luma_last=57 avg_probe=2.270ms max_probe=2.607ms tsf_waits=0 tsf_wait_us=0 tsf_wait_max_global_us=0 launch_phase_samples=0 launch_phase_avg=0.0 launch_phase_min=0 launch_phase_max=0 tsf_errors=0
I (282013) rc_video: [CAM-DIAG-C16U] HEALTH window=23 display_frame=1445 guard_errors=0 quiesce=1445 resume_before=1444 lifecycle_errors=0 pause_req=1447 pause_ack=1447 pause_timeout=0 cache_sync_err=0 raw_post_err=0 overlap=0 finish_collision=0 tsf_waits=0 tsf_wait_us=0 tsf_wait_max_global_us=0 target=0 tolerance=0 launch_samples=0 launch_min=0 launch_max=0 rgb_gain=110 present=direct chunk_lines=60 repeats=1 tsf_errors=0 staged_events=16106 staged_copies=16035 staged_bytes=820992000 staged_tail=12 staged_forward=2908 staged_fallback=0 staged_errors=0 tail_drain=0 tail_waits=0 tail_wait_us=0 eof_callbacks=16106 eof_valid=16035 eof_invalid=0 eof_mismatch=1453 eof_half0=7315 eof_half1=8720 eof_mm_blocks=0/0/0/0/0/0/0/0/4/13/1436 eof_settle=1000 eof_settle_events=1067 eof_settle_us=395880 defer_events=1193 drained=1193 pending_collisions=59 drain_errors=0
W (286849) rc_video: [CAM-DIAG-C16U] LIGHT stage=periodic window=23 sensor=real display=camera idle=0ms full_probe=0 cache=c2m_inv frames=150 changes=149 sync_changes=0 sync_calls=150 sync_skips=0 unique=8 overflow=142 pre=889896d1 post=889896d1 luma_avg=57.0 luma_min=56 luma_max=58 luma_last=57 avg_probe=2.268ms max_probe=2.607ms tsf_waits=0 tsf_wait_us=0 tsf_wait_max_global_us=0 launch_phase_samples=0 launch_phase_avg=0.0 launch_phase_min=0 launch_phase_max=0 tsf_errors=0
I (286880) rc_video: [CAM-DIAG-C16U] HEALTH window=23 display_frame=1475 guard_errors=0 quiesce=1475 resume_before=1474 lifecycle_errors=0 pause_req=1477 pause_ack=1477 pause_timeout=0 cache_sync_err=0 raw_post_err=0 overlap=0 finish_collision=0 tsf_waits=0 tsf_wait_us=0 tsf_wait_max_global_us=0 target=0 tolerance=0 launch_samples=0 launch_min=0 launch_max=0 rgb_gain=110 present=direct chunk_lines=60 repeats=1 tsf_errors=0 staged_events=16436 staged_copies=16365 staged_bytes=837888000 staged_tail=12 staged_forward=2968 staged_fallback=0 staged_errors=0 tail_drain=0 tail_waits=0 tail_wait_us=0 eof_callbacks=16436 eof_valid=16365 eof_invalid=0 eof_mismatch=1483 eof_half0=7465 eof_half1=8900 eof_mm_blocks=0/0/0/0/0/0/0/0/4/13/1466 eof_settle=1000 eof_settle_events=1097 eof_settle_us=425880 defer_events=1223 drained=1223 pending_collisions=59 drain_errors=0
W (291718) rc_video: [CAM-DIAG-C16U] LIGHT stage=periodic window=23 sensor=real display=camera idle=0ms full_probe=0 cache=c2m_inv frames=180 changes=179 sync_changes=0 sync_calls=180 sync_skips=0 unique=8 overflow=172 pre=36689699 post=36689699 luma_avg=57.3 luma_min=56 luma_max=63 luma_last=59 avg_probe=2.270ms max_probe=2.607ms tsf_waits=0 tsf_wait_us=0 tsf_wait_max_global_us=0 launch_phase_samples=0 launch_phase_avg=0.0 launch_phase_min=0 launch_phase_max=0 tsf_errors=0
I (291749) rc_video: [CAM-DIAG-C16U] HEALTH window=23 display_frame=1505 guard_errors=0 quiesce=1505 resume_before=1504 lifecycle_errors=0 pause_req=1507 pause_ack=1507 pause_timeout=0 cache_sync_err=0 raw_post_err=0 overlap=0 finish_collision=0 tsf_waits=0 tsf_wait_us=0 tsf_wait_max_global_us=0 target=0 tolerance=0 launch_samples=0 launch_min=0 launch_max=0 rgb_gain=110 present=direct chunk_lines=60 repeats=1 tsf_errors=0 staged_events=16769 staged_copies=16695 staged_bytes=854784000 staged_tail=12 staged_forward=3028 staged_fallback=0 staged_errors=0 tail_drain=0 tail_waits=0 tail_wait_us=0 eof_callbacks=16769 eof_valid=16695 eof_invalid=0 eof_mismatch=1513 eof_half0=7615 eof_half1=9080 eof_mm_blocks=0/0/0/0/0/0/0/0/4/13/1496 eof_settle=1000 eof_settle_events=1127 eof_settle_us=455880 defer_events=1253 drained=1253 pending_collisions=62 drain_errors=0
W (296588) rc_video: [CAM-DIAG-C16U] LIGHT stage=periodic window=23 sensor=real display=camera idle=0ms full_probe=0 cache=c2m_inv frames=210 changes=209 sync_changes=0 sync_calls=210 sync_skips=0 unique=8 overflow=202 pre=f1488199 post=f1488199 luma_avg=58.4 luma_min=56 luma_max=69 luma_last=67 avg_probe=2.270ms max_probe=2.613ms tsf_waits=0 tsf_wait_us=0 tsf_wait_max_global_us=0 launch_phase_samples=0 launch_phase_avg=0.0 launch_phase_min=0 launch_phase_max=0 tsf_errors=0
I (296619) rc_video: [CAM-DIAG-C16U] HEALTH window=23 display_frame=1535 guard_errors=0 quiesce=1535 resume_before=1534 lifecycle_errors=0 pause_req=1537 pause_ack=1537 pause_timeout=0 cache_sync_err=0 raw_post_err=0 overlap=0 finish_collision=0 tsf_waits=0 tsf_wait_us=0 tsf_wait_max_global_us=0 target=0 tolerance=0 launch_samples=0 launch_min=0 launch_max=0 rgb_gain=110 present=direct chunk_lines=60 repeats=1 tsf_errors=0 staged_events=17103 staged_copies=17025 staged_bytes=871680000 staged_tail=13 staged_forward=3088 staged_fallback=0 staged_errors=0 tail_drain=0 tail_waits=0 tail_wait_us=0 eof_callbacks=17103 eof_valid=17025 eof_invalid=0 eof_mismatch=1543 eof_half0=7765 eof_half1=9260 eof_mm_blocks=0/0/0/0/0/0/0/0/4/13/1526 eof_settle=1000 eof_settle_events=1157 eof_settle_us=485880 defer_events=1283 drained=1283 pending_collisions=65 drain_errors=0
W (301455) rc_video: [CAM-DIAG-C16U] LIGHT stage=periodic window=23 sensor=real display=camera idle=0ms full_probe=0 cache=c2m_inv frames=240 changes=239 sync_changes=0 sync_calls=240 sync_skips=0 unique=8 overflow=232 pre=068fddbe post=068fddbe luma_avg=59.7 luma_min=56 luma_max=73 luma_last=70 avg_probe=2.271ms max_probe=2.613ms tsf_waits=0 tsf_wait_us=0 tsf_wait_max_global_us=0 launch_phase_samples=0 launch_phase_avg=0.0 launch_phase_min=0 launch_phase_max=0 tsf_errors=0
I (301487) rc_video: [CAM-DIAG-C16U] HEALTH window=23 display_frame=1565 guard_errors=0 quiesce=1565 resume_before=1564 lifecycle_errors=0 pause_req=1567 pause_ack=1567 pause_timeout=0 cache_sync_err=0 raw_post_err=0 overlap=0 finish_collision=0 tsf_waits=0 tsf_wait_us=0 tsf_wait_max_global_us=0 target=0 tolerance=0 launch_samples=0 launch_min=0 launch_max=0 rgb_gain=110 present=direct chunk_lines=60 repeats=1 tsf_errors=0 staged_events=17433 staged_copies=17355 staged_bytes=888576000 staged_tail=13 staged_forward=3148 staged_fallback=0 staged_errors=0 tail_drain=0 tail_waits=0 tail_wait_us=0 eof_callbacks=17433 eof_valid=17355 eof_invalid=0 eof_mismatch=1573 eof_half0=7915 eof_half1=9440 eof_mm_blocks=0/0/0/0/0/0/0/0/4/13/1556 eof_settle=1000 eof_settle_events=1187 eof_settle_us=515880 defer_events=1313 drained=1313 pending_collisions=65 drain_errors=0
W (306322) rc_video: [CAM-DIAG-C16U] LIGHT stage=periodic window=23 sensor=real display=camera idle=0ms full_probe=0 cache=c2m_inv frames=270 changes=269 sync_changes=0 sync_calls=270 sync_skips=0 unique=8 overflow=262 pre=d56c88f2 post=d56c88f2 luma_avg=60.3 luma_min=56 luma_max=73 luma_last=64 avg_probe=2.273ms max_probe=2.645ms tsf_waits=0 tsf_wait_us=0 tsf_wait_max_global_us=0 launch_phase_samples=0 launch_phase_avg=0.0 launch_phase_min=0 launch_phase_max=0 tsf_errors=0
I (306353) rc_video: [CAM-DIAG-C16U] HEALTH window=23 display_frame=1595 guard_errors=0 quiesce=1595 resume_before=1594 lifecycle_errors=0 pause_req=1597 pause_ack=1597 pause_timeout=0 cache_sync_err=0 raw_post_err=0 overlap=0 finish_collision=0 tsf_waits=0 tsf_wait_us=0 tsf_wait_max_global_us=0 target=0 tolerance=0 launch_samples=0 launch_min=0 launch_max=0 rgb_gain=110 present=direct chunk_lines=60 repeats=1 tsf_errors=0 staged_events=17765 staged_copies=17685 staged_bytes=905472000 staged_tail=13 staged_forward=3208 staged_fallback=0 staged_errors=0 tail_drain=0 tail_waits=0 tail_wait_us=0 eof_callbacks=17765 eof_valid=17685 eof_invalid=0 eof_mismatch=1603 eof_half0=8065 eof_half1=9620 eof_mm_blocks=0/0/0/0/0/0/0/0/4/13/1586 eof_settle=1000 eof_settle_events=1217 eof_settle_us=545880 defer_events=1343 drained=1343 pending_collisions=67 drain_errors=0
W (311191) rc_video: [CAM-DIAG-C16U] LIGHT stage=periodic window=23 sensor=real display=camera idle=0ms full_probe=0 cache=c2m_inv frames=300 changes=299 sync_changes=0 sync_calls=300 sync_skips=0 unique=8 overflow=292 pre=bf41d347 post=bf41d347 luma_avg=60.6 luma_min=41 luma_max=76 luma_last=64 avg_probe=2.274ms max_probe=2.645ms tsf_waits=0 tsf_wait_us=0 tsf_wait_max_global_us=0 launch_phase_samples=0 launch_phase_avg=0.0 launch_phase_min=0 launch_phase_max=0 tsf_errors=0
I (311222) rc_video: [CAM-DIAG-C16U] HEALTH window=23 display_frame=1625 guard_errors=0 quiesce=1625 resume_before=1624 lifecycle_errors=0 pause_req=1627 pause_ack=1627 pause_timeout=0 cache_sync_err=0 raw_post_err=0 overlap=0 finish_collision=0 tsf_waits=0 tsf_wait_us=0 tsf_wait_max_global_us=0 target=0 tolerance=0 launch_samples=0 launch_min=0 launch_max=0 rgb_gain=110 present=direct chunk_lines=60 repeats=1 tsf_errors=0 staged_events=18097 staged_copies=18015 staged_bytes=922368000 staged_tail=13 staged_forward=3268 staged_fallback=0 staged_errors=0 tail_drain=0 tail_waits=0 tail_wait_us=0 eof_callbacks=18097 eof_valid=18015 eof_invalid=0 eof_mismatch=1633 eof_half0=8215 eof_half1=9800 eof_mm_blocks=0/0/0/0/0/0/0/0/4/13/1616 eof_settle=1000 eof_settle_events=1247 eof_settle_us=575880 defer_events=1373 drained=1373 pending_collisions=69 drain_errors=0
W (316059) rc_video: [CAM-DIAG-C16U] LIGHT stage=periodic window=23 sensor=real display=camera idle=0ms full_probe=0 cache=c2m_inv frames=330 changes=329 sync_changes=0 sync_calls=330 sync_skips=0 unique=8 overflow=322 pre=20d44d8f post=20d44d8f luma_avg=61.0 luma_min=41 luma_max=76 luma_last=61 avg_probe=2.275ms max_probe=2.645ms tsf_waits=0 tsf_wait_us=0 tsf_wait_max_global_us=0 launch_phase_samples=0 launch_phase_avg=0.0 launch_phase_min=0 launch_phase_max=0 tsf_errors=0
I (316091) rc_video: [CAM-DIAG-C16U] HEALTH window=23 display_frame=1655 guard_errors=0 quiesce=1655 resume_before=1654 lifecycle_errors=0 pause_req=1657 pause_ack=1657 pause_timeout=0 cache_sync_err=0 raw_post_err=0 overlap=0 finish_collision=0 tsf_waits=0 tsf_wait_us=0 tsf_wait_max_global_us=0 target=0 tolerance=0 launch_samples=0 launch_min=0 launch_max=0 rgb_gain=110 present=direct chunk_lines=60 repeats=1 tsf_errors=0 staged_events=18427 staged_copies=18345 staged_bytes=939264000 staged_tail=13 staged_forward=3328 staged_fallback=0 staged_errors=0 tail_drain=0 tail_waits=0 tail_wait_us=0 eof_callbacks=18427 eof_valid=18345 eof_invalid=0 eof_mismatch=1663 eof_half0=8365 eof_half1=9980 eof_mm_blocks=0/0/0/0/0/0/0/0/4/13/1646 eof_settle=1000 eof_settle_events=1277 eof_settle_us=605880 defer_events=1403 drained=1403 pending_collisions=69 drain_errors=0
W (320928) rc_video: [CAM-DIAG-C16U] LIGHT stage=periodic window=23 sensor=real display=camera idle=0ms full_probe=0 cache=c2m_inv frames=360 changes=359 sync_changes=0 sync_calls=360 sync_skips=0 unique=8 overflow=352 pre=323fa53d post=323fa53d luma_avg=61.0 luma_min=41 luma_max=76 luma_last=63 avg_probe=2.276ms max_probe=2.645ms tsf_waits=0 tsf_wait_us=0 tsf_wait_max_global_us=0 launch_phase_samples=0 launch_phase_avg=0.0 launch_phase_min=0 launch_phase_max=0 tsf_errors=0
I (320959) rc_video: [CAM-DIAG-C16U] HEALTH window=23 display_frame=1685 guard_errors=0 quiesce=1685 resume_before=1684 lifecycle_errors=0 pause_req=1687 pause_ack=1687 pause_timeout=0 cache_sync_err=0 raw_post_err=0 overlap=0 finish_collision=0 tsf_waits=0 tsf_wait_us=0 tsf_wait_max_global_us=0 target=0 tolerance=0 launch_samples=0 launch_min=0 launch_max=0 rgb_gain=110 present=direct chunk_lines=60 repeats=1 tsf_errors=0 staged_events=18758 staged_copies=18675 staged_bytes=956160000 staged_tail=13 staged_forward=3388 staged_fallback=0 staged_errors=0 tail_drain=0 tail_waits=0 tail_wait_us=0 eof_callbacks=18758 eof_valid=18675 eof_invalid=0 eof_mismatch=1693 eof_half0=8515 eof_half1=10160 eof_mm_blocks=0/0/0/0/0/0/0/0/4/13/1676 eof_settle=1000 eof_settle_events=1307 eof_settle_us=635880 defer_events=1433 drained=1433 pending_collisions=70 drain_errors=0
W (325796) rc_video: [CAM-DIAG-C16U] LIGHT stage=periodic window=23 sensor=real display=camera idle=0ms full_probe=0 cache=c2m_inv frames=390 changes=389 sync_changes=0 sync_calls=390 sync_skips=0 unique=8 overflow=382 pre=0796430d post=0796430d luma_avg=61.5 luma_min=41 luma_max=76 luma_last=60 avg_probe=2.276ms max_probe=2.645ms tsf_waits=0 tsf_wait_us=0 tsf_wait_max_global_us=0 launch_phase_samples=0 launch_phase_avg=0.0 launch_phase_min=0 launch_phase_max=0 tsf_errors=0
I (325828) rc_video: [CAM-DIAG-C16U] HEALTH window=23 display_frame=1715 guard_errors=0 quiesce=1715 resume_before=1714 lifecycle_errors=0 pause_req=1717 pause_ack=1717 pause_timeout=0 cache_sync_err=0 raw_post_err=0 overlap=0 finish_collision=0 tsf_waits=0 tsf_wait_us=0 tsf_wait_max_global_us=0 target=0 tolerance=0 launch_samples=0 launch_min=0 launch_max=0 rgb_gain=110 present=direct chunk_lines=60 repeats=1 tsf_errors=0 staged_events=19089 staged_copies=19005 staged_bytes=973056000 staged_tail=13 staged_forward=3448 staged_fallback=0 staged_errors=0 tail_drain=0 tail_waits=0 tail_wait_us=0 eof_callbacks=19089 eof_valid=19005 eof_invalid=0 eof_mismatch=1723 eof_half0=8665 eof_half1=10340 eof_mm_blocks=0/0/0/0/0/0/0/0/4/13/1706 eof_settle=1000 eof_settle_events=1337 eof_settle_us=665880 defer_events=1463 drained=1463 pending_collisions=71 drain_errors=0
W (330664) rc_video: [CAM-DIAG-C16U] LIGHT stage=periodic window=23 sensor=real display=camera idle=0ms full_probe=0 cache=c2m_inv frames=420 changes=419 sync_changes=0 sync_calls=420 sync_skips=0 unique=8 overflow=412 pre=88fd772b post=88fd772b luma_avg=61.5 luma_min=41 luma_max=76 luma_last=58 avg_probe=2.276ms max_probe=2.645ms tsf_waits=0 tsf_wait_us=0 tsf_wait_max_global_us=0 launch_phase_samples=0 launch_phase_avg=0.0 launch_phase_min=0 launch_phase_max=0 tsf_errors=0
I (330695) rc_video: [CAM-DIAG-C16U] HEALTH window=23 display_frame=1745 guard_errors=0 quiesce=1745 resume_before=1744 lifecycle_errors=0 pause_req=1747 pause_ack=1747 pause_timeout=0 cache_sync_err=0 raw_post_err=0 overlap=0 finish_collision=0 tsf_waits=0 tsf_wait_us=0 tsf_wait_max_global_us=0 target=0 tolerance=0 launch_samples=0 launch_min=0 launch_max=0 rgb_gain=110 present=direct chunk_lines=60 repeats=1 tsf_errors=0 staged_events=19421 staged_copies=19335 staged_bytes=989952000 staged_tail=13 staged_forward=3508 staged_fallback=0 staged_errors=0 tail_drain=0 tail_waits=0 tail_wait_us=0 eof_callbacks=19421 eof_valid=19335 eof_invalid=0 eof_mismatch=1753 eof_half0=8815 eof_half1=10520 eof_mm_blocks=0/0/0/0/0/0/0/0/4/13/1736 eof_settle=1000 eof_settle_events=1367 eof_settle_us=695880 defer_events=1493 drained=1493 pending_collisions=73 drain_errors=0
W (335532) rc_video: [CAM-DIAG-C16U] LIGHT stage=periodic window=23 sensor=real display=camera idle=0ms full_probe=0 cache=c2m_inv frames=450 changes=449 sync_changes=0 sync_calls=450 sync_skips=0 unique=8 overflow=442 pre=bec6a4d8 post=bec6a4d8 luma_avg=61.7 luma_min=41 luma_max=83 luma_last=74 avg_probe=2.275ms max_probe=2.645ms tsf_waits=0 tsf_wait_us=0 tsf_wait_max_global_us=0 launch_phase_samples=0 launch_phase_avg=0.0 launch_phase_min=0 launch_phase_max=0 tsf_errors=0
I (335563) rc_video: [CAM-DIAG-C16U] HEALTH window=23 display_frame=1775 guard_errors=0 quiesce=1775 resume_before=1774 lifecycle_errors=0 pause_req=1777 pause_ack=1777 pause_timeout=0 cache_sync_err=0 raw_post_err=0 overlap=0 finish_collision=0 tsf_waits=0 tsf_wait_us=0 tsf_wait_max_global_us=0 target=0 tolerance=0 launch_samples=0 launch_min=0 launch_max=0 rgb_gain=110 present=direct chunk_lines=60 repeats=1 tsf_errors=0 staged_events=19754 staged_copies=19665 staged_bytes=1006848000 staged_tail=13 staged_forward=3568 staged_fallback=0 staged_errors=0 tail_drain=0 tail_waits=0 tail_wait_us=0 eof_callbacks=19754 eof_valid=19665 eof_invalid=0 eof_mismatch=1783 eof_half0=8965 eof_half1=10700 eof_mm_blocks=0/0/0/0/0/0/0/0/4/13/1766 eof_settle=1000 eof_settle_events=1397 eof_settle_us=725880 defer_events=1523 drained=1523 pending_collisions=76 drain_errors=0
W (340401) rc_video: [CAM-DIAG-C16U] LIGHT stage=periodic window=23 sensor=real display=camera idle=0ms full_probe=0 cache=c2m_inv frames=480 changes=479 sync_changes=0 sync_calls=480 sync_skips=0 unique=8 overflow=472 pre=d59c38f8 post=d59c38f8 luma_avg=62.2 luma_min=41 luma_max=83 luma_last=64 avg_probe=2.276ms max_probe=2.645ms tsf_waits=0 tsf_wait_us=0 tsf_wait_max_global_us=0 launch_phase_samples=0 launch_phase_avg=0.0 launch_phase_min=0 launch_phase_max=0 tsf_errors=0
I (340432) rc_video: [CAM-DIAG-C16U] HEALTH window=23 display_frame=1805 guard_errors=0 quiesce=1805 resume_before=1804 lifecycle_errors=0 pause_req=1807 pause_ack=1807 pause_timeout=0 cache_sync_err=0 raw_post_err=0 overlap=0 finish_collision=0 tsf_waits=0 tsf_wait_us=0 tsf_wait_max_global_us=0 target=0 tolerance=0 launch_samples=0 launch_min=0 launch_max=0 rgb_gain=110 present=direct chunk_lines=60 repeats=1 tsf_errors=0 staged_events=20087 staged_copies=19995 staged_bytes=1023744000 staged_tail=13 staged_forward=3628 staged_fallback=0 staged_errors=0 tail_drain=0 tail_waits=0 tail_wait_us=0 eof_callbacks=20087 eof_valid=19995 eof_invalid=0 eof_mismatch=1813 eof_half0=9115 eof_half1=10880 eof_mm_blocks=0/0/0/0/0/0/0/0/4/13/1796 eof_settle=1000 eof_settle_events=1427 eof_settle_us=755880 defer_events=1553 drained=1553 pending_collisions=79 drain_errors=0
W (345269) rc_video: [CAM-DIAG-C16U] LIGHT stage=periodic window=23 sensor=real display=camera idle=0ms full_probe=0 cache=c2m_inv frames=510 changes=509 sync_changes=0 sync_calls=510 sync_skips=0 unique=8 overflow=502 pre=d88389b5 post=d88389b5 luma_avg=62.0 luma_min=41 luma_max=83 luma_last=52 avg_probe=2.277ms max_probe=2.683ms tsf_waits=0 tsf_wait_us=0 tsf_wait_max_global_us=0 launch_phase_samples=0 launch_phase_avg=0.0 launch_phase_min=0 launch_phase_max=0 tsf_errors=0
I (345301) rc_video: [CAM-DIAG-C16U] HEALTH window=23 display_frame=1835 guard_errors=0 quiesce=1835 resume_before=1834 lifecycle_errors=0 pause_req=1837 pause_ack=1837 pause_timeout=0 cache_sync_err=0 raw_post_err=0 overlap=0 finish_collision=0 tsf_waits=0 tsf_wait_us=0 tsf_wait_max_global_us=0 target=0 tolerance=0 launch_samples=0 launch_min=0 launch_max=0 rgb_gain=110 present=direct chunk_lines=60 repeats=1 tsf_errors=0 staged_events=20419 staged_copies=20325 staged_bytes=1040640000 staged_tail=13 staged_forward=3688 staged_fallback=0 staged_errors=0 tail_drain=0 tail_waits=0 tail_wait_us=0 eof_callbacks=20419 eof_valid=20325 eof_invalid=0 eof_mismatch=1843 eof_half0=9265 eof_half1=11060 eof_mm_blocks=0/0/0/0/0/0/0/0/4/13/1826 eof_settle=1000 eof_settle_events=1457 eof_settle_us=785880 defer_events=1583 drained=1583 pending_collisions=81 drain_errors=0
W (350137) rc_video: [CAM-DIAG-C16U] LIGHT stage=periodic window=23 sensor=real display=camera idle=0ms full_probe=0 cache=c2m_inv frames=540 changes=539 sync_changes=0 sync_calls=540 sync_skips=0 unique=8 overflow=532 pre=06cd2ae6 post=06cd2ae6 luma_avg=61.6 luma_min=41 luma_max=83 luma_last=52 avg_probe=2.278ms max_probe=2.783ms tsf_waits=0 tsf_wait_us=0 tsf_wait_max_global_us=0 launch_phase_samples=0 launch_phase_avg=0.0 launch_phase_min=0 launch_phase_max=0 tsf_errors=0
I (350168) rc_video: [CAM-DIAG-C16U] HEALTH window=23 display_frame=1865 guard_errors=0 quiesce=1865 resume_before=1864 lifecycle_errors=0 pause_req=1867 pause_ack=1867 pause_timeout=0 cache_sync_err=0 raw_post_err=0 overlap=0 finish_collision=0 tsf_waits=0 tsf_wait_us=0 tsf_wait_max_global_us=0 target=0 tolerance=0 launch_samples=0 launch_min=0 launch_max=0 rgb_gain=110 present=direct chunk_lines=60 repeats=1 tsf_errors=0 staged_events=20751 staged_copies=20655 staged_bytes=1057536000 staged_tail=13 staged_forward=3748 staged_fallback=0 staged_errors=0 tail_drain=0 tail_waits=0 tail_wait_us=0 eof_callbacks=20751 eof_valid=20655 eof_invalid=0 eof_mismatch=1873 eof_half0=9415 eof_half1=11240 eof_mm_blocks=0/0/0/0/0/0/0/0/4/13/1856 eof_settle=1000 eof_settle_events=1487 eof_settle_us=815880 defer_events=1613 drained=1613 pending_collisions=83 drain_errors=0
W (355006) rc_video: [CAM-DIAG-C16U] LIGHT stage=periodic window=23 sensor=real display=camera idle=0ms full_probe=0 cache=c2m_inv frames=570 changes=569 sync_changes=0 sync_calls=570 sync_skips=0 unique=8 overflow=562 pre=63b6cedd post=63b6cedd luma_avg=61.3 luma_min=41 luma_max=83 luma_last=65 avg_probe=2.277ms max_probe=2.783ms tsf_waits=0 tsf_wait_us=0 tsf_wait_max_global_us=0 launch_phase_samples=0 launch_phase_avg=0.0 launch_phase_min=0 launch_phase_max=0 tsf_errors=0
I (355037) rc_video: [CAM-DIAG-C16U] HEALTH window=23 display_frame=1895 guard_errors=0 quiesce=1895 resume_before=1894 lifecycle_errors=0 pause_req=1897 pause_ack=1897 pause_timeout=0 cache_sync_err=0 raw_post_err=0 overlap=0 finish_collision=0 tsf_waits=0 tsf_wait_us=0 tsf_wait_max_global_us=0 target=0 tolerance=0 launch_samples=0 launch_min=0 launch_max=0 rgb_gain=110 present=direct chunk_lines=60 repeats=1 tsf_errors=0 staged_events=21083 staged_copies=20985 staged_bytes=1074432000 staged_tail=13 staged_forward=3808 staged_fallback=0 staged_errors=0 tail_drain=0 tail_waits=0 tail_wait_us=0 eof_callbacks=21083 eof_valid=20985 eof_invalid=0 eof_mismatch=1903 eof_half0=9565 eof_half1=11420 eof_mm_blocks=0/0/0/0/0/0/0/0/4/13/1886 eof_settle=1000 eof_settle_events=1517 eof_settle_us=845880 defer_events=1643 drained=1643 pending_collisions=85 drain_errors=0
W (359874) rc_video: [CAM-DIAG-C16U] LIGHT stage=periodic window=23 sensor=real display=camera idle=0ms full_probe=0 cache=c2m_inv frames=600 changes=599 sync_changes=0 sync_calls=600 sync_skips=0 unique=8 overflow=592 pre=762d0bf6 post=762d0bf6 luma_avg=61.4 luma_min=41 luma_max=83 luma_last=64 avg_probe=2.277ms max_probe=2.783ms tsf_waits=0 tsf_wait_us=0 tsf_wait_max_global_us=0 launch_phase_samples=0 launch_phase_avg=0.0 launch_phase_min=0 launch_phase_max=0 tsf_errors=0
I (359905) rc_video: [CAM-DIAG-C16U] HEALTH window=23 display_frame=1925 guard_errors=0 quiesce=1925 resume_before=1924 lifecycle_errors=0 pause_req=1927 pause_ack=1927 pause_timeout=0 cache_sync_err=0 raw_post_err=0 overlap=0 finish_collision=0 tsf_waits=0 tsf_wait_us=0 tsf_wait_max_global_us=0 target=0 tolerance=0 launch_samples=0 launch_min=0 launch_max=0 rgb_gain=110 present=direct chunk_lines=60 repeats=1 tsf_errors=0 staged_events=21416 staged_copies=21315 staged_bytes=1091328000 staged_tail=13 staged_forward=3868 staged_fallback=0 staged_errors=0 tail_drain=0 tail_waits=0 tail_wait_us=0 eof_callbacks=21416 eof_valid=21315 eof_invalid=0 eof_mismatch=1933 eof_half0=9715 eof_half1=11600 eof_mm_blocks=0/0/0/0/0/0/0/0/4/13/1916 eof_settle=1000 eof_settle_events=1547 eof_settle_us=875880 defer_events=1673 drained=1673 pending_collisions=88 drain_errors=0
W (364742) rc_video: [CAM-DIAG-C16U] LIGHT stage=periodic window=23 sensor=real display=camera idle=0ms full_probe=0 cache=c2m_inv frames=630 changes=629 sync_changes=0 sync_calls=630 sync_skips=0 unique=8 overflow=622 pre=d2e2bb7b post=d2e2bb7b luma_avg=61.6 luma_min=41 luma_max=83 luma_last=63 avg_probe=2.276ms max_probe=2.783ms tsf_waits=0 tsf_wait_us=0 tsf_wait_max_global_us=0 launch_phase_samples=0 launch_phase_avg=0.0 launch_phase_min=0 launch_phase_max=0 tsf_errors=0
I (364773) rc_video: [CAM-DIAG-C16U] HEALTH window=23 display_frame=1955 guard_errors=0 quiesce=1955 resume_before=1954 lifecycle_errors=0 pause_req=1957 pause_ack=1957 pause_timeout=0 cache_sync_err=0 raw_post_err=0 overlap=0 finish_collision=0 tsf_waits=0 tsf_wait_us=0 tsf_wait_max_global_us=0 target=0 tolerance=0 launch_samples=0 launch_min=0 launch_max=0 rgb_gain=110 present=direct chunk_lines=60 repeats=1 tsf_errors=0 staged_events=21747 staged_copies=21645 staged_bytes=1108224000 staged_tail=13 staged_forward=3928 staged_fallback=0 staged_errors=0 tail_drain=0 tail_waits=0 tail_wait_us=0 eof_callbacks=21747 eof_valid=21645 eof_invalid=0 eof_mismatch=1963 eof_half0=9865 eof_half1=11780 eof_mm_blocks=0/0/0/0/0/0/0/0/4/13/1946 eof_settle=1000 eof_settle_events=1577 eof_settle_us=905880 defer_events=1703 drained=1703 pending_collisions=89 drain_errors=0
W (369610) rc_video: [CAM-DIAG-C16U] LIGHT stage=periodic window=23 sensor=real display=camera idle=0ms full_probe=0 cache=c2m_inv frames=660 changes=659 sync_changes=0 sync_calls=660 sync_skips=0 unique=8 overflow=652 pre=141d7d37 post=141d7d37 luma_avg=61.6 luma_min=41 luma_max=83 luma_last=64 avg_probe=2.276ms max_probe=2.783ms tsf_waits=0 tsf_wait_us=0 tsf_wait_max_global_us=0 launch_phase_samples=0 launch_phase_avg=0.0 launch_phase_min=0 launch_phase_max=0 tsf_errors=0
I (369642) rc_video: [CAM-DIAG-C16U] HEALTH window=23 display_frame=1985 guard_errors=0 quiesce=1985 resume_before=1984 lifecycle_errors=0 pause_req=1987 pause_ack=1987 pause_timeout=0 cache_sync_err=0 raw_post_err=0 overlap=0 finish_collision=0 tsf_waits=0 tsf_wait_us=0 tsf_wait_max_global_us=0 target=0 tolerance=0 launch_samples=0 launch_min=0 launch_max=0 rgb_gain=110 present=direct chunk_lines=60 repeats=1 tsf_errors=0 staged_events=22079 staged_copies=21975 staged_bytes=1125120000 staged_tail=13 staged_forward=3988 staged_fallback=0 staged_errors=0 tail_drain=0 tail_waits=0 tail_wait_us=0 eof_callbacks=22079 eof_valid=21975 eof_invalid=0 eof_mismatch=1993 eof_half0=10015 eof_half1=11960 eof_mm_blocks=0/0/0/0/0/0/0/0/4/13/1976 eof_settle=1000 eof_settle_events=1607 eof_settle_us=935880 defer_events=1733 drained=1733 pending_collisions=91 drain_errors=0
W (374478) rc_video: [CAM-DIAG-C16U] LIGHT stage=periodic window=23 sensor=real display=camera idle=0ms full_probe=0 cache=c2m_inv frames=690 changes=689 sync_changes=0 sync_calls=690 sync_skips=0 unique=8 overflow=682 pre=d6e7be1b post=d6e7be1b luma_avg=61.8 luma_min=41 luma_max=83 luma_last=65 avg_probe=2.275ms max_probe=2.783ms tsf_waits=0 tsf_wait_us=0 tsf_wait_max_global_us=0 launch_phase_samples=0 launch_phase_avg=0.0 launch_phase_min=0 launch_phase_max=0 tsf_errors=0
I (374509) rc_video: [CAM-DIAG-C16U] HEALTH window=23 display_frame=2015 guard_errors=0 quiesce=2015 resume_before=2014 lifecycle_errors=0 pause_req=2017 pause_ack=2017 pause_timeout=0 cache_sync_err=0 raw_post_err=0 overlap=0 finish_collision=0 tsf_waits=0 tsf_wait_us=0 tsf_wait_max_global_us=0 target=0 tolerance=0 launch_samples=0 launch_min=0 launch_max=0 rgb_gain=110 present=direct chunk_lines=60 repeats=1 tsf_errors=0 staged_events=22410 staged_copies=22305 staged_bytes=1142016000 staged_tail=13 staged_forward=4048 staged_fallback=0 staged_errors=0 tail_drain=0 tail_waits=0 tail_wait_us=0 eof_callbacks=22410 eof_valid=22305 eof_invalid=0 eof_mismatch=2023 eof_half0=10165 eof_half1=12140 eof_mm_blocks=0/0/0/0/0/0/0/0/4/13/2006 eof_settle=1000 eof_settle_events=1637 eof_settle_us=965880 defer_events=1763 drained=1763 pending_collisions=92 drain_errors=0
W (379346) rc_video: [CAM-DIAG-C16U] LIGHT stage=periodic window=23 sensor=real display=camera idle=0ms full_probe=0 cache=c2m_inv frames=720 changes=719 sync_changes=0 sync_calls=720 sync_skips=0 unique=8 overflow=712 pre=4987e987 post=4987e987 luma_avg=61.9 luma_min=41 luma_max=83 luma_last=64 avg_probe=2.275ms max_probe=2.783ms tsf_waits=0 tsf_wait_us=0 tsf_wait_max_global_us=0 launch_phase_samples=0 launch_phase_avg=0.0 launch_phase_min=0 launch_phase_max=0 tsf_errors=0
I (379377) rc_video: [CAM-DIAG-C16U] HEALTH window=23 display_frame=2045 guard_errors=0 quiesce=2045 resume_before=2044 lifecycle_errors=0 pause_req=2047 pause_ack=2047 pause_timeout=0 cache_sync_err=0 raw_post_err=0 overlap=0 finish_collision=0 tsf_waits=0 tsf_wait_us=0 tsf_wait_max_global_us=0 target=0 tolerance=0 launch_samples=0 launch_min=0 launch_max=0 rgb_gain=110 present=direct chunk_lines=60 repeats=1 tsf_errors=0 staged_events=22743 staged_copies=22635 staged_bytes=1158912000 staged_tail=13 staged_forward=4108 staged_fallback=0 staged_errors=0 tail_drain=0 tail_waits=0 tail_wait_us=0 eof_callbacks=22743 eof_valid=22635 eof_invalid=0 eof_mismatch=2053 eof_half0=10315 eof_half1=12320 eof_mm_blocks=0/0/0/0/0/0/0/0/4/13/2036 eof_settle=1000 eof_settle_events=1667 eof_settle_us=995880 defer_events=1793 drained=1793 pending_collisions=95 drain_errors=0
W (384215) rc_video: [CAM-DIAG-C16U] LIGHT stage=periodic window=23 sensor=real display=camera idle=0ms full_probe=0 cache=c2m_inv frames=750 changes=749 sync_changes=0 sync_calls=750 sync_skips=0 unique=8 overflow=742 pre=6ac70c51 post=6ac70c51 luma_avg=62.0 luma_min=41 luma_max=83 luma_last=64 avg_probe=2.276ms max_probe=2.783ms tsf_waits=0 tsf_wait_us=0 tsf_wait_max_global_us=0 launch_phase_samples=0 launch_phase_avg=0.0 launch_phase_min=0 launch_phase_max=0 tsf_errors=0
I (384247) rc_video: [CAM-DIAG-C16U] HEALTH window=23 display_frame=2075 guard_errors=0 quiesce=2075 resume_before=2074 lifecycle_errors=0 pause_req=2077 pause_ack=2077 pause_timeout=0 cache_sync_err=0 raw_post_err=0 overlap=0 finish_collision=0 tsf_waits=0 tsf_wait_us=0 tsf_wait_max_global_us=0 target=0 tolerance=0 launch_samples=0 launch_min=0 launch_max=0 rgb_gain=110 present=direct chunk_lines=60 repeats=1 tsf_errors=0 staged_events=23073 staged_copies=22965 staged_bytes=1175808000 staged_tail=13 staged_forward=4168 staged_fallback=0 staged_errors=0 tail_drain=0 tail_waits=0 tail_wait_us=0 eof_callbacks=23073 eof_valid=22965 eof_invalid=0 eof_mismatch=2083 eof_half0=10465 eof_half1=12500 eof_mm_blocks=0/0/0/0/0/0/0/0/4/13/2066 eof_settle=1000 eof_settle_events=1697 eof_settle_us=1025880 defer_events=1823 drained=1823 pending_collisions=95 drain_errors=0
W (389083) rc_video: [CAM-DIAG-C16U] LIGHT stage=periodic window=23 sensor=real display=camera idle=0ms full_probe=0 cache=c2m_inv frames=780 changes=779 sync_changes=0 sync_calls=780 sync_skips=0 unique=8 overflow=772 pre=c5d3949f post=c5d3949f luma_avg=62.1 luma_min=41 luma_max=83 luma_last=65 avg_probe=2.276ms max_probe=2.783ms tsf_waits=0 tsf_wait_us=0 tsf_wait_max_global_us=0 launch_phase_samples=0 launch_phase_avg=0.0 launch_phase_min=0 launch_phase_max=0 tsf_errors=0
I (389114) rc_video: [CAM-DIAG-C16U] HEALTH window=23 display_frame=2105 guard_errors=0 quiesce=2105 resume_before=2104 lifecycle_errors=0 pause_req=2107 pause_ack=2107 pause_timeout=0 cache_sync_err=0 raw_post_err=0 overlap=0 finish_collision=0 tsf_waits=0 tsf_wait_us=0 tsf_wait_max_global_us=0 target=0 tolerance=0 launch_samples=0 launch_min=0 launch_max=0 rgb_gain=110 present=direct chunk_lines=60 repeats=1 tsf_errors=0 staged_events=23405 staged_copies=23295 staged_bytes=1192704000 staged_tail=13 staged_forward=4228 staged_fallback=0 staged_errors=0 tail_drain=0 tail_waits=0 tail_wait_us=0 eof_callbacks=23405 eof_valid=23295 eof_invalid=0 eof_mismatch=2113 eof_half0=10615 eof_half1=12680 eof_mm_blocks=0/0/0/0/0/0/0/0/4/13/2096 eof_settle=1000 eof_settle_events=1727 eof_settle_us=1055880 defer_events=1853 drained=1853 pending_collisions=97 drain_errors=0
