W (53208) rc_video: [CAM-DIAG-C16V] LIGHT stage=periodic window=2 sensor=real display=camera idle=0ms full_probe=0 cache=c2m_inv frames=30 changes=29 sync_changes=0 sync_calls=30 sync_skips=0 unique=8 overflow=22 pre=c01ae26f post=c01ae26f luma_avg=77.1 luma_min=46 luma_max=91 luma_last=90 avg_probe=22.873ms max_probe=23.910ms tsf_waits=0 tsf_wait_us=0 tsf_wait_max_global_us=0 launch_phase_samples=0 launch_phase_avg=0.0 launch_phase_min=0 launch_phase_max=0 tsf_errors=0
I (53239) rc_video: [CAM-DIAG-C16V] ROW_MAP window=2 frame=30 mode=probe boundary=0 band=0 valid=1 target=392 source=472 rows=8 target_sig=4f118887 source_sig=4f118887 raw_repaired=0 rgb_repaired=0 repair_start=0 repair_rows=0 scans=30 matches=30 raw_repairs=0 rgb_repairs=0
I (53263) rc_video: [CAM-DIAG-C16V] HEALTH window=2 display_frame=30 guard_errors=0 quiesce=30 resume_before=29 lifecycle_errors=0 pause_req=30 pause_ack=30 pause_timeout=0 cache_sync_err=0 raw_post_err=0 overlap=0 finish_collision=0 tsf_waits=0 tsf_wait_us=0 tsf_wait_max_global_us=0 target=0 tolerance=0 launch_samples=0 launch_min=0 launch_max=0 rgb_gain=110 present=direct chunk_lines=60 repeats=1 tsf_errors=0 staged_events=330 staged_copies=330 staged_bytes=16896000 staged_tail=0 staged_forward=60 staged_fallback=0 staged_errors=0 tail_drain=0 tail_waits=0 tail_wait_us=0 eof_callbacks=330 eof_valid=330 eof_invalid=0 eof_mismatch=31 eof_half0=151 eof_half1=179 eof_mm_blocks=0/0/0/0/0/0/0/0/0/1/30 eof_settle=0 eof_settle_events=0 eof_settle_us=0 defer_events=0 drained=0 pending_collisions=0 drain_errors=0
W (57370) rc_tank: [DEBUG-C151] heap stage=window_2_end intact=1
W (57374) camera_hal: [CAM-DIAG-C16I] SP0A39 test_pattern=on P1:32 before=0x15 write=0x95 read=0x80 expected_bit=0x80
W (57476) rc_tank: [CAM-DIAG-C16V] TSF_GUARD window=3 beacon=0 after=0us budget=0us result=ESP_OK
W (57476) rc_tank: [CAM-DIAG-C16V] TSF_TARGET window=3 phase=0us tolerance=0us result=ESP_OK
W (57482) rc_tank: [CAM-DIAG-C16V] RGB_GAIN window=3 requested=110 result=ESP_OK
W (57489) rc_tank: [CAM-DIAG-C16V] PRESENT window=3 mode=direct chunk_lines=60 repeats=1 result=ESP_OK
W (57498) rc_tank: [CAM-DIAG-C16V] TAIL_DRAIN window=3 requested=0us result=ESP_OK
W (57505) rc_tank: [CAM-DIAG-C16V] EOF_PROFILE window=3 mode=software_index settle=0us result=ESP_OK
W (57514) rc_tank: [CAM-DIAG-C16V] ROW_PROFILE window=3 mode=0 boundary=0 band=0 result=ESP_OK
W (57522) rc_video: [CAM-DIAG-C16V] PROFILE window=3 sensor=pattern display=camera idle=0ms full_probe=0 cache=c2m_inv capture=51
W (57567) rc_tank: [CAM-DIAG-C16V] WINDOW_03 start: wifi=off sensor=pattern display=camera idle=0ms full_probe=off cache=c2m_inv dvp=staged100k protocol=off beacon=0 guard_after=0us capture_budget=0us target=0us tolerance=0us rgb_gain=110% present=direct chunk_lines=60 repeats=1 tail_drain=0us eof_mode=software_index eof_settle=0us row_mode=0 row_boundary=0 row_band=0
W (57688) rc_video: [CAM-DIAG-C16V] LIGHT stage=complete window=2 sensor=real display=camera idle=0ms full_probe=0 cache=c2m_inv frames=52 changes=51 sync_changes=0 sync_calls=52 sync_skips=0 unique=8 overflow=44 pre=f92d054c post=f92d054c luma_avg=83.0 luma_min=46 luma_max=123 luma_last=123 avg_probe=23.045ms max_probe=30.742ms tsf_waits=0 tsf_wait_us=0 tsf_wait_max_global_us=0 launch_phase_samples=0 launch_phase_avg=0.0 launch_phase_min=0 launch_phase_max=0 tsf_errors=0
W (63622) rc_video: [CAM-DIAG-C16V] LIGHT stage=periodic window=3 sensor=pattern display=camera idle=0ms full_probe=0 cache=c2m_inv frames=30 changes=0 sync_changes=0 sync_calls=30 sync_skips=0 unique=1 overflow=0 pre=f92d054c post=f92d054c luma_avg=123.0 luma_min=123 luma_max=123 luma_last=123 avg_probe=28.333ms max_probe=28.437ms tsf_waits=0 tsf_wait_us=0 tsf_wait_max_global_us=0 launch_phase_samples=0 launch_phase_avg=0.0 launch_phase_min=0 launch_phase_max=0 tsf_errors=0
I (63653) rc_video: [CAM-DIAG-C16V] ROW_MAP window=3 frame=82 mode=probe boundary=0 band=0 valid=0 target=0 source=0 rows=0 target_sig=00000000 source_sig=00000000 raw_repaired=0 rgb_repaired=0 repair_start=0 repair_rows=0 scans=82 matches=51 raw_repairs=0 rgb_repairs=0
I (63677) rc_video: [CAM-DIAG-C16V] HEALTH window=3 display_frame=82 guard_errors=0 quiesce=82 resume_before=81 lifecycle_errors=0 pause_req=82 pause_ack=82 pause_timeout=0 cache_sync_err=0 raw_post_err=0 overlap=0 finish_collision=0 tsf_waits=0 tsf_wait_us=0 tsf_wait_max_global_us=0 target=0 tolerance=0 launch_samples=0 launch_min=0 launch_max=0 rgb_gain=110 present=direct chunk_lines=60 repeats=1 tsf_errors=0 staged_events=902 staged_copies=902 staged_bytes=46182400 staged_tail=0 staged_forward=164 staged_fallback=0 staged_errors=0 tail_drain=0 tail_waits=0 tail_wait_us=0 eof_callbacks=902 eof_valid=902 eof_invalid=0 eof_mismatch=83 eof_half0=411 eof_half1=491 eof_mm_blocks=0/0/0/0/0/0/0/0/0/1/82 eof_settle=0 eof_settle_events=0 eof_settle_us=0 defer_events=0 drained=0 pending_collisions=0 drain_errors=0
W (67594) rc_tank: [DEBUG-C151] heap stage=window_3_end_before_network intact=1
I (67595) rc_tank: [STEP] Network init starting...
I (67597) rc_net: Initializing as SoftAP (Tank)
I (67601) pp: pp rom version: e7ae62f
I (67603) net80211: net80211 rom version: e7ae62f
I (67610) wifi:wifi driver task: 3fce9118, prio:23, stack:6656, core=0
I (67618) wifi:wifi firmware version: 0947e8b
I (67618) wifi:wifi certification version: v7.0
I (67622) wifi:config NVS flash: enabled
I (67625) wifi:config nano formatting: disabled
I (67630) wifi:Init data frame dynamic rx buffer num: 32
I (67635) wifi:Init static rx mgmt buffer num: 5
I (67639) wifi:Init management short buffer num: 32
I (67644) wifi:Init dynamic tx buffer num: 64
I (67648) wifi:Init static tx FG buffer num: 2
I (67652) wifi:Init static rx buffer size: 1600
I (67656) wifi:Init static rx buffer num: 10
I (67660) wifi:Init dynamic rx buffer num: 32
I (67665) wifi_init: rx ba win: 6
I (67667) wifi_init: accept mbox: 6
I (67670) wifi_init: tcpip mbox: 16
I (67674) wifi_init: udp mbox: 6
I (67677) wifi_init: tcp mbox: 6
I (67680) wifi_init: tcp tx win: 5760
I (67683) wifi_init: tcp rx win: 5760
I (67686) wifi_init: tcp mss: 1440
I (67689) wifi_init: WiFi IRAM OP enabled
I (67693) wifi_init: WiFi RX IRAM OP enabled
I (67698) rc_net: AP set_mode/config, SSID=RC_TANK_F3AE79 ch=1
I (67814) phy_init: phy_version 711,97bcf0a2,Aug 25 2025,19:04:10
W (67815) phy_init: failed to load RF calibration data (0x1102), falling back to full calibration
I (67850) phy_init: Saving new calibration data due to checksum failure or outdated calibration data, mode(2)
I (67860) wifi:mode : softAP (44:1b:f6:f3:ae:79)
I (67866) wifi:Total power save buffer number: 32
I (67867) wifi:Init max length of beacon: 752/752
I (67867) wifi:Init max length of beacon: 752/752
I (67870) rc_net: SoftAP started, SSID: RC_TANK_F3AE79, Password: 12345678
I (67871) esp_netif_lwip: DHCP server started on interface WIFI_AP_DEF with IP: 192.168.4.1
I (67883) rc_tank: [STEP] Network init OK
I (67887) rc_tank: Tank SoftAP ready, waiting for remote...
W (67893) rc_tank: [CAM-DIAG-C16V] PROTOCOL window=4 before=0x07 requested=0x07 after=0x07 name=bgn changed=0
I (67907) wifi:Total power save buffer number: 32
W (67909) rc_tank: [CAM-DIAG-C16V] BEACON window=4 before=100 requested=200 after=200 changed=1
I (67911) esp_netif_lwip: DHCP server started on interface WIFI_AP_DEF with IP: 192.168.4.1
W (67923) rc_tank: [CAM-DIAG-C16V] TSF_GUARD window=4 beacon=200 after=0us budget=0us result=ESP_OK
W (67932) rc_tank: [CAM-DIAG-C16V] TSF_TARGET window=4 phase=0us tolerance=0us result=ESP_OK
W (67977) rc_tank: [CAM-DIAG-C16V] RGB_GAIN window=4 requested=110 result=ESP_OK
W (67977) rc_tank: [CAM-DIAG-C16V] PRESENT window=4 mode=direct chunk_lines=60 repeats=1 result=ESP_OK
W (67984) rc_tank: [CAM-DIAG-C16V] TAIL_DRAIN window=4 requested=0us result=ESP_OK
W (67991) rc_tank: [CAM-DIAG-C16V] EOF_PROFILE window=4 mode=software_index settle=0us result=ESP_OK
W (68000) rc_tank: [CAM-DIAG-C16V] ROW_PROFILE window=4 mode=0 boundary=0 band=0 result=ESP_OK
W (68008) rc_video: [CAM-DIAG-C16V] PROFILE window=4 sensor=pattern display=camera idle=0ms full_probe=0 cache=c2m_inv capture=104
W (68020) rc_tank: [CAM-DIAG-C16V] WINDOW_04 start: wifi=on sensor=pattern display=camera idle=0ms full_probe=off cache=c2m_inv dvp=staged100k protocol=bgn beacon=200 guard_after=0us capture_budget=0us target=0us tolerance=0us rgb_gain=110% present=direct chunk_lines=60 repeats=1 tail_drain=0us eof_mode=software_index eof_settle=0us row_mode=0 row_boundary=0 row_band=0
W (68105) rc_video: [CAM-DIAG-C16V] LIGHT stage=complete window=3 sensor=pattern display=camera idle=0ms full_probe=0 cache=c2m_inv frames=52 changes=0 sync_changes=0 sync_calls=52 sync_skips=0 unique=1 overflow=0 pre=f92d054c post=f92d054c luma_avg=123.0 luma_min=123 luma_max=123 luma_last=123 avg_probe=28.644ms max_probe=35.843ms tsf_waits=0 tsf_wait_us=0 tsf_wait_max_global_us=0 launch_phase_samples=0 launch_phase_avg=0.0 launch_phase_min=0 launch_phase_max=0 tsf_errors=0
W (74033) rc_video: [CAM-DIAG-C16V] LIGHT stage=periodic window=4 sensor=pattern display=camera idle=0ms full_probe=0 cache=c2m_inv frames=30 changes=0 sync_changes=0 sync_calls=30 sync_skips=0 unique=1 overflow=0 pre=f92d054c post=f92d054c luma_avg=123.0 luma_min=123 luma_max=123 luma_last=123 avg_probe=28.625ms max_probe=29.584ms tsf_waits=0 tsf_wait_us=0 tsf_wait_max_global_us=0 launch_phase_samples=0 launch_phase_avg=0.0 launch_phase_min=0 launch_phase_max=0 tsf_errors=0
I (74064) rc_video: [CAM-DIAG-C16V] ROW_MAP window=4 frame=134 mode=probe boundary=0 band=0 valid=0 target=0 source=0 rows=0 target_sig=00000000 source_sig=00000000 raw_repaired=0 rgb_repaired=0 repair_start=0 repair_rows=0 scans=134 matches=51 raw_repairs=0 rgb_repairs=0
I (74088) rc_video: [CAM-DIAG-C16V] HEALTH window=4 display_frame=134 guard_errors=0 quiesce=134 resume_before=133 lifecycle_errors=0 pause_req=134 pause_ack=134 pause_timeout=0 cache_sync_err=0 raw_post_err=0 overlap=0 finish_collision=0 tsf_waits=0 tsf_wait_us=0 tsf_wait_max_global_us=0 target=0 tolerance=0 launch_samples=0 launch_min=0 launch_max=0 rgb_gain=110 present=direct chunk_lines=60 repeats=1 tsf_errors=0 staged_events=1474 staged_copies=1474 staged_bytes=75468800 staged_tail=0 staged_forward=268 staged_fallback=0 staged_errors=0 tail_drain=0 tail_waits=0 tail_wait_us=0 eof_callbacks=1474 eof_valid=1474 eof_invalid=0 eof_mismatch=136 eof_half0=672 eof_half1=802 eof_mm_blocks=0/0/0/0/0/0/0/0/0/2/134 eof_settle=0 eof_settle_events=0 eof_settle_us=0 defer_events=0 drained=0 pending_collisions=0 drain_errors=0
W (78054) camera_hal: [CAM-DIAG-C16I] SP0A39 test_pattern=off P1:32 before=0x80 write=0x00 read=0x15 expected_bit=0x00
W (78189) rc_tank: [CAM-DIAG-C16V] PROTOCOL window=5 before=0x07 requested=0x07 after=0x07 name=bgn changed=0
W (78190) rc_tank: [CAM-DIAG-C16V] BEACON window=5 before=200 requested=200 after=200 changed=0
W (78197) rc_tank: [CAM-DIAG-C16V] TSF_GUARD window=5 beacon=200 after=0us budget=0us result=ESP_OK
W (78205) rc_tank: [CAM-DIAG-C16V] TSF_TARGET window=5 phase=0us tolerance=0us result=ESP_OK
W (78214) rc_tank: [CAM-DIAG-C16V] RGB_GAIN window=5 requested=110 result=ESP_OK
W (78221) rc_tank: [CAM-DIAG-C16V] PRESENT window=5 mode=direct chunk_lines=60 repeats=1 result=ESP_OK
W (78230) rc_tank: [CAM-DIAG-C16V] TAIL_DRAIN window=5 requested=0us result=ESP_OK
W (78237) rc_tank: [CAM-DIAG-C16V] EOF_PROFILE window=5 mode=software_index settle=0us result=ESP_OK
W (78246) rc_tank: [CAM-DIAG-C16V] ROW_PROFILE window=5 mode=0 boundary=0 band=0 result=ESP_OK
W (78254) rc_video: [CAM-DIAG-C16V] PROFILE window=5 sensor=real display=camera idle=0ms full_probe=0 cache=c2m_inv capture=155
W (78265) rc_tank: [CAM-DIAG-C16V] WINDOW_05 start: wifi=on sensor=real display=camera idle=0ms full_probe=off cache=c2m_inv dvp=staged100k protocol=bgn beacon=200 guard_after=0us capture_budget=0us target=0us tolerance=0us rgb_gain=110% present=direct chunk_lines=60 repeats=1 tail_drain=0us eof_mode=software_index eof_settle=0us row_mode=0 row_boundary=0 row_band=0
W (78315) rc_video: [CAM-DIAG-C16V] LIGHT stage=complete window=4 sensor=pattern display=camera idle=0ms full_probe=0 cache=c2m_inv frames=51 changes=1 sync_changes=0 sync_calls=51 sync_skips=0 unique=2 overflow=0 pre=1f0c1ec9 post=1f0c1ec9 luma_avg=121.5 luma_min=47 luma_max=123 luma_last=47 avg_probe=28.511ms max_probe=29.584ms tsf_waits=0 tsf_wait_us=0 tsf_wait_max_global_us=0 launch_phase_samples=0 launch_phase_avg=0.0 launch_phase_min=0 launch_phase_max=0 tsf_errors=0
W (84239) rc_video: [CAM-DIAG-C16V] LIGHT stage=periodic window=5 sensor=real display=camera idle=0ms full_probe=0 cache=c2m_inv frames=30 changes=29 sync_changes=0 sync_calls=30 sync_skips=0 unique=8 overflow=22 pre=edffa7f1 post=edffa7f1 luma_avg=47.2 luma_min=47 luma_max=54 luma_last=47 avg_probe=23.126ms max_probe=23.866ms tsf_waits=0 tsf_wait_us=0 tsf_wait_max_global_us=0 launch_phase_samples=0 launch_phase_avg=0.0 launch_phase_min=0 launch_phase_max=0 tsf_errors=0
I (84270) rc_video: [CAM-DIAG-C16V] ROW_MAP window=5 frame=185 mode=probe boundary=0 band=0 valid=1 target=392 source=472 rows=8 target_sig=5c60f692 source_sig=5c60f692 raw_repaired=0 rgb_repaired=0 repair_start=0 repair_rows=0 scans=185 matches=82 raw_repairs=0 rgb_repairs=0
I (84294) rc_video: [CAM-DIAG-C16V] HEALTH window=5 display_frame=185 guard_errors=0 quiesce=185 resume_before=184 lifecycle_errors=0 pause_req=185 pause_ack=185 pause_timeout=0 cache_sync_err=0 raw_post_err=0 overlap=0 finish_collision=0 tsf_waits=0 tsf_wait_us=0 tsf_wait_max_global_us=0 target=0 tolerance=0 launch_samples=0 launch_min=0 launch_max=0 rgb_gain=110 present=direct chunk_lines=60 repeats=1 tsf_errors=0 staged_events=2035 staged_copies=2035 staged_bytes=104192000 staged_tail=0 staged_forward=370 staged_fallback=0 staged_errors=0 tail_drain=0 tail_waits=0 tail_wait_us=0 eof_callbacks=2035 eof_valid=2035 eof_invalid=0 eof_mismatch=187 eof_half0=927 eof_half1=1108 eof_mm_blocks=0/0/0/0/0/0/0/0/0/2/185 eof_settle=0 eof_settle_events=0 eof_settle_us=0 defer_events=0 drained=0 pending_collisions=0 drain_errors=0
W (88300) camera_hal: [CAM-DIAG-C16I] SP0A39 test_pattern=on P1:32 before=0x00 write=0x80 read=0x80 expected_bit=0x80
W (88401) rc_tank: [CAM-DIAG-C16V] PROTOCOL window=6 before=0x07 requested=0x07 after=0x07 name=bgn changed=0
W (88403) rc_tank: [CAM-DIAG-C16V] BEACON window=6 before=200 requested=200 after=200 changed=0
W (88409) rc_tank: [CAM-DIAG-C16V] TSF_GUARD window=6 beacon=200 after=0us budget=0us result=ESP_OK
W (88418) rc_tank: [CAM-DIAG-C16V] TSF_TARGET window=6 phase=0us tolerance=0us result=ESP_OK
W (88426) rc_tank: [CAM-DIAG-C16V] RGB_GAIN window=6 requested=110 result=ESP_OK
W (88433) rc_tank: [CAM-DIAG-C16V] PRESENT window=6 mode=direct chunk_lines=60 repeats=1 result=ESP_OK
W (88442) rc_tank: [CAM-DIAG-C16V] TAIL_DRAIN window=6 requested=0us result=ESP_OK
W (88449) rc_tank: [CAM-DIAG-C16V] EOF_PROFILE window=6 mode=software_index settle=0us result=ESP_OK
W (88458) rc_tank: [CAM-DIAG-C16V] ROW_PROFILE window=6 mode=1 boundary=40 band=16 result=ESP_OK
W (88467) rc_video: [CAM-DIAG-C16V] PROFILE window=6 sensor=pattern display=camera idle=0ms full_probe=0 cache=c2m_inv capture=206
W (88478) rc_tank: [CAM-DIAG-C16V] WINDOW_06 start: wifi=on sensor=pattern display=camera idle=0ms full_probe=off cache=c2m_inv dvp=staged100k protocol=bgn beacon=200 guard_after=0us capture_budget=0us target=0us tolerance=0us rgb_gain=110% present=direct chunk_lines=60 repeats=1 tail_drain=0us eof_mode=software_index eof_settle=0us row_mode=1 row_boundary=40 row_band=16
W (88532) rc_video: [CAM-DIAG-C16V] LIGHT stage=complete window=5 sensor=real display=camera idle=0ms full_probe=0 cache=c2m_inv frames=51 changes=50 sync_changes=0 sync_calls=51 sync_skips=0 unique=8 overflow=43 pre=18424d94 post=18424d94 luma_avg=48.6 luma_min=47 luma_max=123 luma_last=123 avg_probe=23.304ms max_probe=33.781ms tsf_waits=0 tsf_wait_us=0 tsf_wait_max_global_us=0 launch_phase_samples=0 launch_phase_avg=0.0 launch_phase_min=0 launch_phase_max=0 tsf_errors=0
W (94458) rc_video: [CAM-DIAG-C16V] LIGHT stage=periodic window=6 sensor=pattern display=camera idle=0ms full_probe=0 cache=c2m_inv frames=30 changes=0 sync_changes=0 sync_calls=30 sync_skips=0 unique=1 overflow=0 pre=18424d94 post=18424d94 luma_avg=123.0 luma_min=123 luma_max=123 luma_last=123 avg_probe=31.141ms max_probe=32.320ms tsf_waits=0 tsf_wait_us=0 tsf_wait_max_global_us=0 launch_phase_samples=0 launch_phase_avg=0.0 launch_phase_min=0 launch_phase_max=0 tsf_errors=0
I (94490) rc_video: [CAM-DIAG-C16V] ROW_MAP window=6 frame=236 mode=raw_fixed boundary=40 band=16 valid=0 target=0 source=0 rows=0 target_sig=00000000 source_sig=00000000 raw_repaired=1 rgb_repaired=0 repair_start=32 repair_rows=16 scans=236 matches=102 raw_repairs=30 rgb_repairs=0
I (94514) rc_video: [CAM-DIAG-C16V] HEALTH window=6 display_frame=236 guard_errors=0 quiesce=236 resume_before=235 lifecycle_errors=0 pause_req=236 pause_ack=236 pause_timeout=0 cache_sync_err=0 raw_post_err=0 overlap=0 finish_collision=0 tsf_waits=0 tsf_wait_us=0 tsf_wait_max_global_us=0 target=0 tolerance=0 launch_samples=0 launch_min=0 launch_max=0 rgb_gain=110 present=direct chunk_lines=60 repeats=1 tsf_errors=0 staged_events=2596 staged_copies=2596 staged_bytes=132915200 staged_tail=0 staged_forward=472 staged_fallback=0 staged_errors=0 tail_drain=0 tail_waits=0 tail_wait_us=0 eof_callbacks=2596 eof_valid=2596 eof_invalid=0 eof_mismatch=238 eof_half0=1182 eof_half1=1414 eof_mm_blocks=0/0/0/0/0/0/0/0/0/2/236 eof_settle=0 eof_settle_events=0 eof_settle_us=0 defer_events=0 drained=0 pending_collisions=0 drain_errors=0
W (98513) camera_hal: [CAM-DIAG-C16I] SP0A39 test_pattern=off P1:32 before=0x80 write=0x00 read=0x00 expected_bit=0x00
W (98614) rc_tank: [CAM-DIAG-C16V] PROTOCOL window=7 before=0x07 requested=0x07 after=0x07 name=bgn changed=0
W (98615) rc_tank: [CAM-DIAG-C16V] BEACON window=7 before=200 requested=200 after=200 changed=0
W (98622) rc_tank: [CAM-DIAG-C16V] TSF_GUARD window=7 beacon=200 after=0us budget=0us result=ESP_OK
W (98631) rc_tank: [CAM-DIAG-C16V] TSF_TARGET window=7 phase=0us tolerance=0us result=ESP_OK
W (98639) rc_tank: [CAM-DIAG-C16V] RGB_GAIN window=7 requested=110 result=ESP_OK
W (98646) rc_tank: [CAM-DIAG-C16V] PRESENT window=7 mode=direct chunk_lines=60 repeats=1 result=ESP_OK
W (98655) rc_tank: [CAM-DIAG-C16V] TAIL_DRAIN window=7 requested=0us result=ESP_OK
W (98662) rc_tank: [CAM-DIAG-C16V] EOF_PROFILE window=7 mode=software_index settle=0us result=ESP_OK
W (98671) rc_tank: [CAM-DIAG-C16V] ROW_PROFILE window=7 mode=1 boundary=40 band=16 result=ESP_OK
W (98680) rc_video: [CAM-DIAG-C16V] PROFILE window=7 sensor=real display=camera idle=0ms full_probe=0 cache=c2m_inv capture=257
W (98691) rc_tank: [CAM-DIAG-C16V] WINDOW_07 start: wifi=on sensor=real display=camera idle=0ms full_probe=off cache=c2m_inv dvp=staged100k protocol=bgn beacon=200 guard_after=0us capture_budget=0us target=0us tolerance=0us rgb_gain=110% present=direct chunk_lines=60 repeats=1 tail_drain=0us eof_mode=software_index eof_settle=0us row_mode=1 row_boundary=40 row_band=16
W (98742) rc_video: [CAM-DIAG-C16V] LIGHT stage=complete window=6 sensor=pattern display=camera idle=0ms full_probe=0 cache=c2m_inv frames=51 changes=1 sync_changes=0 sync_calls=51 sync_skips=0 unique=2 overflow=0 pre=26294a9a post=26294a9a luma_avg=121.5 luma_min=46 luma_max=123 luma_last=46 avg_probe=31.124ms max_probe=32.320ms tsf_waits=0 tsf_wait_us=0 tsf_wait_max_global_us=0 launch_phase_samples=0 launch_phase_avg=0.0 launch_phase_min=0 launch_phase_max=0 tsf_errors=0
W (104665) rc_video: [CAM-DIAG-C16V] LIGHT stage=periodic window=7 sensor=real display=camera idle=0ms full_probe=0 cache=c2m_inv frames=30 changes=29 sync_changes=0 sync_calls=30 sync_skips=0 unique=8 overflow=22 pre=49279408 post=49279408 luma_avg=49.8 luma_min=46 luma_max=65 luma_last=46 avg_probe=25.662ms max_probe=26.818ms tsf_waits=0 tsf_wait_us=0 tsf_wait_max_global_us=0 launch_phase_samples=0 launch_phase_avg=0.0 launch_phase_min=0 launch_phase_max=0 tsf_errors=0
I (104696) rc_video: [CAM-DIAG-C16V] ROW_MAP window=7 frame=287 mode=raw_fixed boundary=40 band=16 valid=1 target=392 source=472 rows=8 target_sig=b6910eb2 source_sig=b6910eb2 raw_repaired=1 rgb_repaired=0 repair_start=32 repair_rows=16 scans=287 matches=133 raw_repairs=81 rgb_repairs=0
I (104721) rc_video: [CAM-DIAG-C16V] HEALTH window=7 display_frame=287 guard_errors=0 quiesce=287 resume_before=286 lifecycle_errors=0 pause_req=287 pause_ack=287 pause_timeout=0 cache_sync_err=0 raw_post_err=0 overlap=0 finish_collision=0 tsf_waits=0 tsf_wait_us=0 tsf_wait_max_global_us=0 target=0 tolerance=0 launch_samples=0 launch_min=0 launch_max=0 rgb_gain=110 present=direct chunk_lines=60 repeats=1 tsf_errors=0 staged_events=3157 staged_copies=3157 staged_bytes=161638400 staged_tail=0 staged_forward=574 staged_fallback=0 staged_errors=0 tail_drain=0 tail_waits=0 tail_wait_us=0 eof_callbacks=3157 eof_valid=3157 eof_invalid=0 eof_mismatch=290 eof_half0=1438 eof_half1=1719 eof_mm_blocks=0/0/0/0/0/0/0/0/0/3/287 eof_settle=0 eof_settle_events=0 eof_settle_us=0 defer_events=0 drained=0 pending_collisions=0 drain_errors=0
W (108725) camera_hal: [CAM-DIAG-C16I] SP0A39 test_pattern=on P1:32 before=0x00 write=0x80 read=0x80 expected_bit=0x80
W (108826) rc_tank: [CAM-DIAG-C16V] PROTOCOL window=8 before=0x07 requested=0x07 after=0x07 name=bgn changed=0
W (108827) rc_tank: [CAM-DIAG-C16V] BEACON window=8 before=200 requested=200 after=200 changed=0
W (108834) rc_tank: [CAM-DIAG-C16V] TSF_GUARD window=8 beacon=200 after=0us budget=0us result=ESP_OK
W (108843) rc_tank: [CAM-DIAG-C16V] TSF_TARGET window=8 phase=0us tolerance=0us result=ESP_OK
W (108851) rc_tank: [CAM-DIAG-C16V] RGB_GAIN window=8 requested=110 result=ESP_OK
W (108858) rc_tank: [CAM-DIAG-C16V] PRESENT window=8 mode=direct chunk_lines=60 repeats=1 result=ESP_OK
W (108867) rc_tank: [CAM-DIAG-C16V] TAIL_DRAIN window=8 requested=0us result=ESP_OK
W (108875) rc_tank: [CAM-DIAG-C16V] EOF_PROFILE window=8 mode=software_index settle=0us result=ESP_OK
W (108884) rc_tank: [CAM-DIAG-C16V] ROW_PROFILE window=8 mode=1 boundary=80 band=16 result=ESP_OK
W (108892) rc_video: [CAM-DIAG-C16V] PROFILE window=8 sensor=pattern display=camera idle=0ms full_probe=0 cache=c2m_inv capture=308
W (108904) rc_tank: [CAM-DIAG-C16V] WINDOW_08 start: wifi=on sensor=pattern display=camera idle=0ms full_probe=off cache=c2m_inv dvp=staged100k protocol=bgn beacon=200 guard_after=0us capture_budget=0us target=0us tolerance=0us rgb_gain=110% present=direct chunk_lines=60 repeats=1 tail_drain=0us eof_mode=software_index eof_settle=0us row_mode=1 row_boundary=80 row_band=16
W (108958) rc_video: [CAM-DIAG-C16V] LIGHT stage=complete window=7 sensor=real display=camera idle=0ms full_probe=0 cache=c2m_inv frames=51 changes=50 sync_changes=0 sync_calls=51 sync_skips=0 unique=8 overflow=43 pre=18424d94 post=18424d94 luma_avg=49.8 luma_min=46 luma_max=123 luma_last=123 avg_probe=25.882ms max_probe=35.635ms tsf_waits=0 tsf_wait_us=0 tsf_wait_max_global_us=0 launch_phase_samples=0 launch_phase_avg=0.0 launch_phase_min=0 launch_phase_max=0 tsf_errors=0
W (114882) rc_video: [CAM-DIAG-C16V] LIGHT stage=periodic window=8 sensor=pattern display=camera idle=0ms full_probe=0 cache=c2m_inv frames=30 changes=0 sync_changes=0 sync_calls=30 sync_skips=0 unique=1 overflow=0 pre=18424d94 post=18424d94 luma_avg=123.0 luma_min=123 luma_max=123 luma_last=123 avg_probe=31.154ms max_probe=31.815ms tsf_waits=0 tsf_wait_us=0 tsf_wait_max_global_us=0 launch_phase_samples=0 launch_phase_avg=0.0 launch_phase_min=0 launch_phase_max=0 tsf_errors=0
I (114914) rc_video: [CAM-DIAG-C16V] ROW_MAP window=8 frame=338 mode=raw_fixed boundary=80 band=16 valid=0 target=0 source=0 rows=0 target_sig=00000000 source_sig=00000000 raw_repaired=1 rgb_repaired=0 repair_start=72 repair_rows=16 scans=338 matches=153 raw_repairs=132 rgb_repairs=0
I (114939) rc_video: [CAM-DIAG-C16V] HEALTH window=8 display_frame=338 guard_errors=0 quiesce=338 resume_before=337 lifecycle_errors=0 pause_req=338 pause_ack=338 pause_timeout=0 cache_sync_err=0 raw_post_err=0 overlap=0 finish_collision=0 tsf_waits=0 tsf_wait_us=0 tsf_wait_max_global_us=0 target=0 tolerance=0 launch_samples=0 launch_min=0 launch_max=0 rgb_gain=110 present=direct chunk_lines=60 repeats=1 tsf_errors=0 staged_events=3718 staged_copies=3718 staged_bytes=190361600 staged_tail=0 staged_forward=676 staged_fallback=0 staged_errors=0 tail_drain=0 tail_waits=0 tail_wait_us=0 eof_callbacks=3718 eof_valid=3718 eof_invalid=0 eof_mismatch=342 eof_half0=1694 eof_half1=2024 eof_mm_blocks=0/0/0/0/0/0/0/0/0/4/338 eof_settle=0 eof_settle_events=0 eof_settle_us=0 defer_events=0 drained=0 pending_collisions=0 drain_errors=0
W (118938) camera_hal: [CAM-DIAG-C16I] SP0A39 test_pattern=off P1:32 before=0x80 write=0x00 read=0x00 expected_bit=0x00
W (119039) rc_tank: [CAM-DIAG-C16V] PROTOCOL window=9 before=0x07 requested=0x07 after=0x07 name=bgn changed=0
W (119040) rc_tank: [CAM-DIAG-C16V] BEACON window=9 before=200 requested=200 after=200 changed=0
W (119047) rc_tank: [CAM-DIAG-C16V] TSF_GUARD window=9 beacon=200 after=0us budget=0us result=ESP_OK
W (119056) rc_tank: [CAM-DIAG-C16V] TSF_TARGET window=9 phase=0us tolerance=0us result=ESP_OK
W (119064) rc_tank: [CAM-DIAG-C16V] RGB_GAIN window=9 requested=110 result=ESP_OK
W (119071) rc_tank: [CAM-DIAG-C16V] PRESENT window=9 mode=direct chunk_lines=60 repeats=1 result=ESP_OK
W (119080) rc_tank: [CAM-DIAG-C16V] TAIL_DRAIN window=9 requested=0us result=ESP_OK
W (119088) rc_tank: [CAM-DIAG-C16V] EOF_PROFILE window=9 mode=software_index settle=0us result=ESP_OK
W (119097) rc_tank: [CAM-DIAG-C16V] ROW_PROFILE window=9 mode=1 boundary=80 band=16 result=ESP_OK
W (119105) rc_video: [CAM-DIAG-C16V] PROFILE window=9 sensor=real display=camera idle=0ms full_probe=0 cache=c2m_inv capture=359
W (119117) rc_tank: [CAM-DIAG-C16V] WINDOW_09 start: wifi=on sensor=real display=camera idle=0ms full_probe=off cache=c2m_inv dvp=staged100k protocol=bgn beacon=200 guard_after=0us capture_budget=0us target=0us tolerance=0us rgb_gain=110% present=direct chunk_lines=60 repeats=1 tail_drain=0us eof_mode=software_index eof_settle=0us row_mode=1 row_boundary=80 row_band=16
W (119165) rc_video: [CAM-DIAG-C16V] LIGHT stage=complete window=8 sensor=pattern display=camera idle=0ms full_probe=0 cache=c2m_inv frames=51 changes=1 sync_changes=0 sync_calls=51 sync_skips=0 unique=2 overflow=0 pre=294d5291 post=294d5291 luma_avg=121.5 luma_min=46 luma_max=123 luma_last=46 avg_probe=31.130ms max_probe=31.821ms tsf_waits=0 tsf_wait_us=0 tsf_wait_max_global_us=0 launch_phase_samples=0 launch_phase_avg=0.0 launch_phase_min=0 launch_phase_max=0 tsf_errors=0
W (125088) rc_video: [CAM-DIAG-C16V] LIGHT stage=periodic window=9 sensor=real display=camera idle=0ms full_probe=0 cache=c2m_inv frames=30 changes=29 sync_changes=0 sync_calls=30 sync_skips=0 unique=8 overflow=22 pre=e76ec638 post=e76ec638 luma_avg=46.2 luma_min=45 luma_max=54 luma_last=46 avg_probe=25.604ms max_probe=26.251ms tsf_waits=0 tsf_wait_us=0 tsf_wait_max_global_us=0 launch_phase_samples=0 launch_phase_avg=0.0 launch_phase_min=0 launch_phase_max=0 tsf_errors=0
I (125119) rc_video: [CAM-DIAG-C16V] ROW_MAP window=9 frame=389 mode=raw_fixed boundary=80 band=16 valid=1 target=392 source=472 rows=8 target_sig=7e168199 source_sig=7e168199 raw_repaired=1 rgb_repaired=0 repair_start=72 repair_rows=16 scans=389 matches=184 raw_repairs=183 rgb_repairs=0
I (125144) rc_video: [CAM-DIAG-C16V] HEALTH window=9 display_frame=389 guard_errors=0 quiesce=389 resume_before=388 lifecycle_errors=0 pause_req=389 pause_ack=389 pause_timeout=0 cache_sync_err=0 raw_post_err=0 overlap=0 finish_collision=0 tsf_waits=0 tsf_wait_us=0 tsf_wait_max_global_us=0 target=0 tolerance=0 launch_samples=0 launch_min=0 launch_max=0 rgb_gain=110 present=direct chunk_lines=60 repeats=1 tsf_errors=0 staged_events=4279 staged_copies=4279 staged_bytes=219084800 staged_tail=0 staged_forward=778 staged_fallback=0 staged_errors=0 tail_drain=0 tail_waits=0 tail_wait_us=0 eof_callbacks=4279 eof_valid=4279 eof_invalid=0 eof_mismatch=394 eof_half0=1950 eof_half1=2329 eof_mm_blocks=0/0/0/0/0/0/0/0/0/5/389 eof_settle=0 eof_settle_events=0 eof_settle_us=0 defer_events=0 drained=0 pending_collisions=0 drain_errors=0
W (129151) camera_hal: [CAM-DIAG-C16I] SP0A39 test_pattern=on P1:32 before=0x00 write=0x80 read=0x80 expected_bit=0x80
W (129252) rc_tank: [CAM-DIAG-C16V] PROTOCOL window=10 before=0x07 requested=0x07 after=0x07 name=bgn changed=0
W (129253) rc_tank: [CAM-DIAG-C16V] BEACON window=10 before=200 requested=200 after=200 changed=0
W (129260) rc_tank: [CAM-DIAG-C16V] TSF_GUARD window=10 beacon=200 after=0us budget=0us result=ESP_OK
W (129269) rc_tank: [CAM-DIAG-C16V] TSF_TARGET window=10 phase=0us tolerance=0us result=ESP_OK
W (129277) rc_tank: [CAM-DIAG-C16V] RGB_GAIN window=10 requested=110 result=ESP_OK
W (129285) rc_tank: [CAM-DIAG-C16V] PRESENT window=10 mode=direct chunk_lines=60 repeats=1 result=ESP_OK
W (129294) rc_tank: [CAM-DIAG-C16V] TAIL_DRAIN window=10 requested=0us result=ESP_OK
W (129301) rc_tank: [CAM-DIAG-C16V] EOF_PROFILE window=10 mode=software_index settle=0us result=ESP_OK
W (129310) rc_tank: [CAM-DIAG-C16V] ROW_PROFILE window=10 mode=1 boundary=120 band=16 result=ESP_OK
W (129319) rc_video: [CAM-DIAG-C16V] PROFILE window=10 sensor=pattern display=camera idle=0ms full_probe=0 cache=c2m_inv capture=410
W (129331) rc_tank: [CAM-DIAG-C16V] WINDOW_10 start: wifi=on sensor=pattern display=camera idle=0ms full_probe=off cache=c2m_inv dvp=staged100k protocol=bgn beacon=200 guard_after=0us capture_budget=0us target=0us tolerance=0us rgb_gain=110% present=direct chunk_lines=60 repeats=1 tail_drain=0us eof_mode=software_index eof_settle=0us row_mode=1 row_boundary=120 row_band=16
W (129381) rc_video: [CAM-DIAG-C16V] LIGHT stage=complete window=9 sensor=real display=camera idle=0ms full_probe=0 cache=c2m_inv frames=51 changes=50 sync_changes=0 sync_calls=51 sync_skips=0 unique=8 overflow=43 pre=18424d94 post=18424d94 luma_avg=47.6 luma_min=45 luma_max=123 luma_last=123 avg_probe=25.867ms max_probe=35.438ms tsf_waits=0 tsf_wait_us=0 tsf_wait_max_global_us=0 launch_phase_samples=0 launch_phase_avg=0.0 launch_phase_min=0 launch_phase_max=0 tsf_errors=0
W (135306) rc_video: [CAM-DIAG-C16V] LIGHT stage=periodic window=10 sensor=pattern display=camera idle=0ms full_probe=0 cache=c2m_inv frames=30 changes=0 sync_changes=0 sync_calls=30 sync_skips=0 unique=1 overflow=0 pre=18424d94 post=18424d94 luma_avg=123.0 luma_min=123 luma_max=123 luma_last=123 avg_probe=31.101ms max_probe=31.580ms tsf_waits=0 tsf_wait_us=0 tsf_wait_max_global_us=0 launch_phase_samples=0 launch_phase_avg=0.0 launch_phase_min=0 launch_phase_max=0 tsf_errors=0
I (135337) rc_video: [CAM-DIAG-C16V] ROW_MAP window=10 frame=440 mode=raw_fixed boundary=120 band=16 valid=0 target=0 source=0 rows=0 target_sig=00000000 source_sig=00000000 raw_repaired=1 rgb_repaired=0 repair_start=112 repair_rows=16 scans=440 matches=204 raw_repairs=234 rgb_repairs=0
I (135362) rc_video: [CAM-DIAG-C16V] HEALTH window=10 display_frame=440 guard_errors=0 quiesce=440 resume_before=439 lifecycle_errors=0 pause_req=440 pause_ack=440 pause_timeout=0 cache_sync_err=0 raw_post_err=0 overlap=0 finish_collision=0 tsf_waits=0 tsf_wait_us=0 tsf_wait_max_global_us=0 target=0 tolerance=0 launch_samples=0 launch_min=0 launch_max=0 rgb_gain=110 present=direct chunk_lines=60 repeats=1 tsf_errors=0 staged_events=4840 staged_copies=4840 staged_bytes=247808000 staged_tail=0 staged_forward=880 staged_fallback=0 staged_errors=0 tail_drain=0 tail_waits=0 tail_wait_us=0 eof_callbacks=4840 eof_valid=4840 eof_invalid=0 eof_mismatch=445 eof_half0=2205 eof_half1=2635 eof_mm_blocks=0/0/0/0/0/0/0/0/0/5/440 eof_settle=0 eof_settle_events=0 eof_settle_us=0 defer_events=0 drained=0 pending_collisions=0 drain_errors=0
W (139366) camera_hal: [CAM-DIAG-C16I] SP0A39 test_pattern=off P1:32 before=0x80 write=0x00 read=0x00 expected_bit=0x00
W (139467) rc_tank: [CAM-DIAG-C16V] PROTOCOL window=11 before=0x07 requested=0x07 after=0x07 name=bgn changed=0
W (139468) rc_tank: [CAM-DIAG-C16V] BEACON window=11 before=200 requested=200 after=200 changed=0
W (139475) rc_tank: [CAM-DIAG-C16V] TSF_GUARD window=11 beacon=200 after=0us budget=0us result=ESP_OK
W (139484) rc_tank: [CAM-DIAG-C16V] TSF_TARGET window=11 phase=0us tolerance=0us result=ESP_OK
W (139493) rc_tank: [CAM-DIAG-C16V] RGB_GAIN window=11 requested=110 result=ESP_OK
W (139500) rc_tank: [CAM-DIAG-C16V] PRESENT window=11 mode=direct chunk_lines=60 repeats=1 result=ESP_OK
W (139509) rc_tank: [CAM-DIAG-C16V] TAIL_DRAIN window=11 requested=0us result=ESP_OK
W (139516) rc_tank: [CAM-DIAG-C16V] EOF_PROFILE window=11 mode=software_index settle=0us result=ESP_OK
W (139526) rc_tank: [CAM-DIAG-C16V] ROW_PROFILE window=11 mode=1 boundary=120 band=16 result=ESP_OK
W (139534) rc_video: [CAM-DIAG-C16V] PROFILE window=11 sensor=real display=camera idle=0ms full_probe=0 cache=c2m_inv capture=461
W (139546) rc_tank: [CAM-DIAG-C16V] WINDOW_11 start: wifi=on sensor=real display=camera idle=0ms full_probe=off cache=c2m_inv dvp=staged100k protocol=bgn beacon=200 guard_after=0us capture_budget=0us target=0us tolerance=0us rgb_gain=110% present=direct chunk_lines=60 repeats=1 tail_drain=0us eof_mode=software_index eof_settle=0us row_mode=1 row_boundary=120 row_band=16
W (139588) rc_video: [CAM-DIAG-C16V] LIGHT stage=complete window=10 sensor=pattern display=camera idle=0ms full_probe=0 cache=c2m_inv frames=51 changes=1 sync_changes=0 sync_calls=51 sync_skips=0 unique=2 overflow=0 pre=253c8b79 post=253c8b79 luma_avg=121.5 luma_min=46 luma_max=123 luma_last=46 avg_probe=31.060ms max_probe=32.053ms tsf_waits=0 tsf_wait_us=0 tsf_wait_max_global_us=0 launch_phase_samples=0 launch_phase_avg=0.0 launch_phase_min=0 launch_phase_max=0 tsf_errors=0
W (145510) rc_video: [CAM-DIAG-C16V] LIGHT stage=periodic window=11 sensor=real display=camera idle=0ms full_probe=0 cache=c2m_inv frames=30 changes=29 sync_changes=0 sync_calls=30 sync_skips=0 unique=8 overflow=22 pre=f26bab7c post=f26bab7c luma_avg=46.3 luma_min=46 luma_max=54 luma_last=46 avg_probe=25.583ms max_probe=26.731ms tsf_waits=0 tsf_wait_us=0 tsf_wait_max_global_us=0 launch_phase_samples=0 launch_phase_avg=0.0 launch_phase_min=0 launch_phase_max=0 tsf_errors=0
I (145541) rc_video: [CAM-DIAG-C16V] ROW_MAP window=11 frame=491 mode=raw_fixed boundary=120 band=16 valid=1 target=392 source=472 rows=8 target_sig=3c71ffc7 source_sig=3c71ffc7 raw_repaired=1 rgb_repaired=0 repair_start=112 repair_rows=16 scans=491 matches=235 raw_repairs=285 rgb_repairs=0
I (145567) rc_video: [CAM-DIAG-C16V] HEALTH window=11 display_frame=491 guard_errors=0 quiesce=491 resume_before=490 lifecycle_errors=0 pause_req=491 pause_ack=491 pause_timeout=0 cache_sync_err=0 raw_post_err=0 overlap=0 finish_collision=0 tsf_waits=0 tsf_wait_us=0 tsf_wait_max_global_us=0 target=0 tolerance=0 launch_samples=0 launch_min=0 launch_max=0 rgb_gain=110 present=direct chunk_lines=60 repeats=1 tsf_errors=0 staged_events=5401 staged_copies=5401 staged_bytes=276531200 staged_tail=0 staged_forward=982 staged_fallback=0 staged_errors=0 tail_drain=0 tail_waits=0 tail_wait_us=0 eof_callbacks=5401 eof_valid=5401 eof_invalid=0 eof_mismatch=497 eof_half0=2461 eof_half1=2940 eof_mm_blocks=0/0/0/0/0/0/0/0/0/6/491 eof_settle=0 eof_settle_events=0 eof_settle_us=0 defer_events=0 drained=0 pending_collisions=0 drain_errors=0
W (149580) camera_hal: [CAM-DIAG-C16I] SP0A39 test_pattern=on P1:32 before=0x00 write=0x80 read=0x80 expected_bit=0x80
W (149681) rc_tank: [CAM-DIAG-C16V] PROTOCOL window=12 before=0x07 requested=0x07 after=0x07 name=bgn changed=0
W (149682) rc_tank: [CAM-DIAG-C16V] BEACON window=12 before=200 requested=200 after=200 changed=0
W (149689) rc_tank: [CAM-DIAG-C16V] TSF_GUARD window=12 beacon=200 after=0us budget=0us result=ESP_OK
W (149698) rc_tank: [CAM-DIAG-C16V] TSF_TARGET window=12 phase=0us tolerance=0us result=ESP_OK
W (149706) rc_tank: [CAM-DIAG-C16V] RGB_GAIN window=12 requested=110 result=ESP_OK
W (149714) rc_tank: [CAM-DIAG-C16V] PRESENT window=12 mode=direct chunk_lines=60 repeats=1 result=ESP_OK
W (149723) rc_tank: [CAM-DIAG-C16V] TAIL_DRAIN window=12 requested=0us result=ESP_OK
W (149730) rc_tank: [CAM-DIAG-C16V] EOF_PROFILE window=12 mode=software_index settle=0us result=ESP_OK
W (149739) rc_tank: [CAM-DIAG-C16V] ROW_PROFILE window=12 mode=1 boundary=160 band=16 result=ESP_OK
W (149748) rc_video: [CAM-DIAG-C16V] PROFILE window=12 sensor=pattern display=camera idle=0ms full_probe=0 cache=c2m_inv capture=512
W (149760) rc_tank: [CAM-DIAG-C16V] WINDOW_12 start: wifi=on sensor=pattern display=camera idle=0ms full_probe=off cache=c2m_inv dvp=staged100k protocol=bgn beacon=200 guard_after=0us capture_budget=0us target=0us tolerance=0us rgb_gain=110% present=direct chunk_lines=60 repeats=1 tail_drain=0us eof_mode=software_index eof_settle=0us row_mode=1 row_boundary=160 row_band=16
W (149805) rc_video: [CAM-DIAG-C16V] LIGHT stage=complete window=11 sensor=real display=camera idle=0ms full_probe=0 cache=c2m_inv frames=51 changes=50 sync_changes=0 sync_calls=51 sync_skips=0 unique=8 overflow=43 pre=18424d94 post=18424d94 luma_avg=47.7 luma_min=46 luma_max=123 luma_last=123 avg_probe=25.736ms max_probe=35.172ms tsf_waits=0 tsf_wait_us=0 tsf_wait_max_global_us=0 launch_phase_samples=0 launch_phase_avg=0.0 launch_phase_min=0 launch_phase_max=0 tsf_errors=0
W (155727) rc_video: [CAM-DIAG-C16V] LIGHT stage=periodic window=12 sensor=pattern display=camera idle=0ms full_probe=0 cache=c2m_inv frames=30 changes=0 sync_changes=0 sync_calls=30 sync_skips=0 unique=1 overflow=0 pre=18424d94 post=18424d94 luma_avg=123.0 luma_min=123 luma_max=123 luma_last=123 avg_probe=31.142ms max_probe=32.479ms tsf_waits=0 tsf_wait_us=0 tsf_wait_max_global_us=0 launch_phase_samples=0 launch_phase_avg=0.0 launch_phase_min=0 launch_phase_max=0 tsf_errors=0
I (155759) rc_video: [CAM-DIAG-C16V] ROW_MAP window=12 frame=542 mode=raw_fixed boundary=160 band=16 valid=0 target=0 source=0 rows=0 target_sig=00000000 source_sig=00000000 raw_repaired=1 rgb_repaired=0 repair_start=152 repair_rows=16 scans=542 matches=255 raw_repairs=336 rgb_repairs=0
I (155784) rc_video: [CAM-DIAG-C16V] HEALTH window=12 display_frame=542 guard_errors=0 quiesce=542 resume_before=541 lifecycle_errors=0 pause_req=542 pause_ack=542 pause_timeout=0 cache_sync_err=0 raw_post_err=0 overlap=0 finish_collision=0 tsf_waits=0 tsf_wait_us=0 tsf_wait_max_global_us=0 target=0 tolerance=0 launch_samples=0 launch_min=0 launch_max=0 rgb_gain=110 present=direct chunk_lines=60 repeats=1 tsf_errors=0 staged_events=5962 staged_copies=5962 staged_bytes=305254400 staged_tail=0 staged_forward=1084 staged_fallback=0 staged_errors=0 tail_drain=0 tail_waits=0 tail_wait_us=0 eof_callbacks=5962 eof_valid=5962 eof_invalid=0 eof_mismatch=549 eof_half0=2717 eof_half1=3245 eof_mm_blocks=0/0/0/0/0/0/0/0/0/7/542 eof_settle=0 eof_settle_events=0 eof_settle_us=0 defer_events=0 drained=0 pending_collisions=0 drain_errors=0
W (159795) camera_hal: [CAM-DIAG-C16I] SP0A39 test_pattern=off P1:32 before=0x80 write=0x00 read=0x00 expected_bit=0x00
W (159898) rc_tank: [CAM-DIAG-C16V] PROTOCOL window=13 before=0x07 requested=0x07 after=0x07 name=bgn changed=0
W (159899) rc_tank: [CAM-DIAG-C16V] BEACON window=13 before=200 requested=200 after=200 changed=0
W (159906) rc_tank: [CAM-DIAG-C16V] TSF_GUARD window=13 beacon=200 after=0us budget=0us result=ESP_OK
W (159915) rc_tank: [CAM-DIAG-C16V] TSF_TARGET window=13 phase=0us tolerance=0us result=ESP_OK
W (159923) rc_tank: [CAM-DIAG-C16V] RGB_GAIN window=13 requested=110 result=ESP_OK
W (159930) rc_tank: [CAM-DIAG-C16V] PRESENT window=13 mode=direct chunk_lines=60 repeats=1 result=ESP_OK
W (159939) rc_tank: [CAM-DIAG-C16V] TAIL_DRAIN window=13 requested=0us result=ESP_OK
W (159947) rc_tank: [CAM-DIAG-C16V] EOF_PROFILE window=13 mode=software_index settle=0us result=ESP_OK
W (159956) rc_tank: [CAM-DIAG-C16V] ROW_PROFILE window=13 mode=1 boundary=160 band=16 result=ESP_OK
W (159965) rc_video: [CAM-DIAG-C16V] PROFILE window=13 sensor=real display=camera idle=0ms full_probe=0 cache=c2m_inv capture=563
W (159976) rc_tank: [CAM-DIAG-C16V] WINDOW_13 start: wifi=on sensor=real display=camera idle=0ms full_probe=off cache=c2m_inv dvp=staged100k protocol=bgn beacon=200 guard_after=0us capture_budget=0us target=0us tolerance=0us rgb_gain=110% present=direct chunk_lines=60 repeats=1 tail_drain=0us eof_mode=software_index eof_settle=0us row_mode=1 row_boundary=160 row_band=16
W (160011) rc_video: [CAM-DIAG-C16V] LIGHT stage=complete window=12 sensor=pattern display=camera idle=0ms full_probe=0 cache=c2m_inv frames=51 changes=1 sync_changes=0 sync_calls=51 sync_skips=0 unique=2 overflow=0 pre=8e7a2f25 post=8e7a2f25 luma_avg=121.5 luma_min=46 luma_max=123 luma_last=46 avg_probe=31.038ms max_probe=32.479ms tsf_waits=0 tsf_wait_us=0 tsf_wait_max_global_us=0 launch_phase_samples=0 launch_phase_avg=0.0 launch_phase_min=0 launch_phase_max=0 tsf_errors=0
W (165934) rc_video: [CAM-DIAG-C16V] LIGHT stage=periodic window=13 sensor=real display=camera idle=0ms full_probe=0 cache=c2m_inv frames=30 changes=29 sync_changes=0 sync_calls=30 sync_skips=0 unique=8 overflow=22 pre=6762477e post=6762477e luma_avg=46.0 luma_min=46 luma_max=46 luma_last=46 avg_probe=25.618ms max_probe=26.341ms tsf_waits=0 tsf_wait_us=0 tsf_wait_max_global_us=0 launch_phase_samples=0 launch_phase_avg=0.0 launch_phase_min=0 launch_phase_max=0 tsf_errors=0
I (165965) rc_video: [CAM-DIAG-C16V] ROW_MAP window=13 frame=593 mode=raw_fixed boundary=160 band=16 valid=1 target=392 source=472 rows=8 target_sig=75d76948 source_sig=75d76948 raw_repaired=1 rgb_repaired=0 repair_start=152 repair_rows=16 scans=593 matches=286 raw_repairs=387 rgb_repairs=0
I (165990) rc_video: [CAM-DIAG-C16V] HEALTH window=13 display_frame=593 guard_errors=0 quiesce=593 resume_before=592 lifecycle_errors=0 pause_req=593 pause_ack=593 pause_timeout=0 cache_sync_err=0 raw_post_err=0 overlap=0 finish_collision=0 tsf_waits=0 tsf_wait_us=0 tsf_wait_max_global_us=0 target=0 tolerance=0 launch_samples=0 launch_min=0 launch_max=0 rgb_gain=110 present=direct chunk_lines=60 repeats=1 tsf_errors=0 staged_events=6523 staged_copies=6523 staged_bytes=333977600 staged_tail=0 staged_forward=1186 staged_fallback=0 staged_errors=0 tail_drain=0 tail_waits=0 tail_wait_us=0 eof_callbacks=6523 eof_valid=6523 eof_invalid=0 eof_mismatch=600 eof_half0=2972 eof_half1=3551 eof_mm_blocks=0/0/0/0/0/0/0/0/0/7/593 eof_settle=0 eof_settle_events=0 eof_settle_us=0 defer_events=0 drained=0 pending_collisions=0 drain_errors=0
W (170011) camera_hal: [CAM-DIAG-C16I] SP0A39 test_pattern=on P1:32 before=0x00 write=0x80 read=0x80 expected_bit=0x80
W (170112) rc_tank: [CAM-DIAG-C16V] PROTOCOL window=14 before=0x07 requested=0x07 after=0x07 name=bgn changed=0
W (170113) rc_tank: [CAM-DIAG-C16V] BEACON window=14 before=200 requested=200 after=200 changed=0
W (170120) rc_tank: [CAM-DIAG-C16V] TSF_GUARD window=14 beacon=200 after=0us budget=0us result=ESP_OK
W (170129) rc_tank: [CAM-DIAG-C16V] TSF_TARGET window=14 phase=0us tolerance=0us result=ESP_OK
W (170137) rc_tank: [CAM-DIAG-C16V] RGB_GAIN window=14 requested=110 result=ESP_OK
W (170145) rc_tank: [CAM-DIAG-C16V] PRESENT window=14 mode=direct chunk_lines=60 repeats=1 result=ESP_OK
W (170154) rc_tank: [CAM-DIAG-C16V] TAIL_DRAIN window=14 requested=0us result=ESP_OK
W (170161) rc_tank: [CAM-DIAG-C16V] EOF_PROFILE window=14 mode=software_index settle=0us result=ESP_OK
W (170170) rc_tank: [CAM-DIAG-C16V] ROW_PROFILE window=14 mode=1 boundary=200 band=16 result=ESP_OK
W (170179) rc_video: [CAM-DIAG-C16V] PROFILE window=14 sensor=pattern display=camera idle=0ms full_probe=0 cache=c2m_inv capture=614
W (170191) rc_tank: [CAM-DIAG-C16V] WINDOW_14 start: wifi=on sensor=pattern display=camera idle=0ms full_probe=off cache=c2m_inv dvp=staged100k protocol=bgn beacon=200 guard_after=0us capture_budget=0us target=0us tolerance=0us rgb_gain=110% present=direct chunk_lines=60 repeats=1 tail_drain=0us eof_mode=software_index eof_settle=0us row_mode=1 row_boundary=200 row_band=16
W (170228) rc_video: [CAM-DIAG-C16V] LIGHT stage=complete window=13 sensor=real display=camera idle=0ms full_probe=0 cache=c2m_inv frames=51 changes=50 sync_changes=0 sync_calls=51 sync_skips=0 unique=8 overflow=43 pre=18424d94 post=18424d94 luma_avg=47.5 luma_min=46 luma_max=123 luma_last=123 avg_probe=25.820ms max_probe=35.499ms tsf_waits=0 tsf_wait_us=0 tsf_wait_max_global_us=0 launch_phase_samples=0 launch_phase_avg=0.0 launch_phase_min=0 launch_phase_max=0 tsf_errors=0
W (176150) rc_video: [CAM-DIAG-C16V] LIGHT stage=periodic window=14 sensor=pattern display=camera idle=0ms full_probe=0 cache=c2m_inv frames=30 changes=0 sync_changes=0 sync_calls=30 sync_skips=0 unique=1 overflow=0 pre=18424d94 post=18424d94 luma_avg=123.0 luma_min=123 luma_max=123 luma_last=123 avg_probe=31.114ms max_probe=32.281ms tsf_waits=0 tsf_wait_us=0 tsf_wait_max_global_us=0 launch_phase_samples=0 launch_phase_avg=0.0 launch_phase_min=0 launch_phase_max=0 tsf_errors=0
I (176182) rc_video: [CAM-DIAG-C16V] ROW_MAP window=14 frame=644 mode=raw_fixed boundary=200 band=16 valid=0 target=0 source=0 rows=0 target_sig=00000000 source_sig=00000000 raw_repaired=1 rgb_repaired=0 repair_start=192 repair_rows=16 scans=644 matches=306 raw_repairs=438 rgb_repairs=0
I (176207) rc_video: [CAM-DIAG-C16V] HEALTH window=14 display_frame=644 guard_errors=0 quiesce=644 resume_before=643 lifecycle_errors=0 pause_req=644 pause_ack=644 pause_timeout=0 cache_sync_err=0 raw_post_err=0 overlap=0 finish_collision=0 tsf_waits=0 tsf_wait_us=0 tsf_wait_max_global_us=0 target=0 tolerance=0 launch_samples=0 launch_min=0 launch_max=0 rgb_gain=110 present=direct chunk_lines=60 repeats=1 tsf_errors=0 staged_events=7084 staged_copies=7084 staged_bytes=362700800 staged_tail=0 staged_forward=1288 staged_fallback=0 staged_errors=0 tail_drain=0 tail_waits=0 tail_wait_us=0 eof_callbacks=7084 eof_valid=7084 eof_invalid=0 eof_mismatch=651 eof_half0=3227 eof_half1=3857 eof_mm_blocks=0/0/0/0/0/0/0/0/0/7/644 eof_settle=0 eof_settle_events=0 eof_settle_us=0 defer_events=0 drained=0 pending_collisions=0 drain_errors=0
W (180225) camera_hal: [CAM-DIAG-C16I] SP0A39 test_pattern=off P1:32 before=0x80 write=0x00 read=0x00 expected_bit=0x00
W (180328) rc_tank: [CAM-DIAG-C16V] PROTOCOL window=15 before=0x07 requested=0x07 after=0x07 name=bgn changed=0
W (180328) rc_tank: [CAM-DIAG-C16V] BEACON window=15 before=200 requested=200 after=200 changed=0
W (180335) rc_tank: [CAM-DIAG-C16V] TSF_GUARD window=15 beacon=200 after=0us budget=0us result=ESP_OK
W (180345) rc_tank: [CAM-DIAG-C16V] TSF_TARGET window=15 phase=0us tolerance=0us result=ESP_OK
W (180353) rc_tank: [CAM-DIAG-C16V] RGB_GAIN window=15 requested=110 result=ESP_OK
W (180360) rc_tank: [CAM-DIAG-C16V] PRESENT window=15 mode=direct chunk_lines=60 repeats=1 result=ESP_OK
W (180369) rc_tank: [CAM-DIAG-C16V] TAIL_DRAIN window=15 requested=0us result=ESP_OK
W (180377) rc_tank: [CAM-DIAG-C16V] EOF_PROFILE window=15 mode=software_index settle=0us result=ESP_OK
W (180386) rc_tank: [CAM-DIAG-C16V] ROW_PROFILE window=15 mode=1 boundary=200 band=16 result=ESP_OK
W (180394) rc_video: [CAM-DIAG-C16V] PROFILE window=15 sensor=real display=camera idle=0ms full_probe=0 cache=c2m_inv capture=665
W (180406) rc_tank: [CAM-DIAG-C16V] WINDOW_15 start: wifi=on sensor=real display=camera idle=0ms full_probe=off cache=c2m_inv dvp=staged100k protocol=bgn beacon=200 guard_after=0us capture_budget=0us target=0us tolerance=0us rgb_gain=110% present=direct chunk_lines=60 repeats=1 tail_drain=0us eof_mode=software_index eof_settle=0us row_mode=1 row_boundary=200 row_band=16
W (180433) rc_video: [CAM-DIAG-C16V] LIGHT stage=complete window=14 sensor=pattern display=camera idle=0ms full_probe=0 cache=c2m_inv frames=51 changes=1 sync_changes=0 sync_calls=51 sync_skips=0 unique=2 overflow=0 pre=5a4bcd5c post=5a4bcd5c luma_avg=121.5 luma_min=46 luma_max=123 luma_last=46 avg_probe=31.060ms max_probe=32.281ms tsf_waits=0 tsf_wait_us=0 tsf_wait_max_global_us=0 launch_phase_samples=0 launch_phase_avg=0.0 launch_phase_min=0 launch_phase_max=0 tsf_errors=0
W (186356) rc_video: [CAM-DIAG-C16V] LIGHT stage=periodic window=15 sensor=real display=camera idle=0ms full_probe=0 cache=c2m_inv frames=30 changes=29 sync_changes=0 sync_calls=30 sync_skips=0 unique=8 overflow=22 pre=87254aa1 post=87254aa1 luma_avg=46.4 luma_min=46 luma_max=54 luma_last=46 avg_probe=25.568ms max_probe=26.104ms tsf_waits=0 tsf_wait_us=0 tsf_wait_max_global_us=0 launch_phase_samples=0 launch_phase_avg=0.0 launch_phase_min=0 launch_phase_max=0 tsf_errors=0
I (186387) rc_video: [CAM-DIAG-C16V] ROW_MAP window=15 frame=695 mode=raw_fixed boundary=200 band=16 valid=1 target=392 source=472 rows=8 target_sig=155326df source_sig=155326df raw_repaired=1 rgb_repaired=0 repair_start=192 repair_rows=16 scans=695 matches=337 raw_repairs=489 rgb_repairs=0
I (186413) rc_video: [CAM-DIAG-C16V] HEALTH window=15 display_frame=695 guard_errors=0 quiesce=695 resume_before=694 lifecycle_errors=0 pause_req=695 pause_ack=695 pause_timeout=0 cache_sync_err=0 raw_post_err=0 overlap=0 finish_collision=0 tsf_waits=0 tsf_wait_us=0 tsf_wait_max_global_us=0 target=0 tolerance=0 launch_samples=0 launch_min=0 launch_max=0 rgb_gain=110 present=direct chunk_lines=60 repeats=1 tsf_errors=0 staged_events=7645 staged_copies=7645 staged_bytes=391424000 staged_tail=0 staged_forward=1390 staged_fallback=0 staged_errors=0 tail_drain=0 tail_waits=0 tail_wait_us=0 eof_callbacks=7645 eof_valid=7645 eof_invalid=0 eof_mismatch=703 eof_half0=3483 eof_half1=4162 eof_mm_blocks=0/0/0/0/0/0/0/0/0/8/695 eof_settle=0 eof_settle_events=0 eof_settle_us=0 defer_events=0 drained=0 pending_collisions=0 drain_errors=0
W (190440) camera_hal: [CAM-DIAG-C16I] SP0A39 test_pattern=on P1:32 before=0x00 write=0x80 read=0x80 expected_bit=0x80
W (190541) rc_tank: [CAM-DIAG-C16V] PROTOCOL window=16 before=0x07 requested=0x07 after=0x07 name=bgn changed=0
W (190542) rc_tank: [CAM-DIAG-C16V] BEACON window=16 before=200 requested=200 after=200 changed=0
W (190549) rc_tank: [CAM-DIAG-C16V] TSF_GUARD window=16 beacon=200 after=0us budget=0us result=ESP_OK
W (190558) rc_tank: [CAM-DIAG-C16V] TSF_TARGET window=16 phase=0us tolerance=0us result=ESP_OK
W (190566) rc_tank: [CAM-DIAG-C16V] RGB_GAIN window=16 requested=110 result=ESP_OK
W (190573) rc_tank: [CAM-DIAG-C16V] PRESENT window=16 mode=direct chunk_lines=60 repeats=1 result=ESP_OK
W (190582) rc_tank: [CAM-DIAG-C16V] TAIL_DRAIN window=16 requested=0us result=ESP_OK
W (190590) rc_tank: [CAM-DIAG-C16V] EOF_PROFILE window=16 mode=software_index settle=0us result=ESP_OK
W (190599) rc_tank: [CAM-DIAG-C16V] ROW_PROFILE window=16 mode=1 boundary=240 band=16 result=ESP_OK
W (190608) rc_video: [CAM-DIAG-C16V] PROFILE window=16 sensor=pattern display=camera idle=0ms full_probe=0 cache=c2m_inv capture=716
W (190619) rc_tank: [CAM-DIAG-C16V] WINDOW_16 start: wifi=on sensor=pattern display=camera idle=0ms full_probe=off cache=c2m_inv dvp=staged100k protocol=bgn beacon=200 guard_after=0us capture_budget=0us target=0us tolerance=0us rgb_gain=110% present=direct chunk_lines=60 repeats=1 tail_drain=0us eof_mode=software_index eof_settle=0us row_mode=1 row_boundary=240 row_band=16
W (190648) rc_video: [CAM-DIAG-C16V] LIGHT stage=complete window=15 sensor=real display=camera idle=0ms full_probe=0 cache=c2m_inv frames=51 changes=50 sync_changes=0 sync_calls=51 sync_skips=0 unique=8 overflow=43 pre=18424d94 post=18424d94 luma_avg=47.8 luma_min=46 luma_max=123 luma_last=123 avg_probe=25.744ms max_probe=31.867ms tsf_waits=0 tsf_wait_us=0 tsf_wait_max_global_us=0 launch_phase_samples=0 launch_phase_avg=0.0 launch_phase_min=0 launch_phase_max=0 tsf_errors=0
W (196573) rc_video: [CAM-DIAG-C16V] LIGHT stage=periodic window=16 sensor=pattern display=camera idle=0ms full_probe=0 cache=c2m_inv frames=30 changes=1 sync_changes=0 sync_calls=30 sync_skips=0 unique=2 overflow=0 pre=18424d94 post=18424d94 luma_avg=122.5 luma_min=107 luma_max=123 luma_last=123 avg_probe=31.289ms max_probe=33.438ms tsf_waits=0 tsf_wait_us=0 tsf_wait_max_global_us=0 launch_phase_samples=0 launch_phase_avg=0.0 launch_phase_min=0 launch_phase_max=0 tsf_errors=0
I (196604) rc_video: [CAM-DIAG-C16V] ROW_MAP window=16 frame=746 mode=raw_fixed boundary=240 band=16 valid=0 target=0 source=0 rows=0 target_sig=00000000 source_sig=00000000 raw_repaired=1 rgb_repaired=0 repair_start=232 repair_rows=16 scans=746 matches=357 raw_repairs=540 rgb_repairs=0
I (196629) rc_video: [CAM-DIAG-C16V] HEALTH window=16 display_frame=746 guard_errors=0 quiesce=746 resume_before=745 lifecycle_errors=0 pause_req=746 pause_ack=746 pause_timeout=0 cache_sync_err=0 raw_post_err=0 overlap=0 finish_collision=0 tsf_waits=0 tsf_wait_us=0 tsf_wait_max_global_us=0 target=0 tolerance=0 launch_samples=0 launch_min=0 launch_max=0 rgb_gain=110 present=direct chunk_lines=60 repeats=1 tsf_errors=0 staged_events=8206 staged_copies=8206 staged_bytes=420147200 staged_tail=0 staged_forward=1492 staged_fallback=0 staged_errors=0 tail_drain=0 tail_waits=0 tail_wait_us=0 eof_callbacks=8206 eof_valid=8206 eof_invalid=0 eof_mismatch=756 eof_half0=3738 eof_half1=4468 eof_mm_blocks=0/0/0/0/0/0/0/0/1/9/746 eof_settle=0 eof_settle_events=0 eof_settle_us=0 defer_events=0 drained=0 pending_collisions=0 drain_errors=0
W (200654) camera_hal: [CAM-DIAG-C16I] SP0A39 test_pattern=off P1:32 before=0x80 write=0x00 read=0x00 expected_bit=0x00
W (200755) rc_tank: [CAM-DIAG-C16V] PROTOCOL window=17 before=0x07 requested=0x07 after=0x07 name=bgn changed=0
W (200756) rc_tank: [CAM-DIAG-C16V] BEACON window=17 before=200 requested=200 after=200 changed=0
W (200763) rc_tank: [CAM-DIAG-C16V] TSF_GUARD window=17 beacon=200 after=0us budget=0us result=ESP_OK
W (200772) rc_tank: [CAM-DIAG-C16V] TSF_TARGET window=17 phase=0us tolerance=0us result=ESP_OK
W (200780) rc_tank: [CAM-DIAG-C16V] RGB_GAIN window=17 requested=110 result=ESP_OK
W (200788) rc_tank: [CAM-DIAG-C16V] PRESENT window=17 mode=direct chunk_lines=60 repeats=1 result=ESP_OK
W (200797) rc_tank: [CAM-DIAG-C16V] TAIL_DRAIN window=17 requested=0us result=ESP_OK
W (200804) rc_tank: [CAM-DIAG-C16V] EOF_PROFILE window=17 mode=software_index settle=0us result=ESP_OK
W (200813) rc_tank: [CAM-DIAG-C16V] ROW_PROFILE window=17 mode=1 boundary=240 band=16 result=ESP_OK
W (200822) rc_video: [CAM-DIAG-C16V] PROFILE window=17 sensor=real display=camera idle=0ms full_probe=0 cache=c2m_inv capture=767
W (200833) rc_tank: [CAM-DIAG-C16V] WINDOW_17 start: wifi=on sensor=real display=camera idle=0ms full_probe=off cache=c2m_inv dvp=staged100k protocol=bgn beacon=200 guard_after=0us capture_budget=0us target=0us tolerance=0us rgb_gain=110% present=direct chunk_lines=60 repeats=1 tail_drain=0us eof_mode=software_index eof_settle=0us row_mode=1 row_boundary=240 row_band=16
W (200854) rc_video: [CAM-DIAG-C16V] LIGHT stage=complete window=16 sensor=pattern display=camera idle=0ms full_probe=0 cache=c2m_inv frames=51 changes=2 sync_changes=0 sync_calls=51 sync_skips=0 unique=3 overflow=0 pre=e9709edc post=e9709edc luma_avg=121.2 luma_min=46 luma_max=123 luma_last=46 avg_probe=31.189ms max_probe=33.438ms tsf_waits=0 tsf_wait_us=0 tsf_wait_max_global_us=0 launch_phase_samples=0 launch_phase_avg=0.0 launch_phase_min=0 launch_phase_max=0 tsf_errors=0
W (206779) rc_video: [CAM-DIAG-C16V] LIGHT stage=periodic window=17 sensor=real display=camera idle=0ms full_probe=0 cache=c2m_inv frames=30 changes=29 sync_changes=0 sync_calls=30 sync_skips=0 unique=8 overflow=22 pre=ee92fe79 post=ee92fe79 luma_avg=46.3 luma_min=46 luma_max=54 luma_last=46 avg_probe=25.607ms max_probe=26.409ms tsf_waits=0 tsf_wait_us=0 tsf_wait_max_global_us=0 launch_phase_samples=0 launch_phase_avg=0.0 launch_phase_min=0 launch_phase_max=0 tsf_errors=0
I (206810) rc_video: [CAM-DIAG-C16V] ROW_MAP window=17 frame=797 mode=raw_fixed boundary=240 band=16 valid=1 target=392 source=472 rows=8 target_sig=122847b4 source_sig=122847b4 raw_repaired=1 rgb_repaired=0 repair_start=232 repair_rows=16 scans=797 matches=388 raw_repairs=591 rgb_repairs=0
I (206835) rc_video: [CAM-DIAG-C16V] HEALTH window=17 display_frame=797 guard_errors=0 quiesce=797 resume_before=796 lifecycle_errors=0 pause_req=797 pause_ack=797 pause_timeout=0 cache_sync_err=0 raw_post_err=0 overlap=0 finish_collision=0 tsf_waits=0 tsf_wait_us=0 tsf_wait_max_global_us=0 target=0 tolerance=0 launch_samples=0 launch_min=0 launch_max=0 rgb_gain=110 present=direct chunk_lines=60 repeats=1 tsf_errors=0 staged_events=8767 staged_copies=8767 staged_bytes=448870400 staged_tail=0 staged_forward=1594 staged_fallback=0 staged_errors=0 tail_drain=0 tail_waits=0 tail_wait_us=0 eof_callbacks=8767 eof_valid=8767 eof_invalid=0 eof_mismatch=809 eof_half0=3993 eof_half1=4774 eof_mm_blocks=0/0/0/0/0/0/0/0/2/10/797 eof_settle=0 eof_settle_events=0 eof_settle_us=0 defer_events=0 drained=0 pending_collisions=0 drain_errors=0
W (210868) camera_hal: [CAM-DIAG-C16I] SP0A39 test_pattern=on P1:32 before=0x00 write=0x80 read=0x80 expected_bit=0x80
W (210969) rc_tank: [CAM-DIAG-C16V] PROTOCOL window=18 before=0x07 requested=0x07 after=0x07 name=bgn changed=0
W (210970) rc_tank: [CAM-DIAG-C16V] BEACON window=18 before=200 requested=200 after=200 changed=0
W (210977) rc_tank: [CAM-DIAG-C16V] TSF_GUARD window=18 beacon=200 after=0us budget=0us result=ESP_OK
W (210986) rc_tank: [CAM-DIAG-C16V] TSF_TARGET window=18 phase=0us tolerance=0us result=ESP_OK
W (210994) rc_tank: [CAM-DIAG-C16V] RGB_GAIN window=18 requested=110 result=ESP_OK
W (211002) rc_tank: [CAM-DIAG-C16V] PRESENT window=18 mode=direct chunk_lines=60 repeats=1 result=ESP_OK
W (211011) rc_tank: [CAM-DIAG-C16V] TAIL_DRAIN window=18 requested=0us result=ESP_OK
W (211018) rc_tank: [CAM-DIAG-C16V] EOF_PROFILE window=18 mode=software_index settle=0us result=ESP_OK
W (211027) rc_tank: [CAM-DIAG-C16V] ROW_PROFILE window=18 mode=1 boundary=280 band=16 result=ESP_OK
W (211036) rc_video: [CAM-DIAG-C16V] PROFILE window=18 sensor=pattern display=camera idle=0ms full_probe=0 cache=c2m_inv capture=818
W (211048) rc_tank: [CAM-DIAG-C16V] WINDOW_18 start: wifi=on sensor=pattern display=camera idle=0ms full_probe=off cache=c2m_inv dvp=staged100k protocol=bgn beacon=200 guard_after=0us capture_budget=0us target=0us tolerance=0us rgb_gain=110% present=direct chunk_lines=60 repeats=1 tail_drain=0us eof_mode=software_index eof_settle=0us row_mode=1 row_boundary=280 row_band=16
W (211071) rc_video: [CAM-DIAG-C16V] LIGHT stage=complete window=17 sensor=real display=camera idle=0ms full_probe=0 cache=c2m_inv frames=51 changes=50 sync_changes=0 sync_calls=51 sync_skips=0 unique=8 overflow=43 pre=18424d94 post=18424d94 luma_avg=47.7 luma_min=46 luma_max=123 luma_last=123 avg_probe=25.752ms max_probe=31.188ms tsf_waits=0 tsf_wait_us=0 tsf_wait_max_global_us=0 launch_phase_samples=0 launch_phase_avg=0.0 launch_phase_min=0 launch_phase_max=0 tsf_errors=0
W (216996) rc_video: [CAM-DIAG-C16V] LIGHT stage=periodic window=18 sensor=pattern display=camera idle=0ms full_probe=0 cache=c2m_inv frames=30 changes=0 sync_changes=0 sync_calls=30 sync_skips=0 unique=1 overflow=0 pre=18424d94 post=18424d94 luma_avg=123.0 luma_min=123 luma_max=123 luma_last=123 avg_probe=31.352ms max_probe=32.384ms tsf_waits=0 tsf_wait_us=0 tsf_wait_max_global_us=0 launch_phase_samples=0 launch_phase_avg=0.0 launch_phase_min=0 launch_phase_max=0 tsf_errors=0
I (217027) rc_video: [CAM-DIAG-C16V] ROW_MAP window=18 frame=848 mode=raw_fixed boundary=280 band=16 valid=0 target=0 source=0 rows=0 target_sig=00000000 source_sig=00000000 raw_repaired=1 rgb_repaired=0 repair_start=272 repair_rows=16 scans=848 matches=408 raw_repairs=642 rgb_repairs=0
I (217052) rc_video: [CAM-DIAG-C16V] HEALTH window=18 display_frame=848 guard_errors=0 quiesce=848 resume_before=847 lifecycle_errors=0 pause_req=848 pause_ack=848 pause_timeout=0 cache_sync_err=0 raw_post_err=0 overlap=0 finish_collision=0 tsf_waits=0 tsf_wait_us=0 tsf_wait_max_global_us=0 target=0 tolerance=0 launch_samples=0 launch_min=0 launch_max=0 rgb_gain=110 present=direct chunk_lines=60 repeats=1 tsf_errors=0 staged_events=9328 staged_copies=9328 staged_bytes=477593600 staged_tail=0 staged_forward=1696 staged_fallback=0 staged_errors=0 tail_drain=0 tail_waits=0 tail_wait_us=0 eof_callbacks=9328 eof_valid=9328 eof_invalid=0 eof_mismatch=861 eof_half0=4249 eof_half1=5079 eof_mm_blocks=0/0/0/0/0/0/0/0/2/11/848 eof_settle=0 eof_settle_events=0 eof_settle_us=0 defer_events=0 drained=0 pending_collisions=0 drain_errors=0
W (221082) camera_hal: [CAM-DIAG-C16I] SP0A39 test_pattern=off P1:32 before=0x80 write=0x00 read=0x00 expected_bit=0x00
W (221183) rc_tank: [CAM-DIAG-C16V] PROTOCOL window=19 before=0x07 requested=0x07 after=0x07 name=bgn changed=0
W (221184) rc_tank: [CAM-DIAG-C16V] BEACON window=19 before=200 requested=200 after=200 changed=0
W (221191) rc_tank: [CAM-DIAG-C16V] TSF_GUARD window=19 beacon=200 after=0us budget=0us result=ESP_OK
W (221200) rc_tank: [CAM-DIAG-C16V] TSF_TARGET window=19 phase=0us tolerance=0us result=ESP_OK
W (221208) rc_tank: [CAM-DIAG-C16V] RGB_GAIN window=19 requested=110 result=ESP_OK
W (221216) rc_tank: [CAM-DIAG-C16V] PRESENT window=19 mode=direct chunk_lines=60 repeats=1 result=ESP_OK
W (221225) rc_tank: [CAM-DIAG-C16V] TAIL_DRAIN window=19 requested=0us result=ESP_OK
W (221232) rc_tank: [CAM-DIAG-C16V] EOF_PROFILE window=19 mode=software_index settle=0us result=ESP_OK
W (221241) rc_tank: [CAM-DIAG-C16V] ROW_PROFILE window=19 mode=1 boundary=280 band=16 result=ESP_OK
W (221250) rc_video: [CAM-DIAG-C16V] PROFILE window=19 sensor=real display=camera idle=0ms full_probe=0 cache=c2m_inv capture=869
W (221262) rc_tank: [CAM-DIAG-C16V] WINDOW_19 start: wifi=on sensor=real display=camera idle=0ms full_probe=off cache=c2m_inv dvp=staged100k protocol=bgn beacon=200 guard_after=0us capture_budget=0us target=0us tolerance=0us rgb_gain=110% present=direct chunk_lines=60 repeats=1 tail_drain=0us eof_mode=software_index eof_settle=0us row_mode=1 row_boundary=280 row_band=16
W (221276) rc_video: [CAM-DIAG-C16V] LIGHT stage=complete window=18 sensor=pattern display=camera idle=0ms full_probe=0 cache=c2m_inv frames=51 changes=1 sync_changes=0 sync_calls=51 sync_skips=0 unique=2 overflow=0 pre=82878bae post=82878bae luma_avg=121.5 luma_min=46 luma_max=123 luma_last=46 avg_probe=31.172ms max_probe=32.384ms tsf_waits=0 tsf_wait_us=0 tsf_wait_max_global_us=0 launch_phase_samples=0 launch_phase_avg=0.0 launch_phase_min=0 launch_phase_max=0 tsf_errors=0
W (227202) rc_video: [CAM-DIAG-C16V] LIGHT stage=periodic window=19 sensor=real display=camera idle=0ms full_probe=0 cache=c2m_inv frames=30 changes=29 sync_changes=0 sync_calls=30 sync_skips=0 unique=8 overflow=22 pre=80dc2a63 post=80dc2a63 luma_avg=46.2 luma_min=46 luma_max=53 luma_last=46 avg_probe=25.602ms max_probe=26.891ms tsf_waits=0 tsf_wait_us=0 tsf_wait_max_global_us=0 launch_phase_samples=0 launch_phase_avg=0.0 launch_phase_min=0 launch_phase_max=0 tsf_errors=0
I (227233) rc_video: [CAM-DIAG-C16V] ROW_MAP window=19 frame=899 mode=raw_fixed boundary=280 band=16 valid=1 target=392 source=472 rows=8 target_sig=840eb6b3 source_sig=840eb6b3 raw_repaired=1 rgb_repaired=0 repair_start=272 repair_rows=16 scans=899 matches=439 raw_repairs=693 rgb_repairs=0
I (227259) rc_video: [CAM-DIAG-C16V] HEALTH window=19 display_frame=899 guard_errors=0 quiesce=899 resume_before=898 lifecycle_errors=0 pause_req=899 pause_ack=899 pause_timeout=0 cache_sync_err=0 raw_post_err=0 overlap=0 finish_collision=0 tsf_waits=0 tsf_wait_us=0 tsf_wait_max_global_us=0 target=0 tolerance=0 launch_samples=0 launch_min=0 launch_max=0 rgb_gain=110 present=direct chunk_lines=60 repeats=1 tsf_errors=0 staged_events=9889 staged_copies=9889 staged_bytes=506316800 staged_tail=0 staged_forward=1798 staged_fallback=0 staged_errors=0 tail_drain=0 tail_waits=0 tail_wait_us=0 eof_callbacks=9889 eof_valid=9889 eof_invalid=0 eof_mismatch=913 eof_half0=4505 eof_half1=5384 eof_mm_blocks=0/0/0/0/0/0/0/0/2/12/899 eof_settle=0 eof_settle_events=0 eof_settle_us=0 defer_events=0 drained=0 pending_collisions=0 drain_errors=0
W (231296) camera_hal: [CAM-DIAG-C16I] SP0A39 test_pattern=on P1:32 before=0x00 write=0x80 read=0x80 expected_bit=0x80
W (231397) rc_tank: [CAM-DIAG-C16V] PROTOCOL window=20 before=0x07 requested=0x07 after=0x07 name=bgn changed=0
W (231398) rc_tank: [CAM-DIAG-C16V] BEACON window=20 before=200 requested=200 after=200 changed=0
W (231405) rc_tank: [CAM-DIAG-C16V] TSF_GUARD window=20 beacon=200 after=0us budget=0us result=ESP_OK
W (231414) rc_tank: [CAM-DIAG-C16V] TSF_TARGET window=20 phase=0us tolerance=0us result=ESP_OK
W (231422) rc_tank: [CAM-DIAG-C16V] RGB_GAIN window=20 requested=110 result=ESP_OK
W (231430) rc_tank: [CAM-DIAG-C16V] PRESENT window=20 mode=direct chunk_lines=60 repeats=1 result=ESP_OK
W (231439) rc_tank: [CAM-DIAG-C16V] TAIL_DRAIN window=20 requested=0us result=ESP_OK
W (231446) rc_tank: [CAM-DIAG-C16V] EOF_PROFILE window=20 mode=software_index settle=0us result=ESP_OK
W (231455) rc_tank: [CAM-DIAG-C16V] ROW_PROFILE window=20 mode=1 boundary=320 band=16 result=ESP_OK
W (231464) rc_video: [CAM-DIAG-C16V] PROFILE window=20 sensor=pattern display=camera idle=0ms full_probe=0 cache=c2m_inv capture=920
W (231476) rc_tank: [CAM-DIAG-C16V] WINDOW_20 start: wifi=on sensor=pattern display=camera idle=0ms full_probe=off cache=c2m_inv dvp=staged100k protocol=bgn beacon=200 guard_after=0us capture_budget=0us target=0us tolerance=0us rgb_gain=110% present=direct chunk_lines=60 repeats=1 tail_drain=0us eof_mode=software_index eof_settle=0us row_mode=1 row_boundary=320 row_band=16
W (231493) rc_video: [CAM-DIAG-C16V] LIGHT stage=complete window=19 sensor=real display=camera idle=0ms full_probe=0 cache=c2m_inv frames=51 changes=50 sync_changes=0 sync_calls=51 sync_skips=0 unique=8 overflow=43 pre=18424d94 post=18424d94 luma_avg=47.6 luma_min=45 luma_max=123 luma_last=123 avg_probe=25.698ms max_probe=31.553ms tsf_waits=0 tsf_wait_us=0 tsf_wait_max_global_us=0 launch_phase_samples=0 launch_phase_avg=0.0 launch_phase_min=0 launch_phase_max=0 tsf_errors=0
W (237419) rc_video: [CAM-DIAG-C16V] LIGHT stage=periodic window=20 sensor=pattern display=camera idle=0ms full_probe=0 cache=c2m_inv frames=30 changes=1 sync_changes=0 sync_calls=30 sync_skips=0 unique=2 overflow=0 pre=18424d94 post=18424d94 luma_avg=122.5 luma_min=107 luma_max=123 luma_last=123 avg_probe=31.282ms max_probe=32.742ms tsf_waits=0 tsf_wait_us=0 tsf_wait_max_global_us=0 launch_phase_samples=0 launch_phase_avg=0.0 launch_phase_min=0 launch_phase_max=0 tsf_errors=0
I (237450) rc_video: [CAM-DIAG-C16V] ROW_MAP window=20 frame=950 mode=raw_fixed boundary=320 band=16 valid=0 target=0 source=0 rows=0 target_sig=00000000 source_sig=00000000 raw_repaired=1 rgb_repaired=0 repair_start=312 repair_rows=16 scans=950 matches=460 raw_repairs=744 rgb_repairs=0
I (237475) rc_video: [CAM-DIAG-C16V] HEALTH window=20 display_frame=950 guard_errors=0 quiesce=950 resume_before=949 lifecycle_errors=0 pause_req=950 pause_ack=950 pause_timeout=0 cache_sync_err=0 raw_post_err=0 overlap=0 finish_collision=0 tsf_waits=0 tsf_wait_us=0 tsf_wait_max_global_us=0 target=0 tolerance=0 launch_samples=0 launch_min=0 launch_max=0 rgb_gain=110 present=direct chunk_lines=60 repeats=1 tsf_errors=0 staged_events=10451 staged_copies=10450 staged_bytes=535040000 staged_tail=1 staged_forward=1900 staged_fallback=0 staged_errors=0 tail_drain=0 tail_waits=0 tail_wait_us=0 eof_callbacks=10451 eof_valid=10450 eof_invalid=0 eof_mismatch=966 eof_half0=4760 eof_half1=5690 eof_mm_blocks=0/0/0/0/0/0/0/0/3/13/950 eof_settle=0 eof_settle_events=0 eof_settle_us=0 defer_events=0 drained=0 pending_collisions=0 drain_errors=0
W (241510) camera_hal: [CAM-DIAG-C16I] SP0A39 test_pattern=off P1:32 before=0x80 write=0x00 read=0x00 expected_bit=0x00
W (241611) rc_tank: [CAM-DIAG-C16V] PROTOCOL window=21 before=0x07 requested=0x07 after=0x07 name=bgn changed=0
W (241612) rc_tank: [CAM-DIAG-C16V] BEACON window=21 before=200 requested=200 after=200 changed=0
W (241619) rc_tank: [CAM-DIAG-C16V] TSF_GUARD window=21 beacon=200 after=0us budget=0us result=ESP_OK
W (241628) rc_tank: [CAM-DIAG-C16V] TSF_TARGET window=21 phase=0us tolerance=0us result=ESP_OK
W (241636) rc_tank: [CAM-DIAG-C16V] RGB_GAIN window=21 requested=110 result=ESP_OK
W (241644) rc_tank: [CAM-DIAG-C16V] PRESENT window=21 mode=direct chunk_lines=60 repeats=1 result=ESP_OK
W (241653) rc_tank: [CAM-DIAG-C16V] TAIL_DRAIN window=21 requested=0us result=ESP_OK
W (241660) rc_tank: [CAM-DIAG-C16V] EOF_PROFILE window=21 mode=software_index settle=0us result=ESP_OK
W (241669) rc_tank: [CAM-DIAG-C16V] ROW_PROFILE window=21 mode=1 boundary=320 band=16 result=ESP_OK
W (241678) rc_video: [CAM-DIAG-C16V] PROFILE window=21 sensor=real display=camera idle=0ms full_probe=0 cache=c2m_inv capture=971
W (241689) rc_tank: [CAM-DIAG-C16V] WINDOW_21 start: wifi=on sensor=real display=camera idle=0ms full_probe=off cache=c2m_inv dvp=staged100k protocol=bgn beacon=200 guard_after=0us capture_budget=0us target=0us tolerance=0us rgb_gain=110% present=direct chunk_lines=60 repeats=1 tail_drain=0us eof_mode=software_index eof_settle=0us row_mode=1 row_boundary=320 row_band=16
W (241699) rc_video: [CAM-DIAG-C16V] LIGHT stage=complete window=20 sensor=pattern display=camera idle=0ms full_probe=0 cache=c2m_inv frames=51 changes=2 sync_changes=0 sync_calls=51 sync_skips=0 unique=3 overflow=0 pre=9670c4b1 post=9670c4b1 luma_avg=121.2 luma_min=46 luma_max=123 luma_last=46 avg_probe=31.154ms max_probe=32.742ms tsf_waits=0 tsf_wait_us=0 tsf_wait_max_global_us=0 launch_phase_samples=0 launch_phase_avg=0.0 launch_phase_min=0 launch_phase_max=0 tsf_errors=0
W (247626) rc_video: [CAM-DIAG-C16V] LIGHT stage=periodic window=21 sensor=real display=camera idle=0ms full_probe=0 cache=c2m_inv frames=30 changes=29 sync_changes=0 sync_calls=30 sync_skips=0 unique=8 overflow=22 pre=d72b5f94 post=d72b5f94 luma_avg=46.3 luma_min=46 luma_max=54 luma_last=46 avg_probe=25.600ms max_probe=26.799ms tsf_waits=0 tsf_wait_us=0 tsf_wait_max_global_us=0 launch_phase_samples=0 launch_phase_avg=0.0 launch_phase_min=0 launch_phase_max=0 tsf_errors=0
I (247657) rc_video: [CAM-DIAG-C16V] ROW_MAP window=21 frame=1001 mode=raw_fixed boundary=320 band=16 valid=1 target=392 source=472 rows=8 target_sig=5fe54856 source_sig=5fe54856 raw_repaired=1 rgb_repaired=0 repair_start=312 repair_rows=16 scans=1001 matches=491 raw_repairs=795 rgb_repairs=0
I (247682) rc_video: [CAM-DIAG-C16V] HEALTH window=21 display_frame=1001 guard_errors=0 quiesce=1001 resume_before=1000 lifecycle_errors=0 pause_req=1001 pause_ack=1001 pause_timeout=0 cache_sync_err=0 raw_post_err=0 overlap=0 finish_collision=0 tsf_waits=0 tsf_wait_us=0 tsf_wait_max_global_us=0 target=0 tolerance=0 launch_samples=0 launch_min=0 launch_max=0 rgb_gain=110 present=direct chunk_lines=60 repeats=1 tsf_errors=0 staged_events=11013 staged_copies=11011 staged_bytes=563763200 staged_tail=2 staged_forward=2002 staged_fallback=0 staged_errors=0 tail_drain=0 tail_waits=0 tail_wait_us=0 eof_callbacks=11013 eof_valid=11011 eof_invalid=0 eof_mismatch=1019 eof_half0=5015 eof_half1=5996 eof_mm_blocks=0/0/0/0/0/0/0/0/4/14/1001 eof_settle=0 eof_settle_events=0 eof_settle_us=0 defer_events=0 drained=0 pending_collisions=0 drain_errors=0
W (251724) camera_hal: [CAM-DIAG-C16I] SP0A39 test_pattern=on P1:32 before=0x00 write=0x80 read=0x80 expected_bit=0x80
W (251825) rc_tank: [CAM-DIAG-C16V] PROTOCOL window=22 before=0x07 requested=0x07 after=0x07 name=bgn changed=0
W (251826) rc_tank: [CAM-DIAG-C16V] BEACON window=22 before=200 requested=200 after=200 changed=0
W (251833) rc_tank: [CAM-DIAG-C16V] TSF_GUARD window=22 beacon=200 after=0us budget=0us result=ESP_OK
W (251842) rc_tank: [CAM-DIAG-C16V] TSF_TARGET window=22 phase=0us tolerance=0us result=ESP_OK
W (251850) rc_tank: [CAM-DIAG-C16V] RGB_GAIN window=22 requested=110 result=ESP_OK
W (251858) rc_tank: [CAM-DIAG-C16V] PRESENT window=22 mode=direct chunk_lines=60 repeats=1 result=ESP_OK
W (251867) rc_tank: [CAM-DIAG-C16V] TAIL_DRAIN window=22 requested=0us result=ESP_OK
W (251874) rc_tank: [CAM-DIAG-C16V] EOF_PROFILE window=22 mode=software_index settle=0us result=ESP_OK
W (251883) rc_tank: [CAM-DIAG-C16V] ROW_PROFILE window=22 mode=1 boundary=360 band=16 result=ESP_OK
W (251892) rc_video: [CAM-DIAG-C16V] PROFILE window=22 sensor=pattern display=camera idle=0ms full_probe=0 cache=c2m_inv capture=1022
W (251904) rc_tank: [CAM-DIAG-C16V] WINDOW_22 start: wifi=on sensor=pattern display=camera idle=0ms full_probe=off cache=c2m_inv dvp=staged100k protocol=bgn beacon=200 guard_after=0us capture_budget=0us target=0us tolerance=0us rgb_gain=110% present=direct chunk_lines=60 repeats=1 tail_drain=0us eof_mode=software_index eof_settle=0us row_mode=1 row_boundary=360 row_band=16
W (251915) rc_video: [CAM-DIAG-C16V] LIGHT stage=complete window=21 sensor=real display=camera idle=0ms full_probe=0 cache=c2m_inv frames=51 changes=50 sync_changes=0 sync_calls=51 sync_skips=0 unique=8 overflow=43 pre=18424d94 post=18424d94 luma_avg=47.6 luma_min=45 luma_max=123 luma_last=123 avg_probe=25.709ms max_probe=31.040ms tsf_waits=0 tsf_wait_us=0 tsf_wait_max_global_us=0 launch_phase_samples=0 launch_phase_avg=0.0 launch_phase_min=0 launch_phase_max=0 tsf_errors=0
W (257842) rc_video: [CAM-DIAG-C16V] LIGHT stage=periodic window=22 sensor=pattern display=camera idle=0ms full_probe=0 cache=c2m_inv frames=30 changes=1 sync_changes=0 sync_calls=30 sync_skips=0 unique=2 overflow=0 pre=18424d94 post=18424d94 luma_avg=122.5 luma_min=107 luma_max=123 luma_last=123 avg_probe=31.114ms max_probe=33.694ms tsf_waits=0 tsf_wait_us=0 tsf_wait_max_global_us=0 launch_phase_samples=0 launch_phase_avg=0.0 launch_phase_min=0 launch_phase_max=0 tsf_errors=0
I (257874) rc_video: [CAM-DIAG-C16V] ROW_MAP window=22 frame=1052 mode=raw_fixed boundary=360 band=16 valid=0 target=0 source=0 rows=0 target_sig=00000000 source_sig=00000000 raw_repaired=1 rgb_repaired=0 repair_start=352 repair_rows=16 scans=1052 matches=511 raw_repairs=846 rgb_repairs=0
I (257899) rc_video: [CAM-DIAG-C16V] HEALTH window=22 display_frame=1052 guard_errors=0 quiesce=1052 resume_before=1051 lifecycle_errors=0 pause_req=1052 pause_ack=1052 pause_timeout=0 cache_sync_err=0 raw_post_err=0 overlap=0 finish_collision=0 tsf_waits=0 tsf_wait_us=0 tsf_wait_max_global_us=0 target=0 tolerance=0 launch_samples=0 launch_min=0 launch_max=0 rgb_gain=110 present=direct chunk_lines=60 repeats=1 tsf_errors=0 staged_events=11574 staged_copies=11572 staged_bytes=592486400 staged_tail=2 staged_forward=2104 staged_fallback=0 staged_errors=0 tail_drain=0 tail_waits=0 tail_wait_us=0 eof_callbacks=11574 eof_valid=11572 eof_invalid=0 eof_mismatch=1072 eof_half0=5270 eof_half1=6302 eof_mm_blocks=0/0/0/0/0/0/0/0/5/15/1052 eof_settle=0 eof_settle_events=0 eof_settle_us=0 defer_events=0 drained=0 pending_collisions=0 drain_errors=0
W (261939) camera_hal: [CAM-DIAG-C16I] SP0A39 test_pattern=off P1:32 before=0x80 write=0x00 read=0x00 expected_bit=0x00
W (262040) rc_tank: [CAM-DIAG-C16V] PROTOCOL window=23 before=0x07 requested=0x07 after=0x07 name=bgn changed=0
W (262041) rc_tank: [CAM-DIAG-C16V] BEACON window=23 before=200 requested=200 after=200 changed=0
W (262048) rc_tank: [CAM-DIAG-C16V] TSF_GUARD window=23 beacon=200 after=0us budget=0us result=ESP_OK
W (262057) rc_tank: [CAM-DIAG-C16V] TSF_TARGET window=23 phase=0us tolerance=0us result=ESP_OK
W (262065) rc_tank: [CAM-DIAG-C16V] RGB_GAIN window=23 requested=110 result=ESP_OK
W (262073) rc_tank: [CAM-DIAG-C16V] PRESENT window=23 mode=direct chunk_lines=60 repeats=1 result=ESP_OK
W (262082) rc_tank: [CAM-DIAG-C16V] TAIL_DRAIN window=23 requested=0us result=ESP_OK
W (262089) rc_tank: [CAM-DIAG-C16V] EOF_PROFILE window=23 mode=software_index settle=0us result=ESP_OK
W (262098) rc_tank: [CAM-DIAG-C16V] ROW_PROFILE window=23 mode=1 boundary=360 band=16 result=ESP_OK
W (262107) rc_video: [CAM-DIAG-C16V] PROFILE window=23 sensor=real display=camera idle=0ms full_probe=0 cache=c2m_inv capture=1073
W (262118) rc_tank: [CAM-DIAG-C16V] WINDOW_23 start: wifi=on sensor=real display=camera idle=0ms full_probe=off cache=c2m_inv dvp=staged100k protocol=bgn beacon=200 guard_after=0us capture_budget=0us target=0us tolerance=0us rgb_gain=110% present=direct chunk_lines=60 repeats=1 tail_drain=0us eof_mode=software_index eof_settle=0us row_mode=1 row_boundary=360 row_band=16
W (262120) rc_video: [CAM-DIAG-C16V] LIGHT stage=complete window=22 sensor=pattern display=camera idle=0ms full_probe=0 cache=c2m_inv frames=51 changes=2 sync_changes=0 sync_calls=51 sync_skips=0 unique=3 overflow=0 pre=87915bdd post=87915bdd luma_avg=121.2 luma_min=46 luma_max=123 luma_last=46 avg_probe=30.989ms max_probe=33.694ms tsf_waits=0 tsf_wait_us=0 tsf_wait_max_global_us=0 launch_phase_samples=0 launch_phase_avg=0.0 launch_phase_min=0 launch_phase_max=0 tsf_errors=0
W (268049) rc_video: [CAM-DIAG-C16V] LIGHT stage=periodic window=23 sensor=real display=camera idle=0ms full_probe=0 cache=c2m_inv frames=30 changes=29 sync_changes=0 sync_calls=30 sync_skips=0 unique=8 overflow=22 pre=66bbda73 post=66bbda73 luma_avg=46.2 luma_min=45 luma_max=54 luma_last=46 avg_probe=25.655ms max_probe=26.949ms tsf_waits=0 tsf_wait_us=0 tsf_wait_max_global_us=0 launch_phase_samples=0 launch_phase_avg=0.0 launch_phase_min=0 launch_phase_max=0 tsf_errors=0
I (268080) rc_video: [CAM-DIAG-C16V] ROW_MAP window=23 frame=1103 mode=raw_fixed boundary=360 band=16 valid=1 target=392 source=472 rows=8 target_sig=79a64f2f source_sig=79a64f2f raw_repaired=1 rgb_repaired=0 repair_start=352 repair_rows=16 scans=1103 matches=542 raw_repairs=897 rgb_repairs=0
I (268105) rc_video: [CAM-DIAG-C16V] HEALTH window=23 display_frame=1103 guard_errors=0 quiesce=1103 resume_before=1102 lifecycle_errors=0 pause_req=1103 pause_ack=1103 pause_timeout=0 cache_sync_err=0 raw_post_err=0 overlap=0 finish_collision=0 tsf_waits=0 tsf_wait_us=0 tsf_wait_max_global_us=0 target=0 tolerance=0 launch_samples=0 launch_min=0 launch_max=0 rgb_gain=110 present=direct chunk_lines=60 repeats=1 tsf_errors=0 staged_events=12135 staged_copies=12133 staged_bytes=621209600 staged_tail=2 staged_forward=2206 staged_fallback=0 staged_errors=0 tail_drain=0 tail_waits=0 tail_wait_us=0 eof_callbacks=12135 eof_valid=12133 eof_invalid=0 eof_mismatch=1125 eof_half0=5525 eof_half1=6608 eof_mm_blocks=0/0/0/0/0/0/0/0/6/16/1103 eof_settle=0 eof_settle_events=0 eof_settle_us=0 defer_events=0 drained=0 pending_collisions=0 drain_errors=0
W (272155) camera_hal: [CAM-DIAG-C16I] SP0A39 test_pattern=on P1:32 before=0x00 write=0x80 read=0x80 expected_bit=0x80
W (272256) rc_tank: [CAM-DIAG-C16V] PROTOCOL window=24 before=0x07 requested=0x07 after=0x07 name=bgn changed=0
W (272257) rc_tank: [CAM-DIAG-C16V] BEACON window=24 before=200 requested=200 after=200 changed=0
W (272264) rc_tank: [CAM-DIAG-C16V] TSF_GUARD window=24 beacon=200 after=0us budget=0us result=ESP_OK
W (272273) rc_tank: [CAM-DIAG-C16V] TSF_TARGET window=24 phase=0us tolerance=0us result=ESP_OK
W (272281) rc_tank: [CAM-DIAG-C16V] RGB_GAIN window=24 requested=110 result=ESP_OK
W (272289) rc_tank: [CAM-DIAG-C16V] PRESENT window=24 mode=direct chunk_lines=60 repeats=1 result=ESP_OK
W (272298) rc_tank: [CAM-DIAG-C16V] TAIL_DRAIN window=24 requested=0us result=ESP_OK
W (272305) rc_tank: [CAM-DIAG-C16V] EOF_PROFILE window=24 mode=software_index settle=0us result=ESP_OK
W (272314) rc_tank: [CAM-DIAG-C16V] ROW_PROFILE window=24 mode=1 boundary=400 band=16 result=ESP_OK
W (272323) rc_video: [CAM-DIAG-C16V] PROFILE window=24 sensor=pattern display=camera idle=0ms full_probe=0 cache=c2m_inv capture=1124
W (272335) rc_tank: [CAM-DIAG-C16V] WINDOW_24 start: wifi=on sensor=pattern display=camera idle=0ms full_probe=off cache=c2m_inv dvp=staged100k protocol=bgn beacon=200 guard_after=0us capture_budget=0us target=0us tolerance=0us rgb_gain=110% present=direct chunk_lines=60 repeats=1 tail_drain=0us eof_mode=software_index eof_settle=0us row_mode=1 row_boundary=400 row_band=16
W (272335) rc_video: [CAM-DIAG-C16V] LIGHT stage=complete window=23 sensor=real display=camera idle=0ms full_probe=0 cache=c2m_inv frames=51 changes=50 sync_changes=0 sync_calls=51 sync_skips=0 unique=8 overflow=43 pre=18424d94 post=18424d94 luma_avg=47.6 luma_min=45 luma_max=123 luma_last=123 avg_probe=25.762ms max_probe=30.833ms tsf_waits=0 tsf_wait_us=0 tsf_wait_max_global_us=0 launch_phase_samples=0 launch_phase_avg=0.0 launch_phase_min=0 launch_phase_max=0 tsf_errors=0
W (278383) rc_video: [CAM-DIAG-C16V] LIGHT stage=periodic window=24 sensor=pattern display=camera idle=0ms full_probe=0 cache=c2m_inv frames=30 changes=0 sync_changes=0 sync_calls=30 sync_skips=0 unique=1 overflow=0 pre=18424d94 post=18424d94 luma_avg=123.0 luma_min=123 luma_max=123 luma_last=123 avg_probe=31.205ms max_probe=33.999ms tsf_waits=0 tsf_wait_us=0 tsf_wait_max_global_us=0 launch_phase_samples=0 launch_phase_avg=0.0 launch_phase_min=0 launch_phase_max=0 tsf_errors=0
I (278415) rc_video: [CAM-DIAG-C16V] ROW_MAP window=24 frame=1154 mode=raw_fixed boundary=400 band=16 valid=0 target=0 source=0 rows=0 target_sig=00000000 source_sig=00000000 raw_repaired=1 rgb_repaired=0 repair_start=392 repair_rows=16 scans=1154 matches=562 raw_repairs=948 rgb_repairs=0
I (278440) rc_video: [CAM-DIAG-C16V] HEALTH window=24 display_frame=1154 guard_errors=0 quiesce=1154 resume_before=1153 lifecycle_errors=0 pause_req=1157 pause_ack=1157 pause_timeout=0 cache_sync_err=0 raw_post_err=0 overlap=0 finish_collision=0 tsf_waits=0 tsf_wait_us=0 tsf_wait_max_global_us=0 target=0 tolerance=0 launch_samples=0 launch_min=0 launch_max=0 rgb_gain=110 present=direct chunk_lines=60 repeats=1 tsf_errors=0 staged_events=12731 staged_copies=12727 staged_bytes=651622400 staged_tail=4 staged_forward=2314 staged_fallback=0 staged_errors=0 tail_drain=0 tail_waits=0 tail_wait_us=0 eof_callbacks=12731 eof_valid=12727 eof_invalid=0 eof_mismatch=1183 eof_half0=5797 eof_half1=6930 eof_mm_blocks=0/0/0/0/0/0/1/1/7/18/1156 eof_settle=0 eof_settle_events=0 eof_settle_us=0 defer_events=0 drained=0 pending_collisions=0 drain_errors=0
W (282406) camera_hal: [CAM-DIAG-C16I] SP0A39 test_pattern=off P1:32 before=0x80 write=0x00 read=0x00 expected_bit=0x00
W (282537) rc_tank: [CAM-DIAG-C16V] PROTOCOL window=25 before=0x07 requested=0x07 after=0x07 name=bgn changed=0
W (282538) rc_tank: [CAM-DIAG-C16V] BEACON window=25 before=200 requested=200 after=200 changed=0
W (282545) rc_tank: [CAM-DIAG-C16V] TSF_GUARD window=25 beacon=200 after=0us budget=0us result=ESP_OK
W (282554) rc_tank: [CAM-DIAG-C16V] TSF_TARGET window=25 phase=0us tolerance=0us result=ESP_OK
W (282562) rc_tank: [CAM-DIAG-C16V] RGB_GAIN window=25 requested=110 result=ESP_OK
W (282569) rc_tank: [CAM-DIAG-C16V] PRESENT window=25 mode=direct chunk_lines=60 repeats=1 result=ESP_OK
W (282579) rc_tank: [CAM-DIAG-C16V] TAIL_DRAIN window=25 requested=0us result=ESP_OK
W (282586) rc_tank: [CAM-DIAG-C16V] EOF_PROFILE window=25 mode=software_index settle=0us result=ESP_OK
W (282595) rc_tank: [CAM-DIAG-C16V] ROW_PROFILE window=25 mode=1 boundary=400 band=16 result=ESP_OK
W (282604) rc_video: [CAM-DIAG-C16V] PROFILE window=25 sensor=real display=camera idle=0ms full_probe=0 cache=c2m_inv capture=1178
W (282615) rc_tank: [CAM-DIAG-C16V] WINDOW_25 start: wifi=on sensor=real display=camera idle=0ms full_probe=off cache=c2m_inv dvp=staged100k protocol=bgn beacon=200 guard_after=0us capture_budget=0us target=0us tolerance=0us rgb_gain=110% present=direct chunk_lines=60 repeats=1 tail_drain=0us eof_mode=software_index eof_settle=0us row_mode=1 row_boundary=400 row_band=16
W (282666) rc_video: [CAM-DIAG-C16V] LIGHT stage=complete window=24 sensor=pattern display=camera idle=0ms full_probe=0 cache=c2m_inv frames=51 changes=1 sync_changes=0 sync_calls=51 sync_skips=0 unique=2 overflow=0 pre=6cb726f4 post=6cb726f4 luma_avg=121.5 luma_min=46 luma_max=123 luma_last=46 avg_probe=31.074ms max_probe=33.999ms tsf_waits=0 tsf_wait_us=0 tsf_wait_max_global_us=0 launch_phase_samples=0 launch_phase_avg=0.0 launch_phase_min=0 launch_phase_max=0 tsf_errors=0
W (288590) rc_video: [CAM-DIAG-C16V] LIGHT stage=periodic window=25 sensor=real display=camera idle=0ms full_probe=0 cache=c2m_inv frames=30 changes=29 sync_changes=0 sync_calls=30 sync_skips=0 unique=8 overflow=22 pre=160553b3 post=160553b3 luma_avg=45.9 luma_min=45 luma_max=46 luma_last=46 avg_probe=25.586ms max_probe=26.415ms tsf_waits=0 tsf_wait_us=0 tsf_wait_max_global_us=0 launch_phase_samples=0 launch_phase_avg=0.0 launch_phase_min=0 launch_phase_max=0 tsf_errors=0
I (288621) rc_video: [CAM-DIAG-C16V] ROW_MAP window=25 frame=1205 mode=raw_fixed boundary=400 band=16 valid=1 target=392 source=472 rows=8 target_sig=d67a822a source_sig=d67a822a raw_repaired=1 rgb_repaired=0 repair_start=392 repair_rows=16 scans=1205 matches=593 raw_repairs=999 rgb_repairs=0
I (288647) rc_video: [CAM-DIAG-C16V] HEALTH window=25 display_frame=1205 guard_errors=0 quiesce=1205 resume_before=1204 lifecycle_errors=0 pause_req=1208 pause_ack=1208 pause_timeout=0 cache_sync_err=0 raw_post_err=0 overlap=0 finish_collision=0 tsf_waits=0 tsf_wait_us=0 tsf_wait_max_global_us=0 target=0 tolerance=0 launch_samples=0 launch_min=0 launch_max=0 rgb_gain=110 present=direct chunk_lines=60 repeats=1 tsf_errors=0 staged_events=13292 staged_copies=13288 staged_bytes=680345600 staged_tail=4 staged_forward=2416 staged_fallback=0 staged_errors=0 tail_drain=0 tail_waits=0 tail_wait_us=0 eof_callbacks=13292 eof_valid=13288 eof_invalid=0 eof_mismatch=1234 eof_half0=6052 eof_half1=7236 eof_mm_blocks=0/0/0/0/0/0/1/1/7/18/1207 eof_settle=0 eof_settle_events=0 eof_settle_us=0 defer_events=0 drained=0 pending_collisions=0 drain_errors=0
W (292650) camera_hal: [CAM-DIAG-C16I] SP0A39 test_pattern=on P1:32 before=0x00 write=0x80 read=0x80 expected_bit=0x80
W (292751) rc_tank: [CAM-DIAG-C16V] PROTOCOL window=26 before=0x07 requested=0x07 after=0x07 name=bgn changed=0
W (292752) rc_tank: [CAM-DIAG-C16V] BEACON window=26 before=200 requested=200 after=200 changed=0
W (292759) rc_tank: [CAM-DIAG-C16V] TSF_GUARD window=26 beacon=200 after=0us budget=0us result=ESP_OK
W (292768) rc_tank: [CAM-DIAG-C16V] TSF_TARGET window=26 phase=0us tolerance=0us result=ESP_OK
W (292776) rc_tank: [CAM-DIAG-C16V] RGB_GAIN window=26 requested=110 result=ESP_OK
W (292784) rc_tank: [CAM-DIAG-C16V] PRESENT window=26 mode=direct chunk_lines=60 repeats=1 result=ESP_OK
W (292793) rc_tank: [CAM-DIAG-C16V] TAIL_DRAIN window=26 requested=0us result=ESP_OK
W (292800) rc_tank: [CAM-DIAG-C16V] EOF_PROFILE window=26 mode=software_index settle=0us result=ESP_OK
W (292809) rc_tank: [CAM-DIAG-C16V] ROW_PROFILE window=26 mode=1 boundary=440 band=16 result=ESP_OK
W (292818) rc_video: [CAM-DIAG-C16V] PROFILE window=26 sensor=pattern display=camera idle=0ms full_probe=0 cache=c2m_inv capture=1229
W (292830) rc_tank: [CAM-DIAG-C16V] WINDOW_26 start: wifi=on sensor=pattern display=camera idle=0ms full_probe=off cache=c2m_inv dvp=staged100k protocol=bgn beacon=200 guard_after=0us capture_budget=0us target=0us tolerance=0us rgb_gain=110% present=direct chunk_lines=60 repeats=1 tail_drain=0us eof_mode=software_index eof_settle=0us row_mode=1 row_boundary=440 row_band=16
W (292883) rc_video: [CAM-DIAG-C16V] LIGHT stage=complete window=25 sensor=real display=camera idle=0ms full_probe=0 cache=c2m_inv frames=51 changes=50 sync_changes=0 sync_calls=51 sync_skips=0 unique=8 overflow=43 pre=18424d94 post=18424d94 luma_avg=47.4 luma_min=45 luma_max=123 luma_last=123 avg_probe=25.805ms max_probe=35.551ms tsf_waits=0 tsf_wait_us=0 tsf_wait_max_global_us=0 launch_phase_samples=0 launch_phase_avg=0.0 launch_phase_min=0 launch_phase_max=0 tsf_errors=0
W (298806) rc_video: [CAM-DIAG-C16V] LIGHT stage=periodic window=26 sensor=pattern display=camera idle=0ms full_probe=0 cache=c2m_inv frames=30 changes=0 sync_changes=0 sync_calls=30 sync_skips=0 unique=1 overflow=0 pre=18424d94 post=18424d94 luma_avg=123.0 luma_min=123 luma_max=123 luma_last=123 avg_probe=31.059ms max_probe=31.922ms tsf_waits=0 tsf_wait_us=0 tsf_wait_max_global_us=0 launch_phase_samples=0 launch_phase_avg=0.0 launch_phase_min=0 launch_phase_max=0 tsf_errors=0
I (298838) rc_video: [CAM-DIAG-C16V] ROW_MAP window=26 frame=1256 mode=raw_fixed boundary=440 band=16 valid=0 target=0 source=0 rows=0 target_sig=00000000 source_sig=00000000 raw_repaired=1 rgb_repaired=0 repair_start=432 repair_rows=16 scans=1256 matches=613 raw_repairs=1050 rgb_repairs=0
I (298863) rc_video: [CAM-DIAG-C16V] HEALTH window=26 display_frame=1256 guard_errors=0 quiesce=1256 resume_before=1255 lifecycle_errors=0 pause_req=1259 pause_ack=1259 pause_timeout=0 cache_sync_err=0 raw_post_err=0 overlap=0 finish_collision=0 tsf_waits=0 tsf_wait_us=0 tsf_wait_max_global_us=0 target=0 tolerance=0 launch_samples=0 launch_min=0 launch_max=0 rgb_gain=110 present=direct chunk_lines=60 repeats=1 tsf_errors=0 staged_events=13853 staged_copies=13849 staged_bytes=709068800 staged_tail=4 staged_forward=2518 staged_fallback=0 staged_errors=0 tail_drain=0 tail_waits=0 tail_wait_us=0 eof_callbacks=13853 eof_valid=13849 eof_invalid=0 eof_mismatch=1286 eof_half0=6308 eof_half1=7541 eof_mm_blocks=0/0/0/0/0/0/1/1/7/19/1258 eof_settle=0 eof_settle_events=0 eof_settle_us=0 defer_events=0 drained=0 pending_collisions=0 drain_errors=0
W (302865) camera_hal: [CAM-DIAG-C16I] SP0A39 test_pattern=off P1:32 before=0x80 write=0x00 read=0x00 expected_bit=0x00
W (302966) rc_tank: [CAM-DIAG-C16V] PROTOCOL window=27 before=0x07 requested=0x07 after=0x07 name=bgn changed=0
W (302967) rc_tank: [CAM-DIAG-C16V] BEACON window=27 before=200 requested=200 after=200 changed=0
W (302974) rc_tank: [CAM-DIAG-C16V] TSF_GUARD window=27 beacon=200 after=0us budget=0us result=ESP_OK
W (302983) rc_tank: [CAM-DIAG-C16V] TSF_TARGET window=27 phase=0us tolerance=0us result=ESP_OK
W (302991) rc_tank: [CAM-DIAG-C16V] RGB_GAIN window=27 requested=110 result=ESP_OK
W (302999) rc_tank: [CAM-DIAG-C16V] PRESENT window=27 mode=direct chunk_lines=60 repeats=1 result=ESP_OK
W (303008) rc_tank: [CAM-DIAG-C16V] TAIL_DRAIN window=27 requested=0us result=ESP_OK
W (303015) rc_tank: [CAM-DIAG-C16V] EOF_PROFILE window=27 mode=software_index settle=0us result=ESP_OK
W (303024) rc_tank: [CAM-DIAG-C16V] ROW_PROFILE window=27 mode=1 boundary=440 band=16 result=ESP_OK
W (303033) rc_video: [CAM-DIAG-C16V] PROFILE window=27 sensor=real display=camera idle=0ms full_probe=0 cache=c2m_inv capture=1280
W (303045) rc_tank: [CAM-DIAG-C16V] WINDOW_27 start: wifi=on sensor=real display=camera idle=0ms full_probe=off cache=c2m_inv dvp=staged100k protocol=bgn beacon=200 guard_after=0us capture_budget=0us target=0us tolerance=0us rgb_gain=110% present=direct chunk_lines=60 repeats=1 tail_drain=0us eof_mode=software_index eof_settle=0us row_mode=1 row_boundary=440 row_band=16
W (303090) rc_video: [CAM-DIAG-C16V] LIGHT stage=complete window=26 sensor=pattern display=camera idle=0ms full_probe=0 cache=c2m_inv frames=51 changes=1 sync_changes=0 sync_calls=51 sync_skips=0 unique=2 overflow=0 pre=8518ac47 post=8518ac47 luma_avg=121.5 luma_min=46 luma_max=123 luma_last=46 avg_probe=31.027ms max_probe=31.968ms tsf_waits=0 tsf_wait_us=0 tsf_wait_max_global_us=0 launch_phase_samples=0 launch_phase_avg=0.0 launch_phase_min=0 launch_phase_max=0 tsf_errors=0
W (309013) rc_video: [CAM-DIAG-C16V] LIGHT stage=periodic window=27 sensor=real display=camera idle=0ms full_probe=0 cache=c2m_inv frames=30 changes=29 sync_changes=0 sync_calls=30 sync_skips=0 unique=8 overflow=22 pre=aaa5f6ad post=aaa5f6ad luma_avg=46.3 luma_min=46 luma_max=47 luma_last=47 avg_probe=25.654ms max_probe=26.889ms tsf_waits=0 tsf_wait_us=0 tsf_wait_max_global_us=0 launch_phase_samples=0 launch_phase_avg=0.0 launch_phase_min=0 launch_phase_max=0 tsf_errors=0
I (309044) rc_video: [CAM-DIAG-C16V] ROW_MAP window=27 frame=1307 mode=raw_fixed boundary=440 band=16 valid=1 target=392 source=472 rows=8 target_sig=25b51d16 source_sig=25b51d16 raw_repaired=1 rgb_repaired=0 repair_start=432 repair_rows=16 scans=1307 matches=644 raw_repairs=1101 rgb_repairs=0
I (309070) rc_video: [CAM-DIAG-C16V] HEALTH window=27 display_frame=1307 guard_errors=0 quiesce=1307 resume_before=1306 lifecycle_errors=0 pause_req=1310 pause_ack=1310 pause_timeout=0 cache_sync_err=0 raw_post_err=0 overlap=0 finish_collision=0 tsf_waits=0 tsf_wait_us=0 tsf_wait_max_global_us=0 target=0 tolerance=0 launch_samples=0 launch_min=0 launch_max=0 rgb_gain=110 present=direct chunk_lines=60 repeats=1 tsf_errors=0 staged_events=14414 staged_copies=14410 staged_bytes=737792000 staged_tail=4 staged_forward=2620 staged_fallback=0 staged_errors=0 tail_drain=0 tail_waits=0 tail_wait_us=0 eof_callbacks=14414 eof_valid=14410 eof_invalid=0 eof_mismatch=1337 eof_half0=6563 eof_half1=7847 eof_mm_blocks=0/0/0/0/0/0/1/1/7/19/1309 eof_settle=0 eof_settle_events=0 eof_settle_us=0 defer_events=0 drained=0 pending_collisions=0 drain_errors=0
W (313079) camera_hal: [CAM-DIAG-C16I] SP0A39 test_pattern=on P1:32 before=0x00 write=0x80 read=0x80 expected_bit=0x80
W (313180) rc_tank: [CAM-DIAG-C16V] PROTOCOL window=28 before=0x07 requested=0x07 after=0x07 name=bgn changed=0
W (313181) rc_tank: [CAM-DIAG-C16V] BEACON window=28 before=200 requested=200 after=200 changed=0
W (313188) rc_tank: [CAM-DIAG-C16V] TSF_GUARD window=28 beacon=200 after=0us budget=0us result=ESP_OK
W (313197) rc_tank: [CAM-DIAG-C16V] TSF_TARGET window=28 phase=0us tolerance=0us result=ESP_OK
W (313205) rc_tank: [CAM-DIAG-C16V] RGB_GAIN window=28 requested=110 result=ESP_OK
W (313213) rc_tank: [CAM-DIAG-C16V] PRESENT window=28 mode=direct chunk_lines=60 repeats=1 result=ESP_OK
W (313222) rc_tank: [CAM-DIAG-C16V] TAIL_DRAIN window=28 requested=0us result=ESP_OK
W (313229) rc_tank: [CAM-DIAG-C16V] EOF_PROFILE window=28 mode=software_index settle=0us result=ESP_OK
W (313238) rc_tank: [CAM-DIAG-C16V] ROW_PROFILE window=28 mode=2 boundary=0 band=0 result=ESP_OK
W (313247) rc_video: [CAM-DIAG-C16V] PROFILE window=28 sensor=pattern display=camera idle=0ms full_probe=0 cache=c2m_inv capture=1331
W (313259) rc_tank: [CAM-DIAG-C16V] WINDOW_28 start: wifi=on sensor=pattern display=camera idle=0ms full_probe=off cache=c2m_inv dvp=staged100k protocol=bgn beacon=200 guard_after=0us capture_budget=0us target=0us tolerance=0us rgb_gain=110% present=direct chunk_lines=60 repeats=1 tail_drain=0us eof_mode=software_index eof_settle=0us row_mode=2 row_boundary=0 row_band=0
W (313307) rc_video: [CAM-DIAG-C16V] LIGHT stage=complete window=27 sensor=real display=camera idle=0ms full_probe=0 cache=c2m_inv frames=51 changes=50 sync_changes=0 sync_calls=51 sync_skips=0 unique=8 overflow=43 pre=18424d94 post=18424d94 luma_avg=48.0 luma_min=46 luma_max=123 luma_last=123 avg_probe=25.855ms max_probe=35.117ms tsf_waits=0 tsf_wait_us=0 tsf_wait_max_global_us=0 launch_phase_samples=0 launch_phase_avg=0.0 launch_phase_min=0 launch_phase_max=0 tsf_errors=0
W (319227) rc_video: [CAM-DIAG-C16V] LIGHT stage=periodic window=28 sensor=pattern display=camera idle=0ms full_probe=0 cache=c2m_inv frames=30 changes=0 sync_changes=0 sync_calls=30 sync_skips=0 unique=1 overflow=0 pre=18424d94 post=18424d94 luma_avg=123.0 luma_min=123 luma_max=123 luma_last=123 avg_probe=28.710ms max_probe=29.846ms tsf_waits=0 tsf_wait_us=0 tsf_wait_max_global_us=0 launch_phase_samples=0 launch_phase_avg=0.0 launch_phase_min=0 launch_phase_max=0 tsf_errors=0
I (319258) rc_video: [CAM-DIAG-C16V] ROW_MAP window=28 frame=1358 mode=raw_adaptive boundary=0 band=0 valid=0 target=0 source=0 rows=0 target_sig=00000000 source_sig=00000000 raw_repaired=0 rgb_repaired=0 repair_start=0 repair_rows=0 scans=1358 matches=664 raw_repairs=1122 rgb_repairs=0
I (319283) rc_video: [CAM-DIAG-C16V] HEALTH window=28 display_frame=1358 guard_errors=0 quiesce=1358 resume_before=1357 lifecycle_errors=0 pause_req=1361 pause_ack=1361 pause_timeout=0 cache_sync_err=0 raw_post_err=0 overlap=0 finish_collision=0 tsf_waits=0 tsf_wait_us=0 tsf_wait_max_global_us=0 target=0 tolerance=0 launch_samples=0 launch_min=0 launch_max=0 rgb_gain=110 present=direct chunk_lines=60 repeats=1 tsf_errors=0 staged_events=14975 staged_copies=14971 staged_bytes=766515200 staged_tail=4 staged_forward=2722 staged_fallback=0 staged_errors=0 tail_drain=0 tail_waits=0 tail_wait_us=0 eof_callbacks=14975 eof_valid=14971 eof_invalid=0 eof_mismatch=1389 eof_half0=6819 eof_half1=8152 eof_mm_blocks=0/0/0/0/0/0/1/1/7/20/1360 eof_settle=0 eof_settle_events=0 eof_settle_us=0 defer_events=0 drained=0 pending_collisions=0 drain_errors=0
W (323293) camera_hal: [CAM-DIAG-C16I] SP0A39 test_pattern=off P1:32 before=0x80 write=0x00 read=0x00 expected_bit=0x00
W (323394) rc_tank: [CAM-DIAG-C16V] PROTOCOL window=29 before=0x07 requested=0x07 after=0x07 name=bgn changed=0
W (323395) rc_tank: [CAM-DIAG-C16V] BEACON window=29 before=200 requested=200 after=200 changed=0
W (323402) rc_tank: [CAM-DIAG-C16V] TSF_GUARD window=29 beacon=200 after=0us budget=0us result=ESP_OK
W (323411) rc_tank: [CAM-DIAG-C16V] TSF_TARGET window=29 phase=0us tolerance=0us result=ESP_OK
W (323419) rc_tank: [CAM-DIAG-C16V] RGB_GAIN window=29 requested=110 result=ESP_OK
W (323427) rc_tank: [CAM-DIAG-C16V] PRESENT window=29 mode=direct chunk_lines=60 repeats=1 result=ESP_OK
W (323436) rc_tank: [CAM-DIAG-C16V] TAIL_DRAIN window=29 requested=0us result=ESP_OK
W (323443) rc_tank: [CAM-DIAG-C16V] EOF_PROFILE window=29 mode=software_index settle=0us result=ESP_OK
W (323452) rc_tank: [CAM-DIAG-C16V] ROW_PROFILE window=29 mode=2 boundary=0 band=0 result=ESP_OK
W (323461) rc_video: [CAM-DIAG-C16V] PROFILE window=29 sensor=real display=camera idle=0ms full_probe=0 cache=c2m_inv capture=1382
W (323472) rc_tank: [CAM-DIAG-C16V] WINDOW_29 start: wifi=on sensor=real display=camera idle=0ms full_probe=off cache=c2m_inv dvp=staged100k protocol=bgn beacon=200 guard_after=0us capture_budget=0us target=0us tolerance=0us rgb_gain=110% present=direct chunk_lines=60 repeats=1 tail_drain=0us eof_mode=software_index eof_settle=0us row_mode=2 row_boundary=0 row_band=0
W (323512) rc_video: [CAM-DIAG-C16V] LIGHT stage=complete window=28 sensor=pattern display=camera idle=0ms full_probe=0 cache=c2m_inv frames=51 changes=1 sync_changes=0 sync_calls=51 sync_skips=0 unique=2 overflow=0 pre=d4889fc7 post=d4889fc7 luma_avg=121.5 luma_min=47 luma_max=123 luma_last=47 avg_probe=28.673ms max_probe=29.846ms tsf_waits=0 tsf_wait_us=0 tsf_wait_max_global_us=0 launch_phase_samples=0 launch_phase_avg=0.0 launch_phase_min=0 launch_phase_max=0 tsf_errors=0
W (329434) rc_video: [CAM-DIAG-C16V] LIGHT stage=periodic window=29 sensor=real display=camera idle=0ms full_probe=0 cache=c2m_inv frames=30 changes=29 sync_changes=0 sync_calls=30 sync_skips=0 unique=8 overflow=22 pre=ae1888b2 post=ae1888b2 luma_avg=47.3 luma_min=47 luma_max=55 luma_last=47 avg_probe=24.418ms max_probe=25.799ms tsf_waits=0 tsf_wait_us=0 tsf_wait_max_global_us=0 launch_phase_samples=0 launch_phase_avg=0.0 launch_phase_min=0 launch_phase_max=0 tsf_errors=0
I (329465) rc_video: [CAM-DIAG-C16V] ROW_MAP window=29 frame=1409 mode=raw_adaptive boundary=0 band=0 valid=1 target=392 source=472 rows=8 target_sig=7ff8b45b source_sig=7ff8b45b raw_repaired=1 rgb_repaired=0 repair_start=392 repair_rows=8 scans=1409 matches=695 raw_repairs=1153 rgb_repairs=0
I (329491) rc_video: [CAM-DIAG-C16V] HEALTH window=29 display_frame=1409 guard_errors=0 quiesce=1409 resume_before=1408 lifecycle_errors=0 pause_req=1412 pause_ack=1412 pause_timeout=0 cache_sync_err=0 raw_post_err=0 overlap=0 finish_collision=0 tsf_waits=0 tsf_wait_us=0 tsf_wait_max_global_us=0 target=0 tolerance=0 launch_samples=0 launch_min=0 launch_max=0 rgb_gain=110 present=direct chunk_lines=60 repeats=1 tsf_errors=0 staged_events=15536 staged_copies=15532 staged_bytes=795238400 staged_tail=4 staged_forward=2824 staged_fallback=0 staged_errors=0 tail_drain=0 tail_waits=0 tail_wait_us=0 eof_callbacks=15536 eof_valid=15532 eof_invalid=0 eof_mismatch=1441 eof_half0=7075 eof_half1=8457 eof_mm_blocks=0/0/0/0/0/0/1/1/7/21/1411 eof_settle=0 eof_settle_events=0 eof_settle_us=0 defer_events=0 drained=0 pending_collisions=0 drain_errors=0
W (333507) camera_hal: [CAM-DIAG-C16I] SP0A39 test_pattern=on P1:32 before=0x00 write=0x80 read=0x80 expected_bit=0x80
W (333608) rc_tank: [CAM-DIAG-C16V] PROTOCOL window=30 before=0x07 requested=0x07 after=0x07 name=bgn changed=0
W (333609) rc_tank: [CAM-DIAG-C16V] BEACON window=30 before=200 requested=200 after=200 changed=0
W (333616) rc_tank: [CAM-DIAG-C16V] TSF_GUARD window=30 beacon=200 after=0us budget=0us result=ESP_OK
W (333625) rc_tank: [CAM-DIAG-C16V] TSF_TARGET window=30 phase=0us tolerance=0us result=ESP_OK
W (333633) rc_tank: [CAM-DIAG-C16V] RGB_GAIN window=30 requested=110 result=ESP_OK
W (333641) rc_tank: [CAM-DIAG-C16V] PRESENT window=30 mode=canvas chunk_lines=60 repeats=1 result=ESP_OK
W (333650) rc_tank: [CAM-DIAG-C16V] TAIL_DRAIN window=30 requested=0us result=ESP_OK
W (333657) rc_tank: [CAM-DIAG-C16V] EOF_PROFILE window=30 mode=software_index settle=0us result=ESP_OK
W (333666) rc_tank: [CAM-DIAG-C16V] ROW_PROFILE window=30 mode=3 boundary=0 band=0 result=ESP_OK
W (333675) rc_video: [CAM-DIAG-C16V] PROFILE window=30 sensor=pattern display=camera idle=0ms full_probe=0 cache=c2m_inv capture=1433
W (333687) rc_tank: [CAM-DIAG-C16V] WINDOW_30 start: wifi=on sensor=pattern display=camera idle=0ms full_probe=off cache=c2m_inv dvp=staged100k protocol=bgn beacon=200 guard_after=0us capture_budget=0us target=0us tolerance=0us rgb_gain=110% present=canvas chunk_lines=60 repeats=1 tail_drain=0us eof_mode=software_index eof_settle=0us row_mode=3 row_boundary=0 row_band=0
W (333728) rc_video: [CAM-DIAG-C16V] LIGHT stage=complete window=29 sensor=real display=camera idle=0ms full_probe=0 cache=c2m_inv frames=51 changes=50 sync_changes=0 sync_calls=51 sync_skips=0 unique=8 overflow=43 pre=18424d94 post=18424d94 luma_avg=48.2 luma_min=45 luma_max=123 luma_last=123 avg_probe=24.537ms max_probe=32.615ms tsf_waits=0 tsf_wait_us=0 tsf_wait_max_global_us=0 launch_phase_samples=0 launch_phase_avg=0.0 launch_phase_min=0 launch_phase_max=0 tsf_errors=0
W (339660) rc_video: [CAM-DIAG-C16V] LIGHT stage=periodic window=30 sensor=pattern display=camera idle=0ms full_probe=0 cache=c2m_inv frames=30 changes=1 sync_changes=0 sync_calls=30 sync_skips=0 unique=2 overflow=0 pre=18424d94 post=18424d94 luma_avg=122.5 luma_min=107 luma_max=123 luma_last=123 avg_probe=28.707ms max_probe=31.646ms tsf_waits=0 tsf_wait_us=0 tsf_wait_max_global_us=0 launch_phase_samples=0 launch_phase_avg=0.0 launch_phase_min=0 launch_phase_max=0 tsf_errors=0
I (339691) rc_video: [CAM-DIAG-C16V] ROW_MAP window=30 frame=1460 mode=rgb_adaptive boundary=0 band=0 valid=0 target=0 source=0 rows=0 target_sig=00000000 source_sig=00000000 raw_repaired=0 rgb_repaired=0 repair_start=0 repair_rows=0 scans=1460 matches=715 raw_repairs=1173 rgb_repairs=0
I (339716) rc_video: [CAM-DIAG-C16V] HEALTH window=30 display_frame=1460 guard_errors=0 quiesce=1460 resume_before=1459 lifecycle_errors=0 pause_req=1463 pause_ack=1463 pause_timeout=0 cache_sync_err=0 raw_post_err=0 overlap=0 finish_collision=0 tsf_waits=0 tsf_wait_us=0 tsf_wait_max_global_us=0 target=0 tolerance=0 launch_samples=0 launch_min=0 launch_max=0 rgb_gain=110 present=canvas chunk_lines=60 repeats=1 tsf_errors=0 staged_events=16097 staged_copies=16093 staged_bytes=823961600 staged_tail=4 staged_forward=2926 staged_fallback=0 staged_errors=0 tail_drain=0 tail_waits=0 tail_wait_us=0 eof_callbacks=16097 eof_valid=16093 eof_invalid=0 eof_mismatch=1494 eof_half0=7330 eof_half1=8763 eof_mm_blocks=0/0/0/0/0/0/1/1/8/22/1462 eof_settle=0 eof_settle_events=0 eof_settle_us=0 defer_events=0 drained=0 pending_collisions=0 drain_errors=0
W (343721) camera_hal: [CAM-DIAG-C16I] SP0A39 test_pattern=off P1:32 before=0x80 write=0x00 read=0x00 expected_bit=0x00
W (343822) rc_tank: [CAM-DIAG-C16V] PROTOCOL window=31 before=0x07 requested=0x07 after=0x07 name=bgn changed=0
W (343823) rc_tank: [CAM-DIAG-C16V] BEACON window=31 before=200 requested=200 after=200 changed=0
W (343830) rc_tank: [CAM-DIAG-C16V] TSF_GUARD window=31 beacon=200 after=0us budget=0us result=ESP_OK
W (343839) rc_tank: [CAM-DIAG-C16V] TSF_TARGET window=31 phase=0us tolerance=0us result=ESP_OK
W (343847) rc_tank: [CAM-DIAG-C16V] RGB_GAIN window=31 requested=110 result=ESP_OK
W (343855) rc_tank: [CAM-DIAG-C16V] PRESENT window=31 mode=canvas chunk_lines=60 repeats=1 result=ESP_OK
W (343864) rc_tank: [CAM-DIAG-C16V] TAIL_DRAIN window=31 requested=0us result=ESP_OK
W (343871) rc_tank: [CAM-DIAG-C16V] EOF_PROFILE window=31 mode=software_index settle=0us result=ESP_OK
W (343880) rc_tank: [CAM-DIAG-C16V] ROW_PROFILE window=31 mode=3 boundary=0 band=0 result=ESP_OK
W (343889) rc_video: [CAM-DIAG-C16V] PROFILE window=31 sensor=real display=camera idle=0ms full_probe=0 cache=c2m_inv capture=1484
W (343900) rc_tank: [CAM-DIAG-C16V] WINDOW_31 start: wifi=on sensor=real display=camera idle=0ms full_probe=off cache=c2m_inv dvp=staged100k protocol=bgn beacon=200 guard_after=0us capture_budget=0us target=0us tolerance=0us rgb_gain=110% present=canvas chunk_lines=60 repeats=1 tail_drain=0us eof_mode=software_index eof_settle=0us row_mode=3 row_boundary=0 row_band=0
W (343933) rc_tank: [CAM-DIAG-C16V] source-row matrix sequence complete; hold WINDOW_31 wifi=on real cache=c2m_inv staged_dma=102400B protocol=bgn beacon=200 tsf_guard=off rgb_gain=110% present=canvas chunk_lines=60 repeats=1 tail_drain=0us eof_mode=software_index eof_settle=0us row_mode=rgb_adaptive
W (343944) rc_video: [CAM-DIAG-C16V] LIGHT stage=complete window=30 sensor=pattern display=camera idle=0ms full_probe=0 cache=c2m_inv frames=51 changes=2 sync_changes=0 sync_calls=51 sync_skips=0 unique=3 overflow=0 pre=98065b5a post=98065b5a luma_avg=121.2 luma_min=46 luma_max=123 luma_last=46 avg_probe=28.608ms max_probe=31.646ms tsf_waits=0 tsf_wait_us=0 tsf_wait_max_global_us=0 launch_phase_samples=0 launch_phase_avg=0.0 launch_phase_min=0 launch_phase_max=0 tsf_errors=0
I (343959) rc_tank: Tank running (video + control; audio disabled)
I (344007) rc_tank: app_main done, idle loop
W (349867) rc_video: [CAM-DIAG-C16V] LIGHT stage=periodic window=31 sensor=real display=camera idle=0ms full_probe=0 cache=c2m_inv frames=30 changes=29 sync_changes=0 sync_calls=30 sync_skips=0 unique=8 overflow=22 pre=39285f1e post=39285f1e luma_avg=46.3 luma_min=46 luma_max=54 luma_last=46 avg_probe=23.139ms max_probe=24.092ms tsf_waits=0 tsf_wait_us=0 tsf_wait_max_global_us=0 launch_phase_samples=0 launch_phase_avg=0.0 launch_phase_min=0 launch_phase_max=0 tsf_errors=0
I (349898) rc_video: [CAM-DIAG-C16V] ROW_MAP window=31 frame=1511 mode=rgb_adaptive boundary=0 band=0 valid=1 target=392 source=472 rows=8 target_sig=2a84dfea source_sig=2a84dfea raw_repaired=0 rgb_repaired=1 repair_start=0 repair_rows=0 scans=1511 matches=746 raw_repairs=1173 rgb_repairs=31
I (349924) rc_video: [CAM-DIAG-C16V] HEALTH window=31 display_frame=1511 guard_errors=0 quiesce=1511 resume_before=1510 lifecycle_errors=0 pause_req=1514 pause_ack=1514 pause_timeout=0 cache_sync_err=0 raw_post_err=0 overlap=0 finish_collision=0 tsf_waits=0 tsf_wait_us=0 tsf_wait_max_global_us=0 target=0 tolerance=0 launch_samples=0 launch_min=0 launch_max=0 rgb_gain=110 present=canvas chunk_lines=60 repeats=1 tsf_errors=0 staged_events=16658 staged_copies=16654 staged_bytes=852684800 staged_tail=4 staged_forward=3028 staged_fallback=0 staged_errors=0 tail_drain=0 tail_waits=0 tail_wait_us=0 eof_callbacks=16658 eof_valid=16654 eof_invalid=0 eof_mismatch=1547 eof_half0=7585 eof_half1=9069 eof_mm_blocks=0/0/0/0/0/0/1/1/9/23/1513 eof_settle=0 eof_settle_events=0 eof_settle_us=0 defer_events=0 drained=0 pending_collisions=0 drain_errors=0
W (355925) rc_video: [CAM-DIAG-C16V] LIGHT stage=periodic window=31 sensor=real display=camera idle=0ms full_probe=0 cache=c2m_inv frames=60 changes=59 sync_changes=0 sync_calls=60 sync_skips=0 unique=8 overflow=52 pre=76a57792 post=76a57792 luma_avg=46.1 luma_min=46 luma_max=54 luma_last=46 avg_probe=23.129ms max_probe=24.092ms tsf_waits=0 tsf_wait_us=0 tsf_wait_max_global_us=0 launch_phase_samples=0 launch_phase_avg=0.0 launch_phase_min=0 launch_phase_max=0 tsf_errors=0
I (355956) rc_video: [CAM-DIAG-C16V] ROW_MAP window=31 frame=1541 mode=rgb_adaptive boundary=0 band=0 valid=1 target=392 source=472 rows=8 target_sig=2f203c8f source_sig=2f203c8f raw_repaired=0 rgb_repaired=1 repair_start=0 repair_rows=0 scans=1541 matches=776 raw_repairs=1173 rgb_repairs=61
I (355982) rc_video: [CAM-DIAG-C16V] HEALTH window=31 display_frame=1541 guard_errors=0 quiesce=1541 resume_before=1540 lifecycle_errors=0 pause_req=1544 pause_ack=1544 pause_timeout=0 cache_sync_err=0 raw_post_err=0 overlap=0 finish_collision=0 tsf_waits=0 tsf_wait_us=0 tsf_wait_max_global_us=0 target=0 tolerance=0 launch_samples=0 launch_min=0 launch_max=0 rgb_gain=110 present=canvas chunk_lines=60 repeats=1 tsf_errors=0 staged_events=16988 staged_copies=16984 staged_bytes=869580800 staged_tail=4 staged_forward=3088 staged_fallback=0 staged_errors=0 tail_drain=0 tail_waits=0 tail_wait_us=0 eof_callbacks=16988 eof_valid=16984 eof_invalid=0 eof_mismatch=1577 eof_half0=7735 eof_half1=9249 eof_mm_blocks=0/0/0/0/0/0/1/1/9/23/1543 eof_settle=0 eof_settle_events=0 eof_settle_us=0 defer_events=0 drained=0 pending_collisions=0 drain_errors=0
W (361978) rc_video: [CAM-DIAG-C16V] LIGHT stage=periodic window=31 sensor=real display=camera idle=0ms full_probe=0 cache=c2m_inv frames=90 changes=89 sync_changes=0 sync_calls=90 sync_skips=0 unique=8 overflow=82 pre=fe7d8965 post=fe7d8965 luma_avg=46.1 luma_min=45 luma_max=54 luma_last=46 avg_probe=23.147ms max_probe=24.092ms tsf_waits=0 tsf_wait_us=0 tsf_wait_max_global_us=0 launch_phase_samples=0 launch_phase_avg=0.0 launch_phase_min=0 launch_phase_max=0 tsf_errors=0
I (362009) rc_video: [CAM-DIAG-C16V] ROW_MAP window=31 frame=1571 mode=rgb_adaptive boundary=0 band=0 valid=1 target=392 source=472 rows=8 target_sig=dd614531 source_sig=dd614531 raw_repaired=0 rgb_repaired=1 repair_start=0 repair_rows=0 scans=1571 matches=806 raw_repairs=1173 rgb_repairs=91
I (362035) rc_video: [CAM-DIAG-C16V] HEALTH window=31 display_frame=1571 guard_errors=0 quiesce=1571 resume_before=1570 lifecycle_errors=0 pause_req=1574 pause_ack=1574 pause_timeout=0 cache_sync_err=0 raw_post_err=0 overlap=0 finish_collision=0 tsf_waits=0 tsf_wait_us=0 tsf_wait_max_global_us=0 target=0 tolerance=0 launch_samples=0 launch_min=0 launch_max=0 rgb_gain=110 present=canvas chunk_lines=60 repeats=1 tsf_errors=0 staged_events=17318 staged_copies=17314 staged_bytes=886476800 staged_tail=4 staged_forward=3148 staged_fallback=0 staged_errors=0 tail_drain=0 tail_waits=0 tail_wait_us=0 eof_callbacks=17318 eof_valid=17314 eof_invalid=0 eof_mismatch=1607 eof_half0=7885 eof_half1=9429 eof_mm_blocks=0/0/0/0/0/0/1/1/9/23/1573 eof_settle=0 eof_settle_events=0 eof_settle_us=0 defer_events=0 drained=0 pending_collisions=0 drain_errors=0
W (368034) rc_video: [CAM-DIAG-C16V] LIGHT stage=periodic window=31 sensor=real display=camera idle=0ms full_probe=0 cache=c2m_inv frames=120 changes=119 sync_changes=0 sync_calls=120 sync_skips=0 unique=8 overflow=112 pre=2c28185d post=2c28185d luma_avg=46.1 luma_min=45 luma_max=54 luma_last=46 avg_probe=23.124ms max_probe=24.092ms tsf_waits=0 tsf_wait_us=0 tsf_wait_max_global_us=0 launch_phase_samples=0 launch_phase_avg=0.0 launch_phase_min=0 launch_phase_max=0 tsf_errors=0
I (368066) rc_video: [CAM-DIAG-C16V] ROW_MAP window=31 frame=1601 mode=rgb_adaptive boundary=0 band=0 valid=1 target=392 source=472 rows=8 target_sig=a4347dea source_sig=a4347dea raw_repaired=0 rgb_repaired=1 repair_start=0 repair_rows=0 scans=1601 matches=836 raw_repairs=1173 rgb_repairs=121
I (368091) rc_video: [CAM-DIAG-C16V] HEALTH window=31 display_frame=1601 guard_errors=0 quiesce=1601 resume_before=1600 lifecycle_errors=0 pause_req=1604 pause_ack=1604 pause_timeout=0 cache_sync_err=0 raw_post_err=0 overlap=0 finish_collision=0 tsf_waits=0 tsf_wait_us=0 tsf_wait_max_global_us=0 target=0 tolerance=0 launch_samples=0 launch_min=0 launch_max=0 rgb_gain=110 present=canvas chunk_lines=60 repeats=1 tsf_errors=0 staged_events=17648 staged_copies=17644 staged_bytes=903372800 staged_tail=4 staged_forward=3208 staged_fallback=0 staged_errors=0 tail_drain=0 tail_waits=0 tail_wait_us=0 eof_callbacks=17648 eof_valid=17644 eof_invalid=0 eof_mismatch=1637 eof_half0=8035 eof_half1=9609 eof_mm_blocks=0/0/0/0/0/0/1/1/9/23/1603 eof_settle=0 eof_settle_events=0 eof_settle_us=0 defer_events=0 drained=0 pending_collisions=0 drain_errors=0
W (374089) rc_video: [CAM-DIAG-C16V] LIGHT stage=periodic window=31 sensor=real display=camera idle=0ms full_probe=0 cache=c2m_inv frames=150 changes=149 sync_changes=0 sync_calls=150 sync_skips=0 unique=8 overflow=142 pre=66148fc1 post=66148fc1 luma_avg=46.1 luma_min=45 luma_max=54 luma_last=46 avg_probe=23.110ms max_probe=24.092ms tsf_waits=0 tsf_wait_us=0 tsf_wait_max_global_us=0 launch_phase_samples=0 launch_phase_avg=0.0 launch_phase_min=0 launch_phase_max=0 tsf_errors=0
I (374121) rc_video: [CAM-DIAG-C16V] ROW_MAP window=31 frame=1631 mode=rgb_adaptive boundary=0 band=0 valid=1 target=392 source=472 rows=8 target_sig=d5b4f6a2 source_sig=d5b4f6a2 raw_repaired=0 rgb_repaired=1 repair_start=0 repair_rows=0 scans=1631 matches=866 raw_repairs=1173 rgb_repairs=151
I (374146) rc_video: [CAM-DIAG-C16V] HEALTH window=31 display_frame=1631 guard_errors=0 quiesce=1631 resume_before=1630 lifecycle_errors=0 pause_req=1634 pause_ack=1634 pause_timeout=0 cache_sync_err=0 raw_post_err=0 overlap=0 finish_collision=0 tsf_waits=0 tsf_wait_us=0 tsf_wait_max_global_us=0 target=0 tolerance=0 launch_samples=0 launch_min=0 launch_max=0 rgb_gain=110 present=canvas chunk_lines=60 repeats=1 tsf_errors=0 staged_events=17978 staged_copies=17974 staged_bytes=920268800 staged_tail=4 staged_forward=3268 staged_fallback=0 staged_errors=0 tail_drain=0 tail_waits=0 tail_wait_us=0 eof_callbacks=17978 eof_valid=17974 eof_invalid=0 eof_mismatch=1667 eof_half0=8185 eof_half1=9789 eof_mm_blocks=0/0/0/0/0/0/1/1/9/23/1633 eof_settle=0 eof_settle_events=0 eof_settle_us=0 defer_events=0 drained=0 pending_collisions=0 drain_errors=0
W (380146) rc_video: [CAM-DIAG-C16V] LIGHT stage=periodic window=31 sensor=real display=camera idle=0ms full_probe=0 cache=c2m_inv frames=180 changes=179 sync_changes=0 sync_calls=180 sync_skips=0 unique=8 overflow=172 pre=2df64389 post=2df64389 luma_avg=46.0 luma_min=45 luma_max=54 luma_last=46 avg_probe=23.110ms max_probe=24.092ms tsf_waits=0 tsf_wait_us=0 tsf_wait_max_global_us=0 launch_phase_samples=0 launch_phase_avg=0.0 launch_phase_min=0 launch_phase_max=0 tsf_errors=0
I (380177) rc_video: [CAM-DIAG-C16V] ROW_MAP window=31 frame=1661 mode=rgb_adaptive boundary=0 band=0 valid=1 target=392 source=472 rows=8 target_sig=01970650 source_sig=01970650 raw_repaired=0 rgb_repaired=1 repair_start=0 repair_rows=0 scans=1661 matches=896 raw_repairs=1173 rgb_repairs=181
I (380203) rc_video: [CAM-DIAG-C16V] HEALTH window=31 display_frame=1661 guard_errors=0 quiesce=1661 resume_before=1660 lifecycle_errors=0 pause_req=1664 pause_ack=1664 pause_timeout=0 cache_sync_err=0 raw_post_err=0 overlap=0 finish_collision=0 tsf_waits=0 tsf_wait_us=0 tsf_wait_max_global_us=0 target=0 tolerance=0 launch_samples=0 launch_min=0 launch_max=0 rgb_gain=110 present=canvas chunk_lines=60 repeats=1 tsf_errors=0 staged_events=18308 staged_copies=18304 staged_bytes=937164800 staged_tail=4 staged_forward=3328 staged_fallback=0 staged_errors=0 tail_drain=0 tail_waits=0 tail_wait_us=0 eof_callbacks=18308 eof_valid=18304 eof_invalid=0 eof_mismatch=1697 eof_half0=8335 eof_half1=9969 eof_mm_blocks=0/0/0/0/0/0/1/1/9/23/1663 eof_settle=0 eof_settle_events=0 eof_settle_us=0 defer_events=0 drained=0 pending_collisions=0 drain_errors=0
W (386200) rc_video: [CAM-DIAG-C16V] LIGHT stage=periodic window=31 sensor=real display=camera idle=0ms full_probe=0 cache=c2m_inv frames=210 changes=209 sync_changes=0 sync_calls=210 sync_skips=0 unique=8 overflow=202 pre=8f5e35e0 post=8f5e35e0 luma_avg=46.0 luma_min=45 luma_max=54 luma_last=46 avg_probe=23.113ms max_probe=24.744ms tsf_waits=0 tsf_wait_us=0 tsf_wait_max_global_us=0 launch_phase_samples=0 launch_phase_avg=0.0 launch_phase_min=0 launch_phase_max=0 tsf_errors=0
I (386232) rc_video: [CAM-DIAG-C16V] ROW_MAP window=31 frame=1691 mode=rgb_adaptive boundary=0 band=0 valid=1 target=392 source=472 rows=8 target_sig=12a5fa13 source_sig=12a5fa13 raw_repaired=0 rgb_repaired=1 repair_start=0 repair_rows=0 scans=1691 matches=926 raw_repairs=1173 rgb_repairs=211
I (386257) rc_video: [CAM-DIAG-C16V] HEALTH window=31 display_frame=1691 guard_errors=0 quiesce=1691 resume_before=1690 lifecycle_errors=0 pause_req=1694 pause_ack=1694 pause_timeout=0 cache_sync_err=0 raw_post_err=0 overlap=0 finish_collision=0 tsf_waits=0 tsf_wait_us=0 tsf_wait_max_global_us=0 target=0 tolerance=0 launch_samples=0 launch_min=0 launch_max=0 rgb_gain=110 present=canvas chunk_lines=60 repeats=1 tsf_errors=0 staged_events=18638 staged_copies=18634 staged_bytes=954060800 staged_tail=4 staged_forward=3388 staged_fallback=0 staged_errors=0 tail_drain=0 tail_waits=0 tail_wait_us=0 eof_callbacks=18638 eof_valid=18634 eof_invalid=0 eof_mismatch=1727 eof_half0=8485 eof_half1=10149 eof_mm_blocks=0/0/0/0/0/0/1/1/9/23/1693 eof_settle=0 eof_settle_events=0 eof_settle_us=0 defer_events=0 drained=0 pending_collisions=0 drain_errors=0
W (392257) rc_video: [CAM-DIAG-C16V] LIGHT stage=periodic window=31 sensor=real display=camera idle=0ms full_probe=0 cache=c2m_inv frames=240 changes=239 sync_changes=0 sync_calls=240 sync_skips=0 unique=8 overflow=232 pre=ea20045d post=ea20045d luma_avg=46.1 luma_min=45 luma_max=54 luma_last=46 avg_probe=23.113ms max_probe=24.744ms tsf_waits=0 tsf_wait_us=0 tsf_wait_max_global_us=0 launch_phase_samples=0 launch_phase_avg=0.0 launch_phase_min=0 launch_phase_max=0 tsf_errors=0
I (392288) rc_video: [CAM-DIAG-C16V] ROW_MAP window=31 frame=1721 mode=rgb_adaptive boundary=0 band=0 valid=1 target=392 source=472 rows=8 target_sig=db18396a source_sig=db18396a raw_repaired=0 rgb_repaired=1 repair_start=0 repair_rows=0 scans=1721 matches=956 raw_repairs=1173 rgb_repairs=241
I (392314) rc_video: [CAM-DIAG-C16V] HEALTH window=31 display_frame=1721 guard_errors=0 quiesce=1721 resume_before=1720 lifecycle_errors=0 pause_req=1724 pause_ack=1724 pause_timeout=0 cache_sync_err=0 raw_post_err=0 overlap=0 finish_collision=0 tsf_waits=0 tsf_wait_us=0 tsf_wait_max_global_us=0 target=0 tolerance=0 launch_samples=0 launch_min=0 launch_max=0 rgb_gain=110 present=canvas chunk_lines=60 repeats=1 tsf_errors=0 staged_events=18968 staged_copies=18964 staged_bytes=970956800 staged_tail=4 staged_forward=3448 staged_fallback=0 staged_errors=0 tail_drain=0 tail_waits=0 tail_wait_us=0 eof_callbacks=18968 eof_valid=18964 eof_invalid=0 eof_mismatch=1757 eof_half0=8635 eof_half1=10329 eof_mm_blocks=0/0/0/0/0/0/1/1/9/23/1723 eof_settle=0 eof_settle_events=0 eof_settle_us=0 defer_events=0 drained=0 pending_collisions=0 drain_errors=0
W (398312) rc_video: [CAM-DIAG-C16V] LIGHT stage=periodic window=31 sensor=real display=camera idle=0ms full_probe=0 cache=c2m_inv frames=270 changes=269 sync_changes=0 sync_calls=270 sync_skips=0 unique=8 overflow=262 pre=ceadd937 post=ceadd937 luma_avg=46.2 luma_min=45 luma_max=54 luma_last=47 avg_probe=23.113ms max_probe=24.744ms tsf_waits=0 tsf_wait_us=0 tsf_wait_max_global_us=0 launch_phase_samples=0 launch_phase_avg=0.0 launch_phase_min=0 launch_phase_max=0 tsf_errors=0
I (398344) rc_video: [CAM-DIAG-C16V] ROW_MAP window=31 frame=1751 mode=rgb_adaptive boundary=0 band=0 valid=1 target=392 source=472 rows=8 target_sig=89b65c14 source_sig=89b65c14 raw_repaired=0 rgb_repaired=1 repair_start=0 repair_rows=0 scans=1751 matches=986 raw_repairs=1173 rgb_repairs=271
I (398369) rc_video: [CAM-DIAG-C16V] HEALTH window=31 display_frame=1751 guard_errors=0 quiesce=1751 resume_before=1750 lifecycle_errors=0 pause_req=1754 pause_ack=1754 pause_timeout=0 cache_sync_err=0 raw_post_err=0 overlap=0 finish_collision=0 tsf_waits=0 tsf_wait_us=0 tsf_wait_max_global_us=0 target=0 tolerance=0 launch_samples=0 launch_min=0 launch_max=0 rgb_gain=110 present=canvas chunk_lines=60 repeats=1 tsf_errors=0 staged_events=19298 staged_copies=19294 staged_bytes=987852800 staged_tail=4 staged_forward=3508 staged_fallback=0 staged_errors=0 tail_drain=0 tail_waits=0 tail_wait_us=0 eof_callbacks=19298 eof_valid=19294 eof_invalid=0 eof_mismatch=1787 eof_half0=8785 eof_half1=10509 eof_mm_blocks=0/0/0/0/0/0/1/1/9/23/1753 eof_settle=0 eof_settle_events=0 eof_settle_us=0 defer_events=0 drained=0 pending_collisions=0 drain_errors=0
W (404367) rc_video: [CAM-DIAG-C16V] LIGHT stage=periodic window=31 sensor=real display=camera idle=0ms full_probe=0 cache=c2m_inv frames=300 changes=299 sync_changes=0 sync_calls=300 sync_skips=0 unique=8 overflow=292 pre=b64ef0b3 post=b64ef0b3 luma_avg=46.4 luma_min=45 luma_max=54 luma_last=47 avg_probe=23.117ms max_probe=24.744ms tsf_waits=0 tsf_wait_us=0 tsf_wait_max_global_us=0 launch_phase_samples=0 launch_phase_avg=0.0 launch_phase_min=0 launch_phase_max=0 tsf_errors=0
I (404399) rc_video: [CAM-DIAG-C16V] ROW_MAP window=31 frame=1781 mode=rgb_adaptive boundary=0 band=0 valid=1 target=392 source=472 rows=8 target_sig=f0d05d42 source_sig=f0d05d42 raw_repaired=0 rgb_repaired=1 repair_start=0 repair_rows=0 scans=1781 matches=1016 raw_repairs=1173 rgb_repairs=301
I (404424) rc_video: [CAM-DIAG-C16V] HEALTH window=31 display_frame=1781 guard_errors=0 quiesce=1781 resume_before=1780 lifecycle_errors=0 pause_req=1784 pause_ack=1784 pause_timeout=0 cache_sync_err=0 raw_post_err=0 overlap=0 finish_collision=0 tsf_waits=0 tsf_wait_us=0 tsf_wait_max_global_us=0 target=0 tolerance=0 launch_samples=0 launch_min=0 launch_max=0 rgb_gain=110 present=canvas chunk_lines=60 repeats=1 tsf_errors=0 staged_events=19628 staged_copies=19624 staged_bytes=1004748800 staged_tail=4 staged_forward=3568 staged_fallback=0 staged_errors=0 tail_drain=0 tail_waits=0 tail_wait_us=0 eof_callbacks=19628 eof_valid=19624 eof_invalid=0 eof_mismatch=1817 eof_half0=8935 eof_half1=10689 eof_mm_blocks=0/0/0/0/0/0/1/1/9/23/1783 eof_settle=0 eof_settle_events=0 eof_settle_us=0 defer_events=0 drained=0 pending_collisions=0 drain_errors=0
W (410423) rc_video: [CAM-DIAG-C16V] LIGHT stage=periodic window=31 sensor=real display=camera idle=0ms full_probe=0 cache=c2m_inv frames=330 changes=329 sync_changes=0 sync_calls=330 sync_skips=0 unique=8 overflow=322 pre=d51d68c9 post=d51d68c9 luma_avg=46.5 luma_min=45 luma_max=54 luma_last=48 avg_probe=23.113ms max_probe=24.744ms tsf_waits=0 tsf_wait_us=0 tsf_wait_max_global_us=0 launch_phase_samples=0 launch_phase_avg=0.0 launch_phase_min=0 launch_phase_max=0 tsf_errors=0
I (410455) rc_video: [CAM-DIAG-C16V] ROW_MAP window=31 frame=1811 mode=rgb_adaptive boundary=0 band=0 valid=1 target=392 source=472 rows=8 target_sig=781bab9e source_sig=781bab9e raw_repaired=0 rgb_repaired=1 repair_start=0 repair_rows=0 scans=1811 matches=1046 raw_repairs=1173 rgb_repairs=331
I (410480) rc_video: [CAM-DIAG-C16V] HEALTH window=31 display_frame=1811 guard_errors=0 quiesce=1811 resume_before=1810 lifecycle_errors=0 pause_req=1814 pause_ack=1814 pause_timeout=0 cache_sync_err=0 raw_post_err=0 overlap=0 finish_collision=0 tsf_waits=0 tsf_wait_us=0 tsf_wait_max_global_us=0 target=0 tolerance=0 launch_samples=0 launch_min=0 launch_max=0 rgb_gain=110 present=canvas chunk_lines=60 repeats=1 tsf_errors=0 staged_events=19958 staged_copies=19954 staged_bytes=1021644800 staged_tail=4 staged_forward=3628 staged_fallback=0 staged_errors=0 tail_drain=0 tail_waits=0 tail_wait_us=0 eof_callbacks=19958 eof_valid=19954 eof_invalid=0 eof_mismatch=1847 eof_half0=9085 eof_half1=10869 eof_mm_blocks=0/0/0/0/0/0/1/1/9/23/1813 eof_settle=0 eof_settle_events=0 eof_settle_us=0 defer_events=0 drained=0 pending_collisions=0 drain_errors=0
W (416479) rc_video: [CAM-DIAG-C16V] LIGHT stage=periodic window=31 sensor=real display=camera idle=0ms full_probe=0 cache=c2m_inv frames=360 changes=359 sync_changes=0 sync_calls=360 sync_skips=0 unique=8 overflow=352 pre=880794ce post=880794ce luma_avg=46.6 luma_min=45 luma_max=54 luma_last=48 avg_probe=23.110ms max_probe=24.744ms tsf_waits=0 tsf_wait_us=0 tsf_wait_max_global_us=0 launch_phase_samples=0 launch_phase_avg=0.0 launch_phase_min=0 launch_phase_max=0 tsf_errors=0
I (416510) rc_video: [CAM-DIAG-C16V] ROW_MAP window=31 frame=1841 mode=rgb_adaptive boundary=0 band=0 valid=1 target=392 source=472 rows=8 target_sig=26f9f474 source_sig=26f9f474 raw_repaired=0 rgb_repaired=1 repair_start=0 repair_rows=0 scans=1841 matches=1076 raw_repairs=1173 rgb_repairs=361
I (416536) rc_video: [CAM-DIAG-C16V] HEALTH window=31 display_frame=1841 guard_errors=0 quiesce=1841 resume_before=1840 lifecycle_errors=0 pause_req=1844 pause_ack=1844 pause_timeout=0 cache_sync_err=0 raw_post_err=0 overlap=0 finish_collision=0 tsf_waits=0 tsf_wait_us=0 tsf_wait_max_global_us=0 target=0 tolerance=0 launch_samples=0 launch_min=0 launch_max=0 rgb_gain=110 present=canvas chunk_lines=60 repeats=1 tsf_errors=0 staged_events=20288 staged_copies=20284 staged_bytes=1038540800 staged_tail=4 staged_forward=3688 staged_fallback=0 staged_errors=0 tail_drain=0 tail_waits=0 tail_wait_us=0 eof_callbacks=20288 eof_valid=20284 eof_invalid=0 eof_mismatch=1877 eof_half0=9235 eof_half1=11049 eof_mm_blocks=0/0/0/0/0/0/1/1/9/23/1843 eof_settle=0 eof_settle_events=0 eof_settle_us=0 defer_events=0 drained=0 pending_collisions=0 drain_errors=0
W (422535) rc_video: [CAM-DIAG-C16V] LIGHT stage=periodic window=31 sensor=real display=camera idle=0ms full_probe=0 cache=c2m_inv frames=390 changes=389 sync_changes=0 sync_calls=390 sync_skips=0 unique=8 overflow=382 pre=c64d41c3 post=c64d41c3 luma_avg=46.7 luma_min=45 luma_max=54 luma_last=48 avg_probe=23.108ms max_probe=24.744ms tsf_waits=0 tsf_wait_us=0 tsf_wait_max_global_us=0 launch_phase_samples=0 launch_phase_avg=0.0 launch_phase_min=0 launch_phase_max=0 tsf_errors=0
I (422566) rc_video: [CAM-DIAG-C16V] ROW_MAP window=31 frame=1871 mode=rgb_adaptive boundary=0 band=0 valid=1 target=392 source=472 rows=8 target_sig=6f12b156 source_sig=6f12b156 raw_repaired=0 rgb_repaired=1 repair_start=0 repair_rows=0 scans=1871 matches=1106 raw_repairs=1173 rgb_repairs=391
I (422592) rc_video: [CAM-DIAG-C16V] HEALTH window=31 display_frame=1871 guard_errors=0 quiesce=1871 resume_before=1870 lifecycle_errors=0 pause_req=1874 pause_ack=1874 pause_timeout=0 cache_sync_err=0 raw_post_err=0 overlap=0 finish_collision=0 tsf_waits=0 tsf_wait_us=0 tsf_wait_max_global_us=0 target=0 tolerance=0 launch_samples=0 launch_min=0 launch_max=0 rgb_gain=110 present=canvas chunk_lines=60 repeats=1 tsf_errors=0 staged_events=20618 staged_copies=20614 staged_bytes=1055436800 staged_tail=4 staged_forward=3748 staged_fallback=0 staged_errors=0 tail_drain=0 tail_waits=0 tail_wait_us=0 eof_callbacks=20618 eof_valid=20614 eof_invalid=0 eof_mismatch=1907 eof_half0=9385 eof_half1=11229 eof_mm_blocks=0/0/0/0/0/0/1/1/9/23/1873 eof_settle=0 eof_settle_events=0 eof_settle_us=0 defer_events=0 drained=0 pending_collisions=0 drain_errors=0
W (428590) rc_video: [CAM-DIAG-C16V] LIGHT stage=periodic window=31 sensor=real display=camera idle=0ms full_probe=0 cache=c2m_inv frames=420 changes=419 sync_changes=0 sync_calls=420 sync_skips=0 unique=8 overflow=412 pre=cc9347ff post=cc9347ff luma_avg=46.8 luma_min=45 luma_max=54 luma_last=48 avg_probe=23.107ms max_probe=24.744ms tsf_waits=0 tsf_wait_us=0 tsf_wait_max_global_us=0 launch_phase_samples=0 launch_phase_avg=0.0 launch_phase_min=0 launch_phase_max=0 tsf_errors=0
I (428622) rc_video: [CAM-DIAG-C16V] ROW_MAP window=31 frame=1901 mode=rgb_adaptive boundary=0 band=0 valid=1 target=392 source=472 rows=8 target_sig=982ec2e5 source_sig=982ec2e5 raw_repaired=0 rgb_repaired=1 repair_start=0 repair_rows=0 scans=1901 matches=1136 raw_repairs=1173 rgb_repairs=421
I (428647) rc_video: [CAM-DIAG-C16V] HEALTH window=31 display_frame=1901 guard_errors=0 quiesce=1901 resume_before=1900 lifecycle_errors=0 pause_req=1904 pause_ack=1904 pause_timeout=0 cache_sync_err=0 raw_post_err=0 overlap=0 finish_collision=0 tsf_waits=0 tsf_wait_us=0 tsf_wait_max_global_us=0 target=0 tolerance=0 launch_samples=0 launch_min=0 launch_max=0 rgb_gain=110 present=canvas chunk_lines=60 repeats=1 tsf_errors=0 staged_events=20948 staged_copies=20944 staged_bytes=1072332800 staged_tail=4 staged_forward=3808 staged_fallback=0 staged_errors=0 tail_drain=0 tail_waits=0 tail_wait_us=0 eof_callbacks=20948 eof_valid=20944 eof_invalid=0 eof_mismatch=1937 eof_half0=9535 eof_half1=11409 eof_mm_blocks=0/0/0/0/0/0/1/1/9/23/1903 eof_settle=0 eof_settle_events=0 eof_settle_us=0 defer_events=0 drained=0 pending_collisions=0 drain_errors=0
W (434646) rc_video: [CAM-DIAG-C16V] LIGHT stage=periodic window=31 sensor=real display=camera idle=0ms full_probe=0 cache=c2m_inv frames=450 changes=449 sync_changes=0 sync_calls=450 sync_skips=0 unique=8 overflow=442 pre=b6d28e17 post=b6d28e17 luma_avg=46.9 luma_min=45 luma_max=54 luma_last=48 avg_probe=23.103ms max_probe=24.744ms tsf_waits=0 tsf_wait_us=0 tsf_wait_max_global_us=0 launch_phase_samples=0 launch_phase_avg=0.0 launch_phase_min=0 launch_phase_max=0 tsf_errors=0
I (434678) rc_video: [CAM-DIAG-C16V] ROW_MAP window=31 frame=1931 mode=rgb_adaptive boundary=0 band=0 valid=1 target=392 source=472 rows=8 target_sig=1d7aa95e source_sig=1d7aa95e raw_repaired=0 rgb_repaired=1 repair_start=0 repair_rows=0 scans=1931 matches=1166 raw_repairs=1173 rgb_repairs=451
I (434703) rc_video: [CAM-DIAG-C16V] HEALTH window=31 display_frame=1931 guard_errors=0 quiesce=1931 resume_before=1930 lifecycle_errors=0 pause_req=1934 pause_ack=1934 pause_timeout=0 cache_sync_err=0 raw_post_err=0 overlap=0 finish_collision=0 tsf_waits=0 tsf_wait_us=0 tsf_wait_max_global_us=0 target=0 tolerance=0 launch_samples=0 launch_min=0 launch_max=0 rgb_gain=110 present=canvas chunk_lines=60 repeats=1 tsf_errors=0 staged_events=21278 staged_copies=21274 staged_bytes=1089228800 staged_tail=4 staged_forward=3868 staged_fallback=0 staged_errors=0 tail_drain=0 tail_waits=0 tail_wait_us=0 eof_callbacks=21278 eof_valid=21274 eof_invalid=0 eof_mismatch=1967 eof_half0=9685 eof_half1=11589 eof_mm_blocks=0/0/0/0/0/0/1/1/9/23/1933 eof_settle=0 eof_settle_events=0 eof_settle_us=0 defer_events=0 drained=0 pending_collisions=0 drain_errors=0
W (440702) rc_video: [CAM-DIAG-C16V] LIGHT stage=periodic window=31 sensor=real display=camera idle=0ms full_probe=0 cache=c2m_inv frames=480 changes=479 sync_changes=0 sync_calls=480 sync_skips=0 unique=8 overflow=472 pre=671c6433 post=671c6433 luma_avg=47.0 luma_min=45 luma_max=54 luma_last=48 avg_probe=23.102ms max_probe=24.744ms tsf_waits=0 tsf_wait_us=0 tsf_wait_max_global_us=0 launch_phase_samples=0 launch_phase_avg=0.0 launch_phase_min=0 launch_phase_max=0 tsf_errors=0
I (440733) rc_video: [CAM-DIAG-C16V] ROW_MAP window=31 frame=1961 mode=rgb_adaptive boundary=0 band=0 valid=1 target=392 source=472 rows=8 target_sig=d99bbdbd source_sig=d99bbdbd raw_repaired=0 rgb_repaired=1 repair_start=0 repair_rows=0 scans=1961 matches=1196 raw_repairs=1173 rgb_repairs=481
I (440759) rc_video: [CAM-DIAG-C16V] HEALTH window=31 display_frame=1961 guard_errors=0 quiesce=1961 resume_before=1960 lifecycle_errors=0 pause_req=1964 pause_ack=1964 pause_timeout=0 cache_sync_err=0 raw_post_err=0 overlap=0 finish_collision=0 tsf_waits=0 tsf_wait_us=0 tsf_wait_max_global_us=0 target=0 tolerance=0 launch_samples=0 launch_min=0 launch_max=0 rgb_gain=110 present=canvas chunk_lines=60 repeats=1 tsf_errors=0 staged_events=21608 staged_copies=21604 staged_bytes=1106124800 staged_tail=4 staged_forward=3928 staged_fallback=0 staged_errors=0 tail_drain=0 tail_waits=0 tail_wait_us=0 eof_callbacks=21608 eof_valid=21604 eof_invalid=0 eof_mismatch=1997 eof_half0=9835 eof_half1=11769 eof_mm_blocks=0/0/0/0/0/0/1/1/9/23/1963 eof_settle=0 eof_settle_events=0 eof_settle_us=0 defer_events=0 drained=0 pending_collisions=0 drain_errors=0
W (446757) rc_video: [CAM-DIAG-C16V] LIGHT stage=periodic window=31 sensor=real display=camera idle=0ms full_probe=0 cache=c2m_inv frames=510 changes=509 sync_changes=0 sync_calls=510 sync_skips=0 unique=8 overflow=502 pre=3c65d471 post=3c65d471 luma_avg=47.0 luma_min=45 luma_max=54 luma_last=48 avg_probe=23.100ms max_probe=24.744ms tsf_waits=0 tsf_wait_us=0 tsf_wait_max_global_us=0 launch_phase_samples=0 launch_phase_avg=0.0 launch_phase_min=0 launch_phase_max=0 tsf_errors=0
I (446789) rc_video: [CAM-DIAG-C16V] ROW_MAP window=31 frame=1991 mode=rgb_adaptive boundary=0 band=0 valid=1 target=392 source=472 rows=8 target_sig=0ef7a428 source_sig=0ef7a428 raw_repaired=0 rgb_repaired=1 repair_start=0 repair_rows=0 scans=1991 matches=1226 raw_repairs=1173 rgb_repairs=511
I (446814) rc_video: [CAM-DIAG-C16V] HEALTH window=31 display_frame=1991 guard_errors=0 quiesce=1991 resume_before=1990 lifecycle_errors=0 pause_req=1994 pause_ack=1994 pause_timeout=0 cache_sync_err=0 raw_post_err=0 overlap=0 finish_collision=0 tsf_waits=0 tsf_wait_us=0 tsf_wait_max_global_us=0 target=0 tolerance=0 launch_samples=0 launch_min=0 launch_max=0 rgb_gain=110 present=canvas chunk_lines=60 repeats=1 tsf_errors=0 staged_events=21938 staged_copies=21934 staged_bytes=1123020800 staged_tail=4 staged_forward=3988 staged_fallback=0 staged_errors=0 tail_drain=0 tail_waits=0 tail_wait_us=0 eof_callbacks=21938 eof_valid=21934 eof_invalid=0 eof_mismatch=2027 eof_half0=9985 eof_half1=11949 eof_mm_blocks=0/0/0/0/0/0/1/1/9/23/1993 eof_settle=0 eof_settle_events=0 eof_settle_us=0 defer_events=0 drained=0 pending_collisions=0 drain_errors=0
W (452814) rc_video: [CAM-DIAG-C16V] LIGHT stage=periodic window=31 sensor=real display=camera idle=0ms full_probe=0 cache=c2m_inv frames=540 changes=539 sync_changes=0 sync_calls=540 sync_skips=0 unique=8 overflow=532 pre=e9db6530 post=e9db6530 luma_avg=47.1 luma_min=45 luma_max=54 luma_last=48 avg_probe=23.104ms max_probe=24.744ms tsf_waits=0 tsf_wait_us=0 tsf_wait_max_global_us=0 launch_phase_samples=0 launch_phase_avg=0.0 launch_phase_min=0 launch_phase_max=0 tsf_errors=0
I (452845) rc_video: [CAM-DIAG-C16V] ROW_MAP window=31 frame=2021 mode=rgb_adaptive boundary=0 band=0 valid=1 target=392 source=472 rows=8 target_sig=3e15dbd1 source_sig=3e15dbd1 raw_repaired=0 rgb_repaired=1 repair_start=0 repair_rows=0 scans=2021 matches=1256 raw_repairs=1173 rgb_repairs=541
I (452871) rc_video: [CAM-DIAG-C16V] HEALTH window=31 display_frame=2021 guard_errors=0 quiesce=2021 resume_before=2020 lifecycle_errors=0 pause_req=2024 pause_ack=2024 pause_timeout=0 cache_sync_err=0 raw_post_err=0 overlap=0 finish_collision=0 tsf_waits=0 tsf_wait_us=0 tsf_wait_max_global_us=0 target=0 tolerance=0 launch_samples=0 launch_min=0 launch_max=0 rgb_gain=110 present=canvas chunk_lines=60 repeats=1 tsf_errors=0 staged_events=22268 staged_copies=22264 staged_bytes=1139916800 staged_tail=4 staged_forward=4048 staged_fallback=0 staged_errors=0 tail_drain=0 tail_waits=0 tail_wait_us=0 eof_callbacks=22268 eof_valid=22264 eof_invalid=0 eof_mismatch=2057 eof_half0=10135 eof_half1=12129 eof_mm_blocks=0/0/0/0/0/0/1/1/9/23/2023 eof_settle=0 eof_settle_events=0 eof_settle_us=0 defer_events=0 drained=0 pending_collisions=0 drain_errors=0
W (458868) rc_video: [CAM-DIAG-C16V] LIGHT stage=periodic window=31 sensor=real display=camera idle=0ms full_probe=0 cache=c2m_inv frames=570 changes=569 sync_changes=0 sync_calls=570 sync_skips=0 unique=8 overflow=562 pre=441bcb5f post=441bcb5f luma_avg=47.1 luma_min=45 luma_max=54 luma_last=47 avg_probe=23.104ms max_probe=24.744ms tsf_waits=0 tsf_wait_us=0 tsf_wait_max_global_us=0 launch_phase_samples=0 launch_phase_avg=0.0 launch_phase_min=0 launch_phase_max=0 tsf_errors=0
I (458900) rc_video: [CAM-DIAG-C16V] ROW_MAP window=31 frame=2051 mode=rgb_adaptive boundary=0 band=0 valid=1 target=392 source=472 rows=8 target_sig=ac20237d source_sig=ac20237d raw_repaired=0 rgb_repaired=1 repair_start=0 repair_rows=0 scans=2051 matches=1286 raw_repairs=1173 rgb_repairs=571
I (458925) rc_video: [CAM-DIAG-C16V] HEALTH window=31 display_frame=2051 guard_errors=0 quiesce=2051 resume_before=2050 lifecycle_errors=0 pause_req=2054 pause_ack=2054 pause_timeout=0 cache_sync_err=0 raw_post_err=0 overlap=0 finish_collision=0 tsf_waits=0 tsf_wait_us=0 tsf_wait_max_global_us=0 target=0 tolerance=0 launch_samples=0 launch_min=0 launch_max=0 rgb_gain=110 present=canvas chunk_lines=60 repeats=1 tsf_errors=0 staged_events=22598 staged_copies=22594 staged_bytes=1156812800 staged_tail=4 staged_forward=4108 staged_fallback=0 staged_errors=0 tail_drain=0 tail_waits=0 tail_wait_us=0 eof_callbacks=22598 eof_valid=22594 eof_invalid=0 eof_mismatch=2087 eof_half0=10285 eof_half1=12309 eof_mm_blocks=0/0/0/0/0/0/1/1/9/23/2053 eof_settle=0 eof_settle_events=0 eof_settle_us=0 defer_events=0 drained=0 pending_collisions=0 drain_errors=0
W (464925) rc_video: [CAM-DIAG-C16V] LIGHT stage=periodic window=31 sensor=real display=camera idle=0ms full_probe=0 cache=c2m_inv frames=600 changes=599 sync_changes=0 sync_calls=600 sync_skips=0 unique=8 overflow=592 pre=62803f7d post=62803f7d luma_avg=47.1 luma_min=45 luma_max=54 luma_last=48 avg_probe=23.102ms max_probe=24.744ms tsf_waits=0 tsf_wait_us=0 tsf_wait_max_global_us=0 launch_phase_samples=0 launch_phase_avg=0.0 launch_phase_min=0 launch_phase_max=0 tsf_errors=0
I (464956) rc_video: [CAM-DIAG-C16V] ROW_MAP window=31 frame=2081 mode=rgb_adaptive boundary=0 band=0 valid=1 target=392 source=472 rows=8 target_sig=afe682ef source_sig=afe682ef raw_repaired=0 rgb_repaired=1 repair_start=0 repair_rows=0 scans=2081 matches=1316 raw_repairs=1173 rgb_repairs=601
I (464982) rc_video: [CAM-DIAG-C16V] HEALTH window=31 display_frame=2081 guard_errors=0 quiesce=2081 resume_before=2080 lifecycle_errors=0 pause_req=2084 pause_ack=2084 pause_timeout=0 cache_sync_err=0 raw_post_err=0 overlap=0 finish_collision=0 tsf_waits=0 tsf_wait_us=0 tsf_wait_max_global_us=0 target=0 tolerance=0 launch_samples=0 launch_min=0 launch_max=0 rgb_gain=110 present=canvas chunk_lines=60 repeats=1 tsf_errors=0 staged_events=22928 staged_copies=22924 staged_bytes=1173708800 staged_tail=4 staged_forward=4168 staged_fallback=0 staged_errors=0 tail_drain=0 tail_waits=0 tail_wait_us=0 eof_callbacks=22928 eof_valid=22924 eof_invalid=0 eof_mismatch=2117 eof_half0=10435 eof_half1=12489 eof_mm_blocks=0/0/0/0/0/0/1/1/9/23/2083 eof_settle=0 eof_settle_events=0 eof_settle_us=0 defer_events=0 drained=0 pending_collisions=0 drain_errors=0
W (470980) rc_video: [CAM-DIAG-C16V] LIGHT stage=periodic window=31 sensor=real display=camera idle=0ms full_probe=0 cache=c2m_inv frames=630 changes=629 sync_changes=0 sync_calls=630 sync_skips=0 unique=8 overflow=622 pre=783ef4f8 post=783ef4f8 luma_avg=47.2 luma_min=45 luma_max=54 luma_last=48 avg_probe=23.100ms max_probe=24.744ms tsf_waits=0 tsf_wait_us=0 tsf_wait_max_global_us=0 launch_phase_samples=0 launch_phase_avg=0.0 launch_phase_min=0 launch_phase_max=0 tsf_errors=0
I (471011) rc_video: [CAM-DIAG-C16V] ROW_MAP window=31 frame=2111 mode=rgb_adaptive boundary=0 band=0 valid=1 target=392 source=472 rows=8 target_sig=fc919687 source_sig=fc919687 raw_repaired=0 rgb_repaired=1 repair_start=0 repair_rows=0 scans=2111 matches=1346 raw_repairs=1173 rgb_repairs=631
I (471037) rc_video: [CAM-DIAG-C16V] HEALTH window=31 display_frame=2111 guard_errors=0 quiesce=2111 resume_before=2110 lifecycle_errors=0 pause_req=2114 pause_ack=2114 pause_timeout=0 cache_sync_err=0 raw_post_err=0 overlap=0 finish_collision=0 tsf_waits=0 tsf_wait_us=0 tsf_wait_max_global_us=0 target=0 tolerance=0 launch_samples=0 launch_min=0 launch_max=0 rgb_gain=110 present=canvas chunk_lines=60 repeats=1 tsf_errors=0 staged_events=23258 staged_copies=23254 staged_bytes=1190604800 staged_tail=4 staged_forward=4228 staged_fallback=0 staged_errors=0 tail_drain=0 tail_waits=0 tail_wait_us=0 eof_callbacks=23258 eof_valid=23254 eof_invalid=0 eof_mismatch=2147 eof_half0=10585 eof_half1=12669 eof_mm_blocks=0/0/0/0/0/0/1/1/9/23/2113 eof_settle=0 eof_settle_events=0 eof_settle_us=0 defer_events=0 drained=0 pending_collisions=0 drain_errors=0
W (477036) rc_video: [CAM-DIAG-C16V] LIGHT stage=periodic window=31 sensor=real display=camera idle=0ms full_probe=0 cache=c2m_inv frames=660 changes=659 sync_changes=0 sync_calls=660 sync_skips=0 unique=8 overflow=652 pre=00f9738e post=00f9738e luma_avg=47.2 luma_min=45 luma_max=54 luma_last=48 avg_probe=23.099ms max_probe=24.744ms tsf_waits=0 tsf_wait_us=0 tsf_wait_max_global_us=0 launch_phase_samples=0 launch_phase_avg=0.0 launch_phase_min=0 launch_phase_max=0 tsf_errors=0
I (477067) rc_video: [CAM-DIAG-C16V] ROW_MAP window=31 frame=2141 mode=rgb_adaptive boundary=0 band=0 valid=1 target=392 source=472 rows=8 target_sig=f8145465 source_sig=f8145465 raw_repaired=0 rgb_repaired=1 repair_start=0 repair_rows=0 scans=2141 matches=1376 raw_repairs=1173 rgb_repairs=661
I (477093) rc_video: [CAM-DIAG-C16V] HEALTH window=31 display_frame=2141 guard_errors=0 quiesce=2141 resume_before=2140 lifecycle_errors=0 pause_req=2144 pause_ack=2144 pause_timeout=0 cache_sync_err=0 raw_post_err=0 overlap=0 finish_collision=0 tsf_waits=0 tsf_wait_us=0 tsf_wait_max_global_us=0 target=0 tolerance=0 launch_samples=0 launch_min=0 launch_max=0 rgb_gain=110 present=canvas chunk_lines=60 repeats=1 tsf_errors=0 staged_events=23588 staged_copies=23584 staged_bytes=1207500800 staged_tail=4 staged_forward=4288 staged_fallback=0 staged_errors=0 tail_drain=0 tail_waits=0 tail_wait_us=0 eof_callbacks=23588 eof_valid=23584 eof_invalid=0 eof_mismatch=2177 eof_half0=10735 eof_half1=12849 eof_mm_blocks=0/0/0/0/0/0/1/1/9/23/2143 eof_settle=0 eof_settle_events=0 eof_settle_us=0 defer_events=0 drained=0 pending_collisions=0 drain_errors=0
