
[HOST-DVP-MATRIX] RAM bootloader recovery starting
esptool.py v4.12.dev2
Serial port COM7
Connecting.........
Chip is ESP32-S3 (QFN56) (revision v0.2)
Features: WiFi, BLE
Crystal is 40MHz
MAC: 44:1b:f6:f3:ae:78
Uploading stub...
Running stub...
Stub running...
RAM boot...
Downloading 5360 bytes at 3fce2820... done!
Downloading 3364 bytes at 403c8700... done!
Downloading 12016 bytes at 403cb700... done!
All segments done, executing at 403c8924
Exiting immediately.

[HOST-DVP-MATRIX] RAM bootloader recovery complete
: v0.2
I (3421) boot: efuse block revision: v1.3
I (3424) boot.esp32s3: Boot SPI Speed : 80MHz
I (3429) boot.esp32s3: SPI Mode       : SLOW READ
I (3433) boot.esp32s3: SPI Flash Size : 8MB
I (3437) boot: Enabling RNG early entropy source...
I (3442) boot: Partition Table:
I (3444) boot: ## Label            Usage          Type ST Offset   Length
I (3451) boot:  0 nvs              WiFi data        01 02 00009000 00006000
I (3458) boot:  1 phy_init         RF data          01 01 0000f000 00001000
I (3464) boot:  2 factory          factory app      00 00 00010000 00300000
I (3471) boot:  3 storage          Unknown data     01 82 00310000 00100000
I (3478) boot: End of partition table
I (3481) esp_image: segment 0: paddr=00010020 vaddr=3c0a0020 size=24d20h (150816) map
I (3581) esp_image: segment 1: paddr=00034d48 vaddr=3fca0c00 size=05560h ( 21856) load
I (3595) esp_image: segment 2: paddr=0003a2b0 vaddr=40374000 size=05d68h ( 23912) load
I (3611) esp_image: segment 3: paddr=00040020 vaddr=42000020 size=9b814h (636948) map
I (4000) esp_image: segment 4: paddr=000db83c vaddr=40379d68 size=16df4h ( 93684) load
I (4061) esp_image: segment 5: paddr=000f2638 vaddr=50000000 size=00020h (    32) load
I (4072) boot: Loaded app from partition at offset 0x10000
I (4073) boot: Disabling RNG early entropy source...
I (4085) esp_psram: Found 8MB PSRAM device
I (4085) esp_psram: Speed: 80MHz
I (4085) cpu_start: Multicore app
I (5003) esp_psram: SPI SRAM memory test OK
I (5012) cpu_start: GPIO 44 and 43 are used as console UART I/O pins
I (5013) cpu_start: Pro cpu start user code
I (5013) cpu_start: cpu freq: 240000000 Hz
I (5014) app_init: Application information:
I (5018) app_init: Project name:     rc_tank_demo
I (5022) app_init: App version:      1
I (5026) app_init: Compile time:     Aug 26 2026 09:56:00
I (5031) app_init: ELF file SHA256:  6af95a74b...
I (5036) app_init: ESP-IDF:          GIT-NOTFOUND
I (5040) efuse_init: Min chip rev:     v0.0
I (5044) efuse_init: Max chip rev:     v0.99 
I (5048) efuse_init: Chip rev:         v0.2
I (5052) heap_init: Initializing. RAM available for dynamic allocation:
I (5058) heap_init: At 3FCAA470 len 0003F2A0 (252 KiB): RAM
I (5063) heap_init: At 3FCE9710 len 00005724 (21 KiB): RAM
I (5069) heap_init: At 3FCF0000 len 00008000 (32 KiB): DRAM
I (5074) heap_init: At 600FE000 len 00001FE8 (7 KiB): RTCRAM
I (5080) esp_psram: Adding pool of 8192K of PSRAM memory to heap allocator
I (5087) spi_flash: detected chip: generic
I (5090) spi_flash: flash io: dio
I (5094) sleep_gpio: Configure to isolate all GPIO pins in sleep state
I (5099) sleep_gpio: Enable automatic switching of GPIO sleep configuration
I (5106) main_task: Started on CPU0
I (5130) esp_psram: Reserving pool of 64K of internal memory for DMA/internal allocations
I (5131) main_task: Calling app_main()
I (5137) rc_tank: === RC Tank Demo (EX-035) Role: TANK ===
I (5137) rc_tank: Startup delay 10 s (open serial monitor now)...
I (5141) rc_tank:   starting in 10 s
I (6145) rc_tank:   starting in 9 s
I (7145) rc_tank:   starting in 8 s
I (8145) rc_tank:   starting in 7 s
I (9145) rc_tank:   starting in 6 s
I (10145) rc_tank:   starting in 5 s
I (11145) rc_tank:   starting in 4 s
I (12145) rc_tank:   starting in 3 s
I (13145) rc_tank:   starting in 2 s
I (14145) rc_tank:   starting in 1 s
I (15145) rc_tank: Starting Tank role (P1: network, P2: control, P3: video)
I (15145) board_laiwfs300: init board support package
I (15145) board_laiwfs300: init capability registry
I (15150) board_laiwfs300: init I2C bus: SDA=GPIO48 SCL=GPIO47
I (15156) bus_i2c: I2C0 initialized: SDA=GPIO48 SCL=GPIO47 speed=100000Hz
I (15162) board_laiwfs300: --- I2C bus scan (0x08-0x77) ---
I (15169) board_laiwfs300:   I2C device ACK at 0x15
I (15172) board_laiwfs300:   I2C device ACK at 0x18
I (15177) board_laiwfs300:   I2C device ACK at 0x21
I (15181) board_laiwfs300:   I2C device ACK at 0x22
I (15189) board_laiwfs300:   I2C device ACK at 0x40
I (15192) board_laiwfs300:   I2C device ACK at 0x51
I (15198) board_laiwfs300:   I2C device ACK at 0x68
I (15201) board_laiwfs300: --- I2C scan done: 7 device(s) found ---
W (15205) board_laiwfs300: TPT29555A (IOEX) NOT found at 0x20 (NACK)
I (15211) board_laiwfs300: ES8311 (Codec) found at 0x18
I (15216) board_laiwfs300: ES7210 (ADC) found at 0x40
I (15221) board_laiwfs300: AIP8563 (RTC) found at 0x51
I (15226) board_laiwfs300: BMI260 (IMU @0x68) found at 0x68
W (15231) board_laiwfs300: BMI260 (IMU @0x69) NOT found at 0x69 (NACK)
I (15237) board_laiwfs300: SP0A39 (Camera) found at 0x21
I (15244) board_laiwfs300: ES8311 chip ID: 0x83 0x11
I (15248) board_laiwfs300: ES7210 chip ID: 0x72
I (15253) board_laiwfs300: AIP8563 RTC time: 21:31:32 (BCD raw)
I (15257) board_laiwfs300: BMI260 chip ID: 0x27 (expect 0x27)
I (15262) board_laiwfs300: init SPI bus manager
I (15268) board_laiwfs300: init ADC service
I (15271) board_adc: ADC1 oneshot initialized
I (15275) board_laiwfs300: init board power service
I (15280) board_laiwfs300: ADC D0_DETECT (GPIO1): raw=4095 (~3100 mV)
I (15285) board_laiwfs300: ADC BAT_ADC (GPIO7): raw=1637 (~1239 mV)
I (15291) board_laiwfs300: ADC SW_ADC (GPIO8): raw=4095 (~3100 mV)
I (15297) board_laiwfs300: init IO expander: TPT29555A addr=0x22
I (15306) io_expander: TPT29555A initialized at 0x22
I (15308) board_laiwfs300: IO expander initialized OK
I (15312) board_laiwfs300: init module detect
I (15317) board_laiwfs300: register detection rules
I (15321) board_laiwfs300: register default capabilities
I (15326) board_laiwfs300: board init complete (ioex=OK)
I (15331) rc_tank: [STEP] Motor init starting...
I (15336) board_motor: motor input 1 -> GPIO5 / LEDC channel 0
I (15341) board_motor: motor input 2 -> GPIO4 / LEDC channel 1
I (15347) board_motor: motor input 3 -> GPIO37 / LEDC channel 2
I (15352) board_motor: motor input 4 -> GPIO45 / LEDC channel 3
I (15358) rc_control: Motor initialized
I (15361) rc_tank: [STEP] Motor init OK
I (15365) rc_tank: [STEP] Display init starting...
I (15370) rc_video: Initializing Tank display
I (15375) display_hal: init ST7789V3 LCD 240x320 SPI host=1
E (15520) spi: spi_bus_initialize(816): SPI bus already initialized.
I (15641) display_hal: ST7789V3 LCD initialized
I (15641) board_display: display mapped: MOSI=GPIO13 SCK=GPIO12 CS=GPIO10 DC=GPIO16 BL=GPIO17 LCD_RST=IOEX P1_5 pclk=20000000
I (15646) rc_video: Tank display task started (status screen)
I (15647) rc_video: Tank display initialized (status task owns LCD)
I (15657) rc_tank: [STEP] Display init OK
I (15661) rc_tank: [STEP] Camera init starting...
I (15665) rc_video: Initializing camera (SP0A39 640x480 VYUY)
I (15671) board_camera: initializing SP0A39 camera mode=0 640x480
I (15676) camera_hal: init SP0A39 DVP 640x480 (SCCB manual mode)
I (15682) camera_hal: configuring IOEX pins for camera RESET/PWDN
I (15689) camera_hal: PWDN=HIGH (power down)
I (15702) camera_hal: PWDN=LOW (release sensor)
I (15902) camera_hal: RESET=LOW (assert reset)
I (15922) camera_hal: RESET=HIGH (release reset)
I (16922) camera_hal: full I2C scan after camera power-up (diagnostic only)...
I (16924) camera_hal:   post-powerup ACK at 0x15
I (16924) camera_hal:   post-powerup ACK at 0x18
I (16927) camera_hal:   post-powerup ACK at 0x21
I (16931) camera_hal:   post-powerup ACK at 0x22
I (16939) camera_hal:   post-powerup ACK at 0x40
I (16941) camera_hal:   post-powerup ACK at 0x51
I (16947) camera_hal:   post-powerup ACK at 0x68
I (16950) camera_hal: DVP GPIO diagnostics (checking PCLK/VSYNC/HSYNC activity)...
I (17016) camera_hal: DVP diagnostics: PCLK_changes=0 VSYNC_changes=0 HSYNC_changes=0
W (17016) camera_hal: PCLK has no transitions - MCLK likely not reaching sensor or sensor not active
I (17021) camera_hal: using sensor address 0x21
I (17026) camera_hal: SP0A39 I2C device added at 0x21
I (17032) camera_hal: SP0A39 chip ID: 0x0A39
I (17154) camera_hal: SP0A39 register init done: VYUY 640x480 (359 regs)
I (17155) camera_hal: [CAM-PROBE] SP0A39 p0_31 stage=post_table value=0x00 expected=0x01
E (17157) camera_hal: camera_hal_verify_expected_output_p0_31(92): unexpected p0_31=0x00 at post_table
W (17167) camera_hal: [CAM-PROBE] output state differs after table; continuing: ESP_ERR_INVALID_RESPONSE
I (17196) camera_hal: [CAM-PROBE] SP0A39 p0_31 stage=post_delay value=0x01 expected=0x01
I (17197) camera_hal: camera HAL initialized (sensor ready, DVP capture not yet implemented)
I (17201) board_camera: camera ready
I (17209) camera_hal: SP0A39 output regs: P0:1c=0x00 P0:30=0x01 P0:31=0x01 P1:32=0x15 P1:34=0xeb P1:35=0x00 P1:36=0x10
I (17341) rc_video:   3 DMA-capable PSRAM framebuffers allocated (600 KB each)
I (17344) dvp_ext: DVP Extended camera controller driver is initialized
I (17345) dvp_ext: [STABLE-DVP] assembly uses GDMA-EOF direct copy; dma=102400 half=51200 queue_data_events=suppressed eof_desc=probe
I (17355) rc_video: [STABLE-CAPTURE] staged DVP controller created dma=102400 half=51200
I (17363) rc_video: Camera initialized
I (17367) rc_tank: [STEP] Camera init OK
I (17370) rc_tank: [STEP] Network init starting...
I (17376) rc_net: Initializing as SoftAP (Tank)
I (17381) pp: pp rom version: e7ae62f
I (17383) net80211: net80211 rom version: e7ae62f
I (17390) wifi:wifi driver task: 3fce4980, prio:23, stack:6656, core=0
I (17397) wifi:wifi firmware version: 0947e8b
I (17398) wifi:wifi certification version: v7.0
I (17402) wifi:config NVS flash: enabled
I (17405) wifi:config nano formatting: disabled
I (17410) wifi:Init data frame dynamic rx buffer num: 32
I (17415) wifi:Init static rx mgmt buffer num: 5
I (17419) wifi:Init management short buffer num: 32
I (17423) wifi:Init dynamic tx buffer num: 64
I (17428) wifi:Init static tx FG buffer num: 2
I (17432) wifi:Init static rx buffer size: 1600
I (17436) wifi:Init static rx buffer num: 10
I (17440) wifi:Init dynamic rx buffer num: 32
I (17445) wifi_init: rx ba win: 6
I (17447) wifi_init: accept mbox: 6
I (17450) wifi_init: tcpip mbox: 16
I (17453) wifi_init: udp mbox: 6
I (17456) wifi_init: tcp mbox: 6
I (17459) wifi_init: tcp tx win: 5760
I (17463) wifi_init: tcp rx win: 5760
I (17466) wifi_init: tcp mss: 1440
I (17469) wifi_init: WiFi IRAM OP enabled
I (17473) wifi_init: WiFi RX IRAM OP enabled
I (17477) rc_net: AP set_mode/config, SSID=RC_TANK_F3AE79 ch=1
I (17558) phy_init: phy_version 711,97bcf0a2,Aug 25 2025,19:04:10
W (17559) phy_init: failed to load RF calibration data (0x1102), falling back to full calibration
I (17603) phy_init: Saving new calibration data due to checksum failure or outdated calibration data, mode(2)
I (17613) wifi:mode : softAP (44:1b:f6:f3:ae:79)
I (17617) wifi:Total power save buffer number: 32
I (17618) wifi:Init max length of beacon: 752/752
I (17619) wifi:Init max length of beacon: 752/752
I (17621) rc_net: SoftAP started, SSID: RC_TANK_F3AE79, Password: 12345678
I (17622) esp_netif_lwip: DHCP server started on interface WIFI_AP_DEF with IP: 192.168.4.1
I (17635) rc_tank: [STEP] Network init OK
I (17638) rc_tank: Tank SoftAP ready, waiting for remote...
I (17644) rc_control: Ctrl RX task started
I (17648) rc_control: Tank control started
I (17651) rc_tank: Tank running (video + control; audio disabled)
I (17657) rc_tank: app_main done, idle loop
I (21526) wifi:new:<1,1>, old:<1,1>, ap:<1,1>, sta:<255,255>, prof:1, snd_ch_cfg:0x0
I (21528) wifi:station: 44:1b:f6:f3:ae:40 join, AID=1, bgn, 40U
I (21558) rc_net: STA connected, MAC: 44:1b:f6:f3:ae:40
I (21596) esp_netif_lwip: DHCP server assigned IP to a client, IP is: 192.168.4.2
I (21597) rc_net: STA assigned IP: 192.168.4.2
I (21597) rc_tank: Network connected, peer: 192.168.4.2
W (21605) rc_tank: [DVP-MATRIX] start stage=0 strategy=baseline_no_rebuild video_tx=not_created capture=not_started
I (21613) rc_net: Ctrl UDP socket bound to port 8001
I (21617) rc_net: Video UDP socket bound to port 8002
I (21623) rc_net: Audio TCP listening on port 8003
I (21626) rc_tank: Socket channels started
I (21630) rc_video: No local preview active; formal video handoff skipped
I (21638) camera_hal: [CAM-PROBE] SP0A39 p0_31 stage=dvp_started value=0x01 expected=0x01
I (21648) rc_video: Tank video started (camera source)
W (21650) rc_tank: [DVP-MATRIX] observe stage=0 strategy=baseline_no_rebuild duration_ms=45000 under live Q60/UDP load
I (21651) rc_video: Video TX task started (240x180, sensor-driven, Q=60)
I (21666) rc_video: TX theory: raw=614400 B/frame, encoded YUV=86400 B/frame, target10fps raw=0.86 MB/s
I (21703) rc_video: PSRAM TX buffers: subsample=86400B jpeg=43200B send=43208B free_psram=5592524 free_internal=54895
I (21712) rc_video: TX buffer caps: subsample=0x3c350120(psram=1) jpeg=0x3c3652a4(psram=1) send=0x3c36fea8(psram=1)
I (21767) rc_net: [CAM-PROBE] Video TX seq=0 jpeg_len=7343 crc32=0xe00cf134 chunks=7
W (21777) rc_net: Video UDP send failed: seq=0 chunk=4/7 bytes=1208 sent=-1 errno=12 attempts=4
W (21778) rc_video: Video send failed: ESP_FAIL
W (21906) rc_video: Video send failed: ESP_FAIL
W (21986) rc_video: Video send failed: ESP_FAIL
W (22147) rc_video: Video send failed: ESP_FAIL
W (22300) rc_video: Video send failed: ESP_FAIL
W (22399) rc_video: Video send failed: ESP_FAIL
W (22545) rc_video: Video send failed: ESP_FAIL
W (22599) rc_video: Video send failed: ESP_FAIL
I (22790) wifi:<ba-add>idx:2 (ifx:1, 44:1b:f6:f3:ae:40), tid:0, ssn:0, winSize:64
I (25283) rc_net: [CAM-PROBE] Video TX seq=30 jpeg_len=7130 crc32=0xdee002ec chunks=6
I (26082) rc_video: Sent 30 | cap_fps=8.7 send_fps=6.9 capture_size_errors=0 capture_identity_errors=0 | Avg(ms): wait=49.9 cache=1.5 subsample=23.4 encode=23.7 send=5.2 total=103.7 | JPEG=9921B
I (26089) rc_video: [VIDEO-TX] handoff cap=38 get=76 select_fail=0 finished=38 signal=38 acquire=38 acquire_fail=0 release_fail=0 backup=0/0
I (26099) rc_video: [STABLE-CAPTURE] pause=38/38 timeout=0 quiesce=38 resume=38 lifecycle_errors=0 repairs=38 staged_events=629 copies=607 fallback=0 errors=0 prepare=39 stale_queue=0 pending_vsync=18 sync=57 complete=38 incomplete=19 incomplete_blocks=187 hold=38/38 hold_timeout=0
I (28771) rc_net: [CAM-PROBE] Video TX seq=60 jpeg_len=9073 crc32=0x5f1fdbea chunks=8
I (29579) rc_video: Sent 60 | cap_fps=8.5 send_fps=8.5 capture_size_errors=0 capture_identity_errors=0 | Avg(ms): wait=49.6 cache=1.5 subsample=23.7 encode=23.9 send=5.3 total=103.9 | JPEG=7814B
I (29579) rc_video: [VIDEO-TX] handoff cap=68 get=137 select_fail=0 finished=68 signal=68 acquire=68 acquire_fail=0 release_fail=0 backup=0/0
I (29579) rc_video: [STABLE-CAPTURE] pause=68/68 timeout=0 quiesce=68 resume=68 lifecycle_errors=0 repairs=68 staged_events=1122 copies=1085 fallback=0 errors=0 prepare=69 stale_queue=0 pending_vsync=32 sync=101 complete=68 incomplete=33 incomplete_blocks=327 hold=68/68 hold_timeout=0
I (32212) rc_net: [CAM-PROBE] Video TX seq=90 jpeg_len=10156 crc32=0x9a9767b2 chunks=9
I (33023) rc_video: Sent 90 | cap_fps=8.7 send_fps=8.7 capture_size_errors=0 capture_identity_errors=0 | Avg(ms): wait=47.9 cache=1.5 subsample=23.6 encode=23.6 send=5.4 total=102.0 | JPEG=7632B
I (33023) rc_video: [VIDEO-TX] handoff cap=98 get=197 select_fail=0 finished=98 signal=98 acquire=98 acquire_fail=0 release_fail=0 backup=0/0
I (33023) rc_video: [STABLE-CAPTURE] pause=98/98 timeout=0 quiesce=98 resume=98 lifecycle_errors=0 repairs=98 staged_events=1587 copies=1535 fallback=0 errors=0 prepare=99 stale_queue=0 pending_vsync=47 sync=143 complete=98 incomplete=45 incomplete_blocks=447 hold=98/98 hold_timeout=0
I (35616) rc_net: [CAM-PROBE] Video TX seq=120 jpeg_len=9878 crc32=0x3c32ade7 chunks=9
I (36430) rc_video: Sent 120 | cap_fps=8.8 send_fps=8.8 capture_size_errors=0 capture_identity_errors=0 | Avg(ms): wait=46.1 cache=1.4 subsample=23.2 encode=23.9 send=5.4 total=99.9 | JPEG=8334B
I (36430) rc_video: [VIDEO-TX] handoff cap=128 get=257 select_fail=0 finished=128 signal=128 acquire=128 acquire_fail=0 release_fail=0 backup=0/0
I (36430) rc_video: [STABLE-CAPTURE] pause=128/128 timeout=0 quiesce=128 resume=128 lifecycle_errors=0 repairs=128 staged_events=2054 copies=1986 fallback=0 errors=0 prepare=129 stale_queue=0 pending_vsync=61 sync=185 complete=128 incomplete=57 incomplete_blocks=567 hold=128/128 hold_timeout=0
I (39118) rc_net: [CAM-PROBE] Video TX seq=150 jpeg_len=8487 crc32=0x7e8ad1f6 chunks=8
I (39935) rc_video: Sent 150 | cap_fps=8.6 send_fps=8.6 capture_size_errors=0 capture_identity_errors=0 | Avg(ms): wait=50.0 cache=1.5 subsample=23.5 encode=23.8 send=5.3 total=104.0 | JPEG=9495B
I (39942) rc_video: [VIDEO-TX] handoff cap=158 get=316 select_fail=0 finished=158 signal=158 acquire=158 acquire_fail=0 release_fail=0 backup=0/0
I (39952) rc_video: [STABLE-CAPTURE] pause=158/158 timeout=0 quiesce=158 resume=158 lifecycle_errors=0 repairs=158 staged_events=2521 copies=2437 fallback=0 errors=0 prepare=159 stale_queue=0 pending_vsync=77 sync=228 complete=158 incomplete=70 incomplete_blocks=697 hold=158/158 hold_timeout=0
I (42601) rc_net: [CAM-PROBE] Video TX seq=180 jpeg_len=8333 crc32=0xe23c5728 chunks=7
I (43416) rc_video: Sent 180 | cap_fps=8.6 send_fps=8.6 capture_size_errors=0 capture_identity_errors=0 | Avg(ms): wait=47.7 cache=1.5 subsample=23.5 encode=24.1 send=6.6 total=103.4 | JPEG=8414B
I (43423) rc_video: [VIDEO-TX] handoff cap=188 get=376 select_fail=0 finished=188 signal=188 acquire=188 acquire_fail=0 release_fail=0 backup=0/0
I (43435) rc_video: [STABLE-CAPTURE] pause=188/188 timeout=0 quiesce=188 resume=188 lifecycle_errors=0 repairs=188 staged_events=2996 copies=2897 fallback=0 errors=0 prepare=189 stale_queue=0 pending_vsync=92 sync=271 complete=188 incomplete=83 incomplete_blocks=827 hold=188/188 hold_timeout=0
I (46127) rc_net: [CAM-PROBE] Video TX seq=210 jpeg_len=8634 crc32=0x15beda2d chunks=8
I (46862) rc_video: Sent 210 | cap_fps=8.7 send_fps=8.7 capture_size_errors=0 capture_identity_errors=0 | Avg(ms): wait=45.9 cache=1.5 subsample=23.4 encode=24.4 send=5.8 total=101.0 | JPEG=10023B
I (46869) rc_video: [VIDEO-TX] handoff cap=218 get=436 select_fail=0 finished=218 signal=218 acquire=218 acquire_fail=0 release_fail=0 backup=0/0
I (46879) rc_video: [STABLE-CAPTURE] pause=218/218 timeout=0 quiesce=218 resume=218 lifecycle_errors=0 repairs=218 staged_events=3472 copies=3357 fallback=0 errors=0 prepare=219 stale_queue=0 pending_vsync=106 sync=314 complete=218 incomplete=96 incomplete_blocks=957 hold=218/218 hold_timeout=0
I (49587) rc_net: [CAM-PROBE] Video TX seq=240 jpeg_len=9577 crc32=0xe3f1f1ef chunks=8
I (50398) rc_video: Sent 240 | cap_fps=8.4 send_fps=8.4 capture_size_errors=0 capture_identity_errors=0 | Avg(ms): wait=50.9 cache=1.5 subsample=23.4 encode=24.1 send=5.5 total=105.4 | JPEG=8298B
I (50398) rc_video: [VIDEO-TX] handoff cap=248 get=497 select_fail=0 finished=248 signal=248 acquire=248 acquire_fail=0 release_fail=0 backup=0/0
I (50398) rc_video: [STABLE-CAPTURE] pause=248/248 timeout=0 quiesce=248 resume=248 lifecycle_errors=0 repairs=248 staged_events=3964 copies=3835 fallback=0 errors=0 prepare=249 stale_queue=0 pending_vsync=121 sync=358 complete=248 incomplete=110 incomplete_blocks=1097 hold=248/248 hold_timeout=0
I (53109) rc_net: [CAM-PROBE] Video TX seq=270 jpeg_len=8515 crc32=0xdcdd3bb4 chunks=8
I (53921) rc_video: Sent 270 | cap_fps=8.5 send_fps=8.5 capture_size_errors=0 capture_identity_errors=0 | Avg(ms): wait=50.8 cache=1.5 subsample=23.4 encode=24.1 send=5.6 total=105.3 | JPEG=8418B
I (53921) rc_video: [VIDEO-TX] handoff cap=278 get=557 select_fail=0 finished=278 signal=278 acquire=278 acquire_fail=0 release_fail=0 backup=0/0
I (53921) rc_video: [STABLE-CAPTURE] pause=278/278 timeout=0 quiesce=278 resume=278 lifecycle_errors=0 repairs=278 staged_events=4451 copies=4306 fallback=0 errors=0 prepare=279 stale_queue=0 pending_vsync=136 sync=402 complete=278 incomplete=124 incomplete_blocks=1237 hold=278/278 hold_timeout=0
I (56633) rc_net: [CAM-PROBE] Video TX seq=300 jpeg_len=9988 crc32=0xba6f58bf chunks=9
I (57446) rc_video: Sent 300 | cap_fps=8.5 send_fps=8.5 capture_size_errors=0 capture_identity_errors=0 | Avg(ms): wait=50.8 cache=1.5 subsample=23.3 encode=24.0 send=5.7 total=105.2 | JPEG=8204B
I (57446) rc_video: [VIDEO-TX] handoff cap=308 get=617 select_fail=0 finished=308 signal=308 acquire=308 acquire_fail=0 release_fail=0 backup=0/0
I (57446) rc_video: [STABLE-CAPTURE] pause=308/308 timeout=0 quiesce=308 resume=308 lifecycle_errors=0 repairs=308 staged_events=4935 copies=4775 fallback=0 errors=0 prepare=309 stale_queue=0 pending_vsync=151 sync=446 complete=308 incomplete=138 incomplete_blocks=1377 hold=308/308 hold_timeout=0
I (60155) rc_net: [CAM-PROBE] Video TX seq=330 jpeg_len=9304 crc32=0x88b2f374 chunks=8
I (60969) rc_video: Sent 330 | cap_fps=8.5 send_fps=8.5 capture_size_errors=0 capture_identity_errors=0 | Avg(ms): wait=50.6 cache=1.5 subsample=23.5 encode=24.1 send=5.6 total=105.4 | JPEG=8377B
I (60969) rc_video: [VIDEO-TX] handoff cap=338 get=677 select_fail=0 finished=338 signal=338 acquire=338 acquire_fail=0 release_fail=0 backup=0/0
I (60969) rc_video: [STABLE-CAPTURE] pause=338/338 timeout=0 quiesce=338 resume=338 lifecycle_errors=0 repairs=338 staged_events=5422 copies=5247 fallback=0 errors=0 prepare=339 stale_queue=0 pending_vsync=166 sync=490 complete=338 incomplete=152 incomplete_blocks=1517 hold=338/338 hold_timeout=0
I (63679) rc_net: [CAM-PROBE] Video TX seq=360 jpeg_len=8873 crc32=0xfae6666d chunks=8
I (64488) rc_video: Sent 360 | cap_fps=8.5 send_fps=8.5 capture_size_errors=0 capture_identity_errors=0 | Avg(ms): wait=51.3 cache=1.6 subsample=23.5 encode=24.1 send=5.4 total=105.8 | JPEG=8352B
I (64488) rc_video: [VIDEO-TX] handoff cap=368 get=737 select_fail=0 finished=368 signal=368 acquire=368 acquire_fail=0 release_fail=0 backup=0/0
I (64488) rc_video: [STABLE-CAPTURE] pause=368/368 timeout=0 quiesce=368 resume=368 lifecycle_errors=0 repairs=368 staged_events=5907 copies=5717 fallback=0 errors=0 prepare=369 stale_queue=0 pending_vsync=181 sync=534 complete=368 incomplete=166 incomplete_blocks=1657 hold=368/368 hold_timeout=0
W (66675) rc_tank: [DVP-MATRIX] result stage=0 strategy=baseline_no_rebuild complete=387 incomplete=175 incomplete_blocks=1747 mismatch_hist=0,0,0,0,144,192,178,166,72,17,197 prepare=387 pending=190 hold=386/386 hold_timeout=0
W (66690) rc_tank: [DVP-MATRIX] advancing to stage=1; software restart in 1s
I (67200) rc_net: [CAM-PROBE] Video TX seq=390 jpeg_len=8564 crc32=0x44fe47f7 chunks=8
I (67691) wifi:station: 44:1b:f6:f3:ae:40 leave, AID = 1, reason = 2, bss_flags is 756835, bss:0x3fcf1424
I (67693) wifi:new:<1,0>, old:<1,1>, ap:<1,1>, sta:<255,255>, prof:1, snd_ch_cfg:0x0
I (67735) wifi:<ba-del>idx:2, tid:0
I (67736) wifi:new:<1,1>, old:<1,0>, ap:<1,1>, sta:<255,255>, prof:1, snd_ch_cfg:0x0
I (67739) rc_net: STA disconnected, MAC: 44:1b:f6:f3:ae:40
W (67741) rc_control: Network disconnected: motor stop enforced
W (67746) rc_tank: Network disconnected
W (67803) rc_video: Video send failed: ESP_ERR_INVALID_STATE
W (67892) rc_video: Video send failed: ESP_ERR_INVALID_STATE
W (67971) rc_video: Video send failed: ESP_ERR_INVALID_STATE
W (68090) rc_video: Video send failed: ESP_ERR_INVALID_STATE
W (68227) rc_video: Video send failed: ESP_ERR_INVALID_STATE
I (68288) wifi:flush txq
I (68289) wifi:stop sw txq
I (68289) wifi:lmac stop hw txq
†žESP-ROM:esp32s3-20210327
Build:Mar 27 2021
rst:0xc (RTC_SW_CPU_RST),boot:0x3 (DOWNLOAD(USB/UART0))
Saved PC:0x40381169
waiting for download

[HOST-DVP-MATRIX] RAM bootloader recovery starting
esptool.py v4.12.dev2
Serial port COM7
Connecting..............
Chip is ESP32-S3 (QFN56) (revision v0.2)
Features: WiFi, BLE
Crystal is 40MHz
MAC: 44:1b:f6:f3:ae:78
Uploading stub...
Running stub...
Stub running...
RAM boot...
Downloading 5360 bytes at 3fce2820... done!
Downloading 3364 bytes at 403c8700... done!
Downloading 12016 bytes at 403cb700... done!
All segments done, executing at 403c8924
Exiting immediately.

[HOST-DVP-MATRIX] RAM bootloader recovery complete
evision: v0.2
I (2929) boot: efuse block revision: v1.3
I (2933) boot.esp32s3: Boot SPI Speed : 80MHz
I (2937) boot.esp32s3: SPI Mode       : SLOW READ
I (2941) boot.esp32s3: SPI Flash Size : 8MB
I (2945) boot: Enabling RNG early entropy source...
I (2950) boot: Partition Table:
I (2952) boot: ## Label            Usage          Type ST Offset   Length
I (2959) boot:  0 nvs              WiFi data        01 02 00009000 00006000
I (2966) boot:  1 phy_init         RF data          01 01 0000f000 00001000
I (2972) boot:  2 factory          factory app      00 00 00010000 00300000
I (2979) boot:  3 storage          Unknown data     01 82 00310000 00100000
I (2986) boot: End of partition table
I (2989) esp_image: segment 0: paddr=00010020 vaddr=3c0a0020 size=24d20h (150816) map
I (3089) esp_image: segment 1: paddr=00034d48 vaddr=3fca0c00 size=05560h ( 21856) load
I (3103) esp_image: segment 2: paddr=0003a2b0 vaddr=40374000 size=05d68h ( 23912) load
I (3119) esp_image: segment 3: paddr=00040020 vaddr=42000020 size=9b814h (636948) map
I (3508) esp_image: segment 4: paddr=000db83c vaddr=40379d68 size=16df4h ( 93684) load
I (3569) esp_image: segment 5: paddr=000f2638 vaddr=50000000 size=00020h (    32) load
I (3581) boot: Loaded app from partition at offset 0x10000
I (3581) boot: Disabling RNG early entropy source...
I (3593) esp_psram: Found 8MB PSRAM device
I (3593) esp_psram: Speed: 80MHz
I (3593) cpu_start: Multicore app
I (4511) esp_psram: SPI SRAM memory test OK
I (4520) cpu_start: GPIO 44 and 43 are used as console UART I/O pins
I (4521) cpu_start: Pro cpu start user code
I (4521) cpu_start: cpu freq: 240000000 Hz
I (4522) app_init: Application information:
I (4526) app_init: Project name:     rc_tank_demo
I (4531) app_init: App version:      1
I (4534) app_init: Compile time:     Aug 26 2026 09:56:00
I (4539) app_init: ELF file SHA256:  6af95a74b...
I (4544) app_init: ESP-IDF:          GIT-NOTFOUND
I (4548) efuse_init: Min chip rev:     v0.0
I (4552) efuse_init: Max chip rev:     v0.99 
I (4556) efuse_init: Chip rev:         v0.2
I (4560) heap_init: Initializing. RAM available for dynamic allocation:
I (4567) heap_init: At 3FCAA470 len 0003F2A0 (252 KiB): RAM
I (4572) heap_init: At 3FCE9710 len 00005724 (21 KiB): RAM
I (4577) heap_init: At 3FCF0000 len 00008000 (32 KiB): DRAM
I (4582) heap_init: At 600FE000 len 00001FE8 (7 KiB): RTCRAM
I (4588) esp_psram: Adding pool of 8192K of PSRAM memory to heap allocator
I (4596) spi_flash: detected chip: generic
I (4598) spi_flash: flash io: dio
I (4602) sleep_gpio: Configure to isolate all GPIO pins in sleep state
I (4608) sleep_gpio: Enable automatic switching of GPIO sleep configuration
I (4615) main_task: Started on CPU0
I (4639) esp_psram: Reserving pool of 64K of internal memory for DMA/internal allocations
I (4640) main_task: Calling app_main()
I (4654) rc_tank: === RC Tank Demo (EX-035) Role: TANK ===
I (4655) rc_tank: Startup delay 10 s (open serial monitor now)...
I (4655) rc_tank:   starting in 10 s
I (5658) rc_tank:   starting in 9 s
I (6658) rc_tank:   starting in 8 s
I (7658) rc_tank:   starting in 7 s
I (8658) rc_tank:   starting in 6 s
I (9658) rc_tank:   starting in 5 s
I (10658) rc_tank:   starting in 4 s
I (11658) rc_tank:   starting in 3 s
I (12658) rc_tank:   starting in 2 s
I (13658) rc_tank:   starting in 1 s
I (14658) rc_tank: Starting Tank role (P1: network, P2: control, P3: video)
I (14658) board_laiwfs300: init board support package
I (14658) board_laiwfs300: init capability registry
I (14663) board_laiwfs300: init I2C bus: SDA=GPIO48 SCL=GPIO47
I (14669) bus_i2c: I2C0 initialized: SDA=GPIO48 SCL=GPIO47 speed=100000Hz
I (14675) board_laiwfs300: --- I2C bus scan (0x08-0x77) ---
I (14682) board_laiwfs300:   I2C device ACK at 0x15
I (14685) board_laiwfs300:   I2C device ACK at 0x18
I (14690) board_laiwfs300:   I2C device ACK at 0x21
I (14694) board_laiwfs300:   I2C device ACK at 0x22
I (14702) board_laiwfs300:   I2C device ACK at 0x40
I (14705) board_laiwfs300:   I2C device ACK at 0x51
I (14711) board_laiwfs300:   I2C device ACK at 0x68
I (14714) board_laiwfs300: --- I2C scan done: 7 device(s) found ---
W (14718) board_laiwfs300: TPT29555A (IOEX) NOT found at 0x20 (NACK)
I (14724) board_laiwfs300: ES8311 (Codec) found at 0x18
I (14729) board_laiwfs300: ES7210 (ADC) found at 0x40
I (14734) board_laiwfs300: AIP8563 (RTC) found at 0x51
I (14739) board_laiwfs300: BMI260 (IMU @0x68) found at 0x68
W (14744) board_laiwfs300: BMI260 (IMU @0x69) NOT found at 0x69 (NACK)
I (14750) board_laiwfs300: SP0A39 (Camera) found at 0x21
I (14757) board_laiwfs300: ES8311 chip ID: 0x83 0x11
I (14761) board_laiwfs300: ES7210 chip ID: 0x72
I (14766) board_laiwfs300: AIP8563 RTC time: 21:32:42 (BCD raw)
I (14770) board_laiwfs300: BMI260 chip ID: 0x27 (expect 0x27)
I (14775) board_laiwfs300: init SPI bus manager
I (14781) board_laiwfs300: init ADC service
I (14784) board_adc: ADC1 oneshot initialized
I (14788) board_laiwfs300: init board power service
I (14793) board_laiwfs300: ADC D0_DETECT (GPIO1): raw=4095 (~3100 mV)
I (14798) board_laiwfs300: ADC BAT_ADC (GPIO7): raw=1647 (~1246 mV)
I (14804) board_laiwfs300: ADC SW_ADC (GPIO8): raw=4095 (~3100 mV)
I (14810) board_laiwfs300: init IO expander: TPT29555A addr=0x22
I (14819) io_expander: TPT29555A initialized at 0x22
I (14821) board_laiwfs300: IO expander initialized OK
I (14825) board_laiwfs300: init module detect
I (14830) board_laiwfs300: register detection rules
I (14834) board_laiwfs300: register default capabilities
I (14839) board_laiwfs300: board init complete (ioex=OK)
I (14844) rc_tank: [STEP] Motor init starting...
I (14849) board_motor: motor input 1 -> GPIO5 / LEDC channel 0
I (14854) board_motor: motor input 2 -> GPIO4 / LEDC channel 1
I (14860) board_motor: motor input 3 -> GPIO37 / LEDC channel 2
I (14865) board_motor: motor input 4 -> GPIO45 / LEDC channel 3
I (14871) rc_control: Motor initialized
I (14874) rc_tank: [STEP] Motor init OK
I (14878) rc_tank: [STEP] Display init starting...
I (14883) rc_video: Initializing Tank display
I (14888) display_hal: init ST7789V3 LCD 240x320 SPI host=1
E (15033) spi: spi_bus_initialize(816): SPI bus already initialized.
I (15154) display_hal: ST7789V3 LCD initialized
I (15154) board_display: display mapped: MOSI=GPIO13 SCK=GPIO12 CS=GPIO10 DC=GPIO16 BL=GPIO17 LCD_RST=IOEX P1_5 pclk=20000000
I (15159) rc_video: Tank display task started (status screen)
I (15160) rc_video: Tank display initialized (status task owns LCD)
I (15170) rc_tank: [STEP] Display init OK
I (15174) rc_tank: [STEP] Camera init starting...
I (15178) rc_video: Initializing camera (SP0A39 640x480 VYUY)
I (15184) board_camera: initializing SP0A39 camera mode=0 640x480
I (15189) camera_hal: init SP0A39 DVP 640x480 (SCCB manual mode)
I (15195) camera_hal: configuring IOEX pins for camera RESET/PWDN
I (15202) camera_hal: PWDN=HIGH (power down)
I (15215) camera_hal: PWDN=LOW (release sensor)
I (15415) camera_hal: RESET=LOW (assert reset)
I (15435) camera_hal: RESET=HIGH (release reset)
I (16435) camera_hal: full I2C scan after camera power-up (diagnostic only)...
I (16437) camera_hal:   post-powerup ACK at 0x15
I (16437) camera_hal:   post-powerup ACK at 0x18
I (16440) camera_hal:   post-powerup ACK at 0x21
I (16444) camera_hal:   post-powerup ACK at 0x22
I (16452) camera_hal:   post-powerup ACK at 0x40
I (16454) camera_hal:   post-powerup ACK at 0x51
I (16460) camera_hal:   post-powerup ACK at 0x68
I (16463) camera_hal: DVP GPIO diagnostics (checking PCLK/VSYNC/HSYNC activity)...
I (16529) camera_hal: DVP diagnostics: PCLK_changes=0 VSYNC_changes=0 HSYNC_changes=0
W (16529) camera_hal: PCLK has no transitions - MCLK likely not reaching sensor or sensor not active
I (16534) camera_hal: using sensor address 0x21
I (16539) camera_hal: SP0A39 I2C device added at 0x21
I (16545) camera_hal: SP0A39 chip ID: 0x0A39
I (16667) camera_hal: SP0A39 register init done: VYUY 640x480 (359 regs)
I (16668) camera_hal: [CAM-PROBE] SP0A39 p0_31 stage=post_table value=0x00 expected=0x01
E (16670) camera_hal: camera_hal_verify_expected_output_p0_31(92): unexpected p0_31=0x00 at post_table
W (16680) camera_hal: [CAM-PROBE] output state differs after table; continuing: ESP_ERR_INVALID_RESPONSE
I (16709) camera_hal: [CAM-PROBE] SP0A39 p0_31 stage=post_delay value=0x01 expected=0x01
I (16710) camera_hal: camera HAL initialized (sensor ready, DVP capture not yet implemented)
I (16714) board_camera: camera ready
I (16722) camera_hal: SP0A39 output regs: P0:1c=0x00 P0:30=0x01 P0:31=0x01 P1:32=0x15 P1:34=0xeb P1:35=0x00 P1:36=0x10
I (16854) rc_video:   3 DMA-capable PSRAM framebuffers allocated (600 KB each)
I (16857) dvp_ext: DVP Extended camera controller driver is initialized
I (16858) dvp_ext: [STABLE-DVP] assembly uses GDMA-EOF direct copy; dma=102400 half=51200 queue_data_events=suppressed eof_desc=probe
I (16868) rc_video: [STABLE-CAPTURE] staged DVP controller created dma=102400 half=51200
I (16876) rc_video: Camera initialized
I (16880) rc_tank: [STEP] Camera init OK
I (16883) rc_tank: [STEP] Network init starting...
I (16889) rc_net: Initializing as SoftAP (Tank)
I (16894) pp: pp rom version: e7ae62f
I (16896) net80211: net80211 rom version: e7ae62f
I (16902) wifi:wifi driver task: 3fce4b10, prio:23, stack:6656, core=0
I (16913) wifi:wifi firmware version: 0947e8b
I (16914) wifi:wifi certification version: v7.0
I (16915) wifi:config NVS flash: enabled
I (16918) wifi:config nano formatting: disabled
I (16923) wifi:Init data frame dynamic rx buffer num: 32
I (16928) wifi:Init static rx mgmt buffer num: 5
I (16932) wifi:Init management short buffer num: 32
I (16936) wifi:Init dynamic tx buffer num: 64
I (16941) wifi:Init static tx FG buffer num: 2
I (16945) wifi:Init static rx buffer size: 1600
I (16949) wifi:Init static rx buffer num: 10
I (16953) wifi:Init dynamic rx buffer num: 32
I (16958) wifi_init: rx ba win: 6
I (16960) wifi_init: accept mbox: 6
I (16963) wifi_init: tcpip mbox: 16
I (16966) wifi_init: udp mbox: 6
I (16969) wifi_init: tcp mbox: 6
I (16972) wifi_init: tcp tx win: 5760
I (16976) wifi_init: tcp rx win: 5760
I (16979) wifi_init: tcp mss: 1440
I (16982) wifi_init: WiFi IRAM OP enabled
I (16986) wifi_init: WiFi RX IRAM OP enabled
I (16991) rc_net: AP set_mode/config, SSID=RC_TANK_F3AE79 ch=1
I (17000) phy_init: phy_version 711,97bcf0a2,Aug 25 2025,19:04:10
I (17039) wifi:mode : softAP (44:1b:f6:f3:ae:79)
I (17043) wifi:Total power save buffer number: 32
I (17044) wifi:Init max length of beacon: 752/752
I (17045) wifi:Init max length of beacon: 752/752
I (17047) rc_net: SoftAP started, SSID: RC_TANK_F3AE79, Password: 12345678
I (17049) esp_netif_lwip: DHCP server started on interface WIFI_AP_DEF with IP: 192.168.4.1
I (17061) rc_tank: [STEP] Network init OK
I (17065) rc_tank: Tank SoftAP ready, waiting for remote...
I (17070) rc_control: Ctrl RX task started
I (17074) rc_control: Tank control started
I (17078) rc_tank: Tank running (video + control; audio disabled)
I (17083) rc_tank: app_main done, idle loop
I (20513) wifi:new:<1,1>, old:<1,1>, ap:<1,1>, sta:<255,255>, prof:1, snd_ch_cfg:0x0
I (20515) wifi:station: 44:1b:f6:f3:ae:40 join, AID=1, bgn, 40U
I (20556) rc_net: STA connected, MAC: 44:1b:f6:f3:ae:40
I (20603) esp_netif_lwip: DHCP server assigned IP to a client, IP is: 192.168.4.2
I (20604) rc_net: STA assigned IP: 192.168.4.2
I (20604) rc_tank: Network connected, peer: 192.168.4.2
W (20612) rc_tank: [DVP-MATRIX] start stage=1 strategy=rebuild_before_udp video_tx=not_created capture=not_started
E (20620) gpio: gpio_install_isr_service(537): GPIO isr service already installed
I (20627) dvp_ext: DVP Extended camera controller driver is initialized
I (20633) dvp_ext: [STABLE-DVP] assembly uses GDMA-EOF direct copy; dma=102400 half=51200 queue_data_events=suppressed eof_desc=probe
W (20644) rc_video: [DVP-REBUILD] complete old=0x3fcebf50 new=0x3fcebf50 drained=0 internal=88683->88683; GDMA channel/descriptors/event queue/task recreated
I (20659) rc_net: Ctrl UDP socket bound to port 8001
I (20663) rc_net: Video UDP socket bound to port 8002
I (20668) rc_net: Audio TCP listening on port 8003
I (20672) rc_tank: Socket channels started
I (20676) rc_video: No local preview active; formal video handoff skipped
I (20684) camera_hal: [CAM-PROBE] SP0A39 p0_31 stage=dvp_started value=0x01 expected=0x01
I (20696) rc_video: Video TX task started (240x180, sensor-driven, Q=60)
I (20697) rc_video: TX theory: raw=614400 B/frame, encoded YUV=86400 B/frame, target10fps raw=0.86 MB/s
I (20742) rc_video: PSRAM TX buffers: subsample=86400B jpeg=43200B send=43208B free_psram=5592524 free_internal=59211
I (20745) rc_video: TX buffer caps: subsample=0x3c350120(psram=1) jpeg=0x3c3652a4(psram=1) send=0x3c36fea8(psram=1)
I (20803) rc_net: [CAM-PROBE] Video TX seq=0 jpeg_len=8031 crc32=0x9e4b67f4 chunks=7
I (20808) rc_video: Tank video started (camera source)
W (20809) rc_tank: [DVP-MATRIX] observe stage=1 strategy=rebuild_before_udp duration_ms=45000 under live Q60/UDP load
W (20813) rc_net: Video UDP send failed: seq=0 chunk=4/7 bytes=1208 sent=-1 errno=12 attempts=4
W (20864) rc_video: Video send failed: ESP_FAIL
W (20958) rc_video: Video send failed: ESP_FAIL
W (21009) rc_video: Video send failed: ESP_FAIL
W (21155) rc_video: Video send failed: ESP_FAIL
W (21206) rc_video: Video send failed: ESP_FAIL
W (21353) rc_video: Video send failed: ESP_FAIL
W (21403) rc_video: Video send failed: ESP_FAIL
W (21549) rc_video: Video send failed: ESP_FAIL
W (21602) rc_video: Video send failed: ESP_FAIL
I (21853) wifi:<ba-add>idx:2 (ifx:1, 44:1b:f6:f3:ae:40), tid:0, ssn:0, winSize:64
I (23842) rc_net: [CAM-PROBE] Video TX seq=30 jpeg_len=8167 crc32=0xba03a518 chunks=7
I (24639) rc_video: Sent 30 | cap_fps=10.3 send_fps=7.7 capture_size_errors=0 capture_identity_errors=0 | Avg(ms): wait=27.6 cache=1.0 subsample=24.2 encode=43.4 send=4.4 total=100.5 | JPEG=7789B
I (24646) rc_video: [VIDEO-TX] handoff cap=40 get=80 select_fail=0 finished=40 signal=40 acquire=39 acquire_fail=0 release_fail=0 backup=0/0
I (24659) rc_video: [STABLE-CAPTURE] pause=40/40 timeout=0 quiesce=39 resume=39 lifecycle_errors=0 repairs=39 staged_events=451 copies=440 fallback=0 errors=0 prepare=40 stale_queue=0 pending_vsync=21 sync=40 complete=40 incomplete=0 incomplete_blocks=0 hold=40/40 hold_timeout=0
I (26852) rc_net: [CAM-PROBE] Video TX seq=60 jpeg_len=8408 crc32=0xc4770af1 chunks=8
I (27646) rc_video: Sent 60 | cap_fps=10.0 send_fps=10.0 capture_size_errors=0 capture_identity_errors=0 | Avg(ms): wait=24.3 cache=0.9 subsample=24.1 encode=44.1 send=4.8 total=98.3 | JPEG=8716B
I (27654) rc_video: [VIDEO-TX] handoff cap=70 get=140 select_fail=0 finished=70 signal=70 acquire=69 acquire_fail=0 release_fail=0 backup=0/0
I (27666) rc_video: [STABLE-CAPTURE] pause=70/70 timeout=0 quiesce=69 resume=69 lifecycle_errors=0 repairs=69 staged_events=785 copies=770 fallback=0 errors=0 prepare=70 stale_queue=0 pending_vsync=36 sync=70 complete=70 incomplete=0 incomplete_blocks=0 hold=70/70 hold_timeout=0
I (29860) rc_net: [CAM-PROBE] Video TX seq=90 jpeg_len=8260 crc32=0xfc963c33 chunks=7
I (30656) rc_video: Sent 90 | cap_fps=10.0 send_fps=10.0 capture_size_errors=0 capture_identity_errors=0 | Avg(ms): wait=24.2 cache=0.8 subsample=24.0 encode=44.1 send=5.3 total=98.4 | JPEG=8280B
I (30663) rc_video: [VIDEO-TX] handoff cap=100 get=200 select_fail=0 finished=100 signal=100 acquire=99 acquire_fail=0 release_fail=0 backup=0/0
I (30676) rc_video: [STABLE-CAPTURE] pause=100/100 timeout=0 quiesce=99 resume=99 lifecycle_errors=0 repairs=99 staged_events=1122 copies=1100 fallback=0 errors=0 prepare=100 stale_queue=0 pending_vsync=51 sync=100 complete=100 incomplete=0 incomplete_blocks=0 hold=100/100 hold_timeout=0
I (32868) rc_net: [CAM-PROBE] Video TX seq=120 jpeg_len=8341 crc32=0x50d5d026 chunks=7
I (33663) rc_video: Sent 120 | cap_fps=10.0 send_fps=10.0 capture_size_errors=0 capture_identity_errors=0 | Avg(ms): wait=24.8 cache=0.9 subsample=23.9 encode=44.1 send=4.5 total=98.2 | JPEG=8061B
I (33671) rc_video: [VIDEO-TX] handoff cap=130 get=260 select_fail=0 finished=130 signal=130 acquire=129 acquire_fail=0 release_fail=0 backup=0/0
I (33683) rc_video: [STABLE-CAPTURE] pause=130/130 timeout=0 quiesce=129 resume=129 lifecycle_errors=0 repairs=129 staged_events=1461 copies=1430 fallback=0 errors=0 prepare=130 stale_queue=0 pending_vsync=66 sync=130 complete=130 incomplete=0 incomplete_blocks=0 hold=130/130 hold_timeout=0
I (35874) rc_net: [CAM-PROBE] Video TX seq=150 jpeg_len=8023 crc32=0x7c37d29a chunks=7
I (36669) rc_video: Sent 150 | cap_fps=10.0 send_fps=10.0 capture_size_errors=0 capture_identity_errors=0 | Avg(ms): wait=23.1 cache=0.9 subsample=24.1 encode=45.5 send=4.5 total=98.2 | JPEG=8033B
I (36677) rc_video: [VIDEO-TX] handoff cap=160 get=320 select_fail=0 finished=160 signal=160 acquire=159 acquire_fail=0 release_fail=0 backup=0/0
I (36690) rc_video: [STABLE-CAPTURE] pause=160/160 timeout=0 quiesce=159 resume=159 lifecycle_errors=0 repairs=159 staged_events=1797 copies=1760 fallback=0 errors=0 prepare=160 stale_queue=0 pending_vsync=81 sync=160 complete=160 incomplete=0 incomplete_blocks=0 hold=160/160 hold_timeout=0
I (38884) rc_net: [CAM-PROBE] Video TX seq=180 jpeg_len=8120 crc32=0x63d26704 chunks=7
I (39680) rc_video: Sent 180 | cap_fps=10.0 send_fps=10.0 capture_size_errors=0 capture_identity_errors=0 | Avg(ms): wait=25.2 cache=0.8 subsample=23.7 encode=44.1 send=4.6 total=98.3 | JPEG=8117B
I (39687) rc_video: [VIDEO-TX] handoff cap=190 get=380 select_fail=0 finished=190 signal=190 acquire=189 acquire_fail=0 release_fail=0 backup=0/0
I (39700) rc_video: [STABLE-CAPTURE] pause=190/190 timeout=0 quiesce=189 resume=189 lifecycle_errors=0 repairs=189 staged_events=2132 copies=2090 fallback=0 errors=0 prepare=190 stale_queue=0 pending_vsync=96 sync=190 complete=190 incomplete=0 incomplete_blocks=0 hold=190/190 hold_timeout=0
I (41890) rc_net: [CAM-PROBE] Video TX seq=210 jpeg_len=8260 crc32=0xbf30bbed chunks=7
I (42687) rc_video: Sent 210 | cap_fps=10.0 send_fps=10.0 capture_size_errors=0 capture_identity_errors=0 | Avg(ms): wait=23.3 cache=0.8 subsample=23.4 encode=44.1 send=6.6 total=98.2 | JPEG=7995B
I (42694) rc_video: [VIDEO-TX] handoff cap=220 get=440 select_fail=0 finished=220 signal=220 acquire=219 acquire_fail=0 release_fail=0 backup=0/0
I (42707) rc_video: [STABLE-CAPTURE] pause=220/220 timeout=0 quiesce=219 resume=219 lifecycle_errors=0 repairs=219 staged_events=2468 copies=2420 fallback=0 errors=0 prepare=220 stale_queue=0 pending_vsync=111 sync=220 complete=220 incomplete=0 incomplete_blocks=0 hold=220/220 hold_timeout=0
I (44898) rc_net: [CAM-PROBE] Video TX seq=240 jpeg_len=7770 crc32=0x375bb92b chunks=7
I (45692) rc_video: Sent 240 | cap_fps=10.0 send_fps=10.0 capture_size_errors=0 capture_identity_errors=0 | Avg(ms): wait=23.6 cache=0.9 subsample=23.5 encode=43.7 send=5.3 total=96.9 | JPEG=8140B
I (45699) rc_video: [VIDEO-TX] handoff cap=250 get=500 select_fail=0 finished=250 signal=250 acquire=249 acquire_fail=0 release_fail=0 backup=0/0
I (45712) rc_video: [STABLE-CAPTURE] pause=250/250 timeout=0 quiesce=249 resume=249 lifecycle_errors=0 repairs=249 staged_events=2807 copies=2750 fallback=0 errors=0 prepare=250 stale_queue=0 pending_vsync=126 sync=250 complete=250 incomplete=0 incomplete_blocks=0 hold=250/250 hold_timeout=0
I (47907) rc_net: [CAM-PROBE] Video TX seq=270 jpeg_len=8114 crc32=0x81cf9edd chunks=7
I (48707) rc_video: Sent 270 | cap_fps=9.9 send_fps=9.9 capture_size_errors=0 capture_identity_errors=0 | Avg(ms): wait=25.0 cache=0.8 subsample=23.5 encode=43.7 send=5.3 total=98.4 | JPEG=8237B
I (48714) rc_video: [VIDEO-TX] handoff cap=280 get=560 select_fail=0 finished=280 signal=280 acquire=279 acquire_fail=0 release_fail=0 backup=0/0
I (48727) rc_video: [STABLE-CAPTURE] pause=280/280 timeout=0 quiesce=279 resume=279 lifecycle_errors=0 repairs=279 staged_events=3147 copies=3080 fallback=0 errors=0 prepare=280 stale_queue=0 pending_vsync=141 sync=280 complete=280 incomplete=0 incomplete_blocks=0 hold=280/280 hold_timeout=0
I (50915) rc_net: [CAM-PROBE] Video TX seq=300 jpeg_len=8414 crc32=0x2e30bcd8 chunks=8
I (51718) rc_video: Sent 300 | cap_fps=9.6 send_fps=10.0 capture_size_errors=0 capture_identity_errors=0 | Avg(ms): wait=22.1 cache=0.8 subsample=23.7 encode=45.2 send=6.4 total=98.2 | JPEG=9081B
I (51725) rc_video: [VIDEO-TX] handoff cap=309 get=618 select_fail=0 finished=309 signal=309 acquire=309 acquire_fail=0 release_fail=0 backup=0/0
I (51772) rc_video: [STABLE-CAPTURE] pause=309/309 timeout=0 quiesce=309 resume=309 lifecycle_errors=0 repairs=309 staged_events=3495 copies=3420 fallback=0 errors=0 prepare=310 stale_queue=0 pending_vsync=157 sync=311 complete=310 incomplete=1 incomplete_blocks=10 hold=309/309 hold_timeout=0
I (53962) rc_net: [CAM-PROBE] Video TX seq=330 jpeg_len=9300 crc32=0xd1e46200 chunks=8
I (54761) rc_video: Sent 330 | cap_fps=10.2 send_fps=9.9 capture_size_errors=0 capture_identity_errors=0 | Avg(ms): wait=22.4 cache=0.9 subsample=23.7 encode=44.8 send=6.8 total=98.5 | JPEG=9241B
I (54768) rc_video: [VIDEO-TX] handoff cap=340 get=680 select_fail=0 finished=340 signal=340 acquire=339 acquire_fail=0 release_fail=0 backup=0/0
I (54781) rc_video: [STABLE-CAPTURE] pause=340/340 timeout=0 quiesce=339 resume=339 lifecycle_errors=0 repairs=339 staged_events=3830 copies=3750 fallback=0 errors=0 prepare=340 stale_queue=0 pending_vsync=172 sync=341 complete=340 incomplete=1 incomplete_blocks=10 hold=340/340 hold_timeout=0
I (56971) rc_net: [CAM-PROBE] Video TX seq=360 jpeg_len=8946 crc32=0xa6144d9b chunks=8
I (57768) rc_video: Sent 360 | cap_fps=10.0 send_fps=10.0 capture_size_errors=0 capture_identity_errors=0 | Avg(ms): wait=22.2 cache=0.9 subsample=23.5 encode=44.8 send=6.8 total=98.1 | JPEG=9143B
I (57775) rc_video: [VIDEO-TX] handoff cap=370 get=740 select_fail=0 finished=370 signal=370 acquire=369 acquire_fail=0 release_fail=0 backup=0/0
I (57788) rc_video: [STABLE-CAPTURE] pause=370/370 timeout=0 quiesce=369 resume=369 lifecycle_errors=0 repairs=369 staged_events=4164 copies=4080 fallback=0 errors=0 prepare=370 stale_queue=0 pending_vsync=187 sync=371 complete=370 incomplete=1 incomplete_blocks=10 hold=370/370 hold_timeout=0
I (59982) rc_net: [CAM-PROBE] Video TX seq=390 jpeg_len=9084 crc32=0x841d1cae chunks=8
I (60776) rc_video: Sent 390 | cap_fps=10.0 send_fps=10.0 capture_size_errors=0 capture_identity_errors=0 | Avg(ms): wait=22.8 cache=0.8 subsample=23.5 encode=44.5 send=6.5 total=98.2 | JPEG=9124B
I (60784) rc_video: [VIDEO-TX] handoff cap=400 get=800 select_fail=0 finished=400 signal=400 acquire=399 acquire_fail=0 release_fail=0 backup=0/0
I (60797) rc_video: [STABLE-CAPTURE] pause=400/400 timeout=0 quiesce=399 resume=399 lifecycle_errors=0 repairs=399 staged_events=4498 copies=4410 fallback=0 errors=0 prepare=400 stale_queue=0 pending_vsync=202 sync=401 complete=400 incomplete=1 incomplete_blocks=10 hold=400/400 hold_timeout=0
I (62964) rc_net: [CAM-PROBE] Video TX seq=420 jpeg_len=9076 crc32=0x63295db7 chunks=8
I (63757) rc_video: Sent 420 | cap_fps=9.7 send_fps=10.1 capture_size_errors=0 capture_identity_errors=0 | Avg(ms): wait=19.5 cache=0.9 subsample=23.7 encode=43.2 send=10.1 total=97.3 | JPEG=9087B
I (63804) rc_video: [VIDEO-TX] handoff cap=429 get=859 select_fail=0 finished=429 signal=429 acquire=429 acquire_fail=0 release_fail=0 backup=0/0
I (63806) rc_video: [STABLE-CAPTURE] pause=429/429 timeout=0 quiesce=429 resume=429 lifecycle_errors=0 repairs=429 staged_events=4834 copies=4740 fallback=0 errors=0 prepare=430 stale_queue=0 pending_vsync=218 sync=431 complete=430 incomplete=1 incomplete_blocks=10 hold=429/429 hold_timeout=0
W (65819) rc_tank: [DVP-MATRIX] result stage=1 strategy=rebuild_before_udp complete=450 incomplete=1 incomplete_blocks=10 mismatch_hist=0,2,1,1,1,1,0,0,13,19,351 prepare=450 pending=228 hold=450/450 hold_timeout=0
W (65833) rc_tank: [DVP-MATRIX] advancing to stage=2; software restart in 1s
I (65995) rc_net: [CAM-PROBE] Video TX seq=450 jpeg_len=9116 crc32=0xeec6165e chunks=8
I (66792) rc_video: Sent 450 | cap_fps=10.2 send_fps=9.9 capture_size_errors=0 capture_identity_errors=0 | Avg(ms): wait=22.3 cache=1.0 subsample=23.3 encode=44.0 send=7.5 total=98.1 | JPEG=9163B
I (66799) rc_video: [VIDEO-TX] handoff cap=460 get=920 select_fail=0 finished=460 signal=460 acquire=459 acquire_fail=0 release_fail=0 backup=0/0
I (66812) rc_video: [STABLE-CAPTURE] pause=460/460 timeout=0 quiesce=459 resume=459 lifecycle_errors=0 repairs=459 staged_events=5173 copies=5070 fallback=0 errors=0 prepare=460 stale_queue=0 pending_vsync=233 sync=461 complete=460 incomplete=1 incomplete_blocks=10 hold=460/460 hold_timeout=0
I (66835) wifi:station: 44:1b:f6:f3:ae:40 leave, AID = 1, reason = 2, bss_flags is 756835, bss:0x3fcf13f4
I (66847) wifi:new:<1,0>, old:<1,1>, ap:<1,1>, sta:<255,255>, prof:1, snd_ch_cfg:0x0
I (66856) wifi:<ba-del>idx:2, tid:0
I (66858) wifi:new:<1,1>, old:<1,0>, ap:<1,1>, sta:<255,255>, prof:1, snd_ch_cfg:0x0
I (66867) rc_net: STA disconnected, MAC: 44:1b:f6:f3:ae:40
W (66920) rc_net: Video UDP send failed: seq=459 chunk=1/8 bytes=1208 sent=-1 errno=-1 attempts=4
W (66923) rc_video: Video send failed: ESP_FAIL
W (66928) rc_control: Network disconnected: motor stop enforced
W (66933) rc_tank: Network disconnected
W (67072) rc_video: Video send failed: ESP_ERR_INVALID_STATE
W (67171) rc_video: Video send failed: ESP_ERR_INVALID_STATE
W (67263) rc_video: Video send failed: ESP_ERR_INVALID_STATE
W (67313) rc_video: Video send failed: ESP_ERR_INVALID_STATE
W (67459) rc_video: Video send failed: ESP_ERR_INVALID_STATE
I (67459) wifi:flush txq
I (67460) wifi:stop sw txq
I (67460) wifi:lmac stop hw txq
†žESP-ROM:esp32s3-20210327
Build:Mar 27 2021
rst:0xc (RTC_SW_CPU_RST),boot:0x3 (DOWNLOAD(USB/UART0))
Saved PC:0x4037e836
waiting for download

[HOST-DVP-MATRIX] RAM bootloader recovery starting
esptool.py v4.12.dev2
Serial port COM7
Connecting.........
Chip is ESP32-S3 (QFN56) (revision v0.2)
Features: WiFi, BLE
Crystal is 40MHz
MAC: 44:1b:f6:f3:ae:78
Uploading stub...
Running stub...
Stub running...
RAM boot...
Downloading 5360 bytes at 3fce2820... done!
Downloading 3364 bytes at 403c8700... done!
Downloading 12016 bytes at 403cb700... done!
All segments done, executing at 403c8924
Exiting immediately.

[HOST-DVP-MATRIX] RAM bootloader recovery complete
boot: chip revision: v0.2
I (3429) boot: efuse block revision: v1.3
I (3433) boot.esp32s3: Boot SPI Speed : 80MHz
I (3437) boot.esp32s3: SPI Mode       : SLOW READ
I (3441) boot.esp32s3: SPI Flash Size : 8MB
I (3445) boot: Enabling RNG early entropy source...
I (3450) boot: Partition Table:
I (3453) boot: ## Label            Usage          Type ST Offset   Length
I (3459) boot:  0 nvs              WiFi data        01 02 00009000 00006000
I (3466) boot:  1 phy_init         RF data          01 01 0000f000 00001000
I (3472) boot:  2 factory          factory app      00 00 00010000 00300000
I (3479) boot:  3 storage          Unknown data     01 82 00310000 00100000
I (3486) boot: End of partition table
I (3489) esp_image: segment 0: paddr=00010020 vaddr=3c0a0020 size=24d20h (150816) map
I (3589) esp_image: segment 1: paddr=00034d48 vaddr=3fca0c00 size=05560h ( 21856) load
I (3603) esp_image: segment 2: paddr=0003a2b0 vaddr=40374000 size=05d68h ( 23912) load
I (3619) esp_image: segment 3: paddr=00040020 vaddr=42000020 size=9b814h (636948) map
I (4008) esp_image: segment 4: paddr=000db83c vaddr=40379d68 size=16df4h ( 93684) load
I (4069) esp_image: segment 5: paddr=000f2638 vaddr=50000000 size=00020h (    32) load
I (4081) boot: Loaded app from partition at offset 0x10000
I (4081) boot: Disabling RNG early entropy source...
I (4093) esp_psram: Found 8MB PSRAM device
I (4093) esp_psram: Speed: 80MHz
I (4093) cpu_start: Multicore app
I (5011) esp_psram: SPI SRAM memory test OK
I (5020) cpu_start: GPIO 44 and 43 are used as console UART I/O pins
I (5021) cpu_start: Pro cpu start user code
I (5021) cpu_start: cpu freq: 240000000 Hz
I (5022) app_init: Application information:
I (5026) app_init: Project name:     rc_tank_demo
I (5031) app_init: App version:      1
I (5034) app_init: Compile time:     Aug 26 2026 09:56:00
I (5039) app_init: ELF file SHA256:  6af95a74b...
I (5044) app_init: ESP-IDF:          GIT-NOTFOUND
I (5048) efuse_init: Min chip rev:     v0.0
I (5052) efuse_init: Max chip rev:     v0.99 
I (5056) efuse_init: Chip rev:         v0.2
I (5060) heap_init: Initializing. RAM available for dynamic allocation:
I (5067) heap_init: At 3FCAA470 len 0003F2A0 (252 KiB): RAM
I (5072) heap_init: At 3FCE9710 len 00005724 (21 KiB): RAM
I (5077) heap_init: At 3FCF0000 len 00008000 (32 KiB): DRAM
I (5082) heap_init: At 600FE000 len 00001FE8 (7 KiB): RTCRAM
I (5088) esp_psram: Adding pool of 8192K of PSRAM memory to heap allocator
I (5096) spi_flash: detected chip: generic
I (5098) spi_flash: flash io: dio
I (5102) sleep_gpio: Configure to isolate all GPIO pins in sleep state
I (5108) sleep_gpio: Enable automatic switching of GPIO sleep configuration
I (5115) main_task: Started on CPU0
I (5139) esp_psram: Reserving pool of 64K of internal memory for DMA/internal allocations
I (5140) main_task: Calling app_main()
I (5154) rc_tank: === RC Tank Demo (EX-035) Role: TANK ===
I (5155) rc_tank: Startup delay 10 s (open serial monitor now)...
I (5155) rc_tank:   starting in 10 s
I (6158) rc_tank:   starting in 9 s
I (7158) rc_tank:   starting in 8 s
I (8158) rc_tank:   starting in 7 s
I (9158) rc_tank:   starting in 6 s
I (10158) rc_tank:   starting in 5 s
I (11158) rc_tank:   starting in 4 s
I (12158) rc_tank:   starting in 3 s
I (13158) rc_tank:   starting in 2 s
I (14158) rc_tank:   starting in 1 s
I (15158) rc_tank: Starting Tank role (P1: network, P2: control, P3: video)
I (15158) board_laiwfs300: init board support package
I (15158) board_laiwfs300: init capability registry
I (15163) board_laiwfs300: init I2C bus: SDA=GPIO48 SCL=GPIO47
I (15169) bus_i2c: I2C0 initialized: SDA=GPIO48 SCL=GPIO47 speed=100000Hz
I (15175) board_laiwfs300: --- I2C bus scan (0x08-0x77) ---
I (15182) board_laiwfs300:   I2C device ACK at 0x15
I (15185) board_laiwfs300:   I2C device ACK at 0x18
I (15190) board_laiwfs300:   I2C device ACK at 0x21
I (15194) board_laiwfs300:   I2C device ACK at 0x22
I (15202) board_laiwfs300:   I2C device ACK at 0x40
I (15205) board_laiwfs300:   I2C device ACK at 0x51
I (15211) board_laiwfs300:   I2C device ACK at 0x68
I (15214) board_laiwfs300: --- I2C scan done: 7 device(s) found ---
W (15218) board_laiwfs300: TPT29555A (IOEX) NOT found at 0x20 (NACK)
I (15224) board_laiwfs300: ES8311 (Codec) found at 0x18
I (15229) board_laiwfs300: ES7210 (ADC) found at 0x40
I (15234) board_laiwfs300: AIP8563 (RTC) found at 0x51
I (15239) board_laiwfs300: BMI260 (IMU @0x68) found at 0x68
W (15244) board_laiwfs300: BMI260 (IMU @0x69) NOT found at 0x69 (NACK)
I (15250) board_laiwfs300: SP0A39 (Camera) found at 0x21
I (15257) board_laiwfs300: ES8311 chip ID: 0x83 0x11
I (15261) board_laiwfs300: ES7210 chip ID: 0x72
I (15266) board_laiwfs300: AIP8563 RTC time: 21:33:52 (BCD raw)
I (15270) board_laiwfs300: BMI260 chip ID: 0x27 (expect 0x27)
I (15275) board_laiwfs300: init SPI bus manager
I (15281) board_laiwfs300: init ADC service
I (15284) board_adc: ADC1 oneshot initialized
I (15288) board_laiwfs300: init board power service
I (15293) board_laiwfs300: ADC D0_DETECT (GPIO1): raw=4095 (~3100 mV)
I (15298) board_laiwfs300: ADC BAT_ADC (GPIO7): raw=1637 (~1239 mV)
I (15304) board_laiwfs300: ADC SW_ADC (GPIO8): raw=4095 (~3100 mV)
I (15310) board_laiwfs300: init IO expander: TPT29555A addr=0x22
I (15319) io_expander: TPT29555A initialized at 0x22
I (15321) board_laiwfs300: IO expander initialized OK
I (15325) board_laiwfs300: init module detect
I (15330) board_laiwfs300: register detection rules
I (15334) board_laiwfs300: register default capabilities
I (15339) board_laiwfs300: board init complete (ioex=OK)
I (15344) rc_tank: [STEP] Motor init starting...
I (15349) board_motor: motor input 1 -> GPIO5 / LEDC channel 0
I (15354) board_motor: motor input 2 -> GPIO4 / LEDC channel 1
I (15360) board_motor: motor input 3 -> GPIO37 / LEDC channel 2
I (15365) board_motor: motor input 4 -> GPIO45 / LEDC channel 3
I (15371) rc_control: Motor initialized
I (15374) rc_tank: [STEP] Motor init OK
I (15378) rc_tank: [STEP] Display init starting...
I (15383) rc_video: Initializing Tank display
I (15388) display_hal: init ST7789V3 LCD 240x320 SPI host=1
E (15533) spi: spi_bus_initialize(816): SPI bus already initialized.
I (15654) display_hal: ST7789V3 LCD initialized
I (15654) board_display: display mapped: MOSI=GPIO13 SCK=GPIO12 CS=GPIO10 DC=GPIO16 BL=GPIO17 LCD_RST=IOEX P1_5 pclk=20000000
I (15659) rc_video: Tank display task started (status screen)
I (15660) rc_video: Tank display initialized (status task owns LCD)
I (15670) rc_tank: [STEP] Display init OK
I (15674) rc_tank: [STEP] Camera init starting...
I (15678) rc_video: Initializing camera (SP0A39 640x480 VYUY)
I (15684) board_camera: initializing SP0A39 camera mode=0 640x480
I (15689) camera_hal: init SP0A39 DVP 640x480 (SCCB manual mode)
I (15695) camera_hal: configuring IOEX pins for camera RESET/PWDN
I (15702) camera_hal: PWDN=HIGH (power down)
I (15715) camera_hal: PWDN=LOW (release sensor)
I (15915) camera_hal: RESET=LOW (assert reset)
I (15935) camera_hal: RESET=HIGH (release reset)
I (16935) camera_hal: full I2C scan after camera power-up (diagnostic only)...
I (16937) camera_hal:   post-powerup ACK at 0x15
I (16937) camera_hal:   post-powerup ACK at 0x18
I (16940) camera_hal:   post-powerup ACK at 0x21
I (16944) camera_hal:   post-powerup ACK at 0x22
I (16952) camera_hal:   post-powerup ACK at 0x40
I (16954) camera_hal:   post-powerup ACK at 0x51
I (16960) camera_hal:   post-powerup ACK at 0x68
I (16963) camera_hal: DVP GPIO diagnostics (checking PCLK/VSYNC/HSYNC activity)...
I (17029) camera_hal: DVP diagnostics: PCLK_changes=0 VSYNC_changes=0 HSYNC_changes=0
W (17029) camera_hal: PCLK has no transitions - MCLK likely not reaching sensor or sensor not active
I (17034) camera_hal: using sensor address 0x21
I (17039) camera_hal: SP0A39 I2C device added at 0x21
I (17045) camera_hal: SP0A39 chip ID: 0x0A39
I (17167) camera_hal: SP0A39 register init done: VYUY 640x480 (359 regs)
I (17168) camera_hal: [CAM-PROBE] SP0A39 p0_31 stage=post_table value=0x00 expected=0x01
E (17170) camera_hal: camera_hal_verify_expected_output_p0_31(92): unexpected p0_31=0x00 at post_table
W (17180) camera_hal: [CAM-PROBE] output state differs after table; continuing: ESP_ERR_INVALID_RESPONSE
I (17209) camera_hal: [CAM-PROBE] SP0A39 p0_31 stage=post_delay value=0x01 expected=0x01
I (17210) camera_hal: camera HAL initialized (sensor ready, DVP capture not yet implemented)
I (17214) board_camera: camera ready
I (17222) camera_hal: SP0A39 output regs: P0:1c=0x00 P0:30=0x01 P0:31=0x01 P1:32=0x15 P1:34=0xeb P1:35=0x00 P1:36=0x10
I (17354) rc_video:   3 DMA-capable PSRAM framebuffers allocated (600 KB each)
I (17357) dvp_ext: DVP Extended camera controller driver is initialized
I (17358) dvp_ext: [STABLE-DVP] assembly uses GDMA-EOF direct copy; dma=102400 half=51200 queue_data_events=suppressed eof_desc=probe
I (17368) rc_video: [STABLE-CAPTURE] staged DVP controller created dma=102400 half=51200
I (17376) rc_video: Camera initialized
I (17380) rc_tank: [STEP] Camera init OK
I (17383) rc_tank: [STEP] Network init starting...
I (17389) rc_net: Initializing as SoftAP (Tank)
I (17394) pp: pp rom version: e7ae62f
I (17396) net80211: net80211 rom version: e7ae62f
I (17402) wifi:wifi driver task: 3fce4b10, prio:23, stack:6656, core=0
I (17413) wifi:wifi firmware version: 0947e8b
I (17414) wifi:wifi certification version: v7.0
I (17415) wifi:config NVS flash: enabled
I (17418) wifi:config nano formatting: disabled
I (17423) wifi:Init data frame dynamic rx buffer num: 32
I (17428) wifi:Init static rx mgmt buffer num: 5
I (17432) wifi:Init management short buffer num: 32
I (17436) wifi:Init dynamic tx buffer num: 64
I (17441) wifi:Init static tx FG buffer num: 2
I (17445) wifi:Init static rx buffer size: 1600
I (17449) wifi:Init static rx buffer num: 10
I (17453) wifi:Init dynamic rx buffer num: 32
I (17458) wifi_init: rx ba win: 6
I (17460) wifi_init: accept mbox: 6
I (17463) wifi_init: tcpip mbox: 16
I (17466) wifi_init: udp mbox: 6
I (17469) wifi_init: tcp mbox: 6
I (17472) wifi_init: tcp tx win: 5760
I (17476) wifi_init: tcp rx win: 5760
I (17479) wifi_init: tcp mss: 1440
I (17482) wifi_init: WiFi IRAM OP enabled
I (17486) wifi_init: WiFi RX IRAM OP enabled
I (17491) rc_net: AP set_mode/config, SSID=RC_TANK_F3AE79 ch=1
I (17500) phy_init: phy_version 711,97bcf0a2,Aug 25 2025,19:04:10
I (17542) wifi:mode : softAP (44:1b:f6:f3:ae:79)
I (17547) wifi:Total power save buffer number: 32
I (17548) wifi:Init max length of beacon: 752/752
I (17548) wifi:Init max length of beacon: 752/752
I (17551) rc_net: SoftAP started, SSID: RC_TANK_F3AE79, Password: 12345678
I (17552) esp_netif_lwip: DHCP server started on interface WIFI_AP_DEF with IP: 192.168.4.1
I (17565) rc_tank: [STEP] Network init OK
I (17568) rc_tank: Tank SoftAP ready, waiting for remote...
I (17573) rc_control: Ctrl RX task started
I (17577) rc_control: Tank control started
I (17581) rc_tank: Tank running (video + control; audio disabled)
I (17587) rc_tank: app_main done, idle loop
I (21704) wifi:removing station <44:1b:f6:f3:ae:40> after unsuccessful auth/assoc, AID = 0
W (21705) wifi:rm mis
I (21705) wifi:new:<1,0>, old:<1,1>, ap:<1,1>, sta:<255,255>, prof:1, snd_ch_cfg:0x0
I (21712) wifi:new:<1,1>, old:<1,0>, ap:<1,1>, sta:<255,255>, prof:1, snd_ch_cfg:0x0
I (29192) wifi:new:<1,1>, old:<1,1>, ap:<1,1>, sta:<255,255>, prof:1, snd_ch_cfg:0x0
I (29193) wifi:station: 44:1b:f6:f3:ae:40 join, AID=1, bgn, 40U
I (29231) rc_net: STA connected, MAC: 44:1b:f6:f3:ae:40
I (29268) esp_netif_lwip: DHCP server assigned IP to a client, IP is: 192.168.4.2
I (29269) rc_net: STA assigned IP: 192.168.4.2
I (29269) rc_tank: Network connected, peer: 192.168.4.2
W (29276) rc_tank: [DVP-MATRIX] start stage=2 strategy=rebuild_after_udp video_tx=not_created capture=not_started
I (29285) rc_net: Ctrl UDP socket bound to port 8001
I (29289) rc_net: Video UDP socket bound to port 8002
I (29294) rc_net: Audio TCP listening on port 8003
I (29298) rc_tank: Socket channels started
E (29302) gpio: gpio_install_isr_service(537): GPIO isr service already installed
I (29310) dvp_ext: DVP Extended camera controller driver is initialized
I (29315) dvp_ext: [STABLE-DVP] assembly uses GDMA-EOF direct copy; dma=102400 half=51200 queue_data_events=suppressed eof_desc=probe
W (29327) rc_video: [DVP-REBUILD] complete old=0x3fcebf50 new=0x3fcebf50 drained=0 internal=87759->87759; GDMA channel/descriptors/event queue/task recreated
I (29341) rc_video: No local preview active; formal video handoff skipped
I (29349) camera_hal: [CAM-PROBE] SP0A39 p0_31 stage=dvp_started value=0x01 expected=0x01
I (29401) rc_video: Tank video started (camera source)
W (29402) rc_tank: [DVP-MATRIX] observe stage=2 strategy=rebuild_after_udp duration_ms=45000 under live Q60/UDP load
I (29405) rc_video: Video TX task started (240x180, sensor-driven, Q=60)
I (29412) rc_video: TX theory: raw=614400 B/frame, encoded YUV=86400 B/frame, target10fps raw=0.86 MB/s
I (29421) rc_video: PSRAM TX buffers: subsample=86400B jpeg=43200B send=43208B free_psram=5592524 free_internal=54795
I (29431) rc_video: TX buffer caps: subsample=0x3c350120(psram=1) jpeg=0x3c3652a4(psram=1) send=0x3c36fea8(psram=1)
I (29477) rc_net: [CAM-PROBE] Video TX seq=0 jpeg_len=8800 crc32=0xbefcf759 chunks=8
W (29524) rc_net: Video UDP send failed: seq=0 chunk=4/8 bytes=1208 sent=-1 errno=12 attempts=4
W (29525) rc_video: Video send failed: ESP_FAIL
W (29579) rc_video: Video send failed: ESP_FAIL
W (29713) rc_video: Video send failed: ESP_FAIL
W (29813) rc_video: Video send failed: ESP_FAIL
W (29956) rc_video: Video send failed: ESP_FAIL
W (30110) rc_video: Video send failed: ESP_FAIL
W (30209) rc_video: Video send failed: ESP_FAIL
I (30393) wifi:<ba-add>idx:2 (ifx:1, 44:1b:f6:f3:ae:40), tid:0, ssn:0, winSize:64
I (33016) rc_net: [CAM-PROBE] Video TX seq=30 jpeg_len=8874 crc32=0xf8f0e35f chunks=8
I (33734) rc_video: Sent 30 | cap_fps=8.3 send_fps=7.0 capture_size_errors=0 capture_identity_errors=0 | Avg(ms): wait=50.9 cache=1.4 subsample=23.2 encode=24.2 send=6.9 total=106.7 | JPEG=9440B
I (33741) rc_video: [VIDEO-TX] handoff cap=37 get=74 select_fail=0 finished=37 signal=37 acquire=37 acquire_fail=0 release_fail=0 backup=0/0
I (33751) rc_video: [STABLE-CAPTURE] pause=37/37 timeout=0 quiesce=37 resume=37 lifecycle_errors=0 repairs=37 staged_events=606 copies=586 fallback=0 errors=0 prepare=38 stale_queue=0 pending_vsync=19 sync=55 complete=37 incomplete=18 incomplete_blocks=178 hold=37/37 hold_timeout=0
I (36500) rc_net: [CAM-PROBE] Video TX seq=60 jpeg_len=9582 crc32=0x96a2c64f chunks=8
I (37218) rc_video: Sent 60 | cap_fps=8.6 send_fps=8.6 capture_size_errors=0 capture_identity_errors=0 | Avg(ms): wait=46.9 cache=1.6 subsample=23.5 encode=24.3 send=5.8 total=102.1 | JPEG=8969B
I (37225) rc_video: [VIDEO-TX] handoff cap=67 get=134 select_fail=0 finished=67 signal=67 acquire=67 acquire_fail=0 release_fail=0 backup=0/0
I (37234) rc_video: [STABLE-CAPTURE] pause=67/67 timeout=0 quiesce=67 resume=67 lifecycle_errors=0 repairs=67 staged_events=1093 copies=1057 fallback=0 errors=0 prepare=68 stale_queue=0 pending_vsync=33 sync=99 complete=66 incomplete=33 incomplete_blocks=328 hold=67/67 hold_timeout=0
I (40022) rc_net: [CAM-PROBE] Video TX seq=90 jpeg_len=9044 crc32=0x86c10282 chunks=8
I (40738) rc_video: Sent 90 | cap_fps=8.5 send_fps=8.5 capture_size_errors=0 capture_identity_errors=0 | Avg(ms): wait=49.4 cache=1.5 subsample=23.3 encode=24.4 send=6.6 total=105.2 | JPEG=9209B
I (40746) rc_video: [VIDEO-TX] handoff cap=97 get=194 select_fail=0 finished=97 signal=97 acquire=97 acquire_fail=0 release_fail=0 backup=0/0
I (40757) rc_video: [STABLE-CAPTURE] pause=97/97 timeout=0 quiesce=97 resume=97 lifecycle_errors=0 repairs=97 staged_events=1579 copies=1528 fallback=0 errors=0 prepare=98 stale_queue=0 pending_vsync=48 sync=143 complete=96 incomplete=47 incomplete_blocks=468 hold=97/97 hold_timeout=0
W (43497) rc_net: Video UDP send failed: seq=119 chunk=1/8 bytes=1208 sent=-1 errno=12 attempts=4
W (43498) rc_video: Video send failed: ESP_FAIL
I (43548) rc_net: [CAM-PROBE] Video TX seq=120 jpeg_len=8086 crc32=0x756003fa chunks=7
W (43557) rc_video: Video send failed: ESP_FAIL
I (44460) rc_video: Sent 120 | cap_fps=8.6 send_fps=8.1 capture_size_errors=0 capture_identity_errors=0 | Avg(ms): wait=49.5 cache=1.4 subsample=23.6 encode=24.1 send=6.5 total=105.1 | JPEG=9405B
I (44467) rc_video: [VIDEO-TX] handoff cap=129 get=258 select_fail=0 finished=129 signal=129 acquire=129 acquire_fail=0 release_fail=0 backup=0/0
I (44477) rc_video: [STABLE-CAPTURE] pause=129/129 timeout=0 quiesce=129 resume=129 lifecycle_errors=0 repairs=129 staged_events=2087 copies=2020 fallback=0 errors=0 prepare=130 stale_queue=0 pending_vsync=64 sync=189 complete=128 incomplete=61 incomplete_blocks=608 hold=129/129 hold_timeout=0
I (47067) rc_net: [CAM-PROBE] Video TX seq=150 jpeg_len=9049 crc32=0x9bf9c18a chunks=8
I (48023) rc_video: Sent 150 | cap_fps=8.4 send_fps=8.4 capture_size_errors=0 capture_identity_errors=0 | Avg(ms): wait=50.6 cache=1.5 subsample=23.5 encode=24.2 send=5.8 total=105.6 | JPEG=9206B
I (48031) rc_video: [VIDEO-TX] handoff cap=159 get=318 select_fail=0 finished=159 signal=159 acquire=159 acquire_fail=0 release_fail=0 backup=0/0
I (48039) rc_video: [STABLE-CAPTURE] pause=159/159 timeout=0 quiesce=159 resume=159 lifecycle_errors=0 repairs=159 staged_events=2583 copies=2501 fallback=0 errors=0 prepare=160 stale_queue=0 pending_vsync=79 sync=234 complete=158 incomplete=76 incomplete_blocks=758 hold=159/159 hold_timeout=0
I (50590) rc_net: [CAM-PROBE] Video TX seq=180 jpeg_len=9223 crc32=0x6963b549 chunks=8
I (51542) rc_video: Sent 180 | cap_fps=8.5 send_fps=8.5 capture_size_errors=0 capture_identity_errors=0 | Avg(ms): wait=50.2 cache=1.4 subsample=23.6 encode=24.3 send=5.6 total=105.1 | JPEG=9418B
I (51549) rc_video: [VIDEO-TX] handoff cap=189 get=378 select_fail=0 finished=189 signal=189 acquire=189 acquire_fail=0 release_fail=0 backup=0/0
I (51562) rc_video: [STABLE-CAPTURE] pause=189/189 timeout=0 quiesce=189 resume=189 lifecycle_errors=0 repairs=189 staged_events=3067 copies=2970 fallback=0 errors=0 prepare=190 stale_queue=0 pending_vsync=93 sync=278 complete=188 incomplete=90 incomplete_blocks=898 hold=189/189 hold_timeout=0
I (54152) rc_net: [CAM-PROBE] Video TX seq=210 jpeg_len=9478 crc32=0x5c5bea92 chunks=8
I (55072) rc_video: Sent 210 | cap_fps=8.5 send_fps=8.5 capture_size_errors=0 capture_identity_errors=0 | Avg(ms): wait=49.0 cache=1.5 subsample=23.2 encode=24.1 send=7.0 total=104.7 | JPEG=9258B
I (55079) rc_video: [VIDEO-TX] handoff cap=219 get=439 select_fail=0 finished=219 signal=219 acquire=219 acquire_fail=0 release_fail=0 backup=0/0
I (55085) rc_video: [STABLE-CAPTURE] pause=219/219 timeout=0 quiesce=219 resume=219 lifecycle_errors=0 repairs=219 staged_events=3554 copies=3442 fallback=0 errors=0 prepare=220 stale_queue=0 pending_vsync=108 sync=322 complete=218 incomplete=104 incomplete_blocks=1038 hold=219/219 hold_timeout=0
I (57596) rc_net: [CAM-PROBE] Video TX seq=240 jpeg_len=10159 crc32=0x4b9d128c chunks=9
I (58549) rc_video: Sent 240 | cap_fps=8.6 send_fps=8.6 capture_size_errors=0 capture_identity_errors=0 | Avg(ms): wait=47.5 cache=1.5 subsample=23.3 encode=24.1 send=6.9 total=103.2 | JPEG=8664B
I (58556) rc_video: [VIDEO-TX] handoff cap=249 get=498 select_fail=0 finished=249 signal=249 acquire=249 acquire_fail=0 release_fail=0 backup=0/0
I (58568) rc_video: [STABLE-CAPTURE] pause=249/249 timeout=0 quiesce=249 resume=249 lifecycle_errors=0 repairs=249 staged_events=4027 copies=3900 fallback=0 errors=0 prepare=250 stale_queue=0 pending_vsync=123 sync=365 complete=248 incomplete=117 incomplete_blocks=1168 hold=249/249 hold_timeout=0
I (61137) rc_net: [CAM-PROBE] Video TX seq=270 jpeg_len=8138 crc32=0x308c9634 chunks=7
I (62034) rc_video: Sent 270 | cap_fps=8.6 send_fps=8.6 capture_size_errors=0 capture_identity_errors=0 | Avg(ms): wait=48.0 cache=1.5 subsample=23.5 encode=23.7 send=5.8 total=102.4 | JPEG=8719B
I (62041) rc_video: [VIDEO-TX] handoff cap=279 get=558 select_fail=0 finished=279 signal=279 acquire=279 acquire_fail=0 release_fail=0 backup=0/0
I (62051) rc_video: [STABLE-CAPTURE] pause=279/279 timeout=0 quiesce=279 resume=279 lifecycle_errors=0 repairs=279 staged_events=4502 copies=4360 fallback=0 errors=0 prepare=280 stale_queue=0 pending_vsync=138 sync=408 complete=278 incomplete=130 incomplete_blocks=1298 hold=279/279 hold_timeout=0
I (64600) rc_net: [CAM-PROBE] Video TX seq=300 jpeg_len=9391 crc32=0x878a8aff chunks=8
I (65491) rc_video: Sent 300 | cap_fps=8.6 send_fps=8.6 capture_size_errors=0 capture_identity_errors=0 | Avg(ms): wait=47.6 cache=1.4 subsample=23.4 encode=24.2 send=6.5 total=103.2 | JPEG=7679B
I (65491) rc_video: [VIDEO-TX] handoff cap=309 get=619 select_fail=0 finished=309 signal=309 acquire=309 acquire_fail=0 release_fail=0 backup=0/0
I (65537) rc_video: [STABLE-CAPTURE] pause=309/309 timeout=0 quiesce=309 resume=309 lifecycle_errors=0 repairs=309 staged_events=4989 copies=4830 fallback=0 errors=0 prepare=310 stale_queue=0 pending_vsync=151 sync=453 complete=309 incomplete=144 incomplete_blocks=1428 hold=309/309 hold_timeout=0
I (68067) rc_net: [CAM-PROBE] Video TX seq=330 jpeg_len=8306 crc32=0x5d2132d7 chunks=7
I (68959) rc_video: Sent 330 | cap_fps=8.7 send_fps=8.7 capture_size_errors=0 capture_identity_errors=0 | Avg(ms): wait=46.3 cache=1.4 subsample=23.4 encode=23.7 send=5.5 total=100.4 | JPEG=8769B
I (68967) rc_video: [VIDEO-TX] handoff cap=339 get=678 select_fail=0 finished=339 signal=339 acquire=339 acquire_fail=0 release_fail=0 backup=0/0
I (68977) rc_video: [STABLE-CAPTURE] pause=339/339 timeout=0 quiesce=339 resume=339 lifecycle_errors=0 repairs=339 staged_events=5455 copies=5280 fallback=0 errors=0 prepare=340 stale_queue=0 pending_vsync=166 sync=495 complete=338 incomplete=157 incomplete_blocks=1558 hold=339/339 hold_timeout=0
I (71449) rc_net: [CAM-PROBE] Video TX seq=360 jpeg_len=9227 crc32=0xe60c15e9 chunks=8
I (72403) rc_video: Sent 360 | cap_fps=8.7 send_fps=8.7 capture_size_errors=0 capture_identity_errors=0 | Avg(ms): wait=46.0 cache=1.4 subsample=23.8 encode=24.2 send=5.7 total=101.2 | JPEG=9239B
I (72410) rc_video: [VIDEO-TX] handoff cap=369 get=738 select_fail=0 finished=369 signal=369 acquire=369 acquire_fail=0 release_fail=0 backup=0/0
I (72420) rc_video: [STABLE-CAPTURE] pause=369/369 timeout=0 quiesce=369 resume=369 lifecycle_errors=0 repairs=369 staged_events=5931 copies=5740 fallback=0 errors=0 prepare=370 stale_queue=0 pending_vsync=180 sync=538 complete=368 incomplete=170 incomplete_blocks=1688 hold=369/369 hold_timeout=0
W (74437) rc_tank: [DVP-MATRIX] result stage=2 strategy=rebuild_after_udp complete=385 incomplete=179 incomplete_blocks=1778 mismatch_hist=0,0,0,0,131,199,182,142,40,23,197 prepare=387 pending=188 hold=386/386 hold_timeout=0
W (74492) rc_tank: [DVP-MATRIX] advancing to stage=3; software restart in 1s
I (75010) rc_net: [CAM-PROBE] Video TX seq=390 jpeg_len=10049 crc32=0xc01a6376 chunks=9
I (75495) wifi:station: 44:1b:f6:f3:ae:40 leave, AID = 1, reason = 2, bss_flags is 756835, bss:0x3fcf13f4
I (75496) wifi:new:<1,0>, old:<1,1>, ap:<1,1>, sta:<255,255>, prof:1, snd_ch_cfg:0x0
I (75502) wifi:<ba-del>idx:2, tid:0
I (75507) wifi:new:<1,1>, old:<1,0>, ap:<1,1>, sta:<255,255>, prof:1, snd_ch_cfg:0x0
I (75547) rc_net: STA disconnected, MAC: 44:1b:f6:f3:ae:40
W (75548) rc_control: Network disconnected: motor stop enforced
W (75551) rc_tank: Network disconnected
W (75611) rc_video: Video send failed: ESP_ERR_INVALID_STATE
W (75705) rc_video: Video send failed: ESP_ERR_INVALID_STATE
W (75781) rc_video: Video send failed: ESP_ERR_INVALID_STATE
W (75900) rc_video: Video send failed: ESP_ERR_INVALID_STATE
W (75979) rc_video: Video send failed: ESP_ERR_INVALID_STATE
W (76098) rc_video: Video send failed: ESP_ERR_INVALID_STATE
W (76217) rc_video: Video send failed: ESP_ERR_INVALID_STATE
W (76296) rc_video: Video send failed: ESP_ERR_INVALID_STATE
W (76433) rc_video: Video send failed: ESP_ERR_INVALID_STATE
W (76533) rc_video: Video send failed: ESP_ERR_INVALID_STATE
W (76613) rc_video: Video send failed: ESP_ERR_INVALID_STATE
W (76731) rc_video: Video send failed: ESP_ERR_INVALID_STATE
W (76868) rc_video: Video send failed: ESP_ERR_INVALID_STATE
W (76969) rc_video: Video send failed: ESP_ERR_INVALID_STATE
W (77048) rc_video: Video send failed: ESP_ERR_INVALID_STATE
W (77127) rc_video: Video send failed: ESP_ERR_INVALID_STATE
W (77246) rc_video: Video send failed: ESP_ERR_INVALID_STATE
W (77325) rc_video: Video send failed: ESP_ERR_INVALID_STATE
W (77444) rc_video: Video send failed: ESP_ERR_INVALID_STATE
W (77563) rc_video: Video send failed: ESP_ERR_INVALID_STATE
W (77681) rc_video: Video send failed: ESP_ERR_INVALID_STATE
W (77800) rc_video: Video send failed: ESP_ERR_INVALID_STATE
W (77919) rc_video: Video send failed: ESP_ERR_INVALID_STATE
W (78037) rc_video: Video send failed: ESP_ERR_INVALID_STATE
W (78156) rc_video: Video send failed: ESP_ERR_INVALID_STATE
W (78293) rc_video: Video send failed: ESP_ERR_INVALID_STATE
W (78397) rc_video: Video send failed: ESP_ERR_INVALID_STATE
W (78473) rc_video: Video send failed: ESP_ERR_INVALID_STATE
W (78555) rc_video: Video send failed: ESP_ERR_INVALID_STATE
W (78631) rc_video: Video send failed: ESP_ERR_INVALID_STATE
W (78710) rc_video: Video send failed: ESP_ERR_INVALID_STATE
W (78789) rc_video: Video send failed: ESP_ERR_INVALID_STATE
W (78869) rc_video: Video send failed: ESP_ERR_INVALID_STATE
W (78948) rc_video: Video send failed: ESP_ERR_INVALID_STATE
W (79027) rc_video: Video send failed: ESP_ERR_INVALID_STATE
W (79106) rc_video: Video send failed: ESP_ERR_INVALID_STATE
W (79185) rc_video: Video send failed: ESP_ERR_INVALID_STATE
W (79264) rc_video: Video send failed: ESP_ERR_INVALID_STATE
I (79318) wifi:flush txq
I (79318) wifi:stop sw txq
I (79319) wifi:lmac stop hw txq
ESP-ROM:esp32s3-20210327
Build:Mar 27 2021
rst:0xc (RTC_SW_CPU_RST),boot:0x3 (DOWNLOAD(USB/UART0))
Saved PC:0x40381169
waiting for download

[HOST-DVP-MATRIX] RAM bootloader recovery starting
esptool.py v4.12.dev2
Serial port COM7
Connecting....
Chip is ESP32-S3 (QFN56) (revision v0.2)
Features: WiFi, BLE
Crystal is 40MHz
MAC: 44:1b:f6:f3:ae:78
Uploading stub...
Running stub...
Stub running...
RAM boot...
Downloading 5360 bytes at 3fce2820... done!
Downloading 3364 bytes at 403c8700... done!
Downloading 12016 bytes at 403cb700... done!
All segments done, executing at 403c8924
Exiting immediately.

[HOST-DVP-MATRIX] RAM bootloader recovery complete
boot: chip revision: v0.2
I (2925) boot: efuse block revision: v1.3
I (2929) boot.esp32s3: Boot SPI Speed : 80MHz
I (2933) boot.esp32s3: SPI Mode       : SLOW READ
I (2937) boot.esp32s3: SPI Flash Size : 8MB
I (2941) boot: Enabling RNG early entropy source...
I (2946) boot: Partition Table:
I (2949) boot: ## Label            Usage          Type ST Offset   Length
I (2955) boot:  0 nvs              WiFi data        01 02 00009000 00006000
I (2962) boot:  1 phy_init         RF data          01 01 0000f000 00001000
I (2968) boot:  2 factory          factory app      00 00 00010000 00300000
I (2975) boot:  3 storage          Unknown data     01 82 00310000 00100000
I (2982) boot: End of partition table
I (2985) esp_image: segment 0: paddr=00010020 vaddr=3c0a0020 size=24d20h (150816) map
I (3085) esp_image: segment 1: paddr=00034d48 vaddr=3fca0c00 size=05560h ( 21856) load
I (3099) esp_image: segment 2: paddr=0003a2b0 vaddr=40374000 size=05d68h ( 23912) load
I (3115) esp_image: segment 3: paddr=00040020 vaddr=42000020 size=9b814h (636948) map
I (3504) esp_image: segment 4: paddr=000db83c vaddr=40379d68 size=16df4h ( 93684) load
I (3565) esp_image: segment 5: paddr=000f2638 vaddr=50000000 size=00020h (    32) load
I (3577) boot: Loaded app from partition at offset 0x10000
I (3577) boot: Disabling RNG early entropy source...
I (3589) esp_psram: Found 8MB PSRAM device
I (3589) esp_psram: Speed: 80MHz
I (3589) cpu_start: Multicore app
I (4507) esp_psram: SPI SRAM memory test OK
I (4516) cpu_start: GPIO 44 and 43 are used as console UART I/O pins
I (4517) cpu_start: Pro cpu start user code
I (4517) cpu_start: cpu freq: 240000000 Hz
I (4518) app_init: Application information:
I (4522) app_init: Project name:     rc_tank_demo
I (4527) app_init: App version:      1
I (4530) app_init: Compile time:     Aug 26 2026 09:56:00
I (4535) app_init: ELF file SHA256:  6af95a74b...
I (4540) app_init: ESP-IDF:          GIT-NOTFOUND
I (4544) efuse_init: Min chip rev:     v0.0
I (4548) efuse_init: Max chip rev:     v0.99 
I (4552) efuse_init: Chip rev:         v0.2
I (4556) heap_init: Initializing. RAM available for dynamic allocation:
I (4563) heap_init: At 3FCAA470 len 0003F2A0 (252 KiB): RAM
I (4568) heap_init: At 3FCE9710 len 00005724 (21 KiB): RAM
I (4573) heap_init: At 3FCF0000 len 00008000 (32 KiB): DRAM
I (4578) heap_init: At 600FE000 len 00001FE8 (7 KiB): RTCRAM
I (4584) esp_psram: Adding pool of 8192K of PSRAM memory to heap allocator
I (4592) spi_flash: detected chip: generic
I (4594) spi_flash: flash io: dio
I (4598) sleep_gpio: Configure to isolate all GPIO pins in sleep state
I (4604) sleep_gpio: Enable automatic switching of GPIO sleep configuration
I (4611) main_task: Started on CPU0
I (4635) esp_psram: Reserving pool of 64K of internal memory for DMA/internal allocations
I (4636) main_task: Calling app_main()
I (4650) rc_tank: === RC Tank Demo (EX-035) Role: TANK ===
I (4651) rc_tank: Startup delay 10 s (open serial monitor now)...
I (4651) rc_tank:   starting in 10 s
I (5654) rc_tank:   starting in 9 s
I (6654) rc_tank:   starting in 8 s
I (7654) rc_tank:   starting in 7 s
I (8654) rc_tank:   starting in 6 s
I (9654) rc_tank:   starting in 5 s
I (10654) rc_tank:   starting in 4 s
I (11654) rc_tank:   starting in 3 s
I (12654) rc_tank:   starting in 2 s
I (13654) rc_tank:   starting in 1 s
I (14654) rc_tank: Starting Tank role (P1: network, P2: control, P3: video)
I (14654) board_laiwfs300: init board support package
I (14654) board_laiwfs300: init capability registry
I (14659) board_laiwfs300: init I2C bus: SDA=GPIO48 SCL=GPIO47
I (14665) bus_i2c: I2C0 initialized: SDA=GPIO48 SCL=GPIO47 speed=100000Hz
I (14671) board_laiwfs300: --- I2C bus scan (0x08-0x77) ---
I (14678) board_laiwfs300:   I2C device ACK at 0x15
I (14681) board_laiwfs300:   I2C device ACK at 0x18
I (14686) board_laiwfs300:   I2C device ACK at 0x21
I (14690) board_laiwfs300:   I2C device ACK at 0x22
I (14698) board_laiwfs300:   I2C device ACK at 0x40
I (14701) board_laiwfs300:   I2C device ACK at 0x51
I (14707) board_laiwfs300:   I2C device ACK at 0x68
I (14710) board_laiwfs300: --- I2C scan done: 7 device(s) found ---
W (14714) board_laiwfs300: TPT29555A (IOEX) NOT found at 0x20 (NACK)
I (14720) board_laiwfs300: ES8311 (Codec) found at 0x18
I (14725) board_laiwfs300: ES7210 (ADC) found at 0x40
I (14730) board_laiwfs300: AIP8563 (RTC) found at 0x51
I (14735) board_laiwfs300: BMI260 (IMU @0x68) found at 0x68
W (14740) board_laiwfs300: BMI260 (IMU @0x69) NOT found at 0x69 (NACK)
I (14746) board_laiwfs300: SP0A39 (Camera) found at 0x21
I (14753) board_laiwfs300: ES8311 chip ID: 0x83 0x11
I (14757) board_laiwfs300: ES7210 chip ID: 0x72
I (14762) board_laiwfs300: AIP8563 RTC time: 21:35:11 (BCD raw)
I (14766) board_laiwfs300: BMI260 chip ID: 0x27 (expect 0x27)
I (14771) board_laiwfs300: init SPI bus manager
I (14777) board_laiwfs300: init ADC service
I (14780) board_adc: ADC1 oneshot initialized
I (14784) board_laiwfs300: init board power service
I (14789) board_laiwfs300: ADC D0_DETECT (GPIO1): raw=4095 (~3100 mV)
I (14794) board_laiwfs300: ADC BAT_ADC (GPIO7): raw=1637 (~1239 mV)
I (14800) board_laiwfs300: ADC SW_ADC (GPIO8): raw=4095 (~3100 mV)
I (14806) board_laiwfs300: init IO expander: TPT29555A addr=0x22
I (14815) io_expander: TPT29555A initialized at 0x22
I (14817) board_laiwfs300: IO expander initialized OK
I (14821) board_laiwfs300: init module detect
I (14826) board_laiwfs300: register detection rules
I (14830) board_laiwfs300: register default capabilities
I (14835) board_laiwfs300: board init complete (ioex=OK)
I (14840) rc_tank: [STEP] Motor init starting...
I (14845) board_motor: motor input 1 -> GPIO5 / LEDC channel 0
I (14850) board_motor: motor input 2 -> GPIO4 / LEDC channel 1
I (14856) board_motor: motor input 3 -> GPIO37 / LEDC channel 2
I (14861) board_motor: motor input 4 -> GPIO45 / LEDC channel 3
I (14867) rc_control: Motor initialized
I (14870) rc_tank: [STEP] Motor init OK
I (14874) rc_tank: [STEP] Display init starting...
I (14879) rc_video: Initializing Tank display
I (14884) display_hal: init ST7789V3 LCD 240x320 SPI host=1
E (15029) spi: spi_bus_initialize(816): SPI bus already initialized.
I (15150) display_hal: ST7789V3 LCD initialized
I (15150) board_display: display mapped: MOSI=GPIO13 SCK=GPIO12 CS=GPIO10 DC=GPIO16 BL=GPIO17 LCD_RST=IOEX P1_5 pclk=20000000
I (15155) rc_video: Tank display task started (status screen)
I (15156) rc_video: Tank display initialized (status task owns LCD)
I (15166) rc_tank: [STEP] Display init OK
I (15170) rc_tank: [STEP] Camera init starting...
I (15174) rc_video: Initializing camera (SP0A39 640x480 VYUY)
I (15180) board_camera: initializing SP0A39 camera mode=0 640x480
I (15185) camera_hal: init SP0A39 DVP 640x480 (SCCB manual mode)
I (15191) camera_hal: configuring IOEX pins for camera RESET/PWDN
I (15198) camera_hal: PWDN=HIGH (power down)
I (15211) camera_hal: PWDN=LOW (release sensor)
I (15411) camera_hal: RESET=LOW (assert reset)
I (15431) camera_hal: RESET=HIGH (release reset)
I (16431) camera_hal: full I2C scan after camera power-up (diagnostic only)...
I (16433) camera_hal:   post-powerup ACK at 0x15
I (16433) camera_hal:   post-powerup ACK at 0x18
I (16436) camera_hal:   post-powerup ACK at 0x21
I (16440) camera_hal:   post-powerup ACK at 0x22
I (16448) camera_hal:   post-powerup ACK at 0x40
I (16450) camera_hal:   post-powerup ACK at 0x51
I (16456) camera_hal:   post-powerup ACK at 0x68
I (16459) camera_hal: DVP GPIO diagnostics (checking PCLK/VSYNC/HSYNC activity)...
I (16525) camera_hal: DVP diagnostics: PCLK_changes=0 VSYNC_changes=0 HSYNC_changes=0
W (16525) camera_hal: PCLK has no transitions - MCLK likely not reaching sensor or sensor not active
I (16530) camera_hal: using sensor address 0x21
I (16535) camera_hal: SP0A39 I2C device added at 0x21
I (16541) camera_hal: SP0A39 chip ID: 0x0A39
I (16663) camera_hal: SP0A39 register init done: VYUY 640x480 (359 regs)
I (16664) camera_hal: [CAM-PROBE] SP0A39 p0_31 stage=post_table value=0x00 expected=0x01
E (16666) camera_hal: camera_hal_verify_expected_output_p0_31(92): unexpected p0_31=0x00 at post_table
W (16676) camera_hal: [CAM-PROBE] output state differs after table; continuing: ESP_ERR_INVALID_RESPONSE
I (16705) camera_hal: [CAM-PROBE] SP0A39 p0_31 stage=post_delay value=0x01 expected=0x01
I (16706) camera_hal: camera HAL initialized (sensor ready, DVP capture not yet implemented)
I (16710) board_camera: camera ready
I (16718) camera_hal: SP0A39 output regs: P0:1c=0x00 P0:30=0x01 P0:31=0x01 P1:32=0x15 P1:34=0xeb P1:35=0x00 P1:36=0x10
I (16850) rc_video:   3 DMA-capable PSRAM framebuffers allocated (600 KB each)
I (16853) dvp_ext: DVP Extended camera controller driver is initialized
I (16854) dvp_ext: [STABLE-DVP] assembly uses GDMA-EOF direct copy; dma=102400 half=51200 queue_data_events=suppressed eof_desc=probe
I (16864) rc_video: [STABLE-CAPTURE] staged DVP controller created dma=102400 half=51200
I (16872) rc_video: Camera initialized
I (16876) rc_tank: [STEP] Camera init OK
I (16879) rc_tank: [STEP] Network init starting...
I (16885) rc_net: Initializing as SoftAP (Tank)
I (16890) pp: pp rom version: e7ae62f
I (16892) net80211: net80211 rom version: e7ae62f
I (16898) wifi:wifi driver task: 3fce4b10, prio:23, stack:6656, core=0
I (16909) wifi:wifi firmware version: 0947e8b
I (16910) wifi:wifi certification version: v7.0
I (16911) wifi:config NVS flash: enabled
I (16914) wifi:config nano formatting: disabled
I (16919) wifi:Init data frame dynamic rx buffer num: 32
I (16924) wifi:Init static rx mgmt buffer num: 5
I (16928) wifi:Init management short buffer num: 32
I (16932) wifi:Init dynamic tx buffer num: 64
I (16937) wifi:Init static tx FG buffer num: 2
I (16941) wifi:Init static rx buffer size: 1600
I (16945) wifi:Init static rx buffer num: 10
I (16949) wifi:Init dynamic rx buffer num: 32
I (16954) wifi_init: rx ba win: 6
I (16956) wifi_init: accept mbox: 6
I (16959) wifi_init: tcpip mbox: 16
I (16962) wifi_init: udp mbox: 6
I (16965) wifi_init: tcp mbox: 6
I (16968) wifi_init: tcp tx win: 5760
I (16972) wifi_init: tcp rx win: 5760
I (16975) wifi_init: tcp mss: 1440
I (16978) wifi_init: WiFi IRAM OP enabled
I (16982) wifi_init: WiFi RX IRAM OP enabled
I (16987) rc_net: AP set_mode/config, SSID=RC_TANK_F3AE79 ch=1
I (16996) phy_init: phy_version 711,97bcf0a2,Aug 25 2025,19:04:10
I (17040) wifi:mode : softAP (44:1b:f6:f3:ae:79)
I (17045) wifi:Total power save buffer number: 32
I (17045) wifi:Init max length of beacon: 752/752
I (17046) wifi:Init max length of beacon: 752/752
I (17048) rc_net: SoftAP started, SSID: RC_TANK_F3AE79, Password: 12345678
I (17050) esp_netif_lwip: DHCP server started on interface WIFI_AP_DEF with IP: 192.168.4.1
I (17062) rc_tank: [STEP] Network init OK
I (17066) rc_tank: Tank SoftAP ready, waiting for remote...
I (17071) rc_control: Ctrl RX task started
I (17075) rc_control: Tank control started
I (17079) rc_tank: Tank running (video + control; audio disabled)
I (17084) rc_tank: app_main done, idle loop
I (26971) wifi:new:<1,1>, old:<1,1>, ap:<1,1>, sta:<255,255>, prof:1, snd_ch_cfg:0x0
I (26972) wifi:station: 44:1b:f6:f3:ae:40 join, AID=1, bgn, 40U
I (27007) rc_net: STA connected, MAC: 44:1b:f6:f3:ae:40
I (27053) esp_netif_lwip: DHCP server assigned IP to a client, IP is: 192.168.4.2
I (27054) rc_net: STA assigned IP: 192.168.4.2
I (27055) rc_tank: Network connected, peer: 192.168.4.2
W (27061) rc_tank: [DVP-MATRIX] start stage=3 strategy=rebuild_before_and_after_udp video_tx=not_created capture=not_started
E (27072) gpio: gpio_install_isr_service(537): GPIO isr service already installed
I (27079) dvp_ext: DVP Extended camera controller driver is initialized
I (27084) dvp_ext: [STABLE-DVP] assembly uses GDMA-EOF direct copy; dma=102400 half=51200 queue_data_events=suppressed eof_desc=probe
W (27095) rc_video: [DVP-REBUILD] complete old=0x3fcebf50 new=0x3fcebf50 drained=0 internal=88683->88683; GDMA channel/descriptors/event queue/task recreated
I (27110) rc_net: Ctrl UDP socket bound to port 8001
I (27114) rc_net: Video UDP socket bound to port 8002
I (27119) rc_net: Audio TCP listening on port 8003
I (27123) rc_tank: Socket channels started
E (27128) gpio: gpio_install_isr_service(537): GPIO isr service already installed
I (27135) dvp_ext: DVP Extended camera controller driver is initialized
I (27141) dvp_ext: [STABLE-DVP] assembly uses GDMA-EOF direct copy; dma=102400 half=51200 queue_data_events=suppressed eof_desc=probe
W (27152) rc_video: [DVP-REBUILD] complete old=0x3fcebf50 new=0x3fcebf50 drained=0 internal=87759->87759; GDMA channel/descriptors/event queue/task recreated
I (27166) rc_video: No local preview active; formal video handoff skipped
I (27174) camera_hal: [CAM-PROBE] SP0A39 p0_31 stage=dvp_started value=0x01 expected=0x01
I (27186) rc_video: Video TX task started (240x180, sensor-driven, Q=60)
I (27187) rc_video: Tank video started (camera source)
I (27188) rc_video: TX theory: raw=614400 B/frame, encoded YUV=86400 B/frame, target10fps raw=0.86 MB/s
I (27230) rc_video: PSRAM TX buffers: subsample=86400B jpeg=43200B send=43208B free_psram=5592524 free_internal=54779
W (27234) rc_tank: [DVP-MATRIX] observe stage=3 strategy=rebuild_before_and_after_udp duration_ms=45000 under live Q60/UDP load
I (27240) rc_video: TX buffer caps: subsample=0x3c350120(psram=1) jpeg=0x3c3652a4(psram=1) send=0x3c36fea8(psram=1)
I (27307) rc_net: [CAM-PROBE] Video TX seq=0 jpeg_len=8262 crc32=0xce5ab45f chunks=7
W (27355) rc_net: Video UDP send failed: seq=0 chunk=4/7 bytes=1208 sent=-1 errno=12 attempts=4
W (27356) rc_video: Video send failed: ESP_FAIL
W (27409) rc_video: Video send failed: ESP_FAIL
W (27547) rc_video: Video send failed: ESP_FAIL
W (27647) rc_video: Video send failed: ESP_FAIL
W (27791) rc_video: Video send failed: ESP_FAIL
W (27844) rc_video: Video send failed: ESP_FAIL
W (27982) rc_video: Video send failed: ESP_FAIL
W (28082) rc_video: Video send failed: ESP_FAIL
W (28778) rc_net: Video UDP send failed: seq=13 chunk=2/7 bytes=1208 sent=-1 errno=12 attempts=4
W (28780) rc_video: Video send failed: ESP_FAIL
W (28837) rc_video: Video send failed: ESP_FAIL
W (28981) rc_video: Video send failed: ESP_FAIL
W (29034) rc_video: Video send failed: ESP_FAIL
W (29178) rc_video: Video send failed: ESP_FAIL
W (29232) rc_video: Video send failed: ESP_FAIL
W (29376) rc_video: Video send failed: ESP_FAIL
W (29429) rc_video: Video send failed: ESP_FAIL
W (29574) rc_video: Video send failed: ESP_FAIL
W (29627) rc_video: Video send failed: ESP_FAIL
W (29807) rc_net: Video UDP send failed: seq=23 chunk=1/7 bytes=1208 sent=-1 errno=12 attempts=4
W (29808) rc_video: Video send failed: ESP_FAIL
W (29864) rc_video: Video send failed: ESP_FAIL
W (30006) rc_video: Video send failed: ESP_FAIL
W (30168) rc_video: Video send failed: ESP_FAIL
W (30221) rc_video: Video send failed: ESP_FAIL
W (30364) rc_video: Video send failed: ESP_FAIL
W (30416) rc_video: Video send failed: ESP_FAIL
I (30513) rc_net: [CAM-PROBE] Video TX seq=30 jpeg_len=8309 crc32=0x0488b04e chunks=7
W (30560) rc_video: Video send failed: ESP_FAIL
W (30717) rc_video: Video send failed: ESP_FAIL
W (30812) rc_net: Video UDP send failed: seq=32 chunk=1/8 bytes=1208 sent=-1 errno=12 attempts=4
W (30813) rc_video: Video send failed: ESP_FAIL
W (30959) rc_video: Video send failed: ESP_FAIL
W (31486) rc_video: Video send failed: ESP_FAIL
W (31632) rc_video: Video send failed: ESP_FAIL
W (31685) rc_video: Video send failed: ESP_FAIL
W (31830) rc_net: Video UDP send failed: seq=41 chunk=1/7 bytes=1208 sent=-1 errno=12 attempts=4
W (31831) rc_video: Video send failed: ESP_FAIL
W (31884) rc_video: Video send failed: ESP_FAIL
W (32027) rc_video: Video send failed: ESP_FAIL
W (32080) rc_video: Video send failed: ESP_FAIL
W (32203) rc_video: Video send failed: ESP_FAIL
W (32344) rc_video: Video send failed: ESP_FAIL
W (32396) rc_video: Video send failed: ESP_FAIL
W (32541) rc_video: Video send failed: ESP_FAIL
W (32593) rc_video: Video send failed: ESP_FAIL
W (32735) rc_video: Video send failed: ESP_FAIL
W (32815) rc_video: Video send failed: ESP_FAIL
W (32911) rc_net: Video UDP send failed: seq=52 chunk=1/8 bytes=1208 sent=-1 errno=12 attempts=4
W (32912) rc_video: Video send failed: ESP_FAIL
W (33492) rc_video: Video send failed: ESP_FAIL
W (33544) rc_video: Video send failed: ESP_FAIL
W (33685) rc_video: Video send failed: ESP_FAIL
I (33719) rc_net: [CAM-PROBE] Video TX seq=60 jpeg_len=7905 crc32=0x9a0d8d8d chunks=7
W (33766) rc_video: Video send failed: ESP_FAIL
W (33920) rc_net: Video UDP send failed: seq=61 chunk=1/8 bytes=1208 sent=-1 errno=12 attempts=4
W (33921) rc_video: Video send failed: ESP_FAIL
W (34019) rc_video: Video send failed: ESP_FAIL
W (34161) rc_video: Video send failed: ESP_FAIL
W (34256) rc_video: Video send failed: ESP_FAIL
W (34397) rc_video: Video send failed: ESP_FAIL
W (34478) rc_video: Video send failed: ESP_FAIL
W (34573) rc_video: Video send failed: ESP_FAIL
W (34714) rc_video: Video send failed: ESP_FAIL
W (34795) rc_video: Video send failed: ESP_FAIL
W (34949) rc_net: Video UDP send failed: seq=70 chunk=1/8 bytes=1208 sent=-1 errno=12 attempts=4
W (34950) rc_video: Video send failed: ESP_FAIL
W (35466) rc_video: Video send failed: ESP_FAIL
W (35545) rc_video: Video send failed: ESP_FAIL
W (35622) rc_video: Video send failed: ESP_FAIL
W (35721) rc_video: Video send failed: ESP_FAIL
W (35862) rc_video: Video send failed: ESP_FAIL
W (35942) rc_video: Video send failed: ESP_FAIL
W (36037) rc_net: Video UDP send failed: seq=81 chunk=1/8 bytes=1208 sent=-1 errno=12 attempts=4
W (36038) rc_video: Video send failed: ESP_FAIL
W (36178) rc_video: Video send failed: ESP_FAIL
W (36304) rc_video: Video send failed: ESP_FAIL
W (36357) rc_video: Video send failed: ESP_FAIL
W (36492) rc_video: Video send failed: ESP_FAIL
W (36591) rc_video: Video send failed: ESP_FAIL
W (36737) rc_video: Video send failed: ESP_FAIL
W (36789) rc_video: Video send failed: ESP_FAIL
W (36927) rc_video: Video send failed: ESP_FAIL
I (37004) rc_net: [CAM-PROBE] Video TX seq=90 jpeg_len=9153 crc32=0x868c471e chunks=8
W (37525) rc_net: Video UDP send failed: seq=94 chunk=2/8 bytes=1208 sent=-1 errno=12 attempts=4
W (37526) rc_video: Video send failed: ESP_FAIL
W (37583) rc_video: Video send failed: ESP_FAIL
W (37722) rc_video: Video send failed: ESP_FAIL
W (37847) rc_video: Video send failed: ESP_FAIL
W (37900) rc_video: Video send failed: ESP_FAIL
W (38039) rc_video: Video send failed: ESP_FAIL
W (38118) rc_video: Video send failed: ESP_FAIL
W (38214) rc_video: Video send failed: ESP_FAIL
W (38359) rc_video: Video send failed: ESP_FAIL
W (38411) rc_video: Video send failed: ESP_FAIL
W (38558) rc_net: Video UDP send failed: seq=104 chunk=1/8 bytes=1208 sent=-1 errno=12 attempts=4
W (38559) rc_video: Video send failed: ESP_FAIL
W (38612) rc_video: Video send failed: ESP_FAIL
W (38751) rc_video: Video send failed: ESP_FAIL
W (38876) rc_video: Video send failed: ESP_FAIL
W (38929) rc_video: Video send failed: ESP_FAIL
W (39543) rc_video: Video send failed: ESP_FAIL
W (39623) rc_net: Video UDP send failed: seq=114 chunk=1/7 bytes=1208 sent=-1 errno=12 attempts=4
W (39623) rc_video: Video send failed: ESP_FAIL
W (39781) rc_video: Video send failed: ESP_FAIL
W (39877) rc_video: Video send failed: ESP_FAIL
W (40022) rc_video: Video send failed: ESP_FAIL
W (40075) rc_video: Video send failed: ESP_FAIL
W (40220) rc_video: Video send failed: ESP_FAIL
I (40269) rc_net: [CAM-PROBE] Video TX seq=120 jpeg_len=8433 crc32=0x7d1842c5 chunks=8
W (40278) rc_video: Video send failed: ESP_FAIL
W (40418) rc_video: Video send failed: ESP_FAIL
W (40470) rc_video: Video send failed: ESP_FAIL
W (40608) rc_video: Video send failed: ESP_FAIL
W (40708) rc_net: Video UDP send failed: seq=124 chunk=1/8 bytes=1208 sent=-1 errno=12 attempts=4
W (40709) rc_video: Video send failed: ESP_FAIL
W (40854) rc_video: Video send failed: ESP_FAIL
W (40907) rc_video: Video send failed: ESP_FAIL
W (41487) rc_video: Video send failed: ESP_FAIL
W (41540) rc_video: Video send failed: ESP_FAIL
W (41680) rc_video: Video send failed: ESP_FAIL
W (41760) rc_net: Video UDP send failed: seq=134 chunk=1/8 bytes=1208 sent=-1 errno=12 attempts=4
W (41761) rc_video: Video send failed: ESP_FAIL
W (41857) rc_video: Video send failed: ESP_FAIL
W (41997) rc_video: Video send failed: ESP_FAIL
W (42198) rc_video: Video send failed: ESP_FAIL
W (42252) rc_video: Video send failed: ESP_FAIL
W (42396) rc_video: Video send failed: ESP_FAIL
W (42454) rc_video: Video send failed: ESP_FAIL
W (42592) rc_video: Video send failed: ESP_FAIL
W (42865) rc_net: Video UDP send failed: seq=142 chunk=1/8 bytes=1208 sent=-1 errno=12 attempts=4
W (42866) rc_video: Video send failed: ESP_FAIL
I (42966) rc_video: Sent 30 | cap_fps=9.2 send_fps=1.9 capture_size_errors=0 capture_identity_errors=0 | Avg(ms): wait=46.1 cache=1.6 subsample=23.1 encode=24.6 send=5.4 total=100.8 | JPEG=10749B
I (42973) rc_video: [VIDEO-TX] handoff cap=144 get=288 select_fail=0 finished=144 signal=144 acquire=144 acquire_fail=0 release_fail=0 backup=0/0
I (42984) rc_video: [STABLE-CAPTURE] pause=144/144 timeout=0 quiesce=144 resume=144 lifecycle_errors=0 repairs=144 staged_events=2185 copies=2096 fallback=0 errors=0 prepare=145 stale_queue=0 pending_vsync=58 sync=197 complete=143 incomplete=54 incomplete_blocks=517 hold=144/144 hold_timeout=0
W (43383) rc_video: Video send failed: ESP_FAIL
W (43443) rc_video: Video send failed: ESP_FAIL
I (43497) rc_net: STA disconnected, MAC: 44:1b:f6:f3:ae:40
W (43499) rc_control: Network disconnected: motor stop enforced
W (43499) rc_tank: Network disconnected
I (43510) wifi:starting SA query procedure with STA(44:1b:f6:f3:ae:40)
I (43512) wifi:Send SA Query req with transaction id 5a87
W (43563) rc_video: Video send failed: ESP_ERR_INVALID_STATE
W (43654) rc_video: Video send failed: ESP_ERR_INVALID_STATE
I (43712) wifi:Send SA Query req with transaction id 5a88
W (43733) rc_video: Video send failed: ESP_ERR_INVALID_STATE
W (43851) rc_video: Video send failed: ESP_ERR_INVALID_STATE
I (43942) wifi:Send SA Query req with transaction id 5a89
W (43990) rc_video: Video send failed: ESP_ERR_INVALID_STATE
W (44092) rc_video: Video send failed: ESP_ERR_INVALID_STATE
I (44136) wifi:Send SA Query req with transaction id 5a8a
W (44168) rc_video: Video send failed: ESP_ERR_INVALID_STATE
W (44247) rc_video: Video send failed: ESP_ERR_INVALID_STATE
I (44337) wifi:Send SA Query req with transaction id 5a8b
W (44384) rc_video: Video send failed: ESP_ERR_INVALID_STATE
W (44485) rc_video: Video send failed: ESP_ERR_INVALID_STATE
I (44528) wifi:Send SA Query req with transaction id 5a8c
I (44536) wifi:STA not responded to 6 SA Query attempts, Reset connection sending disassoc
W (44564) rc_video: Video send failed: ESP_ERR_INVALID_STATE
W (44701) rc_video: Video send failed: ESP_ERR_INVALID_STATE
W (44801) rc_video: Video send failed: ESP_ERR_INVALID_STATE
W (44880) rc_video: Video send failed: ESP_ERR_INVALID_STATE
W (44999) rc_video: Video send failed: ESP_ERR_INVALID_STATE
W (45118) rc_video: Video send failed: ESP_ERR_INVALID_STATE
I (45184) wifi:station: 44:1b:f6:f3:ae:40 leave, AID = 1, reason = 209, bss_flags is 756851, bss:0x3fcf13f4
I (45185) wifi:new:<1,0>, old:<1,1>, ap:<1,1>, sta:<255,255>, prof:1, snd_ch_cfg:0x0
I (45192) wifi:new:<1,1>, old:<1,0>, ap:<1,1>, sta:<255,255>, prof:1, snd_ch_cfg:0x0
I (45199) rc_net: STA disconnected, MAC: 44:1b:f6:f3:ae:40
W (45203) rc_control: Network disconnected: motor stop enforced
W (45210) rc_tank: Network disconnected
W (45223) rc_video: Video send failed: ESP_ERR_INVALID_STATE
I (45276) wifi:removing station <44:1b:f6:f3:ae:40> after unsuccessful auth/assoc, AID = 0
W (45277) wifi:rm mis
I (45278) wifi:new:<1,0>, old:<1,1>, ap:<1,1>, sta:<255,255>, prof:1, snd_ch_cfg:0x0
I (45285) wifi:new:<1,1>, old:<1,0>, ap:<1,1>, sta:<255,255>, prof:1, snd_ch_cfg:0x0
W (45316) rc_video: Video send failed: ESP_ERR_INVALID_STATE
W (45454) rc_video: Video send failed: ESP_ERR_INVALID_STATE
W (45553) rc_video: Video send failed: ESP_ERR_INVALID_STATE
W (45632) rc_video: Video send failed: ESP_ERR_INVALID_STATE
W (45712) rc_video: Video send failed: ESP_ERR_INVALID_STATE
W (45791) rc_video: Video send failed: ESP_ERR_INVALID_STATE
W (45910) rc_video: Video send failed: ESP_ERR_INVALID_STATE
W (46028) rc_video: Video send failed: ESP_ERR_INVALID_STATE
W (46166) rc_video: Video send failed: ESP_ERR_INVALID_STATE
W (46266) rc_video: Video send failed: ESP_ERR_INVALID_STATE
W (46345) rc_video: Video send failed: ESP_ERR_INVALID_STATE
W (46424) rc_video: Video send failed: ESP_ERR_INVALID_STATE
W (46503) rc_video: Video send failed: ESP_ERR_INVALID_STATE
W (46622) rc_video: Video send failed: ESP_ERR_INVALID_STATE
W (46759) rc_video: Video send failed: ESP_ERR_INVALID_STATE
W (46859) rc_video: Video send failed: ESP_ERR_INVALID_STATE
W (46942) rc_video: Video send failed: ESP_ERR_INVALID_STATE
W (47018) rc_video: Video send failed: ESP_ERR_INVALID_STATE
W (47154) rc_video: Video send failed: ESP_ERR_INVALID_STATE
W (47255) rc_video: Video send failed: ESP_ERR_INVALID_STATE
W (47334) rc_video: Video send failed: ESP_ERR_INVALID_STATE
W (47414) rc_video: Video send failed: ESP_ERR_INVALID_STATE
W (47532) rc_video: Video send failed: ESP_ERR_INVALID_STATE
W (47669) rc_video: Video send failed: ESP_ERR_INVALID_STATE
W (47770) rc_video: Video send failed: ESP_ERR_INVALID_STATE
W (47849) rc_video: Video send failed: ESP_ERR_INVALID_STATE
W (47928) rc_video: Video send failed: ESP_ERR_INVALID_STATE
W (48007) rc_video: Video send failed: ESP_ERR_INVALID_STATE
W (48086) rc_video: Video send failed: ESP_ERR_INVALID_STATE
W (48223) rc_video: Video send failed: ESP_ERR_INVALID_STATE
W (48324) rc_video: Video send failed: ESP_ERR_INVALID_STATE
W (48403) rc_video: Video send failed: ESP_ERR_INVALID_STATE
W (48482) rc_video: Video send failed: ESP_ERR_INVALID_STATE
W (48561) rc_video: Video send failed: ESP_ERR_INVALID_STATE
W (48641) rc_video: Video send failed: ESP_ERR_INVALID_STATE
W (48759) rc_video: Video send failed: ESP_ERR_INVALID_STATE
W (48838) rc_video: Video send failed: ESP_ERR_INVALID_STATE
W (48976) rc_video: Video send failed: ESP_ERR_INVALID_STATE
W (49076) rc_video: Video send failed: ESP_ERR_INVALID_STATE
W (49155) rc_video: Video send failed: ESP_ERR_INVALID_STATE
W (49234) rc_video: Video send failed: ESP_ERR_INVALID_STATE
W (49353) rc_video: Video send failed: ESP_ERR_INVALID_STATE
W (49490) rc_video: Video send failed: ESP_ERR_INVALID_STATE
W (49590) rc_video: Video send failed: ESP_ERR_INVALID_STATE
W (49670) rc_video: Video send failed: ESP_ERR_INVALID_STATE
W (49749) rc_video: Video send failed: ESP_ERR_INVALID_STATE
W (49867) rc_video: Video send failed: ESP_ERR_INVALID_STATE
W (50004) rc_video: Video send failed: ESP_ERR_INVALID_STATE
W (50105) rc_video: Video send failed: ESP_ERR_INVALID_STATE
W (50184) rc_video: Video send failed: ESP_ERR_INVALID_STATE
W (50263) rc_video: Video send failed: ESP_ERR_INVALID_STATE
W (50382) rc_video: Video send failed: ESP_ERR_INVALID_STATE
W (50528) rc_video: Video send failed: ESP_ERR_INVALID_STATE
W (50619) rc_video: Video send failed: ESP_ERR_INVALID_STATE
W (50699) rc_video: Video send failed: ESP_ERR_INVALID_STATE
W (50781) rc_video: Video send failed: ESP_ERR_INVALID_STATE
W (50857) rc_video: Video send failed: ESP_ERR_INVALID_STATE
W (50976) rc_video: Video send failed: ESP_ERR_INVALID_STATE
W (51112) rc_video: Video send failed: ESP_ERR_INVALID_STATE
W (51213) rc_video: Video send failed: ESP_ERR_INVALID_STATE
W (51292) rc_video: Video send failed: ESP_ERR_INVALID_STATE
W (51371) rc_video: Video send failed: ESP_ERR_INVALID_STATE
W (51451) rc_video: Video send failed: ESP_ERR_INVALID_STATE
W (51530) rc_video: Video send failed: ESP_ERR_INVALID_STATE
W (51609) rc_video: Video send failed: ESP_ERR_INVALID_STATE
W (51746) rc_video: Video send failed: ESP_ERR_INVALID_STATE
W (51846) rc_video: Video send failed: ESP_ERR_INVALID_STATE
W (51926) rc_video: Video send failed: ESP_ERR_INVALID_STATE
W (52044) rc_video: Video send failed: ESP_ERR_INVALID_STATE
W (52163) rc_video: Video send failed: ESP_ERR_INVALID_STATE
W (52242) rc_video: Video send failed: ESP_ERR_INVALID_STATE
W (52380) rc_video: Video send failed: ESP_ERR_INVALID_STATE
W (52480) rc_video: Video send failed: ESP_ERR_INVALID_STATE
W (52559) rc_video: Video send failed: ESP_ERR_INVALID_STATE
W (52638) rc_video: Video send failed: ESP_ERR_INVALID_STATE
W (52717) rc_video: Video send failed: ESP_ERR_INVALID_STATE
W (52855) rc_video: Video send failed: ESP_ERR_INVALID_STATE
W (52955) rc_video: Video send failed: ESP_ERR_INVALID_STATE
W (53034) rc_video: Video send failed: ESP_ERR_INVALID_STATE
W (53113) rc_video: Video send failed: ESP_ERR_INVALID_STATE
W (53232) rc_video: Video send failed: ESP_ERR_INVALID_STATE
W (53369) rc_video: Video send failed: ESP_ERR_INVALID_STATE
W (53469) rc_video: Video send failed: ESP_ERR_INVALID_STATE
W (53548) rc_video: Video send failed: ESP_ERR_INVALID_STATE
W (53628) rc_video: Video send failed: ESP_ERR_INVALID_STATE
W (53746) rc_video: Video send failed: ESP_ERR_INVALID_STATE
W (53883) rc_video: Video send failed: ESP_ERR_INVALID_STATE
W (53984) rc_video: Video send failed: ESP_ERR_INVALID_STATE
W (54063) rc_video: Video send failed: ESP_ERR_INVALID_STATE
W (54182) rc_video: Video send failed: ESP_ERR_INVALID_STATE
W (54318) rc_video: Video send failed: ESP_ERR_INVALID_STATE
W (54419) rc_video: Video send failed: ESP_ERR_INVALID_STATE
W (54498) rc_video: Video send failed: ESP_ERR_INVALID_STATE
W (54581) rc_video: Video send failed: ESP_ERR_INVALID_STATE
W (54657) rc_video: Video send failed: ESP_ERR_INVALID_STATE
W (54775) rc_video: Video send failed: ESP_ERR_INVALID_STATE
W (54912) rc_video: Video send failed: ESP_ERR_INVALID_STATE
W (55016) rc_video: Video send failed: ESP_ERR_INVALID_STATE
W (55092) rc_video: Video send failed: ESP_ERR_INVALID_STATE
W (55171) rc_video: Video send failed: ESP_ERR_INVALID_STATE
W (55290) rc_video: Video send failed: ESP_ERR_INVALID_STATE
W (55428) rc_video: Video send failed: ESP_ERR_INVALID_STATE
W (55527) rc_video: Video send failed: ESP_ERR_INVALID_STATE
W (55606) rc_video: Video send failed: ESP_ERR_INVALID_STATE
W (55804) rc_video: Video send failed: ESP_ERR_INVALID_STATE
W (55941) rc_video: Video send failed: ESP_ERR_INVALID_STATE
I (56014) wifi:new:<1,1>, old:<1,1>, ap:<1,1>, sta:<255,255>, prof:1, snd_ch_cfg:0x0
I (56016) wifi:station: 44:1b:f6:f3:ae:40 join, AID=1, bgn, 40U
I (56046) rc_net: STA connected, MAC: 44:1b:f6:f3:ae:40
W (56064) rc_video: Video send failed: ESP_ERR_INVALID_STATE
I (56132) esp_netif_lwip: DHCP server assigned IP to a client, IP is: 192.168.4.2
I (56133) rc_net: STA assigned IP: 192.168.4.2
I (56133) rc_tank: Network connected, peer: 192.168.4.2
W (56138) rc_tank: Channels already started, skip re-init
W (56193) rc_net: Video UDP send failed: seq=272 chunk=4/7 bytes=1208 sent=-1 errno=12 attempts=4
W (56194) rc_video: Video send failed: ESP_FAIL
W (56325) rc_video: Video send failed: ESP_FAIL
W (56421) rc_video: Video send failed: ESP_FAIL
W (56567) rc_video: Video send failed: ESP_FAIL
W (56620) rc_video: Video send failed: ESP_FAIL
W (56760) rc_video: Video send failed: ESP_FAIL
W (56855) rc_video: Video send failed: ESP_FAIL
W (57002) rc_video: Video send failed: ESP_FAIL
W (57054) rc_video: Video send failed: ESP_FAIL
I (57209) wifi:<ba-add>idx:2 (ifx:1, 44:1b:f6:f3:ae:40), tid:0, ssn:0, winSize:64
I (59387) rc_net: [CAM-PROBE] Video TX seq=300 jpeg_len=8353 crc32=0x5bc5ddc7 chunks=7
I (60340) rc_video: Sent 60 | cap_fps=9.5 send_fps=1.7 capture_size_errors=0 capture_identity_errors=0 | Avg(ms): wait=48.9 cache=1.5 subsample=23.5 encode=23.7 send=6.7 total=104.3 | JPEG=8464B
I (60347) rc_video: [VIDEO-TX] handoff cap=309 get=618 select_fail=0 finished=309 signal=309 acquire=309 acquire_fail=0 release_fail=0 backup=0/0
I (60359) rc_video: [STABLE-CAPTURE] pause=309/309 timeout=0 quiesce=309 resume=309 lifecycle_errors=0 repairs=309 staged_events=4735 copies=4526 fallback=0 errors=0 prepare=310 stale_queue=0 pending_vsync=104 sync=424 complete=307 incomplete=117 incomplete_blocks=1137 hold=309/309 hold_timeout=0
I (62950) rc_net: [CAM-PROBE] Video TX seq=330 jpeg_len=8681 crc32=0xc8a9b283 chunks=8
I (63905) rc_video: Sent 90 | cap_fps=8.4 send_fps=8.4 capture_size_errors=0 capture_identity_errors=0 | Avg(ms): wait=50.5 cache=1.6 subsample=23.5 encode=24.0 send=5.5 total=105.0 | JPEG=8563B
I (63912) rc_video: [VIDEO-TX] handoff cap=339 get=678 select_fail=0 finished=339 signal=339 acquire=339 acquire_fail=0 release_fail=0 backup=0/0
I (63921) rc_video: [STABLE-CAPTURE] pause=339/339 timeout=0 quiesce=339 resume=339 lifecycle_errors=0 repairs=339 staged_events=5230 copies=5006 fallback=0 errors=0 prepare=340 stale_queue=0 pending_vsync=119 sync=469 complete=337 incomplete=132 incomplete_blocks=1287 hold=339/339 hold_timeout=0
I (66523) rc_net: [CAM-PROBE] Video TX seq=360 jpeg_len=8444 crc32=0x9774d140 chunks=8
I (67362) rc_video: Sent 120 | cap_fps=8.6 send_fps=8.6 capture_size_errors=0 capture_identity_errors=0 | Avg(ms): wait=47.7 cache=1.6 subsample=23.8 encode=24.2 send=5.4 total=102.6 | JPEG=8126B
I (67362) rc_video: [VIDEO-TX] handoff cap=369 get=739 select_fail=0 finished=369 signal=369 acquire=369 acquire_fail=0 release_fail=0 backup=0/0
I (67362) rc_video: [STABLE-CAPTURE] pause=369/369 timeout=0 quiesce=369 resume=369 lifecycle_errors=0 repairs=369 staged_events=5714 copies=5475 fallback=0 errors=0 prepare=370 stale_queue=0 pending_vsync=133 sync=512 complete=367 incomplete=145 incomplete_blocks=1417 hold=369/369 hold_timeout=0
I (69934) rc_net: [CAM-PROBE] Video TX seq=390 jpeg_len=8275 crc32=0x2889783e chunks=7
I (70828) rc_video: Sent 150 | cap_fps=8.7 send_fps=8.7 capture_size_errors=0 capture_identity_errors=0 | Avg(ms): wait=46.1 cache=1.5 subsample=23.3 encode=23.8 send=5.6 total=100.4 | JPEG=8534B
I (70835) rc_video: [VIDEO-TX] handoff cap=399 get=798 select_fail=0 finished=399 signal=399 acquire=399 acquire_fail=0 release_fail=0 backup=0/0
I (70848) rc_video: [STABLE-CAPTURE] pause=399/399 timeout=0 quiesce=399 resume=399 lifecycle_errors=0 repairs=399 staged_events=6181 copies=5926 fallback=0 errors=0 prepare=400 stale_queue=0 pending_vsync=148 sync=555 complete=397 incomplete=158 incomplete_blocks=1547 hold=399/399 hold_timeout=0
W (72252) rc_tank: [DVP-MATRIX] result stage=3 strategy=rebuild_before_and_after_udp complete=409 incomplete=165 incomplete_blocks=1612 mismatch_hist=0,1,0,2,172,257,224,208,144,94,236 prepare=411 pending=153 hold=411/411 hold_timeout=0
W (72266) rc_tank: [DVP-MATRIX] advancing to stage=4; software restart in 1s
I (73302) wifi:station: 44:1b:f6:f3:ae:40 leave, AID = 1, reason = 2, bss_flags is 756835, bss:0x3fcf13f4
I (73303) wifi:new:<1,0>, old:<1,1>, ap:<1,1>, sta:<255,255>, prof:1, snd_ch_cfg:0x0
I (73310) wifi:<ba-del>idx:2, tid:0
I (73312) wifi:new:<1,1>, old:<1,0>, ap:<1,1>, sta:<255,255>, prof:1, snd_ch_cfg:0x0
I (73322) rc_net: STA disconnected, MAC: 44:1b:f6:f3:ae:40
W (73325) rc_control: Network disconnected: motor stop enforced
W (73330) rc_tank: Network disconnected
W (73362) rc_video: Video send failed: ESP_ERR_INVALID_STATE
W (73460) rc_video: Video send failed: ESP_ERR_INVALID_STATE
W (73576) rc_video: Video send failed: ESP_ERR_INVALID_STATE
W (73712) rc_video: Video send failed: ESP_ERR_INVALID_STATE
W (73816) rc_video: Video send failed: ESP_ERR_INVALID_STATE
W (73892) rc_video: Video send failed: ESP_ERR_INVALID_STATE
W (73971) rc_video: Video send failed: ESP_ERR_INVALID_STATE
W (74108) rc_video: Video send failed: ESP_ERR_INVALID_STATE
W (74209) rc_video: Video send failed: ESP_ERR_INVALID_STATE
W (74288) rc_video: Video send failed: ESP_ERR_INVALID_STATE
I (74352) wifi:flush txq
I (74353) wifi:stop sw txq
I (74353) wifi:lmac stop hw txq
†žESP-ROM:esp32s3-20210327
Build:Mar 27 2021
rst:0xc (RTC_SW_CPU_RST),boot:0x3 (DOWNLOAD(USB/UART0))
Saved PC:0x40381169
waiting for download

[HOST-DVP-MATRIX] RAM bootloader recovery starting
esptool.py v4.12.dev2
Serial port COM7
Connecting....
Chip is ESP32-S3 (QFN56) (revision v0.2)
Features: WiFi, BLE
Crystal is 40MHz
MAC: 44:1b:f6:f3:ae:78
Uploading stub...
Running stub...
Stub running...
RAM boot...
Downloading 5360 bytes at 3fce2820... done!
Downloading 3364 bytes at 403c8700... done!
Downloading 12016 bytes at 403cb700... done!
All segments done, executing at 403c8924
Exiting immediately.

[HOST-DVP-MATRIX] RAM bootloader recovery complete
: v0.2
I (2930) boot: efuse block revision: v1.3
I (2934) boot.esp32s3: Boot SPI Speed : 80MHz
I (2938) boot.esp32s3: SPI Mode       : SLOW READ
I (2942) boot.esp32s3: SPI Flash Size : 8MB
I (2946) boot: Enabling RNG early entropy source...
I (2951) boot: Partition Table:
I (2954) boot: ## Label            Usage          Type ST Offset   Length
I (2960) boot:  0 nvs              WiFi data        01 02 00009000 00006000
I (2967) boot:  1 phy_init         RF data          01 01 0000f000 00001000
I (2973) boot:  2 factory          factory app      00 00 00010000 00300000
I (2980) boot:  3 storage          Unknown data     01 82 00310000 00100000
I (2987) boot: End of partition table
I (2990) esp_image: segment 0: paddr=00010020 vaddr=3c0a0020 size=24d20h (150816) map
I (3090) esp_image: segment 1: paddr=00034d48 vaddr=3fca0c00 size=05560h ( 21856) load
I (3104) esp_image: segment 2: paddr=0003a2b0 vaddr=40374000 size=05d68h ( 23912) load
I (3120) esp_image: segment 3: paddr=00040020 vaddr=42000020 size=9b814h (636948) map
I (3509) esp_image: segment 4: paddr=000db83c vaddr=40379d68 size=16df4h ( 93684) load
I (3570) esp_image: segment 5: paddr=000f2638 vaddr=50000000 size=00020h (    32) load
I (3582) boot: Loaded app from partition at offset 0x10000
I (3582) boot: Disabling RNG early entropy source...
I (3594) esp_psram: Found 8MB PSRAM device
I (3594) esp_psram: Speed: 80MHz
I (3594) cpu_start: Multicore app
I (4512) esp_psram: SPI SRAM memory test OK
I (4521) cpu_start: GPIO 44 and 43 are used as console UART I/O pins
I (4522) cpu_start: Pro cpu start user code
I (4522) cpu_start: cpu freq: 240000000 Hz
I (4523) app_init: Application information:
I (4527) app_init: Project name:     rc_tank_demo
I (4532) app_init: App version:      1
I (4535) app_init: Compile time:     Aug 26 2026 09:56:00
I (4540) app_init: ELF file SHA256:  6af95a74b...
I (4545) app_init: ESP-IDF:          GIT-NOTFOUND
I (4549) efuse_init: Min chip rev:     v0.0
I (4553) efuse_init: Max chip rev:     v0.99 
I (4557) efuse_init: Chip rev:         v0.2
I (4561) heap_init: Initializing. RAM available for dynamic allocation:
I (4568) heap_init: At 3FCAA470 len 0003F2A0 (252 KiB): RAM
I (4573) heap_init: At 3FCE9710 len 00005724 (21 KiB): RAM
I (4578) heap_init: At 3FCF0000 len 00008000 (32 KiB): DRAM
I (4583) heap_init: At 600FE000 len 00001FE8 (7 KiB): RTCRAM
I (4589) esp_psram: Adding pool of 8192K of PSRAM memory to heap allocator
I (4597) spi_flash: detected chip: generic
I (4599) spi_flash: flash io: dio
I (4603) sleep_gpio: Configure to isolate all GPIO pins in sleep state
I (4609) sleep_gpio: Enable automatic switching of GPIO sleep configuration
I (4616) main_task: Started on CPU0
I (4640) esp_psram: Reserving pool of 64K of internal memory for DMA/internal allocations
I (4641) main_task: Calling app_main()
I (4655) rc_tank: === RC Tank Demo (EX-035) Role: TANK ===
I (4656) rc_tank: Startup delay 10 s (open serial monitor now)...
I (4656) rc_tank:   starting in 10 s
I (5659) rc_tank:   starting in 9 s
I (6659) rc_tank:   starting in 8 s
I (7659) rc_tank:   starting in 7 s
I (8659) rc_tank:   starting in 6 s
I (9659) rc_tank:   starting in 5 s
I (10659) rc_tank:   starting in 4 s
I (11659) rc_tank:   starting in 3 s
I (12659) rc_tank:   starting in 2 s
I (13659) rc_tank:   starting in 1 s
I (14659) rc_tank: Starting Tank role (P1: network, P2: control, P3: video)
I (14659) board_laiwfs300: init board support package
I (14659) board_laiwfs300: init capability registry
I (14664) board_laiwfs300: init I2C bus: SDA=GPIO48 SCL=GPIO47
I (14670) bus_i2c: I2C0 initialized: SDA=GPIO48 SCL=GPIO47 speed=100000Hz
I (14676) board_laiwfs300: --- I2C bus scan (0x08-0x77) ---
I (14683) board_laiwfs300:   I2C device ACK at 0x15
I (14686) board_laiwfs300:   I2C device ACK at 0x18
I (14691) board_laiwfs300:   I2C device ACK at 0x21
I (14695) board_laiwfs300:   I2C device ACK at 0x22
I (14703) board_laiwfs300:   I2C device ACK at 0x40
I (14706) board_laiwfs300:   I2C device ACK at 0x51
I (14712) board_laiwfs300:   I2C device ACK at 0x68
I (14715) board_laiwfs300: --- I2C scan done: 7 device(s) found ---
W (14719) board_laiwfs300: TPT29555A (IOEX) NOT found at 0x20 (NACK)
I (14725) board_laiwfs300: ES8311 (Codec) found at 0x18
I (14730) board_laiwfs300: ES7210 (ADC) found at 0x40
I (14735) board_laiwfs300: AIP8563 (RTC) found at 0x51
I (14740) board_laiwfs300: BMI260 (IMU @0x68) found at 0x68
W (14745) board_laiwfs300: BMI260 (IMU @0x69) NOT found at 0x69 (NACK)
I (14751) board_laiwfs300: SP0A39 (Camera) found at 0x21
I (14758) board_laiwfs300: ES8311 chip ID: 0x83 0x11
I (14762) board_laiwfs300: ES7210 chip ID: 0x72
I (14767) board_laiwfs300: AIP8563 RTC time: 21:36:26 (BCD raw)
I (14771) board_laiwfs300: BMI260 chip ID: 0x27 (expect 0x27)
I (14776) board_laiwfs300: init SPI bus manager
I (14782) board_laiwfs300: init ADC service
I (14785) board_adc: ADC1 oneshot initialized
I (14789) board_laiwfs300: init board power service
I (14794) board_laiwfs300: ADC D0_DETECT (GPIO1): raw=4095 (~3100 mV)
I (14799) board_laiwfs300: ADC BAT_ADC (GPIO7): raw=1648 (~1247 mV)
I (14805) board_laiwfs300: ADC SW_ADC (GPIO8): raw=4095 (~3100 mV)
I (14811) board_laiwfs300: init IO expander: TPT29555A addr=0x22
I (14820) io_expander: TPT29555A initialized at 0x22
I (14822) board_laiwfs300: IO expander initialized OK
I (14826) board_laiwfs300: init module detect
I (14831) board_laiwfs300: register detection rules
I (14835) board_laiwfs300: register default capabilities
I (14840) board_laiwfs300: board init complete (ioex=OK)
I (14845) rc_tank: [STEP] Motor init starting...
I (14850) board_motor: motor input 1 -> GPIO5 / LEDC channel 0
I (14855) board_motor: motor input 2 -> GPIO4 / LEDC channel 1
I (14861) board_motor: motor input 3 -> GPIO37 / LEDC channel 2
I (14866) board_motor: motor input 4 -> GPIO45 / LEDC channel 3
I (14872) rc_control: Motor initialized
I (14875) rc_tank: [STEP] Motor init OK
I (14879) rc_tank: [STEP] Display init starting...
I (14884) rc_video: Initializing Tank display
I (14889) display_hal: init ST7789V3 LCD 240x320 SPI host=1
E (15034) spi: spi_bus_initialize(816): SPI bus already initialized.
I (15155) display_hal: ST7789V3 LCD initialized
I (15155) board_display: display mapped: MOSI=GPIO13 SCK=GPIO12 CS=GPIO10 DC=GPIO16 BL=GPIO17 LCD_RST=IOEX P1_5 pclk=20000000
I (15160) rc_video: Tank display task started (status screen)
I (15161) rc_video: Tank display initialized (status task owns LCD)
I (15171) rc_tank: [STEP] Display init OK
I (15175) rc_tank: [STEP] Camera init starting...
I (15179) rc_video: Initializing camera (SP0A39 640x480 VYUY)
I (15185) board_camera: initializing SP0A39 camera mode=0 640x480
I (15190) camera_hal: init SP0A39 DVP 640x480 (SCCB manual mode)
I (15196) camera_hal: configuring IOEX pins for camera RESET/PWDN
I (15203) camera_hal: PWDN=HIGH (power down)
I (15216) camera_hal: PWDN=LOW (release sensor)
I (15416) camera_hal: RESET=LOW (assert reset)
I (15436) camera_hal: RESET=HIGH (release reset)
I (16436) camera_hal: full I2C scan after camera power-up (diagnostic only)...
I (16438) camera_hal:   post-powerup ACK at 0x15
I (16438) camera_hal:   post-powerup ACK at 0x18
I (16441) camera_hal:   post-powerup ACK at 0x21
I (16445) camera_hal:   post-powerup ACK at 0x22
I (16453) camera_hal:   post-powerup ACK at 0x40
I (16455) camera_hal:   post-powerup ACK at 0x51
I (16461) camera_hal:   post-powerup ACK at 0x68
I (16464) camera_hal: DVP GPIO diagnostics (checking PCLK/VSYNC/HSYNC activity)...
I (16530) camera_hal: DVP diagnostics: PCLK_changes=0 VSYNC_changes=0 HSYNC_changes=0
W (16530) camera_hal: PCLK has no transitions - MCLK likely not reaching sensor or sensor not active
I (16535) camera_hal: using sensor address 0x21
I (16540) camera_hal: SP0A39 I2C device added at 0x21
I (16546) camera_hal: SP0A39 chip ID: 0x0A39
I (16668) camera_hal: SP0A39 register init done: VYUY 640x480 (359 regs)
I (16669) camera_hal: [CAM-PROBE] SP0A39 p0_31 stage=post_table value=0x00 expected=0x01
E (16671) camera_hal: camera_hal_verify_expected_output_p0_31(92): unexpected p0_31=0x00 at post_table
W (16681) camera_hal: [CAM-PROBE] output state differs after table; continuing: ESP_ERR_INVALID_RESPONSE
I (16710) camera_hal: [CAM-PROBE] SP0A39 p0_31 stage=post_delay value=0x01 expected=0x01
I (16711) camera_hal: camera HAL initialized (sensor ready, DVP capture not yet implemented)
I (16715) board_camera: camera ready
I (16723) camera_hal: SP0A39 output regs: P0:1c=0x00 P0:30=0x01 P0:31=0x01 P1:32=0x15 P1:34=0xeb P1:35=0x00 P1:36=0x10
I (16855) rc_video:   3 DMA-capable PSRAM framebuffers allocated (600 KB each)
I (16858) dvp_ext: DVP Extended camera controller driver is initialized
I (16859) dvp_ext: [STABLE-DVP] assembly uses GDMA-EOF direct copy; dma=102400 half=51200 queue_data_events=suppressed eof_desc=probe
I (16869) rc_video: [STABLE-CAPTURE] staged DVP controller created dma=102400 half=51200
I (16877) rc_video: Camera initialized
I (16881) rc_tank: [STEP] Camera init OK
I (16884) rc_tank: [STEP] Network init starting...
I (16890) rc_net: Initializing as SoftAP (Tank)
I (16895) pp: pp rom version: e7ae62f
I (16897) net80211: net80211 rom version: e7ae62f
I (16903) wifi:wifi driver task: 3fce4b10, prio:23, stack:6656, core=0
I (16914) wifi:wifi firmware version: 0947e8b
I (16915) wifi:wifi certification version: v7.0
I (16916) wifi:config NVS flash: enabled
I (16919) wifi:config nano formatting: disabled
I (16924) wifi:Init data frame dynamic rx buffer num: 32
I (16929) wifi:Init static rx mgmt buffer num: 5
I (16933) wifi:Init management short buffer num: 32
I (16937) wifi:Init dynamic tx buffer num: 64
I (16942) wifi:Init static tx FG buffer num: 2
I (16946) wifi:Init static rx buffer size: 1600
I (16950) wifi:Init static rx buffer num: 10
I (16954) wifi:Init dynamic rx buffer num: 32
I (16959) wifi_init: rx ba win: 6
I (16961) wifi_init: accept mbox: 6
I (16964) wifi_init: tcpip mbox: 16
I (16967) wifi_init: udp mbox: 6
I (16970) wifi_init: tcp mbox: 6
I (16973) wifi_init: tcp tx win: 5760
I (16977) wifi_init: tcp rx win: 5760
I (16980) wifi_init: tcp mss: 1440
I (16983) wifi_init: WiFi IRAM OP enabled
I (16987) wifi_init: WiFi RX IRAM OP enabled
I (16992) rc_net: AP set_mode/config, SSID=RC_TANK_F3AE79 ch=1
I (17001) phy_init: phy_version 711,97bcf0a2,Aug 25 2025,19:04:10
I (17042) wifi:mode : softAP (44:1b:f6:f3:ae:79)
I (17046) wifi:Total power save buffer number: 32
I (17047) wifi:Init max length of beacon: 752/752
I (17048) wifi:Init max length of beacon: 752/752
I (17050) rc_net: SoftAP started, SSID: RC_TANK_F3AE79, Password: 12345678
I (17051) esp_netif_lwip: DHCP server started on interface WIFI_AP_DEF with IP: 192.168.4.1
I (17064) rc_tank: [STEP] Network init OK
I (17067) rc_tank: Tank SoftAP ready, waiting for remote...
I (17073) rc_control: Ctrl RX task started
I (17077) rc_control: Tank control started
I (17080) rc_tank: Tank running (video + control; audio disabled)
I (17086) rc_tank: app_main done, idle loop
I (21888) wifi:new:<1,1>, old:<1,1>, ap:<1,1>, sta:<255,255>, prof:1, snd_ch_cfg:0x0
I (21889) wifi:station: 44:1b:f6:f3:ae:40 join, AID=1, bgn, 40U
I (21918) rc_net: STA connected, MAC: 44:1b:f6:f3:ae:40
I (21948) esp_netif_lwip: DHCP server assigned IP to a client, IP is: 192.168.4.2
I (21949) rc_net: STA assigned IP: 192.168.4.2
I (21950) rc_tank: Network connected, peer: 192.168.4.2
W (21956) rc_tank: [DVP-MATRIX] start stage=4 strategy=baseline_no_rebuild video_tx=not_created capture=not_started
I (21966) rc_net: Ctrl UDP socket bound to port 8001
I (21970) rc_net: Video UDP socket bound to port 8002
I (21975) rc_net: Audio TCP listening on port 8003
I (21978) rc_tank: Socket channels started
I (21982) rc_video: No local preview active; formal video handoff skipped
I (21990) camera_hal: [CAM-PROBE] SP0A39 p0_31 stage=dvp_started value=0x01 expected=0x01
I (22004) rc_video: Video TX task started (240x180, sensor-driven, Q=60)
I (22004) rc_video: TX theory: raw=614400 B/frame, encoded YUV=86400 B/frame, target10fps raw=0.86 MB/s
I (22048) rc_video: PSRAM TX buffers: subsample=86400B jpeg=43200B send=43208B free_psram=5592524 free_internal=59231
I (22049) rc_video: TX buffer caps: subsample=0x3c350120(psram=1) jpeg=0x3c3652a4(psram=1) send=0x3c36fea8(psram=1)
I (22068) rc_video: Tank video started (camera source)
W (22069) rc_tank: [DVP-MATRIX] observe stage=4 strategy=baseline_no_rebuild duration_ms=45000 under live Q60/UDP load
I (22106) rc_net: [CAM-PROBE] Video TX seq=0 jpeg_len=8318 crc32=0xdae8552d chunks=7
W (22116) rc_net: Video UDP send failed: seq=0 chunk=4/7 bytes=1208 sent=-1 errno=12 attempts=4
W (22117) rc_video: Video send failed: ESP_FAIL
W (22255) rc_video: Video send failed: ESP_FAIL
W (22308) rc_video: Video send failed: ESP_FAIL
W (22452) rc_video: Video send failed: ESP_FAIL
W (22506) rc_video: Video send failed: ESP_FAIL
W (22650) rc_video: Video send failed: ESP_FAIL
W (22733) rc_video: Video send failed: ESP_FAIL
W (22787) rc_video: Video send failed: ESP_FAIL
W (22930) rc_video: Video send failed: ESP_FAIL
I (22989) wifi:<ba-add>idx:2 (ifx:1, 44:1b:f6:f3:ae:40), tid:0, ssn:0, winSize:64
I (25455) rc_net: [CAM-PROBE] Video TX seq=30 jpeg_len=8228 crc32=0xa5d05854 chunks=7
I (26350) rc_video: Sent 30 | cap_fps=9.1 send_fps=7.0 capture_size_errors=0 capture_identity_errors=0 | Avg(ms): wait=48.1 cache=1.4 subsample=23.3 encode=23.9 send=6.1 total=102.8 | JPEG=9372B
I (26357) rc_video: [VIDEO-TX] handoff cap=39 get=78 select_fail=0 finished=39 signal=39 acquire=39 acquire_fail=0 release_fail=0 backup=0/0
I (26365) rc_video: [STABLE-CAPTURE] pause=39/39 timeout=0 quiesce=39 resume=39 lifecycle_errors=0 repairs=39 staged_events=581 copies=560 fallback=0 errors=0 prepare=40 stale_queue=0 pending_vsync=20 sync=52 complete=39 incomplete=13 incomplete_blocks=130 hold=39/39 hold_timeout=0
I (28935) rc_net: [CAM-PROBE] Video TX seq=60 jpeg_len=8713 crc32=0xa2893306 chunks=8
I (29845) rc_video: Sent 60 | cap_fps=8.5 send_fps=8.5 capture_size_errors=0 capture_identity_errors=0 | Avg(ms): wait=50.2 cache=1.5 subsample=23.5 encode=24.1 send=5.9 total=105.3 | JPEG=8789B
I (29845) rc_video: [VIDEO-TX] handoff cap=69 get=139 select_fail=0 finished=69 signal=69 acquire=69 acquire_fail=0 release_fail=0 backup=0/0
I (29845) rc_video: [STABLE-CAPTURE] pause=69/69 timeout=0 quiesce=69 resume=69 lifecycle_errors=0 repairs=69 staged_events=1064 copies=1029 fallback=0 errors=0 prepare=70 stale_queue=0 pending_vsync=35 sync=95 complete=69 incomplete=26 incomplete_blocks=260 hold=69/69 hold_timeout=0
I (32458) rc_net: [CAM-PROBE] Video TX seq=90 jpeg_len=8737 crc32=0x3e9daf3a chunks=8
I (33368) rc_video: Sent 90 | cap_fps=8.5 send_fps=8.5 capture_size_errors=0 capture_identity_errors=0 | Avg(ms): wait=48.3 cache=1.5 subsample=23.3 encode=24.3 send=7.1 total=104.4 | JPEG=8304B
I (33368) rc_video: [VIDEO-TX] handoff cap=99 get=199 select_fail=0 finished=99 signal=99 acquire=99 acquire_fail=0 release_fail=0 backup=0/0
I (33368) rc_video: [STABLE-CAPTURE] pause=99/99 timeout=0 quiesce=99 resume=99 lifecycle_errors=0 repairs=99 staged_events=1547 copies=1496 fallback=0 errors=0 prepare=100 stale_queue=0 pending_vsync=49 sync=140 complete=99 incomplete=41 incomplete_blocks=398 hold=99/99 hold_timeout=0
I (35941) rc_net: [CAM-PROBE] Video TX seq=120 jpeg_len=8329 crc32=0x8a01eb69 chunks=7
I (36838) rc_video: Sent 120 | cap_fps=8.7 send_fps=8.7 capture_size_errors=0 capture_identity_errors=0 | Avg(ms): wait=47.1 cache=1.5 subsample=23.4 encode=23.9 send=5.5 total=101.4 | JPEG=8574B
I (36845) rc_video: [VIDEO-TX] handoff cap=129 get=258 select_fail=0 finished=129 signal=129 acquire=129 acquire_fail=0 release_fail=0 backup=0/0
I (36854) rc_video: [STABLE-CAPTURE] pause=129/129 timeout=0 quiesce=129 resume=129 lifecycle_errors=0 repairs=129 staged_events=2015 copies=1948 fallback=0 errors=0 prepare=130 stale_queue=0 pending_vsync=64 sync=183 complete=129 incomplete=54 incomplete_blocks=528 hold=129/129 hold_timeout=0
I (39443) rc_net: [CAM-PROBE] Video TX seq=150 jpeg_len=8842 crc32=0x0665ec08 chunks=8
I (40413) rc_video: Sent 150 | cap_fps=8.3 send_fps=8.3 capture_size_errors=0 capture_identity_errors=0 | Avg(ms): wait=51.9 cache=1.5 subsample=23.5 encode=24.0 send=5.5 total=106.5 | JPEG=9100B
I (40413) rc_video: [VIDEO-TX] handoff cap=159 get=319 select_fail=0 finished=159 signal=159 acquire=159 acquire_fail=0 release_fail=0 backup=0/0
I (40464) rc_video: [STABLE-CAPTURE] pause=160/160 timeout=0 quiesce=159 resume=159 lifecycle_errors=0 repairs=159 staged_events=2528 copies=2446 fallback=0 errors=0 prepare=160 stale_queue=0 pending_vsync=78 sync=230 complete=160 incomplete=70 incomplete_blocks=686 hold=160/160 hold_timeout=0
I (42965) rc_net: [CAM-PROBE] Video TX seq=180 jpeg_len=9448 crc32=0x559a97d7 chunks=8
I (43920) rc_video: Sent 180 | cap_fps=8.6 send_fps=8.6 capture_size_errors=0 capture_identity_errors=0 | Avg(ms): wait=47.8 cache=1.5 subsample=23.4 encode=23.7 send=6.5 total=102.9 | JPEG=9251B
I (43928) rc_video: [VIDEO-TX] handoff cap=189 get=378 select_fail=0 finished=189 signal=189 acquire=189 acquire_fail=0 release_fail=0 backup=0/0
I (43939) rc_video: [STABLE-CAPTURE] pause=189/189 timeout=0 quiesce=189 resume=189 lifecycle_errors=0 repairs=189 staged_events=2994 copies=2896 fallback=0 errors=0 prepare=190 stale_queue=0 pending_vsync=94 sync=272 complete=189 incomplete=83 incomplete_blocks=816 hold=189/189 hold_timeout=0
I (46528) rc_net: [CAM-PROBE] Video TX seq=210 jpeg_len=8591 crc32=0x4262e91b chunks=8
I (47482) rc_video: Sent 210 | cap_fps=8.4 send_fps=8.4 capture_size_errors=0 capture_identity_errors=0 | Avg(ms): wait=51.4 cache=1.4 subsample=23.3 encode=23.7 send=5.5 total=105.4 | JPEG=8665B
I (47490) rc_video: [VIDEO-TX] handoff cap=219 get=438 select_fail=0 finished=219 signal=219 acquire=219 acquire_fail=0 release_fail=0 backup=0/0
I (47501) rc_video: [STABLE-CAPTURE] pause=219/219 timeout=0 quiesce=219 resume=219 lifecycle_errors=0 repairs=219 staged_events=3489 copies=3376 fallback=0 errors=0 prepare=220 stale_queue=0 pending_vsync=109 sync=317 complete=219 incomplete=98 incomplete_blocks=966 hold=219/219 hold_timeout=0
I (50070) rc_net: [CAM-PROBE] Video TX seq=240 jpeg_len=8287 crc32=0x79884619 chunks=7
I (50981) rc_video: Sent 240 | cap_fps=8.5 send_fps=8.5 capture_size_errors=0 capture_identity_errors=0 | Avg(ms): wait=50.1 cache=1.5 subsample=23.7 encode=23.9 send=5.4 total=104.6 | JPEG=8238B
I (50981) rc_video: [VIDEO-TX] handoff cap=249 get=499 select_fail=0 finished=249 signal=249 acquire=249 acquire_fail=0 release_fail=0 backup=0/0
I (50981) rc_video: [STABLE-CAPTURE] pause=249/249 timeout=0 quiesce=249 resume=249 lifecycle_errors=0 repairs=249 staged_events=3972 copies=3845 fallback=0 errors=0 prepare=250 stale_queue=0 pending_vsync=123 sync=360 complete=249 incomplete=111 incomplete_blocks=1096 hold=249/249 hold_timeout=0
I (53553) rc_net: [CAM-PROBE] Video TX seq=270 jpeg_len=8282 crc32=0x6bb11430 chunks=7
I (54370) rc_video: Sent 270 | cap_fps=8.9 send_fps=8.9 capture_size_errors=0 capture_identity_errors=0 | Avg(ms): wait=43.8 cache=1.5 subsample=23.6 encode=24.1 send=5.7 total=98.7 | JPEG=8576B
I (54377) rc_video: [VIDEO-TX] handoff cap=279 get=558 select_fail=0 finished=279 signal=279 acquire=279 acquire_fail=0 release_fail=0 backup=0/0
I (54388) rc_video: [STABLE-CAPTURE] pause=279/279 timeout=0 quiesce=279 resume=279 lifecycle_errors=0 repairs=279 staged_events=4430 copies=4286 fallback=0 errors=0 prepare=280 stale_queue=0 pending_vsync=137 sync=402 complete=279 incomplete=123 incomplete_blocks=1216 hold=279/279 hold_timeout=0
I (56978) rc_net: [CAM-PROBE] Video TX seq=300 jpeg_len=8628 crc32=0x9717917a chunks=8
I (57933) rc_video: Sent 300 | cap_fps=8.4 send_fps=8.4 capture_size_errors=0 capture_identity_errors=0 | Avg(ms): wait=51.5 cache=1.4 subsample=23.2 encode=23.8 send=5.5 total=105.5 | JPEG=8816B
I (57940) rc_video: [VIDEO-TX] handoff cap=309 get=618 select_fail=0 finished=309 signal=309 acquire=309 acquire_fail=0 release_fail=0 backup=0/0
I (57950) rc_video: [STABLE-CAPTURE] pause=309/309 timeout=0 quiesce=309 resume=309 lifecycle_errors=0 repairs=309 staged_events=4925 copies=4766 fallback=0 errors=0 prepare=310 stale_queue=0 pending_vsync=152 sync=447 complete=309 incomplete=138 incomplete_blocks=1366 hold=309/309 hold_timeout=0
I (60540) rc_net: [CAM-PROBE] Video TX seq=330 jpeg_len=9565 crc32=0xd7f39bac chunks=8
I (61495) rc_video: Sent 330 | cap_fps=8.4 send_fps=8.4 capture_size_errors=0 capture_identity_errors=0 | Avg(ms): wait=51.3 cache=1.6 subsample=23.4 encode=24.0 send=5.5 total=105.7 | JPEG=8806B
I (61502) rc_video: [VIDEO-TX] handoff cap=339 get=678 select_fail=0 finished=339 signal=339 acquire=339 acquire_fail=0 release_fail=0 backup=0/0
I (61512) rc_video: [STABLE-CAPTURE] pause=339/339 timeout=0 quiesce=339 resume=339 lifecycle_errors=0 repairs=339 staged_events=5420 copies=5246 fallback=0 errors=0 prepare=340 stale_queue=0 pending_vsync=167 sync=492 complete=339 incomplete=153 incomplete_blocks=1516 hold=339/339 hold_timeout=0
I (64061) rc_net: [CAM-PROBE] Video TX seq=360 jpeg_len=9431 crc32=0xac82477d chunks=8
I (65014) rc_video: Sent 360 | cap_fps=8.5 send_fps=8.5 capture_size_errors=0 capture_identity_errors=0 | Avg(ms): wait=49.7 cache=1.5 subsample=23.4 encode=24.0 send=5.4 total=104.0 | JPEG=9398B
I (65021) rc_video: [VIDEO-TX] handoff cap=369 get=738 select_fail=0 finished=369 signal=369 acquire=369 acquire_fail=0 release_fail=0 backup=0/0
I (65031) rc_video: [STABLE-CAPTURE] pause=369/369 timeout=0 quiesce=369 resume=369 lifecycle_errors=0 repairs=369 staged_events=5905 copies=5715 fallback=0 errors=0 prepare=370 stale_queue=0 pending_vsync=182 sync=536 complete=369 incomplete=167 incomplete_blocks=1656 hold=369/369 hold_timeout=0
W (67099) rc_tank: [DVP-MATRIX] result stage=4 strategy=baseline_no_rebuild complete=387 incomplete=176 incomplete_blocks=1746 mismatch_hist=0,0,0,0,144,194,181,166,65,17,195 prepare=387 pending=190 hold=386/386 hold_timeout=0
W (67113) rc_tank: [DVP-MATRIX] advancing to stage=5; software restart in 1s
I (67624) rc_net: [CAM-PROBE] Video TX seq=390 jpeg_len=8762 crc32=0xb1278a95 chunks=8
I (68116) wifi:station: 44:1b:f6:f3:ae:40 leave, AID = 1, reason = 2, bss_flags is 756851, bss:0x3fcf13f4
I (68118) wifi:new:<1,0>, old:<1,1>, ap:<1,1>, sta:<255,255>, prof:1, snd_ch_cfg:0x0
I (68159) wifi:<ba-del>idx:2, tid:0
I (68160) wifi:new:<1,1>, old:<1,0>, ap:<1,1>, sta:<255,255>, prof:1, snd_ch_cfg:0x0
I (68163) rc_net: STA disconnected, MAC: 44:1b:f6:f3:ae:40
W (68165) rc_control: Network disconnected: motor stop enforced
W (68170) rc_tank: Network disconnected
W (68226) rc_video: Video send failed: ESP_ERR_INVALID_STATE
W (68316) rc_video: Video send failed: ESP_ERR_INVALID_STATE
W (68396) rc_video: Video send failed: ESP_ERR_INVALID_STATE
W (68514) rc_video: Video send failed: ESP_ERR_INVALID_STATE
W (68651) rc_video: Video send failed: ESP_ERR_INVALID_STATE
W (68755) rc_video: Video send failed: ESP_ERR_INVALID_STATE
W (68831) rc_video: Video send failed: ESP_ERR_INVALID_STATE
W (68910) rc_video: Video send failed: ESP_ERR_INVALID_STATE
W (69029) rc_video: Video send failed: ESP_ERR_INVALID_STATE
W (69166) rc_video: Video send failed: ESP_ERR_INVALID_STATE
W (69266) rc_video: Video send failed: ESP_ERR_INVALID_STATE
W (69346) rc_video: Video send failed: ESP_ERR_INVALID_STATE
W (69425) rc_video: Video send failed: ESP_ERR_INVALID_STATE
W (69543) rc_video: Video send failed: ESP_ERR_INVALID_STATE
W (69662) rc_video: Video send failed: ESP_ERR_INVALID_STATE
W (69799) rc_video: Video send failed: ESP_ERR_INVALID_STATE
W (69900) rc_video: Video send failed: ESP_ERR_INVALID_STATE
W (69979) rc_video: Video send failed: ESP_ERR_INVALID_STATE
W (70058) rc_video: Video send failed: ESP_ERR_INVALID_STATE
W (70137) rc_video: Video send failed: ESP_ERR_INVALID_STATE
W (70216) rc_video: Video send failed: ESP_ERR_INVALID_STATE
W (70295) rc_video: Video send failed: ESP_ERR_INVALID_STATE
W (70375) rc_video: Video send failed: ESP_ERR_INVALID_STATE
W (70454) rc_video: Video send failed: ESP_ERR_INVALID_STATE
W (70536) rc_video: Video send failed: ESP_ERR_INVALID_STATE
W (70652) rc_video: Video send failed: ESP_ERR_INVALID_STATE
W (70789) rc_video: Video send failed: ESP_ERR_INVALID_STATE
W (70889) rc_video: Video send failed: ESP_ERR_INVALID_STATE
W (70971) rc_video: Video send failed: ESP_ERR_INVALID_STATE
W (71047) rc_video: Video send failed: ESP_ERR_INVALID_STATE
W (71127) rc_video: Video send failed: ESP_ERR_INVALID_STATE
W (71206) rc_video: Video send failed: ESP_ERR_INVALID_STATE
W (71285) rc_video: Video send failed: ESP_ERR_INVALID_STATE
W (71364) rc_video: Video send failed: ESP_ERR_INVALID_STATE
W (71443) rc_video: Video send failed: ESP_ERR_INVALID_STATE
W (71522) rc_video: Video send failed: ESP_ERR_INVALID_STATE
W (71641) rc_video: Video send failed: ESP_ERR_INVALID_STATE
W (71760) rc_video: Video send failed: ESP_ERR_INVALID_STATE
W (71896) rc_video: Video send failed: ESP_ERR_INVALID_STATE
W (71997) rc_video: Video send failed: ESP_ERR_INVALID_STATE
W (72076) rc_video: Video send failed: ESP_ERR_INVALID_STATE
W (72156) rc_video: Video send failed: ESP_ERR_INVALID_STATE
W (72235) rc_video: Video send failed: ESP_ERR_INVALID_STATE
W (72314) rc_video: Video send failed: ESP_ERR_INVALID_STATE
W (72393) rc_video: Video send failed: ESP_ERR_INVALID_STATE
W (72472) rc_video: Video send failed: ESP_ERR_INVALID_STATE
W (72551) rc_video: Video send failed: ESP_ERR_INVALID_STATE
W (72631) rc_video: Video send failed: ESP_ERR_INVALID_STATE
W (72710) rc_video: Video send failed: ESP_ERR_INVALID_STATE
W (72789) rc_video: Video send failed: ESP_ERR_INVALID_STATE
I (72853) wifi:flush txq
I (72854) wifi:stop sw txq
I (72854) wifi:lmac stop hw txq
†žESP-ROM:esp32s3-20210327
Build:Mar 27 2021
rst:0xc (RTC_SW_CPU_RST),boot:0x3 (DOWNLOAD(USB/UART0))
Saved PC:0x40381169
waiting for download

[HOST-DVP-MATRIX] RAM bootloader recovery starting
esptool.py v4.12.dev2
Serial port COM7
Connecting.........
Chip is ESP32-S3 (QFN56) (revision v0.2)
Features: WiFi, BLE
Crystal is 40MHz
MAC: 44:1b:f6:f3:ae:78
Uploading stub...
Running stub...
Stub running...
RAM boot...
Downloading 5360 bytes at 3fce2820... done!
Downloading 3364 bytes at 403c8700... done!
Downloading 12016 bytes at 403cb700... done!
All segments done, executing at 403c8924
Exiting immediately.

[HOST-DVP-MATRIX] RAM bootloader recovery complete
t: chip revision: v0.2
I (3422) boot: efuse block revision: v1.3
I (3426) boot.esp32s3: Boot SPI Speed : 80MHz
I (3430) boot.esp32s3: SPI Mode       : SLOW READ
I (3434) boot.esp32s3: SPI Flash Size : 8MB
I (3438) boot: Enabling RNG early entropy source...
I (3443) boot: Partition Table:
I (3445) boot: ## Label            Usage          Type ST Offset   Length
I (3452) boot:  0 nvs              WiFi data        01 02 00009000 00006000
I (3459) boot:  1 phy_init         RF data          01 01 0000f000 00001000
I (3465) boot:  2 factory          factory app      00 00 00010000 00300000
I (3472) boot:  3 storage          Unknown data     01 82 00310000 00100000
I (3479) boot: End of partition table
I (3482) esp_image: segment 0: paddr=00010020 vaddr=3c0a0020 size=24d20h (150816) map
I (3582) esp_image: segment 1: paddr=00034d48 vaddr=3fca0c00 size=05560h ( 21856) load
I (3596) esp_image: segment 2: paddr=0003a2b0 vaddr=40374000 size=05d68h ( 23912) load
I (3612) esp_image: segment 3: paddr=00040020 vaddr=42000020 size=9b814h (636948) map
I (4001) esp_image: segment 4: paddr=000db83c vaddr=40379d68 size=16df4h ( 93684) load
I (4062) esp_image: segment 5: paddr=000f2638 vaddr=50000000 size=00020h (    32) load
I (4074) boot: Loaded app from partition at offset 0x10000
I (4074) boot: Disabling RNG early entropy source...
I (4086) esp_psram: Found 8MB PSRAM device
I (4086) esp_psram: Speed: 80MHz
I (4086) cpu_start: Multicore app
I (5004) esp_psram: SPI SRAM memory test OK
I (5013) cpu_start: GPIO 44 and 43 are used as console UART I/O pins
I (5014) cpu_start: Pro cpu start user code
I (5014) cpu_start: cpu freq: 240000000 Hz
I (5015) app_init: Application information:
I (5019) app_init: Project name:     rc_tank_demo
I (5024) app_init: App version:      1
I (5027) app_init: Compile time:     Aug 26 2026 09:56:00
I (5032) app_init: ELF file SHA256:  6af95a74b...
I (5037) app_init: ESP-IDF:          GIT-NOTFOUND
I (5041) efuse_init: Min chip rev:     v0.0
I (5045) efuse_init: Max chip rev:     v0.99 
I (5049) efuse_init: Chip rev:         v0.2
I (5053) heap_init: Initializing. RAM available for dynamic allocation:
I (5060) heap_init: At 3FCAA470 len 0003F2A0 (252 KiB): RAM
I (5065) heap_init: At 3FCE9710 len 00005724 (21 KiB): RAM
I (5070) heap_init: At 3FCF0000 len 00008000 (32 KiB): DRAM
I (5075) heap_init: At 600FE000 len 00001FE8 (7 KiB): RTCRAM
I (5081) esp_psram: Adding pool of 8192K of PSRAM memory to heap allocator
I (5089) spi_flash: detected chip: generic
I (5091) spi_flash: flash io: dio
I (5095) sleep_gpio: Configure to isolate all GPIO pins in sleep state
I (5101) sleep_gpio: Enable automatic switching of GPIO sleep configuration
I (5108) main_task: Started on CPU0
I (5132) esp_psram: Reserving pool of 64K of internal memory for DMA/internal allocations
I (5133) main_task: Calling app_main()
I (5147) rc_tank: === RC Tank Demo (EX-035) Role: TANK ===
I (5148) rc_tank: Startup delay 10 s (open serial monitor now)...
I (5148) rc_tank:   starting in 10 s
I (6151) rc_tank:   starting in 9 s
I (7151) rc_tank:   starting in 8 s
I (8151) rc_tank:   starting in 7 s
I (9151) rc_tank:   starting in 6 s
I (10151) rc_tank:   starting in 5 s
I (11151) rc_tank:   starting in 4 s
I (12151) rc_tank:   starting in 3 s
I (13151) rc_tank:   starting in 2 s
I (14151) rc_tank:   starting in 1 s
I (15151) rc_tank: Starting Tank role (P1: network, P2: control, P3: video)
I (15151) board_laiwfs300: init board support package
I (15151) board_laiwfs300: init capability registry
I (15156) board_laiwfs300: init I2C bus: SDA=GPIO48 SCL=GPIO47
I (15162) bus_i2c: I2C0 initialized: SDA=GPIO48 SCL=GPIO47 speed=100000Hz
I (15168) board_laiwfs300: --- I2C bus scan (0x08-0x77) ---
I (15175) board_laiwfs300:   I2C device ACK at 0x15
I (15178) board_laiwfs300:   I2C device ACK at 0x18
I (15183) board_laiwfs300:   I2C device ACK at 0x21
I (15187) board_laiwfs300:   I2C device ACK at 0x22
I (15195) board_laiwfs300:   I2C device ACK at 0x40
I (15198) board_laiwfs300:   I2C device ACK at 0x51
I (15204) board_laiwfs300:   I2C device ACK at 0x68
I (15207) board_laiwfs300: --- I2C scan done: 7 device(s) found ---
W (15211) board_laiwfs300: TPT29555A (IOEX) NOT found at 0x20 (NACK)
I (15217) board_laiwfs300: ES8311 (Codec) found at 0x18
I (15222) board_laiwfs300: ES7210 (ADC) found at 0x40
I (15227) board_laiwfs300: AIP8563 (RTC) found at 0x51
I (15232) board_laiwfs300: BMI260 (IMU @0x68) found at 0x68
W (15237) board_laiwfs300: BMI260 (IMU @0x69) NOT found at 0x69 (NACK)
I (15243) board_laiwfs300: SP0A39 (Camera) found at 0x21
I (15250) board_laiwfs300: ES8311 chip ID: 0x83 0x11
I (15254) board_laiwfs300: ES7210 chip ID: 0x72
I (15259) board_laiwfs300: AIP8563 RTC time: 21:37:40 (BCD raw)
I (15263) board_laiwfs300: BMI260 chip ID: 0x27 (expect 0x27)
I (15268) board_laiwfs300: init SPI bus manager
I (15274) board_laiwfs300: init ADC service
I (15277) board_adc: ADC1 oneshot initialized
I (15281) board_laiwfs300: init board power service
I (15286) board_laiwfs300: ADC D0_DETECT (GPIO1): raw=4095 (~3100 mV)
I (15291) board_laiwfs300: ADC BAT_ADC (GPIO7): raw=1647 (~1246 mV)
I (15297) board_laiwfs300: ADC SW_ADC (GPIO8): raw=4095 (~3100 mV)
I (15303) board_laiwfs300: init IO expander: TPT29555A addr=0x22
I (15312) io_expander: TPT29555A initialized at 0x22
I (15314) board_laiwfs300: IO expander initialized OK
I (15318) board_laiwfs300: init module detect
I (15323) board_laiwfs300: register detection rules
I (15327) board_laiwfs300: register default capabilities
I (15332) board_laiwfs300: board init complete (ioex=OK)
I (15337) rc_tank: [STEP] Motor init starting...
I (15342) board_motor: motor input 1 -> GPIO5 / LEDC channel 0
I (15347) board_motor: motor input 2 -> GPIO4 / LEDC channel 1
I (15353) board_motor: motor input 3 -> GPIO37 / LEDC channel 2
I (15358) board_motor: motor input 4 -> GPIO45 / LEDC channel 3
I (15364) rc_control: Motor initialized
I (15367) rc_tank: [STEP] Motor init OK
I (15371) rc_tank: [STEP] Display init starting...
I (15376) rc_video: Initializing Tank display
I (15381) display_hal: init ST7789V3 LCD 240x320 SPI host=1
E (15526) spi: spi_bus_initialize(816): SPI bus already initialized.
I (15647) display_hal: ST7789V3 LCD initialized
I (15647) board_display: display mapped: MOSI=GPIO13 SCK=GPIO12 CS=GPIO10 DC=GPIO16 BL=GPIO17 LCD_RST=IOEX P1_5 pclk=20000000
I (15652) rc_video: Tank display task started (status screen)
I (15653) rc_video: Tank display initialized (status task owns LCD)
I (15663) rc_tank: [STEP] Display init OK
I (15667) rc_tank: [STEP] Camera init starting...
I (15671) rc_video: Initializing camera (SP0A39 640x480 VYUY)
I (15677) board_camera: initializing SP0A39 camera mode=0 640x480
I (15682) camera_hal: init SP0A39 DVP 640x480 (SCCB manual mode)
I (15688) camera_hal: configuring IOEX pins for camera RESET/PWDN
I (15695) camera_hal: PWDN=HIGH (power down)
I (15708) camera_hal: PWDN=LOW (release sensor)
I (15908) camera_hal: RESET=LOW (assert reset)
I (15928) camera_hal: RESET=HIGH (release reset)
I (16928) camera_hal: full I2C scan after camera power-up (diagnostic only)...
I (16930) camera_hal:   post-powerup ACK at 0x15
I (16930) camera_hal:   post-powerup ACK at 0x18
I (16933) camera_hal:   post-powerup ACK at 0x21
I (16937) camera_hal:   post-powerup ACK at 0x22
I (16945) camera_hal:   post-powerup ACK at 0x40
I (16947) camera_hal:   post-powerup ACK at 0x51
I (16953) camera_hal:   post-powerup ACK at 0x68
I (16956) camera_hal: DVP GPIO diagnostics (checking PCLK/VSYNC/HSYNC activity)...
I (17022) camera_hal: DVP diagnostics: PCLK_changes=0 VSYNC_changes=0 HSYNC_changes=0
W (17022) camera_hal: PCLK has no transitions - MCLK likely not reaching sensor or sensor not active
I (17027) camera_hal: using sensor address 0x21
I (17032) camera_hal: SP0A39 I2C device added at 0x21
I (17038) camera_hal: SP0A39 chip ID: 0x0A39
I (17160) camera_hal: SP0A39 register init done: VYUY 640x480 (359 regs)
I (17161) camera_hal: [CAM-PROBE] SP0A39 p0_31 stage=post_table value=0x00 expected=0x01
E (17163) camera_hal: camera_hal_verify_expected_output_p0_31(92): unexpected p0_31=0x00 at post_table
W (17173) camera_hal: [CAM-PROBE] output state differs after table; continuing: ESP_ERR_INVALID_RESPONSE
I (17202) camera_hal: [CAM-PROBE] SP0A39 p0_31 stage=post_delay value=0x01 expected=0x01
I (17203) camera_hal: camera HAL initialized (sensor ready, DVP capture not yet implemented)
I (17207) board_camera: camera ready
I (17215) camera_hal: SP0A39 output regs: P0:1c=0x00 P0:30=0x01 P0:31=0x01 P1:32=0x15 P1:34=0xeb P1:35=0x00 P1:36=0x10
I (17347) rc_video:   3 DMA-capable PSRAM framebuffers allocated (600 KB each)
I (17350) dvp_ext: DVP Extended camera controller driver is initialized
I (17351) dvp_ext: [STABLE-DVP] assembly uses GDMA-EOF direct copy; dma=102400 half=51200 queue_data_events=suppressed eof_desc=probe
I (17361) rc_video: [STABLE-CAPTURE] staged DVP controller created dma=102400 half=51200
I (17369) rc_video: Camera initialized
I (17373) rc_tank: [STEP] Camera init OK
I (17376) rc_tank: [STEP] Network init starting...
I (17382) rc_net: Initializing as SoftAP (Tank)
I (17387) pp: pp rom version: e7ae62f
I (17389) net80211: net80211 rom version: e7ae62f
I (17395) wifi:wifi driver task: 3fce4b10, prio:23, stack:6656, core=0
I (17406) wifi:wifi firmware version: 0947e8b
I (17407) wifi:wifi certification version: v7.0
I (17408) wifi:config NVS flash: enabled
I (17411) wifi:config nano formatting: disabled
I (17416) wifi:Init data frame dynamic rx buffer num: 32
I (17421) wifi:Init static rx mgmt buffer num: 5
I (17425) wifi:Init management short buffer num: 32
I (17429) wifi:Init dynamic tx buffer num: 64
I (17434) wifi:Init static tx FG buffer num: 2
I (17438) wifi:Init static rx buffer size: 1600
I (17442) wifi:Init static rx buffer num: 10
I (17446) wifi:Init dynamic rx buffer num: 32
I (17451) wifi_init: rx ba win: 6
I (17453) wifi_init: accept mbox: 6
I (17456) wifi_init: tcpip mbox: 16
I (17459) wifi_init: udp mbox: 6
I (17462) wifi_init: tcp mbox: 6
I (17465) wifi_init: tcp tx win: 5760
I (17469) wifi_init: tcp rx win: 5760
I (17472) wifi_init: tcp mss: 1440
I (17475) wifi_init: WiFi IRAM OP enabled
I (17479) wifi_init: WiFi RX IRAM OP enabled
I (17484) rc_net: AP set_mode/config, SSID=RC_TANK_F3AE79 ch=1
I (17493) phy_init: phy_version 711,97bcf0a2,Aug 25 2025,19:04:10
I (17532) wifi:mode : softAP (44:1b:f6:f3:ae:79)
I (17537) wifi:Total power save buffer number: 32
I (17538) wifi:Init max length of beacon: 752/752
I (17539) wifi:Init max length of beacon: 752/752
I (17541) rc_net: SoftAP started, SSID: RC_TANK_F3AE79, Password: 12345678
I (17542) esp_netif_lwip: DHCP server started on interface WIFI_AP_DEF with IP: 192.168.4.1
I (17555) rc_tank: [STEP] Network init OK
I (17558) rc_tank: Tank SoftAP ready, waiting for remote...
I (17564) rc_control: Ctrl RX task started
I (17567) rc_control: Tank control started
I (17571) rc_tank: Tank running (video + control; audio disabled)
I (17577) rc_tank: app_main done, idle loop
I (27413) wifi:new:<1,1>, old:<1,1>, ap:<1,1>, sta:<255,255>, prof:1, snd_ch_cfg:0x0
I (27414) wifi:station: 44:1b:f6:f3:ae:40 join, AID=1, bgn, 40U
I (27438) rc_net: STA connected, MAC: 44:1b:f6:f3:ae:40
I (27478) esp_netif_lwip: DHCP server assigned IP to a client, IP is: 192.168.4.2
I (27479) rc_net: STA assigned IP: 192.168.4.2
I (27479) rc_tank: Network connected, peer: 192.168.4.2
W (27486) rc_tank: [DVP-MATRIX] start stage=5 strategy=rebuild_before_udp video_tx=not_created capture=not_started
E (27496) gpio: gpio_install_isr_service(537): GPIO isr service already installed
I (27502) dvp_ext: DVP Extended camera controller driver is initialized
I (27508) dvp_ext: [STABLE-DVP] assembly uses GDMA-EOF direct copy; dma=102400 half=51200 queue_data_events=suppressed eof_desc=probe
W (27519) rc_video: [DVP-REBUILD] complete old=0x3fcebf50 new=0x3fcebf50 drained=0 internal=88495->88683; GDMA channel/descriptors/event queue/task recreated
I (27534) rc_net: Ctrl UDP socket bound to port 8001
I (27538) rc_net: Video UDP socket bound to port 8002
I (27543) rc_net: Audio TCP listening on port 8003
I (27547) rc_tank: Socket channels started
I (27551) rc_video: No local preview active; formal video handoff skipped
I (27559) camera_hal: [CAM-PROBE] SP0A39 p0_31 stage=dvp_started value=0x01 expected=0x01
I (27567) rc_video: Video TX task started (240x180, sensor-driven, Q=60)
I (27567) rc_video: TX theory: raw=614400 B/frame, encoded YUV=86400 B/frame, target10fps raw=0.86 MB/s
I (27567) rc_video: PSRAM TX buffers: subsample=86400B jpeg=43200B send=43208B free_psram=5592524 free_internal=59231
I (27567) rc_video: TX buffer caps: subsample=0x3c350120(psram=1) jpeg=0x3c3652a4(psram=1) send=0x3c36fea8(psram=1)
I (27613) rc_video: Tank video started (camera source)
W (27614) rc_tank: [DVP-MATRIX] observe stage=5 strategy=rebuild_before_udp duration_ms=45000 under live Q60/UDP load
I (27663) rc_net: [CAM-PROBE] Video TX seq=0 jpeg_len=7891 crc32=0x614b985f chunks=7
W (27673) rc_net: Video UDP send failed: seq=0 chunk=4/7 bytes=1208 sent=-1 errno=12 attempts=4
W (27673) rc_video: Video send failed: ESP_FAIL
W (27824) rc_video: Video send failed: ESP_FAIL
W (27874) rc_video: Video send failed: ESP_FAIL
W (28019) rc_video: Video send failed: ESP_FAIL
W (28069) rc_video: Video send failed: ESP_FAIL
W (28218) rc_video: Video send failed: ESP_FAIL
W (28269) rc_video: Video send failed: ESP_FAIL
W (28416) rc_video: Video send failed: ESP_FAIL
W (28466) rc_video: Video send failed: ESP_FAIL
I (28533) wifi:<ba-add>idx:2 (ifx:1, 44:1b:f6:f3:ae:40), tid:0, ssn:0, winSize:64
I (30707) rc_net: [CAM-PROBE] Video TX seq=30 jpeg_len=7822 crc32=0x600b150a chunks=7
I (31503) rc_video: Sent 30 | cap_fps=10.2 send_fps=7.6 capture_size_errors=0 capture_identity_errors=0 | Avg(ms): wait=27.8 cache=0.9 subsample=23.8 encode=43.1 send=4.8 total=100.5 | JPEG=7776B
I (31512) rc_video: [VIDEO-TX] handoff cap=40 get=80 select_fail=0 finished=40 signal=40 acquire=39 acquire_fail=0 release_fail=0 backup=0/0
I (31525) rc_video: [STABLE-CAPTURE] pause=40/40 timeout=0 quiesce=39 resume=39 lifecycle_errors=0 repairs=39 staged_events=447 copies=440 fallback=0 errors=0 prepare=40 stale_queue=0 pending_vsync=21 sync=40 complete=40 incomplete=0 incomplete_blocks=0 hold=40/40 hold_timeout=0
I (33715) rc_net: [CAM-PROBE] Video TX seq=60 jpeg_len=7790 crc32=0x58df3881 chunks=7
I (34511) rc_video: Sent 60 | cap_fps=10.0 send_fps=10.0 capture_size_errors=0 capture_identity_errors=0 | Avg(ms): wait=25.4 cache=0.8 subsample=23.3 encode=43.2 send=5.4 total=98.2 | JPEG=7763B
I (34519) rc_video: [VIDEO-TX] handoff cap=70 get=140 select_fail=0 finished=70 signal=70 acquire=69 acquire_fail=0 release_fail=0 backup=0/0
I (34532) rc_video: [STABLE-CAPTURE] pause=70/70 timeout=0 quiesce=69 resume=69 lifecycle_errors=0 repairs=69 staged_events=788 copies=770 fallback=0 errors=0 prepare=70 stale_queue=0 pending_vsync=36 sync=70 complete=70 incomplete=0 incomplete_blocks=0 hold=70/70 hold_timeout=0
I (36722) rc_net: [CAM-PROBE] Video TX seq=90 jpeg_len=7794 crc32=0x04f0d341 chunks=7
I (37520) rc_video: Sent 90 | cap_fps=10.0 send_fps=10.0 capture_size_errors=0 capture_identity_errors=0 | Avg(ms): wait=26.2 cache=0.9 subsample=23.4 encode=43.1 send=4.7 total=98.2 | JPEG=7800B
I (37528) rc_video: [VIDEO-TX] handoff cap=100 get=200 select_fail=0 finished=100 signal=100 acquire=99 acquire_fail=0 release_fail=0 backup=0/0
I (37541) rc_video: [STABLE-CAPTURE] pause=100/100 timeout=0 quiesce=99 resume=99 lifecycle_errors=0 repairs=99 staged_events=1129 copies=1100 fallback=0 errors=0 prepare=100 stale_queue=0 pending_vsync=51 sync=100 complete=100 incomplete=0 incomplete_blocks=0 hold=100/100 hold_timeout=0
I (39733) rc_net: [CAM-PROBE] Video TX seq=120 jpeg_len=7807 crc32=0x1a840413 chunks=7
I (40527) rc_video: Sent 120 | cap_fps=10.0 send_fps=10.0 capture_size_errors=0 capture_identity_errors=0 | Avg(ms): wait=24.4 cache=0.9 subsample=23.5 encode=43.3 send=4.9 total=97.0 | JPEG=7799B
I (40534) rc_video: [VIDEO-TX] handoff cap=130 get=260 select_fail=0 finished=130 signal=130 acquire=129 acquire_fail=0 release_fail=0 backup=0/0
I (40547) rc_video: [STABLE-CAPTURE] pause=130/130 timeout=0 quiesce=129 resume=129 lifecycle_errors=0 repairs=129 staged_events=1469 copies=1430 fallback=0 errors=0 prepare=130 stale_queue=0 pending_vsync=66 sync=130 complete=130 incomplete=0 incomplete_blocks=0 hold=130/130 hold_timeout=0
I (42740) rc_net: [CAM-PROBE] Video TX seq=150 jpeg_len=7799 crc32=0x73a0ba93 chunks=7
I (43507) rc_video: Sent 150 | cap_fps=9.7 send_fps=10.1 capture_size_errors=0 capture_identity_errors=0 | Avg(ms): wait=24.2 cache=0.9 subsample=23.4 encode=42.2 send=6.7 total=97.3 | JPEG=7794B
I (43515) rc_video: [VIDEO-TX] handoff cap=159 get=319 select_fail=0 finished=159 signal=159 acquire=159 acquire_fail=0 release_fail=0 backup=0/0
I (43561) rc_video: [STABLE-CAPTURE] pause=160/160 timeout=0 quiesce=159 resume=159 lifecycle_errors=0 repairs=159 staged_events=1808 copies=1760 fallback=0 errors=0 prepare=160 stale_queue=0 pending_vsync=82 sync=160 complete=160 incomplete=0 incomplete_blocks=0 hold=160/160 hold_timeout=0
I (45747) rc_net: [CAM-PROBE] Video TX seq=180 jpeg_len=7709 crc32=0x377efcea chunks=7
I (46545) rc_video: Sent 180 | cap_fps=10.2 send_fps=9.9 capture_size_errors=0 capture_identity_errors=0 | Avg(ms): wait=25.9 cache=0.9 subsample=23.4 encode=43.3 send=4.7 total=98.3 | JPEG=7784B
I (46553) rc_video: [VIDEO-TX] handoff cap=190 get=380 select_fail=0 finished=190 signal=190 acquire=189 acquire_fail=0 release_fail=0 backup=0/0
I (46565) rc_video: [STABLE-CAPTURE] pause=190/190 timeout=0 quiesce=189 resume=189 lifecycle_errors=0 repairs=189 staged_events=2144 copies=2090 fallback=0 errors=0 prepare=190 stale_queue=0 pending_vsync=97 sync=190 complete=190 incomplete=0 incomplete_blocks=0 hold=190/190 hold_timeout=0
I (48754) rc_net: [CAM-PROBE] Video TX seq=210 jpeg_len=7875 crc32=0x747faa09 chunks=7
I (49551) rc_video: Sent 210 | cap_fps=10.0 send_fps=10.0 capture_size_errors=0 capture_identity_errors=0 | Avg(ms): wait=24.7 cache=0.9 subsample=23.4 encode=43.8 send=5.4 total=98.2 | JPEG=7931B
I (49558) rc_video: [VIDEO-TX] handoff cap=220 get=440 select_fail=0 finished=220 signal=220 acquire=219 acquire_fail=0 release_fail=0 backup=0/0
I (49571) rc_video: [STABLE-CAPTURE] pause=220/220 timeout=0 quiesce=219 resume=219 lifecycle_errors=0 repairs=219 staged_events=2478 copies=2420 fallback=0 errors=0 prepare=220 stale_queue=0 pending_vsync=112 sync=220 complete=220 incomplete=0 incomplete_blocks=0 hold=220/220 hold_timeout=0
I (51764) rc_net: [CAM-PROBE] Video TX seq=240 jpeg_len=7773 crc32=0x2cfd4372 chunks=7
I (52558) rc_video: Sent 240 | cap_fps=10.0 send_fps=10.0 capture_size_errors=0 capture_identity_errors=0 | Avg(ms): wait=25.6 cache=0.8 subsample=23.4 encode=43.8 send=4.4 total=98.0 | JPEG=7807B
I (52565) rc_video: [VIDEO-TX] handoff cap=250 get=500 select_fail=0 finished=250 signal=250 acquire=249 acquire_fail=0 release_fail=0 backup=0/0
I (52578) rc_video: [STABLE-CAPTURE] pause=250/250 timeout=0 quiesce=249 resume=249 lifecycle_errors=0 repairs=249 staged_events=2812 copies=2750 fallback=0 errors=0 prepare=250 stale_queue=0 pending_vsync=127 sync=250 complete=250 incomplete=0 incomplete_blocks=0 hold=250/250 hold_timeout=0
I (54771) rc_net: [CAM-PROBE] Video TX seq=270 jpeg_len=7793 crc32=0x05a9b592 chunks=7
I (55568) rc_video: Sent 270 | cap_fps=10.0 send_fps=10.0 capture_size_errors=0 capture_identity_errors=0 | Avg(ms): wait=25.4 cache=0.8 subsample=23.8 encode=43.9 send=4.5 total=98.4 | JPEG=7754B
I (55575) rc_video: [VIDEO-TX] handoff cap=280 get=560 select_fail=0 finished=280 signal=280 acquire=279 acquire_fail=0 release_fail=0 backup=0/0
I (55588) rc_video: [STABLE-CAPTURE] pause=280/280 timeout=0 quiesce=279 resume=279 lifecycle_errors=0 repairs=279 staged_events=3146 copies=3080 fallback=0 errors=0 prepare=280 stale_queue=0 pending_vsync=142 sync=280 complete=280 incomplete=0 incomplete_blocks=0 hold=280/280 hold_timeout=0
I (57781) rc_net: [CAM-PROBE] Video TX seq=300 jpeg_len=8375 crc32=0x0d3d8df3 chunks=7
I (58552) rc_video: Sent 300 | cap_fps=9.7 send_fps=10.1 capture_size_errors=0 capture_identity_errors=0 | Avg(ms): wait=25.0 cache=0.9 subsample=24.2 encode=42.6 send=4.6 total=97.4 | JPEG=8550B
I (58560) rc_video: [VIDEO-TX] handoff cap=309 get=619 select_fail=0 finished=309 signal=309 acquire=309 acquire_fail=0 release_fail=0 backup=0/0
I (58601) rc_video: [STABLE-CAPTURE] pause=310/310 timeout=0 quiesce=309 resume=309 lifecycle_errors=0 repairs=309 staged_events=3482 copies=3410 fallback=0 errors=0 prepare=310 stale_queue=0 pending_vsync=158 sync=310 complete=310 incomplete=0 incomplete_blocks=0 hold=310/310 hold_timeout=0
I (60788) rc_net: [CAM-PROBE] Video TX seq=330 jpeg_len=7834 crc32=0x39fe1d1e chunks=7
I (61583) rc_video: Sent 330 | cap_fps=10.2 send_fps=9.9 capture_size_errors=0 capture_identity_errors=0 | Avg(ms): wait=23.3 cache=0.9 subsample=23.9 encode=43.7 send=6.0 total=97.8 | JPEG=7880B
I (61591) rc_video: [VIDEO-TX] handoff cap=340 get=680 select_fail=0 finished=340 signal=340 acquire=339 acquire_fail=0 release_fail=0 backup=0/0
I (61603) rc_video: [STABLE-CAPTURE] pause=340/340 timeout=0 quiesce=339 resume=339 lifecycle_errors=0 repairs=339 staged_events=3819 copies=3740 fallback=0 errors=0 prepare=340 stale_queue=0 pending_vsync=173 sync=340 complete=340 incomplete=0 incomplete_blocks=0 hold=340/340 hold_timeout=0
I (63767) rc_net: [CAM-PROBE] Video TX seq=360 jpeg_len=7787 crc32=0xe1a4ca7a chunks=7
I (64562) rc_video: Sent 360 | cap_fps=9.7 send_fps=10.1 capture_size_errors=0 capture_identity_errors=0 | Avg(ms): wait=24.3 cache=1.0 subsample=24.8 encode=41.2 send=6.0 total=97.2 | JPEG=7822B
I (64570) rc_video: [VIDEO-TX] handoff cap=369 get=739 select_fail=0 finished=369 signal=369 acquire=369 acquire_fail=0 release_fail=0 backup=0/0
I (64613) rc_video: [STABLE-CAPTURE] pause=369/369 timeout=0 quiesce=369 resume=369 lifecycle_errors=0 repairs=369 staged_events=4155 copies=4070 fallback=0 errors=0 prepare=370 stale_queue=0 pending_vsync=189 sync=370 complete=370 incomplete=0 incomplete_blocks=0 hold=369/369 hold_timeout=0
I (66806) rc_net: [CAM-PROBE] Video TX seq=390 jpeg_len=7814 crc32=0xd3e6161b chunks=7
I (67600) rc_video: Sent 390 | cap_fps=10.2 send_fps=9.9 capture_size_errors=0 capture_identity_errors=0 | Avg(ms): wait=26.0 cache=0.9 subsample=24.3 encode=43.1 send=4.1 total=98.4 | JPEG=7762B
I (67607) rc_video: [VIDEO-TX] handoff cap=400 get=800 select_fail=0 finished=400 signal=400 acquire=399 acquire_fail=0 release_fail=0 backup=0/0
I (67620) rc_video: [STABLE-CAPTURE] pause=400/400 timeout=0 quiesce=399 resume=399 lifecycle_errors=0 repairs=399 staged_events=4492 copies=4400 fallback=0 errors=0 prepare=400 stale_queue=0 pending_vsync=204 sync=400 complete=400 incomplete=0 incomplete_blocks=0 hold=400/400 hold_timeout=0
I (69784) rc_net: [CAM-PROBE] Video TX seq=420 jpeg_len=7825 crc32=0x101cab1f chunks=7
I (70581) rc_video: Sent 420 | cap_fps=9.7 send_fps=10.1 capture_size_errors=0 capture_identity_errors=0 | Avg(ms): wait=25.4 cache=0.9 subsample=23.9 encode=41.8 send=5.4 total=97.3 | JPEG=7842B
I (70588) rc_video: [VIDEO-TX] handoff cap=429 get=859 select_fail=0 finished=429 signal=429 acquire=429 acquire_fail=0 release_fail=0 backup=0/0
I (70631) rc_video: [STABLE-CAPTURE] pause=429/429 timeout=0 quiesce=429 resume=429 lifecycle_errors=0 repairs=429 staged_events=4828 copies=4730 fallback=0 errors=0 prepare=430 stale_queue=0 pending_vsync=220 sync=430 complete=430 incomplete=0 incomplete_blocks=0 hold=429/429 hold_timeout=0
W (72617) rc_tank: [DVP-MATRIX] result stage=5 strategy=rebuild_before_udp complete=450 incomplete=0 incomplete_blocks=0 mismatch_hist=0,2,1,1,1,1,1,1,10,11,348 prepare=450 pending=230 hold=450/450 hold_timeout=0
W (72631) rc_tank: [DVP-MATRIX] advancing to stage=6; software restart in 1s
I (72822) rc_net: [CAM-PROBE] Video TX seq=450 jpeg_len=7881 crc32=0xb13b950a chunks=7
I (73614) rc_video: Sent 450 | cap_fps=10.2 send_fps=9.9 capture_size_errors=0 capture_identity_errors=0 | Avg(ms): wait=25.7 cache=1.0 subsample=24.2 encode=42.8 send=4.4 total=98.1 | JPEG=7977B
I (73621) rc_video: [VIDEO-TX] handoff cap=460 get=920 select_fail=0 finished=460 signal=460 acquire=459 acquire_fail=0 release_fail=0 backup=0/0
I (73633) wifi:station: 44:1b:f6:f3:ae:40 leave, AID = 1, reason = 2, bss_flags is 756851, bss:0x3fcf13f4
I (73644) wifi:new:<1,0>, old:<1,1>, ap:<1,1>, sta:<255,255>, prof:1, snd_ch_cfg:0x0
I (73652) wifi:<ba-del>idx:2, tid:0
I (73654) wifi:new:<1,1>, old:<1,0>, ap:<1,1>, sta:<255,255>, prof:1, snd_ch_cfg:0x0
I (73663) rc_video: [STABLE-CAPTURE] pause=460/460 timeout=0 quiesce=459 resume=459 lifecycle_errors=0 repairs=459 staged_events=5166 copies=5060 fallback=0 errors=0 prepare=460 stale_queue=0 pending_vsync=235 sync=460 complete=460 incomplete=0 incomplete_blocks=0 hold=460/460 hold_timeout=0
I (73687) rc_net: STA disconnected, MAC: 44:1b:f6:f3:ae:40
W (73738) rc_control: Network disconnected: motor stop enforced
W (73739) rc_tank: Network disconnected
W (73738) rc_net: Video UDP send failed: seq=459 chunk=1/7 bytes=1208 sent=-1 errno=-1 attempts=4
W (73748) rc_video: Video send failed: ESP_FAIL
W (73859) rc_video: Video send failed: ESP_ERR_INVALID_STATE
W (74005) rc_video: Video send failed: ESP_ERR_INVALID_STATE
W (74053) rc_video: Video send failed: ESP_ERR_INVALID_STATE
W (74203) rc_video: Video send failed: ESP_ERR_INVALID_STATE
W (74251) rc_video: Video send failed: ESP_ERR_INVALID_STATE
W (74401) rc_video: Video send failed: ESP_ERR_INVALID_STATE
W (74448) rc_video: Video send failed: ESP_ERR_INVALID_STATE
W (74599) rc_video: Video send failed: ESP_ERR_INVALID_STATE
W (74648) rc_video: Video send failed: ESP_ERR_INVALID_STATE
W (74797) rc_video: Video send failed: ESP_ERR_INVALID_STATE
W (74844) rc_video: Video send failed: ESP_ERR_INVALID_STATE
W (74996) rc_video: Video send failed: ESP_ERR_INVALID_STATE
I (75007) wifi:flush txq
I (75008) wifi:stop sw txq
I (75008) wifi:lmac stop hw txq
ESP-ROM:esp32s3-20210327
Build:Mar 27 2021
rst:0xc (RTC_SW_CPU_RST),boot:0x3 (DOWNLOAD(USB/UART0))
Saved PC:0x42012175
waiting for download

[HOST-DVP-MATRIX] RAM bootloader recovery starting
esptool.py v4.12.dev2
Serial port COM7
Connecting.........
Chip is ESP32-S3 (QFN56) (revision v0.2)
Features: WiFi, BLE
Crystal is 40MHz
MAC: 44:1b:f6:f3:ae:78
Uploading stub...
Running stub...
Stub running...
RAM boot...
Downloading 5360 bytes at 3fce2820... done!
Downloading 3364 bytes at 403c8700... done!
Downloading 12016 bytes at 403cb700... done!
All segments done, executing at 403c8924
Exiting immediately.

[HOST-DVP-MATRIX] RAM bootloader recovery complete

I (3435) boot: efuse block revision: v1.3
I (3439) boot.esp32s3: Boot SPI Speed : 80MHz
I (3443) boot.esp32s3: SPI Mode       : SLOW READ
I (3447) boot.esp32s3: SPI Flash Size : 8MB
I (3451) boot: Enabling RNG early entropy source...
I (3456) boot: Partition Table:
I (3458) boot: ## Label            Usage          Type ST Offset   Length
I (3465) boot:  0 nvs              WiFi data        01 02 00009000 00006000
I (3472) boot:  1 phy_init         RF data          01 01 0000f000 00001000
I (3478) boot:  2 factory          factory app      00 00 00010000 00300000
I (3485) boot:  3 storage          Unknown data     01 82 00310000 00100000
I (3492) boot: End of partition table
I (3495) esp_image: segment 0: paddr=00010020 vaddr=3c0a0020 size=24d20h (150816) map
I (3595) esp_image: segment 1: paddr=00034d48 vaddr=3fca0c00 size=05560h ( 21856) load
I (3609) esp_image: segment 2: paddr=0003a2b0 vaddr=40374000 size=05d68h ( 23912) load
I (3625) esp_image: segment 3: paddr=00040020 vaddr=42000020 size=9b814h (636948) map
I (4014) esp_image: segment 4: paddr=000db83c vaddr=40379d68 size=16df4h ( 93684) load
I (4075) esp_image: segment 5: paddr=000f2638 vaddr=50000000 size=00020h (    32) load
I (4087) boot: Loaded app from partition at offset 0x10000
I (4087) boot: Disabling RNG early entropy source...
I (4099) esp_psram: Found 8MB PSRAM device
I (4099) esp_psram: Speed: 80MHz
I (4099) cpu_start: Multicore app
I (5017) esp_psram: SPI SRAM memory test OK
I (5026) cpu_start: GPIO 44 and 43 are used as console UART I/O pins
I (5027) cpu_start: Pro cpu start user code
I (5027) cpu_start: cpu freq: 240000000 Hz
I (5028) app_init: Application information:
I (5032) app_init: Project name:     rc_tank_demo
I (5037) app_init: App version:      1
I (5040) app_init: Compile time:     Aug 26 2026 09:56:00
I (5045) app_init: ELF file SHA256:  6af95a74b...
I (5050) app_init: ESP-IDF:          GIT-NOTFOUND
I (5054) efuse_init: Min chip rev:     v0.0
I (5058) efuse_init: Max chip rev:     v0.99 
I (5062) efuse_init: Chip rev:         v0.2
I (5066) heap_init: Initializing. RAM available for dynamic allocation:
I (5073) heap_init: At 3FCAA470 len 0003F2A0 (252 KiB): RAM
I (5078) heap_init: At 3FCE9710 len 00005724 (21 KiB): RAM
I (5083) heap_init: At 3FCF0000 len 00008000 (32 KiB): DRAM
I (5088) heap_init: At 600FE000 len 00001FE8 (7 KiB): RTCRAM
I (5094) esp_psram: Adding pool of 8192K of PSRAM memory to heap allocator
I (5102) spi_flash: detected chip: generic
I (5104) spi_flash: flash io: dio
I (5108) sleep_gpio: Configure to isolate all GPIO pins in sleep state
I (5114) sleep_gpio: Enable automatic switching of GPIO sleep configuration
I (5121) main_task: Started on CPU0
I (5145) esp_psram: Reserving pool of 64K of internal memory for DMA/internal allocations
I (5146) main_task: Calling app_main()
I (5160) rc_tank: === RC Tank Demo (EX-035) Role: TANK ===
I (5161) rc_tank: Startup delay 10 s (open serial monitor now)...
I (5161) rc_tank:   starting in 10 s
I (6164) rc_tank:   starting in 9 s
I (7164) rc_tank:   starting in 8 s
I (8164) rc_tank:   starting in 7 s
I (9164) rc_tank:   starting in 6 s
I (10164) rc_tank:   starting in 5 s
I (11164) rc_tank:   starting in 4 s
I (12164) rc_tank:   starting in 3 s
I (13164) rc_tank:   starting in 2 s
I (14164) rc_tank:   starting in 1 s
I (15164) rc_tank: Starting Tank role (P1: network, P2: control, P3: video)
I (15164) board_laiwfs300: init board support package
I (15164) board_laiwfs300: init capability registry
I (15169) board_laiwfs300: init I2C bus: SDA=GPIO48 SCL=GPIO47
I (15175) bus_i2c: I2C0 initialized: SDA=GPIO48 SCL=GPIO47 speed=100000Hz
I (15181) board_laiwfs300: --- I2C bus scan (0x08-0x77) ---
I (15188) board_laiwfs300:   I2C device ACK at 0x15
I (15191) board_laiwfs300:   I2C device ACK at 0x18
I (15196) board_laiwfs300:   I2C device ACK at 0x21
I (15200) board_laiwfs300:   I2C device ACK at 0x22
I (15208) board_laiwfs300:   I2C device ACK at 0x40
I (15211) board_laiwfs300:   I2C device ACK at 0x51
I (15217) board_laiwfs300:   I2C device ACK at 0x68
I (15220) board_laiwfs300: --- I2C scan done: 7 device(s) found ---
W (15224) board_laiwfs300: TPT29555A (IOEX) NOT found at 0x20 (NACK)
I (15230) board_laiwfs300: ES8311 (Codec) found at 0x18
I (15235) board_laiwfs300: ES7210 (ADC) found at 0x40
I (15240) board_laiwfs300: AIP8563 (RTC) found at 0x51
I (15245) board_laiwfs300: BMI260 (IMU @0x68) found at 0x68
W (15250) board_laiwfs300: BMI260 (IMU @0x69) NOT found at 0x69 (NACK)
I (15256) board_laiwfs300: SP0A39 (Camera) found at 0x21
I (15263) board_laiwfs300: ES8311 chip ID: 0x83 0x11
I (15267) board_laiwfs300: ES7210 chip ID: 0x72
I (15272) board_laiwfs300: AIP8563 RTC time: 21:38:56 (BCD raw)
I (15276) board_laiwfs300: BMI260 chip ID: 0x27 (expect 0x27)
I (15281) board_laiwfs300: init SPI bus manager
I (15287) board_laiwfs300: init ADC service
I (15290) board_adc: ADC1 oneshot initialized
I (15294) board_laiwfs300: init board power service
I (15299) board_laiwfs300: ADC D0_DETECT (GPIO1): raw=4095 (~3100 mV)
I (15304) board_laiwfs300: ADC BAT_ADC (GPIO7): raw=1635 (~1237 mV)
I (15310) board_laiwfs300: ADC SW_ADC (GPIO8): raw=4095 (~3100 mV)
I (15316) board_laiwfs300: init IO expander: TPT29555A addr=0x22
I (15325) io_expander: TPT29555A initialized at 0x22
I (15327) board_laiwfs300: IO expander initialized OK
I (15331) board_laiwfs300: init module detect
I (15336) board_laiwfs300: register detection rules
I (15340) board_laiwfs300: register default capabilities
I (15345) board_laiwfs300: board init complete (ioex=OK)
I (15350) rc_tank: [STEP] Motor init starting...
I (15355) board_motor: motor input 1 -> GPIO5 / LEDC channel 0
I (15360) board_motor: motor input 2 -> GPIO4 / LEDC channel 1
I (15366) board_motor: motor input 3 -> GPIO37 / LEDC channel 2
I (15371) board_motor: motor input 4 -> GPIO45 / LEDC channel 3
I (15377) rc_control: Motor initialized
I (15380) rc_tank: [STEP] Motor init OK
I (15384) rc_tank: [STEP] Display init starting...
I (15389) rc_video: Initializing Tank display
I (15394) display_hal: init ST7789V3 LCD 240x320 SPI host=1
E (15539) spi: spi_bus_initialize(816): SPI bus already initialized.
I (15660) display_hal: ST7789V3 LCD initialized
I (15660) board_display: display mapped: MOSI=GPIO13 SCK=GPIO12 CS=GPIO10 DC=GPIO16 BL=GPIO17 LCD_RST=IOEX P1_5 pclk=20000000
I (15665) rc_video: Tank display task started (status screen)
I (15666) rc_video: Tank display initialized (status task owns LCD)
I (15676) rc_tank: [STEP] Display init OK
I (15680) rc_tank: [STEP] Camera init starting...
I (15684) rc_video: Initializing camera (SP0A39 640x480 VYUY)
I (15690) board_camera: initializing SP0A39 camera mode=0 640x480
I (15695) camera_hal: init SP0A39 DVP 640x480 (SCCB manual mode)
I (15701) camera_hal: configuring IOEX pins for camera RESET/PWDN
I (15708) camera_hal: PWDN=HIGH (power down)
I (15721) camera_hal: PWDN=LOW (release sensor)
I (15921) camera_hal: RESET=LOW (assert reset)
I (15941) camera_hal: RESET=HIGH (release reset)
I (16941) camera_hal: full I2C scan after camera power-up (diagnostic only)...
I (16943) camera_hal:   post-powerup ACK at 0x15
I (16943) camera_hal:   post-powerup ACK at 0x18
I (16946) camera_hal:   post-powerup ACK at 0x21
I (16950) camera_hal:   post-powerup ACK at 0x22
I (16958) camera_hal:   post-powerup ACK at 0x40
I (16960) camera_hal:   post-powerup ACK at 0x51
I (16966) camera_hal:   post-powerup ACK at 0x68
I (16969) camera_hal: DVP GPIO diagnostics (checking PCLK/VSYNC/HSYNC activity)...
I (17035) camera_hal: DVP diagnostics: PCLK_changes=0 VSYNC_changes=0 HSYNC_changes=0
W (17035) camera_hal: PCLK has no transitions - MCLK likely not reaching sensor or sensor not active
I (17040) camera_hal: using sensor address 0x21
I (17045) camera_hal: SP0A39 I2C device added at 0x21
I (17051) camera_hal: SP0A39 chip ID: 0x0A39
I (17173) camera_hal: SP0A39 register init done: VYUY 640x480 (359 regs)
I (17174) camera_hal: [CAM-PROBE] SP0A39 p0_31 stage=post_table value=0x00 expected=0x01
E (17176) camera_hal: camera_hal_verify_expected_output_p0_31(92): unexpected p0_31=0x00 at post_table
W (17185) camera_hal: [CAM-PROBE] output state differs after table; continuing: ESP_ERR_INVALID_RESPONSE
I (17215) camera_hal: [CAM-PROBE] SP0A39 p0_31 stage=post_delay value=0x01 expected=0x01
I (17216) camera_hal: camera HAL initialized (sensor ready, DVP capture not yet implemented)
I (17220) board_camera: camera ready
I (17228) camera_hal: SP0A39 output regs: P0:1c=0x00 P0:30=0x01 P0:31=0x01 P1:32=0x15 P1:34=0xeb P1:35=0x00 P1:36=0x10
I (17360) rc_video:   3 DMA-capable PSRAM framebuffers allocated (600 KB each)
I (17363) dvp_ext: DVP Extended camera controller driver is initialized
I (17364) dvp_ext: [STABLE-DVP] assembly uses GDMA-EOF direct copy; dma=102400 half=51200 queue_data_events=suppressed eof_desc=probe
I (17374) rc_video: [STABLE-CAPTURE] staged DVP controller created dma=102400 half=51200
I (17382) rc_video: Camera initialized
I (17386) rc_tank: [STEP] Camera init OK
I (17389) rc_tank: [STEP] Network init starting...
I (17395) rc_net: Initializing as SoftAP (Tank)
I (17400) pp: pp rom version: e7ae62f
I (17402) net80211: net80211 rom version: e7ae62f
I (17408) wifi:wifi driver task: 3fce4b10, prio:23, stack:6656, core=0
I (17419) wifi:wifi firmware version: 0947e8b
I (17420) wifi:wifi certification version: v7.0
I (17421) wifi:config NVS flash: enabled
I (17424) wifi:config nano formatting: disabled
I (17429) wifi:Init data frame dynamic rx buffer num: 32
I (17434) wifi:Init static rx mgmt buffer num: 5
I (17438) wifi:Init management short buffer num: 32
I (17442) wifi:Init dynamic tx buffer num: 64
I (17447) wifi:Init static tx FG buffer num: 2
I (17451) wifi:Init static rx buffer size: 1600
I (17455) wifi:Init static rx buffer num: 10
I (17459) wifi:Init dynamic rx buffer num: 32
I (17464) wifi_init: rx ba win: 6
I (17466) wifi_init: accept mbox: 6
I (17469) wifi_init: tcpip mbox: 16
I (17472) wifi_init: udp mbox: 6
I (17475) wifi_init: tcp mbox: 6
I (17478) wifi_init: tcp tx win: 5760
I (17482) wifi_init: tcp rx win: 5760
I (17485) wifi_init: tcp mss: 1440
I (17488) wifi_init: WiFi IRAM OP enabled
I (17492) wifi_init: WiFi RX IRAM OP enabled
I (17497) rc_net: AP set_mode/config, SSID=RC_TANK_F3AE79 ch=1
I (17506) phy_init: phy_version 711,97bcf0a2,Aug 25 2025,19:04:10
I (17549) wifi:mode : softAP (44:1b:f6:f3:ae:79)
I (17553) wifi:Total power save buffer number: 32
I (17554) wifi:Init max length of beacon: 752/752
I (17555) wifi:Init max length of beacon: 752/752
I (17557) rc_net: SoftAP started, SSID: RC_TANK_F3AE79, Password: 12345678
I (17558) esp_netif_lwip: DHCP server started on interface WIFI_AP_DEF with IP: 192.168.4.1
I (17571) rc_tank: [STEP] Network init OK
I (17575) rc_tank: Tank SoftAP ready, waiting for remote...
I (17580) rc_control: Ctrl RX task started
I (17584) rc_control: Tank control started
I (17587) rc_tank: Tank running (video + control; audio disabled)
I (17593) rc_tank: app_main done, idle loop
I (20858) wifi:new:<1,1>, old:<1,1>, ap:<1,1>, sta:<255,255>, prof:1, snd_ch_cfg:0x0
I (20859) wifi:station: 44:1b:f6:f3:ae:40 join, AID=1, bgn, 40U
I (20884) rc_net: STA connected, MAC: 44:1b:f6:f3:ae:40
I (20916) esp_netif_lwip: DHCP server assigned IP to a client, IP is: 192.168.4.2
I (20917) rc_net: STA assigned IP: 192.168.4.2
I (20918) rc_tank: Network connected, peer: 192.168.4.2
W (20926) rc_tank: [DVP-MATRIX] start stage=6 strategy=rebuild_after_udp video_tx=not_created capture=not_started
I (20933) rc_net: Ctrl UDP socket bound to port 8001
I (20937) rc_net: Video UDP socket bound to port 8002
I (20943) rc_net: Audio TCP listening on port 8003
I (20946) rc_tank: Socket channels started
E (20951) gpio: gpio_install_isr_service(537): GPIO isr service already installed
I (20958) dvp_ext: DVP Extended camera controller driver is initialized
I (20964) dvp_ext: [STABLE-DVP] assembly uses GDMA-EOF direct copy; dma=102400 half=51200 queue_data_events=suppressed eof_desc=probe
W (20975) rc_video: [DVP-REBUILD] complete old=0x3fcebf50 new=0x3fcebf50 drained=0 internal=87759->87759; GDMA channel/descriptors/event queue/task recreated
I (20989) rc_video: No local preview active; formal video handoff skipped
I (20997) camera_hal: [CAM-PROBE] SP0A39 p0_31 stage=dvp_started value=0x01 expected=0x01
I (21010) rc_video: Video TX task started (240x180, sensor-driven, Q=60)
I (21051) rc_video: TX theory: raw=614400 B/frame, encoded YUV=86400 B/frame, target10fps raw=0.86 MB/s
I (21055) rc_video: PSRAM TX buffers: subsample=86400B jpeg=43200B send=43208B free_psram=5592524 free_internal=59235
I (21065) rc_video: TX buffer caps: subsample=0x3c350120(psram=1) jpeg=0x3c3652a4(psram=1) send=0x3c36fea8(psram=1)
I (21122) rc_net: [CAM-PROBE] Video TX seq=0 jpeg_len=8018 crc32=0x58a7bfae chunks=7
I (21127) rc_video: Tank video started (camera source)
W (21128) rc_tank: [DVP-MATRIX] observe stage=6 strategy=rebuild_after_udp duration_ms=45000 under live Q60/UDP load
W (21176) rc_net: Video UDP send failed: seq=0 chunk=4/7 bytes=1208 sent=-1 errno=12 attempts=4
W (21176) rc_video: Video send failed: ESP_FAIL
W (21273) rc_video: Video send failed: ESP_FAIL
W (21323) rc_video: Video send failed: ESP_FAIL
W (21464) rc_video: Video send failed: ESP_FAIL
W (21514) rc_video: Video send failed: ESP_FAIL
W (21661) rc_video: Video send failed: ESP_FAIL
W (21711) rc_video: Video send failed: ESP_FAIL
W (21858) rc_video: Video send failed: ESP_FAIL
W (21909) rc_video: Video send failed: ESP_FAIL
I (21976) wifi:<ba-add>idx:2 (ifx:1, 44:1b:f6:f3:ae:40), tid:0, ssn:0, winSize:64
I (24084) rc_net: [CAM-PROBE] Video TX seq=30 jpeg_len=7994 crc32=0xf9c2860f chunks=7
I (24879) rc_video: Sent 30 | cap_fps=9.9 send_fps=7.8 capture_size_errors=0 capture_identity_errors=0 | Avg(ms): wait=25.6 cache=1.0 subsample=24.4 encode=43.0 send=4.6 total=98.5 | JPEG=7967B
I (24886) rc_video: [VIDEO-TX] handoff cap=39 get=79 select_fail=0 finished=39 signal=39 acquire=39 acquire_fail=0 release_fail=0 backup=0/0
I (24928) rc_video: [STABLE-CAPTURE] pause=39/39 timeout=0 quiesce=39 resume=39 lifecycle_errors=0 repairs=39 staged_events=446 copies=440 fallback=0 errors=0 prepare=40 stale_queue=0 pending_vsync=21 sync=40 complete=40 incomplete=0 incomplete_blocks=0 hold=39/39 hold_timeout=0
I (27091) rc_net: [CAM-PROBE] Video TX seq=60 jpeg_len=7986 crc32=0x60c71158 chunks=7
I (27888) rc_video: Sent 60 | cap_fps=10.0 send_fps=10.0 capture_size_errors=0 capture_identity_errors=0 | Avg(ms): wait=25.4 cache=0.9 subsample=24.8 encode=41.5 send=4.6 total=97.2 | JPEG=8007B
I (27896) rc_video: [VIDEO-TX] handoff cap=69 get=139 select_fail=0 finished=69 signal=69 acquire=69 acquire_fail=0 release_fail=0 backup=0/0
I (27937) rc_video: [STABLE-CAPTURE] pause=69/69 timeout=0 quiesce=69 resume=69 lifecycle_errors=0 repairs=69 staged_events=785 copies=770 fallback=0 errors=0 prepare=70 stale_queue=0 pending_vsync=37 sync=70 complete=70 incomplete=0 incomplete_blocks=0 hold=69/69 hold_timeout=0
I (30128) rc_net: [CAM-PROBE] Video TX seq=90 jpeg_len=8000 crc32=0x92a7c33e chunks=7
I (30922) rc_video: Sent 90 | cap_fps=10.2 send_fps=9.9 capture_size_errors=0 capture_identity_errors=0 | Avg(ms): wait=25.7 cache=0.9 subsample=24.1 encode=43.4 send=4.1 total=98.2 | JPEG=8165B
I (30929) rc_video: [VIDEO-TX] handoff cap=100 get=200 select_fail=0 finished=100 signal=100 acquire=99 acquire_fail=0 release_fail=0 backup=0/0
I (30942) rc_video: [STABLE-CAPTURE] pause=100/100 timeout=0 quiesce=99 resume=99 lifecycle_errors=0 repairs=99 staged_events=1121 copies=1100 fallback=0 errors=0 prepare=100 stale_queue=0 pending_vsync=52 sync=100 complete=100 incomplete=0 incomplete_blocks=0 hold=100/100 hold_timeout=0
I (33138) rc_net: [CAM-PROBE] Video TX seq=120 jpeg_len=8330 crc32=0x1289528b chunks=7
I (33928) rc_video: Sent 120 | cap_fps=10.0 send_fps=10.0 capture_size_errors=0 capture_identity_errors=0 | Avg(ms): wait=21.7 cache=0.8 subsample=24.9 encode=43.2 send=7.5 total=98.1 | JPEG=8263B
I (33935) rc_video: [VIDEO-TX] handoff cap=130 get=260 select_fail=0 finished=130 signal=130 acquire=129 acquire_fail=0 release_fail=0 backup=0/0
I (33948) rc_video: [STABLE-CAPTURE] pause=130/130 timeout=0 quiesce=129 resume=129 lifecycle_errors=0 repairs=129 staged_events=1459 copies=1430 fallback=0 errors=0 prepare=130 stale_queue=0 pending_vsync=67 sync=130 complete=130 incomplete=0 incomplete_blocks=0 hold=130/130 hold_timeout=0
I (36142) rc_net: [CAM-PROBE] Video TX seq=150 jpeg_len=8393 crc32=0xafd33691 chunks=7
I (36938) rc_video: Sent 150 | cap_fps=10.0 send_fps=10.0 capture_size_errors=0 capture_identity_errors=0 | Avg(ms): wait=21.8 cache=0.9 subsample=24.4 encode=43.5 send=7.7 total=98.3 | JPEG=8435B
I (36946) rc_video: [VIDEO-TX] handoff cap=160 get=320 select_fail=0 finished=160 signal=160 acquire=159 acquire_fail=0 release_fail=0 backup=0/0
I (36958) rc_video: [STABLE-CAPTURE] pause=160/160 timeout=0 quiesce=159 resume=159 lifecycle_errors=0 repairs=159 staged_events=1795 copies=1760 fallback=0 errors=0 prepare=160 stale_queue=0 pending_vsync=82 sync=160 complete=160 incomplete=0 incomplete_blocks=0 hold=160/160 hold_timeout=0
I (39152) rc_net: [CAM-PROBE] Video TX seq=180 jpeg_len=8412 crc32=0x8c218b2f chunks=8
I (39945) rc_video: Sent 180 | cap_fps=10.0 send_fps=10.0 capture_size_errors=0 capture_identity_errors=0 | Avg(ms): wait=24.8 cache=0.9 subsample=24.1 encode=43.3 send=5.1 total=98.1 | JPEG=8398B
I (39952) rc_video: [VIDEO-TX] handoff cap=190 get=380 select_fail=0 finished=190 signal=190 acquire=189 acquire_fail=0 release_fail=0 backup=0/0
I (39965) rc_video: [STABLE-CAPTURE] pause=190/190 timeout=0 quiesce=189 resume=189 lifecycle_errors=0 repairs=189 staged_events=2132 copies=2090 fallback=0 errors=0 prepare=190 stale_queue=0 pending_vsync=97 sync=190 complete=190 incomplete=0 incomplete_blocks=0 hold=190/190 hold_timeout=0
I (42134) rc_net: [CAM-PROBE] Video TX seq=210 jpeg_len=8409 crc32=0x5635fffb chunks=8
I (42927) rc_video: Sent 210 | cap_fps=9.7 send_fps=10.1 capture_size_errors=0 capture_identity_errors=0 | Avg(ms): wait=25.3 cache=0.8 subsample=23.4 encode=42.2 send=5.6 total=97.3 | JPEG=8242B
I (42934) rc_video: [VIDEO-TX] handoff cap=219 get=439 select_fail=0 finished=219 signal=219 acquire=219 acquire_fail=0 release_fail=0 backup=0/0
I (42978) rc_video: [STABLE-CAPTURE] pause=219/219 timeout=0 quiesce=219 resume=219 lifecycle_errors=0 repairs=219 staged_events=2469 copies=2420 fallback=0 errors=0 prepare=220 stale_queue=0 pending_vsync=113 sync=220 complete=220 incomplete=0 incomplete_blocks=0 hold=219/219 hold_timeout=0
I (45167) rc_net: [CAM-PROBE] Video TX seq=240 jpeg_len=8365 crc32=0x864e2d49 chunks=7
I (45960) rc_video: Sent 240 | cap_fps=10.2 send_fps=9.9 capture_size_errors=0 capture_identity_errors=0 | Avg(ms): wait=25.2 cache=0.9 subsample=23.5 encode=43.5 send=5.2 total=98.2 | JPEG=8401B
I (45968) rc_video: [VIDEO-TX] handoff cap=250 get=500 select_fail=0 finished=250 signal=250 acquire=249 acquire_fail=0 release_fail=0 backup=0/0
I (45980) rc_video: [STABLE-CAPTURE] pause=250/250 timeout=0 quiesce=249 resume=249 lifecycle_errors=0 repairs=249 staged_events=2805 copies=2750 fallback=0 errors=0 prepare=250 stale_queue=0 pending_vsync=128 sync=250 complete=250 incomplete=0 incomplete_blocks=0 hold=250/250 hold_timeout=0
I (48149) rc_net: [CAM-PROBE] Video TX seq=270 jpeg_len=8415 crc32=0x2b377f8c chunks=8
I (48942) rc_video: Sent 270 | cap_fps=9.7 send_fps=10.1 capture_size_errors=0 capture_identity_errors=0 | Avg(ms): wait=23.7 cache=0.8 subsample=23.5 encode=42.2 send=7.2 total=97.4 | JPEG=8378B
I (48950) rc_video: [VIDEO-TX] handoff cap=279 get=559 select_fail=0 finished=279 signal=279 acquire=279 acquire_fail=0 release_fail=0 backup=0/0
I (48993) rc_video: [STABLE-CAPTURE] pause=279/279 timeout=0 quiesce=279 resume=279 lifecycle_errors=0 repairs=279 staged_events=3142 copies=3080 fallback=0 errors=0 prepare=280 stale_queue=0 pending_vsync=144 sync=280 complete=280 incomplete=0 incomplete_blocks=0 hold=279/279 hold_timeout=0
I (51184) rc_net: [CAM-PROBE] Video TX seq=300 jpeg_len=8386 crc32=0xf1c44cc7 chunks=7
I (51943) rc_video: Sent 300 | cap_fps=10.0 send_fps=10.0 capture_size_errors=0 capture_identity_errors=0 | Avg(ms): wait=23.6 cache=0.9 subsample=23.5 encode=43.9 send=5.2 total=97.1 | JPEG=8285B
I (51951) rc_video: [VIDEO-TX] handoff cap=309 get=618 select_fail=0 finished=309 signal=309 acquire=309 acquire_fail=0 release_fail=0 backup=0/0
I (51964) rc_video: [STABLE-CAPTURE] pause=309/309 timeout=0 quiesce=309 resume=309 lifecycle_errors=0 repairs=309 staged_events=3466 copies=3400 fallback=0 errors=0 prepare=310 stale_queue=0 pending_vsync=159 sync=309 complete=309 incomplete=0 incomplete_blocks=0 hold=309/309 hold_timeout=0
I (54191) rc_net: [CAM-PROBE] Video TX seq=330 jpeg_len=8208 crc32=0x4967ee5b chunks=7
I (54988) rc_video: Sent 330 | cap_fps=10.2 send_fps=9.9 capture_size_errors=0 capture_identity_errors=0 | Avg(ms): wait=25.5 cache=0.9 subsample=23.4 encode=43.2 send=5.5 total=98.6 | JPEG=8318B
I (54995) rc_video: [VIDEO-TX] handoff cap=340 get=680 select_fail=0 finished=340 signal=340 acquire=339 acquire_fail=0 release_fail=0 backup=0/0
I (55008) rc_video: [STABLE-CAPTURE] pause=340/340 timeout=0 quiesce=339 resume=339 lifecycle_errors=0 repairs=339 staged_events=3816 copies=3740 fallback=0 errors=0 prepare=340 stale_queue=0 pending_vsync=174 sync=340 complete=340 incomplete=0 incomplete_blocks=0 hold=340/340 hold_timeout=0
I (57171) rc_net: [CAM-PROBE] Video TX seq=360 jpeg_len=8324 crc32=0x5fc2acec chunks=7
I (57966) rc_video: Sent 360 | cap_fps=9.7 send_fps=10.1 capture_size_errors=0 capture_identity_errors=0 | Avg(ms): wait=25.6 cache=0.9 subsample=23.7 encode=42.1 send=5.0 total=97.2 | JPEG=8286B
I (57973) rc_video: [VIDEO-TX] handoff cap=369 get=739 select_fail=0 finished=369 signal=369 acquire=369 acquire_fail=0 release_fail=0 backup=0/0
I (58020) rc_video: [STABLE-CAPTURE] pause=370/370 timeout=0 quiesce=369 resume=369 lifecycle_errors=0 repairs=369 staged_events=4153 copies=4070 fallback=0 errors=0 prepare=370 stale_queue=0 pending_vsync=190 sync=370 complete=370 incomplete=0 incomplete_blocks=0 hold=370/370 hold_timeout=0
I (60209) rc_net: [CAM-PROBE] Video TX seq=390 jpeg_len=8250 crc32=0xb511b441 chunks=7
I (61005) rc_video: Sent 390 | cap_fps=10.2 send_fps=9.9 capture_size_errors=0 capture_identity_errors=0 | Avg(ms): wait=25.4 cache=0.9 subsample=23.4 encode=43.6 send=5.1 total=98.3 | JPEG=8305B
I (61012) rc_video: [VIDEO-TX] handoff cap=400 get=800 select_fail=0 finished=400 signal=400 acquire=399 acquire_fail=0 release_fail=0 backup=0/0
I (61025) rc_video: [STABLE-CAPTURE] pause=400/400 timeout=0 quiesce=399 resume=399 lifecycle_errors=0 repairs=399 staged_events=4490 copies=4400 fallback=0 errors=0 prepare=400 stale_queue=0 pending_vsync=205 sync=400 complete=400 incomplete=0 incomplete_blocks=0 hold=400/400 hold_timeout=0
I (63214) rc_net: [CAM-PROBE] Video TX seq=420 jpeg_len=8962 crc32=0xe6b3d8a6 chunks=8
I (64013) rc_video: Sent 420 | cap_fps=10.0 send_fps=10.0 capture_size_errors=0 capture_identity_errors=0 | Avg(ms): wait=18.2 cache=0.9 subsample=23.9 encode=45.7 send=8.3 total=96.9 | JPEG=8939B
I (64020) rc_video: [VIDEO-TX] handoff cap=430 get=860 select_fail=0 finished=430 signal=430 acquire=429 acquire_fail=0 release_fail=0 backup=0/0
I (64033) rc_video: [STABLE-CAPTURE] pause=430/430 timeout=0 quiesce=429 resume=429 lifecycle_errors=0 repairs=429 staged_events=4828 copies=4730 fallback=0 errors=0 prepare=430 stale_queue=0 pending_vsync=220 sync=430 complete=430 incomplete=0 incomplete_blocks=0 hold=430/430 hold_timeout=0
W (66133) rc_tank: [DVP-MATRIX] result stage=6 strategy=rebuild_after_udp complete=451 incomplete=0 incomplete_blocks=0 mismatch_hist=0,0,1,0,1,0,0,0,3,9,350 prepare=451 pending=231 hold=450/450 hold_timeout=0
W (66146) rc_tank: [DVP-MATRIX] advancing to stage=7; software restart in 1s
I (66230) rc_net: [CAM-PROBE] Video TX seq=450 jpeg_len=8934 crc32=0xc1de68c4 chunks=8
I (67021) rc_video: Sent 450 | cap_fps=10.0 send_fps=10.0 capture_size_errors=0 capture_identity_errors=0 | Avg(ms): wait=22.1 cache=0.9 subsample=23.7 encode=44.4 send=7.0 total=97.9 | JPEG=8912B
I (67029) rc_video: [VIDEO-TX] handoff cap=460 get=920 select_fail=0 finished=460 signal=460 acquire=459 acquire_fail=0 release_fail=0 backup=0/0
I (67042) rc_video: [STABLE-CAPTURE] pause=460/460 timeout=0 quiesce=459 resume=459 lifecycle_errors=0 repairs=459 staged_events=5162 copies=5060 fallback=0 errors=0 prepare=460 stale_queue=0 pending_vsync=235 sync=460 complete=460 incomplete=0 incomplete_blocks=0 hold=460/460 hold_timeout=0
I (67165) wifi:station: 44:1b:f6:f3:ae:40 leave, AID = 1, reason = 2, bss_flags is 756835, bss:0x3fcf13f4
I (67166) wifi:new:<1,0>, old:<1,1>, ap:<1,1>, sta:<255,255>, prof:1, snd_ch_cfg:0x0
I (67172) wifi:<ba-del>idx:2, tid:0
I (67175) wifi:new:<1,1>, old:<1,0>, ap:<1,1>, sta:<255,255>, prof:1, snd_ch_cfg:0x0
I (67238) rc_net: STA disconnected, MAC: 44:1b:f6:f3:ae:40
W (67281) rc_control: Network disconnected: motor stop enforced
W (67281) rc_tank: Network disconnected
W (67279) rc_net: Video UDP send failed: seq=460 chunk=1/8 bytes=1208 sent=-1 errno=-1 attempts=4
W (67292) rc_video: Video send failed: ESP_FAIL
W (67350) rc_video: Video send failed: ESP_ERR_INVALID_STATE
W (67494) rc_video: Video send failed: ESP_ERR_INVALID_STATE
W (67543) rc_video: Video send failed: ESP_ERR_INVALID_STATE
W (67686) rc_video: Video send failed: ESP_ERR_INVALID_STATE
W (67735) rc_video: Video send failed: ESP_ERR_INVALID_STATE
W (67884) rc_video: Video send failed: ESP_ERR_INVALID_STATE
W (67933) rc_video: Video send failed: ESP_ERR_INVALID_STATE
W (68082) rc_video: Video send failed: ESP_ERR_INVALID_STATE
W (68130) rc_video: Video send failed: ESP_ERR_INVALID_STATE
W (68280) rc_video: Video send failed: ESP_ERR_INVALID_STATE
W (68327) rc_video: Video send failed: ESP_ERR_INVALID_STATE
W (68476) rc_video: Video send failed: ESP_ERR_INVALID_STATE
W (68524) rc_video: Video send failed: ESP_ERR_INVALID_STATE
W (68674) rc_video: Video send failed: ESP_ERR_INVALID_STATE
W (68722) rc_video: Video send failed: ESP_ERR_INVALID_STATE
I (68737) wifi:flush txq
I (68737) wifi:stop sw txq
I (68737) wifi:lmac stop hw txq
ESP-ROM:esp32s3-20210327
Build:Mar 27 2021
rst:0xc (RTC_SW_CPU_RST),boot:0x3 (DOWNLOAD(USB/UART0))
Saved PC:0x4037e836
waiting for download

[HOST-DVP-MATRIX] RAM bootloader recovery starting
esptool.py v4.12.dev2
Serial port COM7
Connecting...................
Chip is ESP32-S3 (QFN56) (revision v0.2)
Features: WiFi, BLE
Crystal is 40MHz
MAC: 44:1b:f6:f3:ae:78
Uploading stub...
Running stub...
Stub running...
RAM boot...
Downloading 5360 bytes at 3fce2820... done!
Downloading 3364 bytes at 403c8700... done!
Downloading 12016 bytes at 403cb700... done!
All segments done, executing at 403c8924
Exiting immediately.

[HOST-DVP-MATRIX] RAM bootloader recovery complete
ot: chip revision: v0.2
I (3430) boot: efuse block revision: v1.3
I (3434) boot.esp32s3: Boot SPI Speed : 80MHz
I (3438) boot.esp32s3: SPI Mode       : SLOW READ
I (3442) boot.esp32s3: SPI Flash Size : 8MB
I (3446) boot: Enabling RNG early entropy source...
I (3451) boot: Partition Table:
I (3454) boot: ## Label            Usage          Type ST Offset   Length
I (3460) boot:  0 nvs              WiFi data        01 02 00009000 00006000
I (3467) boot:  1 phy_init         RF data          01 01 0000f000 00001000
I (3473) boot:  2 factory          factory app      00 00 00010000 00300000
I (3480) boot:  3 storage          Unknown data     01 82 00310000 00100000
I (3487) boot: End of partition table
I (3490) esp_image: segment 0: paddr=00010020 vaddr=3c0a0020 size=24d20h (150816) map
I (3590) esp_image: segment 1: paddr=00034d48 vaddr=3fca0c00 size=05560h ( 21856) load
I (3604) esp_image: segment 2: paddr=0003a2b0 vaddr=40374000 size=05d68h ( 23912) load
I (3620) esp_image: segment 3: paddr=00040020 vaddr=42000020 size=9b814h (636948) map
I (4009) esp_image: segment 4: paddr=000db83c vaddr=40379d68 size=16df4h ( 93684) load
I (4070) esp_image: segment 5: paddr=000f2638 vaddr=50000000 size=00020h (    32) load
I (4082) boot: Loaded app from partition at offset 0x10000
I (4082) boot: Disabling RNG early entropy source...
I (4094) esp_psram: Found 8MB PSRAM device
I (4094) esp_psram: Speed: 80MHz
I (4094) cpu_start: Multicore app
I (5012) esp_psram: SPI SRAM memory test OK
I (5021) cpu_start: GPIO 44 and 43 are used as console UART I/O pins
I (5022) cpu_start: Pro cpu start user code
I (5022) cpu_start: cpu freq: 240000000 Hz
I (5023) app_init: Application information:
I (5027) app_init: Project name:     rc_tank_demo
I (5032) app_init: App version:      1
I (5035) app_init: Compile time:     Aug 26 2026 09:56:00
I (5040) app_init: ELF file SHA256:  6af95a74b...
I (5045) app_init: ESP-IDF:          GIT-NOTFOUND
I (5049) efuse_init: Min chip rev:     v0.0
I (5053) efuse_init: Max chip rev:     v0.99 
I (5057) efuse_init: Chip rev:         v0.2
I (5061) heap_init: Initializing. RAM available for dynamic allocation:
I (5068) heap_init: At 3FCAA470 len 0003F2A0 (252 KiB): RAM
I (5073) heap_init: At 3FCE9710 len 00005724 (21 KiB): RAM
I (5078) heap_init: At 3FCF0000 len 00008000 (32 KiB): DRAM
I (5083) heap_init: At 600FE000 len 00001FE8 (7 KiB): RTCRAM
I (5089) esp_psram: Adding pool of 8192K of PSRAM memory to heap allocator
I (5097) spi_flash: detected chip: generic
I (5099) spi_flash: flash io: dio
I (5103) sleep_gpio: Configure to isolate all GPIO pins in sleep state
I (5109) sleep_gpio: Enable automatic switching of GPIO sleep configuration
I (5116) main_task: Started on CPU0
I (5140) esp_psram: Reserving pool of 64K of internal memory for DMA/internal allocations
I (5141) main_task: Calling app_main()
I (5155) rc_tank: === RC Tank Demo (EX-035) Role: TANK ===
I (5156) rc_tank: Startup delay 10 s (open serial monitor now)...
I (5156) rc_tank:   starting in 10 s
I (6159) rc_tank:   starting in 9 s
I (7159) rc_tank:   starting in 8 s
I (8159) rc_tank:   starting in 7 s
I (9159) rc_tank:   starting in 6 s
I (10159) rc_tank:   starting in 5 s
I (11159) rc_tank:   starting in 4 s
I (12159) rc_tank:   starting in 3 s
I (13159) rc_tank:   starting in 2 s
I (14159) rc_tank:   starting in 1 s
I (15159) rc_tank: Starting Tank role (P1: network, P2: control, P3: video)
I (15159) board_laiwfs300: init board support package
I (15159) board_laiwfs300: init capability registry
I (15164) board_laiwfs300: init I2C bus: SDA=GPIO48 SCL=GPIO47
I (15170) bus_i2c: I2C0 initialized: SDA=GPIO48 SCL=GPIO47 speed=100000Hz
I (15176) board_laiwfs300: --- I2C bus scan (0x08-0x77) ---
I (15183) board_laiwfs300:   I2C device ACK at 0x15
I (15186) board_laiwfs300:   I2C device ACK at 0x18
I (15191) board_laiwfs300:   I2C device ACK at 0x21
I (15195) board_laiwfs300:   I2C device ACK at 0x22
I (15203) board_laiwfs300:   I2C device ACK at 0x40
I (15206) board_laiwfs300:   I2C device ACK at 0x51
I (15212) board_laiwfs300:   I2C device ACK at 0x68
I (15215) board_laiwfs300: --- I2C scan done: 7 device(s) found ---
W (15219) board_laiwfs300: TPT29555A (IOEX) NOT found at 0x20 (NACK)
I (15225) board_laiwfs300: ES8311 (Codec) found at 0x18
I (15230) board_laiwfs300: ES7210 (ADC) found at 0x40
I (15235) board_laiwfs300: AIP8563 (RTC) found at 0x51
I (15240) board_laiwfs300: BMI260 (IMU @0x68) found at 0x68
W (15245) board_laiwfs300: BMI260 (IMU @0x69) NOT found at 0x69 (NACK)
I (15251) board_laiwfs300: SP0A39 (Camera) found at 0x21
I (15258) board_laiwfs300: ES8311 chip ID: 0x83 0x11
I (15262) board_laiwfs300: ES7210 chip ID: 0x72
I (15267) board_laiwfs300: AIP8563 RTC time: 21:40:08 (BCD raw)
I (15271) board_laiwfs300: BMI260 chip ID: 0x27 (expect 0x27)
I (15276) board_laiwfs300: init SPI bus manager
I (15282) board_laiwfs300: init ADC service
I (15285) board_adc: ADC1 oneshot initialized
I (15289) board_laiwfs300: init board power service
I (15294) board_laiwfs300: ADC D0_DETECT (GPIO1): raw=4095 (~3100 mV)
I (15299) board_laiwfs300: ADC BAT_ADC (GPIO7): raw=1647 (~1246 mV)
I (15305) board_laiwfs300: ADC SW_ADC (GPIO8): raw=4095 (~3100 mV)
I (15311) board_laiwfs300: init IO expander: TPT29555A addr=0x22
I (15320) io_expander: TPT29555A initialized at 0x22
I (15322) board_laiwfs300: IO expander initialized OK
I (15326) board_laiwfs300: init module detect
I (15331) board_laiwfs300: register detection rules
I (15335) board_laiwfs300: register default capabilities
I (15340) board_laiwfs300: board init complete (ioex=OK)
I (15345) rc_tank: [STEP] Motor init starting...
I (15350) board_motor: motor input 1 -> GPIO5 / LEDC channel 0
I (15355) board_motor: motor input 2 -> GPIO4 / LEDC channel 1
I (15361) board_motor: motor input 3 -> GPIO37 / LEDC channel 2
I (15366) board_motor: motor input 4 -> GPIO45 / LEDC channel 3
I (15372) rc_control: Motor initialized
I (15375) rc_tank: [STEP] Motor init OK
I (15379) rc_tank: [STEP] Display init starting...
I (15384) rc_video: Initializing Tank display
I (15389) display_hal: init ST7789V3 LCD 240x320 SPI host=1
E (15534) spi: spi_bus_initialize(816): SPI bus already initialized.
I (15655) display_hal: ST7789V3 LCD initialized
I (15655) board_display: display mapped: MOSI=GPIO13 SCK=GPIO12 CS=GPIO10 DC=GPIO16 BL=GPIO17 LCD_RST=IOEX P1_5 pclk=20000000
I (15660) rc_video: Tank display task started (status screen)
I (15661) rc_video: Tank display initialized (status task owns LCD)
I (15671) rc_tank: [STEP] Display init OK
I (15675) rc_tank: [STEP] Camera init starting...
I (15679) rc_video: Initializing camera (SP0A39 640x480 VYUY)
I (15685) board_camera: initializing SP0A39 camera mode=0 640x480
I (15690) camera_hal: init SP0A39 DVP 640x480 (SCCB manual mode)
I (15696) camera_hal: configuring IOEX pins for camera RESET/PWDN
I (15703) camera_hal: PWDN=HIGH (power down)
I (15716) camera_hal: PWDN=LOW (release sensor)
I (15916) camera_hal: RESET=LOW (assert reset)
I (15936) camera_hal: RESET=HIGH (release reset)
I (16936) camera_hal: full I2C scan after camera power-up (diagnostic only)...
I (16938) camera_hal:   post-powerup ACK at 0x15
I (16938) camera_hal:   post-powerup ACK at 0x18
I (16941) camera_hal:   post-powerup ACK at 0x21
I (16945) camera_hal:   post-powerup ACK at 0x22
I (16953) camera_hal:   post-powerup ACK at 0x40
I (16955) camera_hal:   post-powerup ACK at 0x51
I (16961) camera_hal:   post-powerup ACK at 0x68
I (16964) camera_hal: DVP GPIO diagnostics (checking PCLK/VSYNC/HSYNC activity)...
I (17030) camera_hal: DVP diagnostics: PCLK_changes=0 VSYNC_changes=0 HSYNC_changes=0
W (17030) camera_hal: PCLK has no transitions - MCLK likely not reaching sensor or sensor not active
I (17035) camera_hal: using sensor address 0x21
I (17040) camera_hal: SP0A39 I2C device added at 0x21
I (17046) camera_hal: SP0A39 chip ID: 0x0A39
I (17168) camera_hal: SP0A39 register init done: VYUY 640x480 (359 regs)
I (17169) camera_hal: [CAM-PROBE] SP0A39 p0_31 stage=post_table value=0x00 expected=0x01
E (17171) camera_hal: camera_hal_verify_expected_output_p0_31(92): unexpected p0_31=0x00 at post_table
W (17180) camera_hal: [CAM-PROBE] output state differs after table; continuing: ESP_ERR_INVALID_RESPONSE
I (17210) camera_hal: [CAM-PROBE] SP0A39 p0_31 stage=post_delay value=0x01 expected=0x01
I (17211) camera_hal: camera HAL initialized (sensor ready, DVP capture not yet implemented)
I (17215) board_camera: camera ready
I (17223) camera_hal: SP0A39 output regs: P0:1c=0x00 P0:30=0x01 P0:31=0x01 P1:32=0x15 P1:34=0xeb P1:35=0x00 P1:36=0x10
I (17355) rc_video:   3 DMA-capable PSRAM framebuffers allocated (600 KB each)
I (17358) dvp_ext: DVP Extended camera controller driver is initialized
I (17359) dvp_ext: [STABLE-DVP] assembly uses GDMA-EOF direct copy; dma=102400 half=51200 queue_data_events=suppressed eof_desc=probe
I (17369) rc_video: [STABLE-CAPTURE] staged DVP controller created dma=102400 half=51200
I (17377) rc_video: Camera initialized
I (17381) rc_tank: [STEP] Camera init OK
I (17384) rc_tank: [STEP] Network init starting...
I (17390) rc_net: Initializing as SoftAP (Tank)
I (17395) pp: pp rom version: e7ae62f
I (17397) net80211: net80211 rom version: e7ae62f
I (17403) wifi:wifi driver task: 3fce4b10, prio:23, stack:6656, core=0
I (17414) wifi:wifi firmware version: 0947e8b
I (17415) wifi:wifi certification version: v7.0
I (17416) wifi:config NVS flash: enabled
I (17419) wifi:config nano formatting: disabled
I (17424) wifi:Init data frame dynamic rx buffer num: 32
I (17429) wifi:Init static rx mgmt buffer num: 5
I (17433) wifi:Init management short buffer num: 32
I (17437) wifi:Init dynamic tx buffer num: 64
I (17442) wifi:Init static tx FG buffer num: 2
I (17446) wifi:Init static rx buffer size: 1600
I (17450) wifi:Init static rx buffer num: 10
I (17454) wifi:Init dynamic rx buffer num: 32
I (17459) wifi_init: rx ba win: 6
I (17461) wifi_init: accept mbox: 6
I (17464) wifi_init: tcpip mbox: 16
I (17467) wifi_init: udp mbox: 6
I (17470) wifi_init: tcp mbox: 6
I (17473) wifi_init: tcp tx win: 5760
I (17477) wifi_init: tcp rx win: 5760
I (17480) wifi_init: tcp mss: 1440
I (17483) wifi_init: WiFi IRAM OP enabled
I (17487) wifi_init: WiFi RX IRAM OP enabled
I (17492) rc_net: AP set_mode/config, SSID=RC_TANK_F3AE79 ch=1
I (17501) phy_init: phy_version 711,97bcf0a2,Aug 25 2025,19:04:10
I (17544) wifi:mode : softAP (44:1b:f6:f3:ae:79)
I (17548) wifi:Total power save buffer number: 32
I (17549) wifi:Init max length of beacon: 752/752
I (17550) wifi:Init max length of beacon: 752/752
I (17552) rc_net: SoftAP started, SSID: RC_TANK_F3AE79, Password: 12345678
I (17553) esp_netif_lwip: DHCP server started on interface WIFI_AP_DEF with IP: 192.168.4.1
I (17566) rc_tank: [STEP] Network init OK
I (17569) rc_tank: Tank SoftAP ready, waiting for remote...
I (17575) rc_control: Ctrl RX task started
I (17579) rc_control: Tank control started
I (17582) rc_tank: Tank running (video + control; audio disabled)
I (17588) rc_tank: app_main done, idle loop
I (18523) wifi:new:<1,1>, old:<1,1>, ap:<1,1>, sta:<255,255>, prof:1, snd_ch_cfg:0x0
I (18524) wifi:station: 44:1b:f6:f3:ae:40 join, AID=1, bgn, 40U
I (18560) rc_net: STA connected, MAC: 44:1b:f6:f3:ae:40
I (18610) esp_netif_lwip: DHCP server assigned IP to a client, IP is: 192.168.4.2
I (18611) rc_net: STA assigned IP: 192.168.4.2
I (18611) rc_tank: Network connected, peer: 192.168.4.2
W (18618) rc_tank: [DVP-MATRIX] start stage=7 strategy=rebuild_before_and_after_udp video_tx=not_created capture=not_started
E (18628) gpio: gpio_install_isr_service(537): GPIO isr service already installed
I (18635) dvp_ext: DVP Extended camera controller driver is initialized
I (18640) dvp_ext: [STABLE-DVP] assembly uses GDMA-EOF direct copy; dma=102400 half=51200 queue_data_events=suppressed eof_desc=probe
W (18652) rc_video: [DVP-REBUILD] complete old=0x3fcebf50 new=0x3fcebf50 drained=0 internal=88683->88683; GDMA channel/descriptors/event queue/task recreated
I (18666) rc_net: Ctrl UDP socket bound to port 8001
I (18671) rc_net: Video UDP socket bound to port 8002
I (18676) rc_net: Audio TCP listening on port 8003
I (18680) rc_tank: Socket channels started
E (18684) gpio: gpio_install_isr_service(537): GPIO isr service already installed
I (18692) dvp_ext: DVP Extended camera controller driver is initialized
I (18697) dvp_ext: [STABLE-DVP] assembly uses GDMA-EOF direct copy; dma=102400 half=51200 queue_data_events=suppressed eof_desc=probe
W (18709) rc_video: [DVP-REBUILD] complete old=0x3fcebf50 new=0x3fcebf50 drained=0 internal=87623->87623; GDMA channel/descriptors/event queue/task recreated
I (18722) rc_video: No local preview active; formal video handoff skipped
I (18731) camera_hal: [CAM-PROBE] SP0A39 p0_31 stage=dvp_started value=0x01 expected=0x01
I (18743) rc_video: Video TX task started (240x180, sensor-driven, Q=60)
I (18743) rc_video: TX theory: raw=614400 B/frame, encoded YUV=86400 B/frame, target10fps raw=0.86 MB/s
I (18789) rc_video: PSRAM TX buffers: subsample=86400B jpeg=43200B send=43208B free_psram=5592524 free_internal=59211
I (18792) rc_video: TX buffer caps: subsample=0x3c350120(psram=1) jpeg=0x3c3652a4(psram=1) send=0x3c36fea8(psram=1)
I (18849) rc_net: [CAM-PROBE] Video TX seq=0 jpeg_len=8314 crc32=0x15cf2882 chunks=7
I (18854) rc_video: Tank video started (camera source)
W (18856) rc_tank: [DVP-MATRIX] observe stage=7 strategy=rebuild_before_and_after_udp duration_ms=45000 under live Q60/UDP load
W (18860) rc_net: Video UDP send failed: seq=0 chunk=4/7 bytes=1208 sent=-1 errno=12 attempts=4
W (18908) rc_video: Video send failed: ESP_FAIL
W (19006) rc_video: Video send failed: ESP_FAIL
W (19057) rc_video: Video send failed: ESP_FAIL
W (19202) rc_video: Video send failed: ESP_FAIL
W (19253) rc_video: Video send failed: ESP_FAIL
W (19402) rc_video: Video send failed: ESP_FAIL
W (19452) rc_video: Video send failed: ESP_FAIL
W (19599) rc_video: Video send failed: ESP_FAIL
W (20043) rc_net: Video UDP send failed: seq=12 chunk=6/7 bytes=1208 sent=-1 errno=12 attempts=4
W (20044) rc_video: Video send failed: ESP_FAIL
W (20192) rc_video: Video send failed: ESP_FAIL
W (20244) rc_video: Video send failed: ESP_FAIL
W (20388) rc_video: Video send failed: ESP_FAIL
W (20440) rc_video: Video send failed: ESP_FAIL
W (20588) rc_video: Video send failed: ESP_FAIL
W (20640) rc_video: Video send failed: ESP_FAIL
W (20785) rc_video: Video send failed: ESP_FAIL
W (20837) rc_video: Video send failed: ESP_FAIL
W (20982) rc_video: Video send failed: ESP_FAIL
W (21033) rc_video: Video send failed: ESP_FAIL
W (21181) rc_net: Video UDP send failed: seq=23 chunk=1/8 bytes=1208 sent=-1 errno=12 attempts=4
W (21181) rc_video: Video send failed: ESP_FAIL
W (21236) rc_video: Video send failed: ESP_FAIL
W (21380) rc_video: Video send failed: ESP_FAIL
W (21432) rc_video: Video send failed: ESP_FAIL
W (21576) rc_video: Video send failed: ESP_FAIL
W (21627) rc_video: Video send failed: ESP_FAIL
W (21774) rc_video: Video send failed: ESP_FAIL
I (21822) rc_net: [CAM-PROBE] Video TX seq=30 jpeg_len=8840 crc32=0xe2312745 chunks=8
W (21831) rc_video: Video send failed: ESP_FAIL
W (21972) rc_video: Video send failed: ESP_FAIL
W (22023) rc_video: Video send failed: ESP_FAIL
W (22169) rc_video: Video send failed: ESP_FAIL
W (22221) rc_net: Video UDP send failed: seq=34 chunk=1/8 bytes=1208 sent=-1 errno=12 attempts=4
W (22221) rc_video: Video send failed: ESP_FAIL
W (22367) rc_video: Video send failed: ESP_FAIL
W (22420) rc_video: Video send failed: ESP_FAIL
W (22620) rc_video: Video send failed: ESP_FAIL
W (22766) rc_video: Video send failed: ESP_FAIL
W (22819) rc_video: Video send failed: ESP_FAIL
W (22961) rc_video: Video send failed: ESP_FAIL
W (23014) rc_video: Video send failed: ESP_FAIL
W (23159) rc_video: Video send failed: ESP_FAIL
W (23214) rc_video: Video send failed: ESP_FAIL
W (23360) rc_net: Video UDP send failed: seq=45 chunk=6/8 bytes=1208 sent=-1 errno=12 attempts=4
W (23361) rc_video: Video send failed: ESP_FAIL
W (23415) rc_video: Video send failed: ESP_FAIL
W (23555) rc_video: Video send failed: ESP_FAIL
W (23609) rc_video: Video send failed: ESP_FAIL
W (23767) rc_video: Video send failed: ESP_FAIL
W (23863) rc_video: Video send failed: ESP_FAIL
W (23960) rc_video: Video send failed: ESP_FAIL
W (24054) rc_video: Video send failed: ESP_FAIL
W (24152) rc_video: Video send failed: ESP_FAIL
W (24206) rc_video: Video send failed: ESP_FAIL
W (24349) rc_video: Video send failed: ESP_FAIL
W (24404) rc_net: Video UDP send failed: seq=56 chunk=1/8 bytes=1208 sent=-1 errno=12 attempts=4
W (24406) rc_video: Video send failed: ESP_FAIL
I (24790) rc_net: [CAM-PROBE] Video TX seq=60 jpeg_len=8731 crc32=0x243109fd chunks=8
W (24801) rc_video: Video send failed: ESP_FAIL
W (24942) rc_video: Video send failed: ESP_FAIL
W (24995) rc_video: Video send failed: ESP_FAIL
W (25139) rc_video: Video send failed: ESP_FAIL
W (25190) rc_video: Video send failed: ESP_FAIL
W (25335) rc_video: Video send failed: ESP_FAIL
W (25389) rc_video: Video send failed: ESP_FAIL
W (25533) rc_net: Video UDP send failed: seq=67 chunk=1/8 bytes=1208 sent=-1 errno=12 attempts=4
W (25534) rc_video: Video send failed: ESP_FAIL
W (25588) rc_video: Video send failed: ESP_FAIL
W (25732) rc_video: Video send failed: ESP_FAIL
W (25785) rc_video: Video send failed: ESP_FAIL
W (25930) rc_video: Video send failed: ESP_FAIL
W (25983) rc_video: Video send failed: ESP_FAIL
W (26128) rc_video: Video send failed: ESP_FAIL
W (26185) rc_video: Video send failed: ESP_FAIL
W (26326) rc_video: Video send failed: ESP_FAIL
W (26378) rc_video: Video send failed: ESP_FAIL
W (26921) rc_net: Video UDP send failed: seq=81 chunk=3/7 bytes=1208 sent=-1 errno=12 attempts=4
W (26921) rc_video: Video send failed: ESP_FAIL
W (26973) rc_video: Video send failed: ESP_FAIL
W (27118) rc_video: Video send failed: ESP_FAIL
W (27169) rc_video: Video send failed: ESP_FAIL
W (27313) rc_video: Video send failed: ESP_FAIL
W (27363) rc_video: Video send failed: ESP_FAIL
W (27514) rc_video: Video send failed: ESP_FAIL
W (27565) rc_video: Video send failed: ESP_FAIL
W (27710) rc_video: Video send failed: ESP_FAIL
I (27757) rc_net: [CAM-PROBE] Video TX seq=90 jpeg_len=8356 crc32=0x32f415eb chunks=7
W (27765) rc_video: Video send failed: ESP_FAIL
W (27908) rc_video: Video send failed: ESP_FAIL
W (27958) rc_net: Video UDP send failed: seq=92 chunk=1/7 bytes=1208 sent=-1 errno=12 attempts=4
W (27958) rc_video: Video send failed: ESP_FAIL
W (28108) rc_video: Video send failed: ESP_FAIL
W (28159) rc_video: Video send failed: ESP_FAIL
W (28303) rc_video: Video send failed: ESP_FAIL
W (28354) rc_video: Video send failed: ESP_FAIL
W (28503) rc_video: Video send failed: ESP_FAIL
W (28957) rc_video: Video send failed: ESP_FAIL
W (29095) rc_net: Video UDP send failed: seq=103 chunk=1/7 bytes=1208 sent=-1 errno=12 attempts=4
W (29095) rc_video: Video send failed: ESP_FAIL
W (29148) rc_video: Video send failed: ESP_FAIL
W (29293) rc_video: Video send failed: ESP_FAIL
W (29345) rc_video: Video send failed: ESP_FAIL
W (29490) rc_video: Video send failed: ESP_FAIL
W (29541) rc_video: Video send failed: ESP_FAIL
W (29689) rc_video: Video send failed: ESP_FAIL
W (29740) rc_video: Video send failed: ESP_FAIL
W (29886) rc_video: Video send failed: ESP_FAIL
W (29936) rc_video: Video send failed: ESP_FAIL
W (30084) rc_video: Video send failed: ESP_FAIL
W (30134) rc_net: Video UDP send failed: seq=114 chunk=1/7 bytes=1208 sent=-1 errno=12 attempts=4
W (30134) rc_video: Video send failed: ESP_FAIL
W (30283) rc_video: Video send failed: ESP_FAIL
W (30333) rc_video: Video send failed: ESP_FAIL
W (30483) rc_video: Video send failed: ESP_FAIL
I (30726) rc_net: [CAM-PROBE] Video TX seq=120 jpeg_len=8378 crc32=0x1540535e chunks=7
W (30928) rc_video: Video send failed: ESP_FAIL
W (31076) rc_video: Video send failed: ESP_FAIL
W (31128) rc_video: Video send failed: ESP_FAIL
W (31271) rc_net: Video UDP send failed: seq=125 chunk=1/7 bytes=1208 sent=-1 errno=12 attempts=4
W (31272) rc_video: Video send failed: ESP_FAIL
W (31324) rc_video: Video send failed: ESP_FAIL
W (31469) rc_video: Video send failed: ESP_FAIL
W (31520) rc_video: Video send failed: ESP_FAIL
W (31667) rc_video: Video send failed: ESP_FAIL
W (31719) rc_video: Video send failed: ESP_FAIL
W (31865) rc_video: Video send failed: ESP_FAIL
W (31917) rc_video: Video send failed: ESP_FAIL
W (32066) rc_video: Video send failed: ESP_FAIL
W (32120) rc_video: Video send failed: ESP_FAIL
W (32265) rc_video: Video send failed: ESP_FAIL
W (32317) rc_net: Video UDP send failed: seq=136 chunk=1/8 bytes=1208 sent=-1 errno=12 attempts=4
W (32317) rc_video: Video send failed: ESP_FAIL
W (32462) rc_video: Video send failed: ESP_FAIL
W (32514) rc_video: Video send failed: ESP_FAIL
W (33055) rc_video: Video send failed: ESP_FAIL
W (33106) rc_video: Video send failed: ESP_FAIL
W (33251) rc_video: Video send failed: ESP_FAIL
W (33302) rc_video: Video send failed: ESP_FAIL
W (33450) rc_net: Video UDP send failed: seq=147 chunk=1/8 bytes=1208 sent=-1 errno=12 attempts=4
W (33450) rc_video: Video send failed: ESP_FAIL
W (33503) rc_video: Video send failed: ESP_FAIL
W (33648) rc_video: Video send failed: ESP_FAIL
I (33696) rc_net: [CAM-PROBE] Video TX seq=150 jpeg_len=9258 crc32=0xd1370689 chunks=8
W (33705) rc_video: Video send failed: ESP_FAIL
W (33847) rc_video: Video send failed: ESP_FAIL
W (33898) rc_video: Video send failed: ESP_FAIL
W (34048) rc_video: Video send failed: ESP_FAIL
W (34101) rc_video: Video send failed: ESP_FAIL
W (34241) rc_video: Video send failed: ESP_FAIL
W (34293) rc_video: Video send failed: ESP_FAIL
W (34439) rc_video: Video send failed: ESP_FAIL
W (34491) rc_net: Video UDP send failed: seq=158 chunk=1/8 bytes=1208 sent=-1 errno=12 attempts=4
W (34491) rc_video: Video send failed: ESP_FAIL
W (35034) rc_video: Video send failed: ESP_FAIL
W (35088) rc_video: Video send failed: ESP_FAIL
I (35136) rc_net: STA disconnected, MAC: 44:1b:f6:f3:ae:40
W (35137) rc_control: Network disconnected: motor stop enforced
W (35138) rc_tank: Network disconnected
W (35201) rc_video: Video send failed: ESP_ERR_INVALID_STATE
W (35347) rc_video: Video send failed: ESP_ERR_INVALID_STATE
W (35395) rc_video: Video send failed: ESP_ERR_INVALID_STATE
W (35543) rc_video: Video send failed: ESP_ERR_INVALID_STATE
W (35592) rc_video: Video send failed: ESP_ERR_INVALID_STATE
W (35743) rc_video: Video send failed: ESP_ERR_INVALID_STATE
W (35792) rc_video: Video send failed: ESP_ERR_INVALID_STATE
W (35939) rc_video: Video send failed: ESP_ERR_INVALID_STATE
W (35988) rc_video: Video send failed: ESP_ERR_INVALID_STATE
W (36137) rc_video: Video send failed: ESP_ERR_INVALID_STATE
W (36184) rc_video: Video send failed: ESP_ERR_INVALID_STATE
W (36336) rc_video: Video send failed: ESP_ERR_INVALID_STATE
W (36384) rc_video: Video send failed: ESP_ERR_INVALID_STATE
W (36535) rc_video: Video send failed: ESP_ERR_INVALID_STATE
W (36582) rc_video: Video send failed: ESP_ERR_INVALID_STATE
W (36730) rc_video: Video send failed: ESP_ERR_INVALID_STATE
W (36778) rc_video: Video send failed: ESP_ERR_INVALID_STATE
W (36929) rc_video: Video send failed: ESP_ERR_INVALID_STATE
W (36977) rc_video: Video send failed: ESP_ERR_INVALID_STATE
W (37128) rc_video: Video send failed: ESP_ERR_INVALID_STATE
W (37175) rc_video: Video send failed: ESP_ERR_INVALID_STATE
W (37325) rc_video: Video send failed: ESP_ERR_INVALID_STATE
W (37372) rc_video: Video send failed: ESP_ERR_INVALID_STATE
W (37525) rc_video: Video send failed: ESP_ERR_INVALID_STATE
W (37572) rc_video: Video send failed: ESP_ERR_INVALID_STATE
W (37721) rc_video: Video send failed: ESP_ERR_INVALID_STATE
W (37770) rc_video: Video send failed: ESP_ERR_INVALID_STATE
W (37919) rc_video: Video send failed: ESP_ERR_INVALID_STATE
W (37968) rc_video: Video send failed: ESP_ERR_INVALID_STATE
W (38117) rc_video: Video send failed: ESP_ERR_INVALID_STATE
W (38166) rc_video: Video send failed: ESP_ERR_INVALID_STATE
W (38315) rc_video: Video send failed: ESP_ERR_INVALID_STATE
W (38364) rc_video: Video send failed: ESP_ERR_INVALID_STATE
W (38512) rc_video: Video send failed: ESP_ERR_INVALID_STATE
W (38562) rc_video: Video send failed: ESP_ERR_INVALID_STATE
W (38709) rc_video: Video send failed: ESP_ERR_INVALID_STATE
W (38758) rc_video: Video send failed: ESP_ERR_INVALID_STATE
W (38906) rc_video: Video send failed: ESP_ERR_INVALID_STATE
W (38955) rc_video: Video send failed: ESP_ERR_INVALID_STATE
W (39104) rc_video: Video send failed: ESP_ERR_INVALID_STATE
W (39152) rc_video: Video send failed: ESP_ERR_INVALID_STATE
W (39302) rc_video: Video send failed: ESP_ERR_INVALID_STATE
W (39350) rc_video: Video send failed: ESP_ERR_INVALID_STATE
W (39503) rc_video: Video send failed: ESP_ERR_INVALID_STATE
W (39551) rc_video: Video send failed: ESP_ERR_INVALID_STATE
W (39699) rc_video: Video send failed: ESP_ERR_INVALID_STATE
W (39747) rc_video: Video send failed: ESP_ERR_INVALID_STATE
W (39899) rc_video: Video send failed: ESP_ERR_INVALID_STATE
W (39947) rc_video: Video send failed: ESP_ERR_INVALID_STATE
W (40097) rc_video: Video send failed: ESP_ERR_INVALID_STATE
W (40146) rc_video: Video send failed: ESP_ERR_INVALID_STATE
W (40301) rc_video: Video send failed: ESP_ERR_INVALID_STATE
W (40351) rc_video: Video send failed: ESP_ERR_INVALID_STATE
W (40490) rc_video: Video send failed: ESP_ERR_INVALID_STATE
W (40538) rc_video: Video send failed: ESP_ERR_INVALID_STATE
W (40690) rc_video: Video send failed: ESP_ERR_INVALID_STATE
W (40739) rc_video: Video send failed: ESP_ERR_INVALID_STATE
W (40886) rc_video: Video send failed: ESP_ERR_INVALID_STATE
W (40934) rc_video: Video send failed: ESP_ERR_INVALID_STATE
W (41084) rc_video: Video send failed: ESP_ERR_INVALID_STATE
W (41132) rc_video: Video send failed: ESP_ERR_INVALID_STATE
W (41282) rc_video: Video send failed: ESP_ERR_INVALID_STATE
W (41330) rc_video: Video send failed: ESP_ERR_INVALID_STATE
W (41482) rc_video: Video send failed: ESP_ERR_INVALID_STATE
W (41530) rc_video: Video send failed: ESP_ERR_INVALID_STATE
W (41680) rc_video: Video send failed: ESP_ERR_INVALID_STATE
W (41728) rc_video: Video send failed: ESP_ERR_INVALID_STATE
W (41877) rc_video: Video send failed: ESP_ERR_INVALID_STATE
W (41925) rc_video: Video send failed: ESP_ERR_INVALID_STATE
W (42075) rc_video: Video send failed: ESP_ERR_INVALID_STATE
W (42123) rc_video: Video send failed: ESP_ERR_INVALID_STATE
W (42273) rc_video: Video send failed: ESP_ERR_INVALID_STATE
W (42320) rc_video: Video send failed: ESP_ERR_INVALID_STATE
W (42469) rc_video: Video send failed: ESP_ERR_INVALID_STATE
W (42517) rc_video: Video send failed: ESP_ERR_INVALID_STATE
W (42667) rc_video: Video send failed: ESP_ERR_INVALID_STATE
W (42715) rc_video: Video send failed: ESP_ERR_INVALID_STATE
W (42866) rc_video: Video send failed: ESP_ERR_INVALID_STATE
W (42913) rc_video: Video send failed: ESP_ERR_INVALID_STATE
W (43063) rc_video: Video send failed: ESP_ERR_INVALID_STATE
W (43111) rc_video: Video send failed: ESP_ERR_INVALID_STATE
W (43264) rc_video: Video send failed: ESP_ERR_INVALID_STATE
W (43311) rc_video: Video send failed: ESP_ERR_INVALID_STATE
W (43461) rc_video: Video send failed: ESP_ERR_INVALID_STATE
W (43509) rc_video: Video send failed: ESP_ERR_INVALID_STATE
W (43659) rc_video: Video send failed: ESP_ERR_INVALID_STATE
W (43707) rc_video: Video send failed: ESP_ERR_INVALID_STATE
W (43857) rc_video: Video send failed: ESP_ERR_INVALID_STATE
W (43905) rc_video: Video send failed: ESP_ERR_INVALID_STATE
W (44056) rc_video: Video send failed: ESP_ERR_INVALID_STATE
W (44105) rc_video: Video send failed: ESP_ERR_INVALID_STATE
W (44250) rc_video: Video send failed: ESP_ERR_INVALID_STATE
W (44298) rc_video: Video send failed: ESP_ERR_INVALID_STATE
W (44448) rc_video: Video send failed: ESP_ERR_INVALID_STATE
W (44497) rc_video: Video send failed: ESP_ERR_INVALID_STATE
W (44646) rc_video: Video send failed: ESP_ERR_INVALID_STATE
W (44695) rc_video: Video send failed: ESP_ERR_INVALID_STATE
W (44844) rc_video: Video send failed: ESP_ERR_INVALID_STATE
W (44892) rc_video: Video send failed: ESP_ERR_INVALID_STATE
W (45041) rc_video: Video send failed: ESP_ERR_INVALID_STATE
W (45089) rc_video: Video send failed: ESP_ERR_INVALID_STATE
W (45242) rc_video: Video send failed: ESP_ERR_INVALID_STATE
W (45289) rc_video: Video send failed: ESP_ERR_INVALID_STATE
W (45446) rc_video: Video send failed: ESP_ERR_INVALID_STATE
W (45495) rc_video: Video send failed: ESP_ERR_INVALID_STATE
W (45638) rc_video: Video send failed: ESP_ERR_INVALID_STATE
W (45684) rc_video: Video send failed: ESP_ERR_INVALID_STATE
W (45835) rc_video: Video send failed: ESP_ERR_INVALID_STATE
W (45882) rc_video: Video send failed: ESP_ERR_INVALID_STATE
W (46033) rc_video: Video send failed: ESP_ERR_INVALID_STATE
W (46080) rc_video: Video send failed: ESP_ERR_INVALID_STATE
W (46228) rc_video: Video send failed: ESP_ERR_INVALID_STATE
W (46275) rc_video: Video send failed: ESP_ERR_INVALID_STATE
W (46428) rc_video: Video send failed: ESP_ERR_INVALID_STATE
W (46476) rc_video: Video send failed: ESP_ERR_INVALID_STATE
W (46624) rc_video: Video send failed: ESP_ERR_INVALID_STATE
W (46671) rc_video: Video send failed: ESP_ERR_INVALID_STATE
W (46821) rc_video: Video send failed: ESP_ERR_INVALID_STATE
W (46869) rc_video: Video send failed: ESP_ERR_INVALID_STATE
W (47020) rc_video: Video send failed: ESP_ERR_INVALID_STATE
W (47069) rc_video: Video send failed: ESP_ERR_INVALID_STATE
W (47221) rc_video: Video send failed: ESP_ERR_INVALID_STATE
W (47270) rc_video: Video send failed: ESP_ERR_INVALID_STATE
W (47419) rc_video: Video send failed: ESP_ERR_INVALID_STATE
W (47468) rc_video: Video send failed: ESP_ERR_INVALID_STATE
I (47603) wifi:starting SA query procedure with STA(44:1b:f6:f3:ae:40)
I (47605) wifi:Send SA Query req with transaction id dadf
W (47621) rc_video: Video send failed: ESP_ERR_INVALID_STATE
I (47621) rc_net: STA disconnected, MAC: 44:1b:f6:f3:ae:40
W (47684) rc_video: Video send failed: ESP_ERR_INVALID_STATE
W (47727) rc_control: Network disconnected: motor stop enforced
W (47727) rc_tank: Network disconnected
I (47805) wifi:Send SA Query req with transaction id dae0
W (47819) rc_video: Video send failed: ESP_ERR_INVALID_STATE
W (47866) rc_video: Video send failed: ESP_ERR_INVALID_STATE
I (48005) wifi:Send SA Query req with transaction id dae1
W (48012) rc_video: Video send failed: ESP_ERR_INVALID_STATE
W (48060) rc_video: Video send failed: ESP_ERR_INVALID_STATE
I (48205) wifi:Send SA Query req with transaction id dae2
W (48209) rc_video: Video send failed: ESP_ERR_INVALID_STATE
W (48255) rc_video: Video send failed: ESP_ERR_INVALID_STATE
I (48405) wifi:Send SA Query req with transaction id dae3
W (48409) rc_video: Video send failed: ESP_ERR_INVALID_STATE
W (48455) rc_video: Video send failed: ESP_ERR_INVALID_STATE
I (48605) wifi:Send SA Query req with transaction id dae4
W (48606) rc_video: Video send failed: ESP_ERR_INVALID_STATE
I (48629) wifi:STA not responded to 6 SA Query attempts, Reset connection sending disassoc
W (48654) rc_video: Video send failed: ESP_ERR_INVALID_STATE
W (48803) rc_video: Video send failed: ESP_ERR_INVALID_STATE
W (48852) rc_video: Video send failed: ESP_ERR_INVALID_STATE
W (49001) rc_video: Video send failed: ESP_ERR_INVALID_STATE
I (49049) wifi:station: 44:1b:f6:f3:ae:40 leave, AID = 1, reason = 209, bss_flags is 756851, bss:0x3fcf13f4
I (49050) wifi:new:<1,0>, old:<1,1>, ap:<1,1>, sta:<255,255>, prof:1, snd_ch_cfg:0x0
I (49057) wifi:new:<1,1>, old:<1,0>, ap:<1,1>, sta:<255,255>, prof:1, snd_ch_cfg:0x0
W (49066) rc_video: Video send failed: ESP_ERR_INVALID_STATE
I (49185) wifi:removing station <44:1b:f6:f3:ae:40> after unsuccessful auth/assoc, AID = 0
W (49186) wifi:rm mis
I (49187) wifi:new:<1,0>, old:<1,1>, ap:<1,1>, sta:<255,255>, prof:1, snd_ch_cfg:0x0
I (49193) wifi:new:<1,1>, old:<1,0>, ap:<1,1>, sta:<255,255>, prof:1, snd_ch_cfg:0x0
W (49214) rc_video: Video send failed: ESP_ERR_INVALID_STATE
I (49214) rc_net: STA disconnected, MAC: 44:1b:f6:f3:ae:40
W (49262) rc_control: Network disconnected: motor stop enforced
W (49262) rc_tank: Network disconnected
W (49261) rc_video: Video send failed: ESP_ERR_INVALID_STATE
W (49405) rc_video: Video send failed: ESP_ERR_INVALID_STATE
W (49554) rc_video: Video send failed: ESP_ERR_INVALID_STATE
W (49600) rc_video: Video send failed: ESP_ERR_INVALID_STATE
W (49753) rc_video: Video send failed: ESP_ERR_INVALID_STATE
W (49800) rc_video: Video send failed: ESP_ERR_INVALID_STATE
W (49950) rc_video: Video send failed: ESP_ERR_INVALID_STATE
W (49998) rc_video: Video send failed: ESP_ERR_INVALID_STATE
W (50147) rc_video: Video send failed: ESP_ERR_INVALID_STATE
W (50194) rc_video: Video send failed: ESP_ERR_INVALID_STATE
W (50345) rc_video: Video send failed: ESP_ERR_INVALID_STATE
W (50394) rc_video: Video send failed: ESP_ERR_INVALID_STATE
W (50542) rc_video: Video send failed: ESP_ERR_INVALID_STATE
W (50590) rc_video: Video send failed: ESP_ERR_INVALID_STATE
W (50743) rc_video: Video send failed: ESP_ERR_INVALID_STATE
W (50790) rc_video: Video send failed: ESP_ERR_INVALID_STATE
W (50939) rc_video: Video send failed: ESP_ERR_INVALID_STATE
W (50985) rc_video: Video send failed: ESP_ERR_INVALID_STATE
W (51136) rc_video: Video send failed: ESP_ERR_INVALID_STATE
W (51184) rc_video: Video send failed: ESP_ERR_INVALID_STATE
W (51333) rc_video: Video send failed: ESP_ERR_INVALID_STATE
W (51381) rc_video: Video send failed: ESP_ERR_INVALID_STATE
W (51532) rc_video: Video send failed: ESP_ERR_INVALID_STATE
W (51580) rc_video: Video send failed: ESP_ERR_INVALID_STATE
W (51732) rc_video: Video send failed: ESP_ERR_INVALID_STATE
W (51780) rc_video: Video send failed: ESP_ERR_INVALID_STATE
W (51928) rc_video: Video send failed: ESP_ERR_INVALID_STATE
W (51976) rc_video: Video send failed: ESP_ERR_INVALID_STATE
W (52127) rc_video: Video send failed: ESP_ERR_INVALID_STATE
W (52175) rc_video: Video send failed: ESP_ERR_INVALID_STATE
W (52324) rc_video: Video send failed: ESP_ERR_INVALID_STATE
W (52372) rc_video: Video send failed: ESP_ERR_INVALID_STATE
W (52522) rc_video: Video send failed: ESP_ERR_INVALID_STATE
W (52568) rc_video: Video send failed: ESP_ERR_INVALID_STATE
W (52721) rc_video: Video send failed: ESP_ERR_INVALID_STATE
W (52769) rc_video: Video send failed: ESP_ERR_INVALID_STATE
W (52917) rc_video: Video send failed: ESP_ERR_INVALID_STATE
W (52964) rc_video: Video send failed: ESP_ERR_INVALID_STATE
W (53115) rc_video: Video send failed: ESP_ERR_INVALID_STATE
W (53162) rc_video: Video send failed: ESP_ERR_INVALID_STATE
W (53314) rc_video: Video send failed: ESP_ERR_INVALID_STATE
W (53361) rc_video: Video send failed: ESP_ERR_INVALID_STATE
W (53512) rc_video: Video send failed: ESP_ERR_INVALID_STATE
W (53559) rc_video: Video send failed: ESP_ERR_INVALID_STATE
W (53712) rc_video: Video send failed: ESP_ERR_INVALID_STATE
W (53760) rc_video: Video send failed: ESP_ERR_INVALID_STATE
W (53910) rc_video: Video send failed: ESP_ERR_INVALID_STATE
W (53957) rc_video: Video send failed: ESP_ERR_INVALID_STATE
W (54107) rc_video: Video send failed: ESP_ERR_INVALID_STATE
W (54155) rc_video: Video send failed: ESP_ERR_INVALID_STATE
W (54305) rc_video: Video send failed: ESP_ERR_INVALID_STATE
W (54353) rc_video: Video send failed: ESP_ERR_INVALID_STATE
W (54473) rc_video: Video send failed: ESP_ERR_INVALID_STATE
W (54619) rc_video: Video send failed: ESP_ERR_INVALID_STATE
W (54668) rc_video: Video send failed: ESP_ERR_INVALID_STATE
W (54817) rc_video: Video send failed: ESP_ERR_INVALID_STATE
W (54866) rc_video: Video send failed: ESP_ERR_INVALID_STATE
W (55015) rc_video: Video send failed: ESP_ERR_INVALID_STATE
W (55064) rc_video: Video send failed: ESP_ERR_INVALID_STATE
W (55216) rc_video: Video send failed: ESP_ERR_INVALID_STATE
I (55219) wifi:new:<1,1>, old:<1,1>, ap:<1,1>, sta:<255,255>, prof:1, snd_ch_cfg:0x0
I (55220) wifi:station: 44:1b:f6:f3:ae:40 join, AID=1, bgn, 40U
I (55327) esp_netif_lwip: DHCP server assigned IP to a client, IP is: 192.168.4.2
W (55330) rc_video: Video send failed: ESP_ERR_INVALID_STATE
I (55330) rc_net: STA connected, MAC: 44:1b:f6:f3:ae:40
W (55380) rc_video: Video send failed: ESP_ERR_INVALID_STATE
I (55381) rc_net: STA assigned IP: 192.168.4.2
I (55383) rc_video: Local preview stop requested; waiting for video_tx handoff
I (55390) rc_tank: Network connected, peer: 192.168.4.2
W (55395) rc_tank: Channels already started, skip re-init
W (55544) rc_net: Video UDP send failed: seq=369 chunk=4/9 bytes=1208 sent=-1 errno=12 attempts=4
W (55544) rc_video: Video send failed: ESP_FAIL
W (55694) rc_video: Video send failed: ESP_FAIL
W (55746) rc_video: Video send failed: ESP_FAIL
I (55801) esp_netif_lwip: DHCP server assigned IP to a client, IP is: 192.168.4.2
I (55802) rc_net: STA assigned IP: 192.168.4.2
I (55802) rc_video: Local preview stop requested; waiting for video_tx handoff
I (55895) rc_tank: Network connected, peer: 192.168.4.2
W (55896) rc_tank: Channels already started, skip re-init
W (55900) rc_video: Video send failed: ESP_FAIL
W (56005) rc_video: Video send failed: ESP_FAIL
W (56057) rc_video: Video send failed: ESP_FAIL
W (56208) rc_video: Video send failed: ESP_FAIL
W (56260) rc_video: Video send failed: ESP_FAIL
W (56409) rc_video: Video send failed: ESP_FAIL
W (56460) rc_video: Video send failed: ESP_FAIL
W (56603) rc_net: Video UDP send failed: seq=379 chunk=1/8 bytes=1208 sent=-1 errno=12 attempts=4
W (56603) rc_video: Video send failed: ESP_FAIL
W (56656) rc_video: Video send failed: ESP_FAIL
W (56801) rc_video: Video send failed: ESP_FAIL
I (56904) wifi:<ba-add>idx:2 (ifx:1, 44:1b:f6:f3:ae:40), tid:0, ssn:0, winSize:64
I (57006) rc_video: Sent 30 | cap_fps=10.1 send_fps=0.8 capture_size_errors=0 capture_identity_errors=0 | Avg(ms): wait=27.2 cache=0.9 subsample=23.4 encode=45.7 send=3.8 total=101.0 | JPEG=8528B
I (57013) rc_video: [VIDEO-TX] handoff cap=385 get=770 select_fail=0 finished=385 signal=385 acquire=384 acquire_fail=0 release_fail=0 backup=0/0
I (57026) rc_video: [STABLE-CAPTURE] pause=385/385 timeout=0 quiesce=384 resume=384 lifecycle_errors=0 repairs=384 staged_events=4338 copies=4253 fallback=0 errors=0 prepare=385 stale_queue=0 pending_vsync=196 sync=387 complete=385 incomplete=2 incomplete_blocks=18 hold=385/385 hold_timeout=0
I (57682) rc_net: [CAM-PROBE] Video TX seq=390 jpeg_len=8685 crc32=0xd5cc0e16 chunks=8
I (60008) rc_video: Sent 60 | cap_fps=10.0 send_fps=10.0 capture_size_errors=0 capture_identity_errors=0 | Avg(ms): wait=21.0 cache=0.8 subsample=24.1 encode=44.1 send=7.9 total=98.0 | JPEG=8697B
I (60015) rc_video: [VIDEO-TX] handoff cap=415 get=830 select_fail=0 finished=415 signal=415 acquire=414 acquire_fail=0 release_fail=0 backup=0/0
I (60028) rc_video: [STABLE-CAPTURE] pause=415/415 timeout=0 quiesce=414 resume=414 lifecycle_errors=0 repairs=414 staged_events=4672 copies=4583 fallback=0 errors=0 prepare=415 stale_queue=0 pending_vsync=211 sync=417 complete=415 incomplete=2 incomplete_blocks=18 hold=415/415 hold_timeout=0
I (60689) rc_net: [CAM-PROBE] Video TX seq=420 jpeg_len=8692 crc32=0x506b2791 chunks=8
I (63018) rc_video: Sent 90 | cap_fps=10.0 send_fps=10.0 capture_size_errors=0 capture_identity_errors=0 | Avg(ms): wait=23.9 cache=0.9 subsample=24.0 encode=44.5 send=5.2 total=98.3 | JPEG=8740B
I (63025) rc_video: [VIDEO-TX] handoff cap=445 get=890 select_fail=0 finished=445 signal=445 acquire=444 acquire_fail=0 release_fail=0 backup=0/0
I (63038) rc_video: [STABLE-CAPTURE] pause=445/445 timeout=0 quiesce=444 resume=444 lifecycle_errors=0 repairs=444 staged_events=5005 copies=4913 fallback=0 errors=0 prepare=445 stale_queue=0 pending_vsync=226 sync=447 complete=445 incomplete=2 incomplete_blocks=18 hold=445/445 hold_timeout=0
I (63699) rc_net: [CAM-PROBE] Video TX seq=450 jpeg_len=8636 crc32=0x65373536 chunks=8
W (63866) rc_tank: [DVP-MATRIX] result stage=7 strategy=rebuild_before_and_after_udp complete=453 incomplete=2 incomplete_blocks=18 mismatch_hist=0,2,2,2,3,2,2,0,2,5,360 prepare=453 pending=230 hold=453/453 hold_timeout=0
W (63880) rc_tank: [DVP-MATRIX] advancing to stage=8; software restart in 1s
I (64883) wifi:station: 44:1b:f6:f3:ae:40 leave, AID = 1, reason = 2, bss_flags is 756835, bss:0x3fcf13f4
I (64884) wifi:new:<1,0>, old:<1,1>, ap:<1,1>, sta:<255,255>, prof:1, snd_ch_cfg:0x0
I (64890) wifi:<ba-del>idx:2, tid:0
I (64893) wifi:new:<1,1>, old:<1,0>, ap:<1,1>, sta:<255,255>, prof:1, snd_ch_cfg:0x0
I (64944) rc_net: STA disconnected, MAC: 44:1b:f6:f3:ae:40
W (64946) rc_control: Network disconnected: motor stop enforced
W (64946) rc_tank: Network disconnected
W (64945) rc_net: Video UDP send failed: seq=462 chunk=1/7 bytes=1208 sent=-1 errno=-1 attempts=4
W (64957) rc_video: Video send failed: ESP_FAIL
W (65012) rc_video: Video send failed: ESP_ERR_INVALID_STATE
W (65148) rc_video: Video send failed: ESP_ERR_INVALID_STATE
W (65197) rc_video: Video send failed: ESP_ERR_INVALID_STATE
W (65345) rc_video: Video send failed: ESP_ERR_INVALID_STATE
W (65394) rc_video: Video send failed: ESP_ERR_INVALID_STATE
W (65544) rc_video: Video send failed: ESP_ERR_INVALID_STATE
W (65592) rc_video: Video send failed: ESP_ERR_INVALID_STATE
W (65742) rc_video: Video send failed: ESP_ERR_INVALID_STATE
W (65790) rc_video: Video send failed: ESP_ERR_INVALID_STATE
W (65939) rc_video: Video send failed: ESP_ERR_INVALID_STATE
W (65988) rc_video: Video send failed: ESP_ERR_INVALID_STATE
I (66129) wifi:flush txq
I (66130) wifi:stop sw txq
I (66130) wifi:lmac stop hw txq
ESP-ROM:esp32s3-20210327
Build:Mar 27 2021
rst:0xc (RTC_SW_CPU_RST),boot:0x3 (DOWNLOAD(USB/UART0))
Saved PC:0x42015492
waiting for download

[HOST-DVP-MATRIX] RAM bootloader recovery starting
esptool.py v4.12.dev2
Serial port COM7
Connecting....
Chip is ESP32-S3 (QFN56) (revision v0.2)
Features: WiFi, BLE
Crystal is 40MHz
MAC: 44:1b:f6:f3:ae:78
Uploading stub...
Running stub...
Stub running...
RAM boot...
Downloading 5360 bytes at 3fce2820... done!
Downloading 3364 bytes at 403c8700... done!
Downloading 12016 bytes at 403cb700... done!
All segments done, executing at 403c8924
Exiting immediately.

[HOST-DVP-MATRIX] RAM bootloader recovery complete
chip revision: v0.2
I (2942) boot: efuse block revision: v1.3
I (2946) boot.esp32s3: Boot SPI Speed : 80MHz
I (2950) boot.esp32s3: SPI Mode       : SLOW READ
I (2954) boot.esp32s3: SPI Flash Size : 8MB
I (2958) boot: Enabling RNG early entropy source...
I (2963) boot: Partition Table:
I (2965) boot: ## Label            Usage          Type ST Offset   Length
I (2972) boot:  0 nvs              WiFi data        01 02 00009000 00006000
I (2979) boot:  1 phy_init         RF data          01 01 0000f000 00001000
I (2985) boot:  2 factory          factory app      00 00 00010000 00300000
I (2992) boot:  3 storage          Unknown data     01 82 00310000 00100000
I (2999) boot: End of partition table
I (3002) esp_image: segment 0: paddr=00010020 vaddr=3c0a0020 size=24d20h (150816) map
I (3102) esp_image: segment 1: paddr=00034d48 vaddr=3fca0c00 size=05560h ( 21856) load
I (3116) esp_image: segment 2: paddr=0003a2b0 vaddr=40374000 size=05d68h ( 23912) load
I (3132) esp_image: segment 3: paddr=00040020 vaddr=42000020 size=9b814h (636948) map
I (3521) esp_image: segment 4: paddr=000db83c vaddr=40379d68 size=16df4h ( 93684) load
I (3582) esp_image: segment 5: paddr=000f2638 vaddr=50000000 size=00020h (    32) load
I (3594) boot: Loaded app from partition at offset 0x10000
I (3594) boot: Disabling RNG early entropy source...
I (3606) esp_psram: Found 8MB PSRAM device
I (3606) esp_psram: Speed: 80MHz
I (3606) cpu_start: Multicore app
I (4524) esp_psram: SPI SRAM memory test OK
I (4533) cpu_start: GPIO 44 and 43 are used as console UART I/O pins
I (4534) cpu_start: Pro cpu start user code
I (4534) cpu_start: cpu freq: 240000000 Hz
I (4535) app_init: Application information:
I (4539) app_init: Project name:     rc_tank_demo
I (4544) app_init: App version:      1
I (4547) app_init: Compile time:     Aug 26 2026 09:56:00
I (4552) app_init: ELF file SHA256:  6af95a74b...
I (4557) app_init: ESP-IDF:          GIT-NOTFOUND
I (4561) efuse_init: Min chip rev:     v0.0
I (4565) efuse_init: Max chip rev:     v0.99 
I (4569) efuse_init: Chip rev:         v0.2
I (4573) heap_init: Initializing. RAM available for dynamic allocation:
I (4580) heap_init: At 3FCAA470 len 0003F2A0 (252 KiB): RAM
I (4585) heap_init: At 3FCE9710 len 00005724 (21 KiB): RAM
I (4590) heap_init: At 3FCF0000 len 00008000 (32 KiB): DRAM
I (4595) heap_init: At 600FE000 len 00001FE8 (7 KiB): RTCRAM
I (4601) esp_psram: Adding pool of 8192K of PSRAM memory to heap allocator
I (4609) spi_flash: detected chip: generic
I (4611) spi_flash: flash io: dio
I (4615) sleep_gpio: Configure to isolate all GPIO pins in sleep state
I (4621) sleep_gpio: Enable automatic switching of GPIO sleep configuration
I (4628) main_task: Started on CPU0
I (4652) esp_psram: Reserving pool of 64K of internal memory for DMA/internal allocations
I (4653) main_task: Calling app_main()
I (4666) rc_tank: === RC Tank Demo (EX-035) Role: TANK ===
I (4667) rc_tank: Startup delay 10 s (open serial monitor now)...
I (4667) rc_tank:   starting in 10 s
I (5670) rc_tank:   starting in 9 s
I (6670) rc_tank:   starting in 8 s
I (7670) rc_tank:   starting in 7 s
I (8670) rc_tank:   starting in 6 s
I (9670) rc_tank:   starting in 5 s
I (10670) rc_tank:   starting in 4 s
I (11670) rc_tank:   starting in 3 s
I (12670) rc_tank:   starting in 2 s
I (13670) rc_tank:   starting in 1 s
I (14670) rc_tank: Starting Tank role (P1: network, P2: control, P3: video)
I (14670) board_laiwfs300: init board support package
I (14670) board_laiwfs300: init capability registry
I (14675) board_laiwfs300: init I2C bus: SDA=GPIO48 SCL=GPIO47
I (14681) bus_i2c: I2C0 initialized: SDA=GPIO48 SCL=GPIO47 speed=100000Hz
I (14687) board_laiwfs300: --- I2C bus scan (0x08-0x77) ---
I (14694) board_laiwfs300:   I2C device ACK at 0x15
I (14697) board_laiwfs300:   I2C device ACK at 0x18
I (14702) board_laiwfs300:   I2C device ACK at 0x21
I (14706) board_laiwfs300:   I2C device ACK at 0x22
I (14714) board_laiwfs300:   I2C device ACK at 0x40
I (14717) board_laiwfs300:   I2C device ACK at 0x51
I (14723) board_laiwfs300:   I2C device ACK at 0x68
I (14726) board_laiwfs300: --- I2C scan done: 7 device(s) found ---
W (14730) board_laiwfs300: TPT29555A (IOEX) NOT found at 0x20 (NACK)
I (14736) board_laiwfs300: ES8311 (Codec) found at 0x18
I (14741) board_laiwfs300: ES7210 (ADC) found at 0x40
I (14746) board_laiwfs300: AIP8563 (RTC) found at 0x51
I (14751) board_laiwfs300: BMI260 (IMU @0x68) found at 0x68
W (14756) board_laiwfs300: BMI260 (IMU @0x69) NOT found at 0x69 (NACK)
I (14762) board_laiwfs300: SP0A39 (Camera) found at 0x21
I (14769) board_laiwfs300: ES8311 chip ID: 0x83 0x11
I (14773) board_laiwfs300: ES7210 chip ID: 0x72
I (14778) board_laiwfs300: AIP8563 RTC time: 21:41:14 (BCD raw)
I (14782) board_laiwfs300: BMI260 chip ID: 0x27 (expect 0x27)
I (14787) board_laiwfs300: init SPI bus manager
I (14793) board_laiwfs300: init ADC service
I (14796) board_adc: ADC1 oneshot initialized
I (14800) board_laiwfs300: init board power service
I (14805) board_laiwfs300: ADC D0_DETECT (GPIO1): raw=4095 (~3100 mV)
I (14810) board_laiwfs300: ADC BAT_ADC (GPIO7): raw=1651 (~1249 mV)
I (14816) board_laiwfs300: ADC SW_ADC (GPIO8): raw=4095 (~3100 mV)
I (14822) board_laiwfs300: init IO expander: TPT29555A addr=0x22
I (14831) io_expander: TPT29555A initialized at 0x22
I (14833) board_laiwfs300: IO expander initialized OK
I (14837) board_laiwfs300: init module detect
I (14842) board_laiwfs300: register detection rules
I (14846) board_laiwfs300: register default capabilities
I (14851) board_laiwfs300: board init complete (ioex=OK)
I (14856) rc_tank: [STEP] Motor init starting...
I (14861) board_motor: motor input 1 -> GPIO5 / LEDC channel 0
I (14866) board_motor: motor input 2 -> GPIO4 / LEDC channel 1
I (14872) board_motor: motor input 3 -> GPIO37 / LEDC channel 2
I (14877) board_motor: motor input 4 -> GPIO45 / LEDC channel 3
I (14883) rc_control: Motor initialized
I (14886) rc_tank: [STEP] Motor init OK
I (14890) rc_tank: [STEP] Display init starting...
I (14895) rc_video: Initializing Tank display
I (14900) display_hal: init ST7789V3 LCD 240x320 SPI host=1
E (15045) spi: spi_bus_initialize(816): SPI bus already initialized.
I (15166) display_hal: ST7789V3 LCD initialized
I (15166) board_display: display mapped: MOSI=GPIO13 SCK=GPIO12 CS=GPIO10 DC=GPIO16 BL=GPIO17 LCD_RST=IOEX P1_5 pclk=20000000
I (15171) rc_video: Tank display task started (status screen)
I (15172) rc_video: Tank display initialized (status task owns LCD)
I (15182) rc_tank: [STEP] Display init OK
I (15186) rc_tank: [STEP] Camera init starting...
I (15190) rc_video: Initializing camera (SP0A39 640x480 VYUY)
I (15196) board_camera: initializing SP0A39 camera mode=0 640x480
I (15201) camera_hal: init SP0A39 DVP 640x480 (SCCB manual mode)
I (15207) camera_hal: configuring IOEX pins for camera RESET/PWDN
I (15214) camera_hal: PWDN=HIGH (power down)
I (15227) camera_hal: PWDN=LOW (release sensor)
I (15427) camera_hal: RESET=LOW (assert reset)
I (15447) camera_hal: RESET=HIGH (release reset)
I (16447) camera_hal: full I2C scan after camera power-up (diagnostic only)...
I (16449) camera_hal:   post-powerup ACK at 0x15
I (16449) camera_hal:   post-powerup ACK at 0x18
I (16452) camera_hal:   post-powerup ACK at 0x21
I (16456) camera_hal:   post-powerup ACK at 0x22
I (16464) camera_hal:   post-powerup ACK at 0x40
I (16466) camera_hal:   post-powerup ACK at 0x51
I (16472) camera_hal:   post-powerup ACK at 0x68
I (16475) camera_hal: DVP GPIO diagnostics (checking PCLK/VSYNC/HSYNC activity)...
I (16541) camera_hal: DVP diagnostics: PCLK_changes=0 VSYNC_changes=0 HSYNC_changes=0
W (16541) camera_hal: PCLK has no transitions - MCLK likely not reaching sensor or sensor not active
I (16546) camera_hal: using sensor address 0x21
I (16551) camera_hal: SP0A39 I2C device added at 0x21
I (16557) camera_hal: SP0A39 chip ID: 0x0A39
I (16679) camera_hal: SP0A39 register init done: VYUY 640x480 (359 regs)
I (16680) camera_hal: [CAM-PROBE] SP0A39 p0_31 stage=post_table value=0x00 expected=0x01
E (16682) camera_hal: camera_hal_verify_expected_output_p0_31(92): unexpected p0_31=0x00 at post_table
W (16691) camera_hal: [CAM-PROBE] output state differs after table; continuing: ESP_ERR_INVALID_RESPONSE
I (16721) camera_hal: [CAM-PROBE] SP0A39 p0_31 stage=post_delay value=0x01 expected=0x01
I (16722) camera_hal: camera HAL initialized (sensor ready, DVP capture not yet implemented)
I (16726) board_camera: camera ready
I (16734) camera_hal: SP0A39 output regs: P0:1c=0x00 P0:30=0x01 P0:31=0x01 P1:32=0x15 P1:34=0xeb P1:35=0x00 P1:36=0x10
I (16866) rc_video:   3 DMA-capable PSRAM framebuffers allocated (600 KB each)
I (16869) dvp_ext: DVP Extended camera controller driver is initialized
I (16870) dvp_ext: [STABLE-DVP] assembly uses GDMA-EOF direct copy; dma=102400 half=51200 queue_data_events=suppressed eof_desc=probe
I (16880) rc_video: [STABLE-CAPTURE] staged DVP controller created dma=102400 half=51200
I (16888) rc_video: Camera initialized
I (16892) rc_tank: [STEP] Camera init OK
I (16895) rc_tank: [STEP] Network init starting...
I (16901) rc_net: Initializing as SoftAP (Tank)
I (16906) pp: pp rom version: e7ae62f
I (16908) net80211: net80211 rom version: e7ae62f
I (16914) wifi:wifi driver task: 3fce4b10, prio:23, stack:6656, core=0
I (16925) wifi:wifi firmware version: 0947e8b
I (16926) wifi:wifi certification version: v7.0
I (16927) wifi:config NVS flash: enabled
I (16930) wifi:config nano formatting: disabled
I (16935) wifi:Init data frame dynamic rx buffer num: 32
I (16940) wifi:Init static rx mgmt buffer num: 5
I (16944) wifi:Init management short buffer num: 32
I (16948) wifi:Init dynamic tx buffer num: 64
I (16953) wifi:Init static tx FG buffer num: 2
I (16957) wifi:Init static rx buffer size: 1600
I (16961) wifi:Init static rx buffer num: 10
I (16965) wifi:Init dynamic rx buffer num: 32
I (16970) wifi_init: rx ba win: 6
I (16972) wifi_init: accept mbox: 6
I (16975) wifi_init: tcpip mbox: 16
I (16978) wifi_init: udp mbox: 6
I (16981) wifi_init: tcp mbox: 6
I (16984) wifi_init: tcp tx win: 5760
I (16988) wifi_init: tcp rx win: 5760
I (16991) wifi_init: tcp mss: 1440
I (16994) wifi_init: WiFi IRAM OP enabled
I (16998) wifi_init: WiFi RX IRAM OP enabled
I (17003) rc_net: AP set_mode/config, SSID=RC_TANK_F3AE79 ch=1
I (17012) phy_init: phy_version 711,97bcf0a2,Aug 25 2025,19:04:10
I (17054) wifi:mode : softAP (44:1b:f6:f3:ae:79)
I (17059) wifi:Total power save buffer number: 32
I (17060) wifi:Init max length of beacon: 752/752
I (17061) wifi:Init max length of beacon: 752/752
I (17063) rc_net: SoftAP started, SSID: RC_TANK_F3AE79, Password: 12345678
I (17064) esp_netif_lwip: DHCP server started on interface WIFI_AP_DEF with IP: 192.168.4.1
I (17077) rc_tank: [STEP] Network init OK
I (17080) rc_tank: Tank SoftAP ready, waiting for remote...
I (17086) rc_control: Ctrl RX task started
I (17089) rc_control: Tank control started
I (17093) rc_tank: Tank running (video + control; audio disabled)
I (17099) rc_tank: app_main done, idle loop
I (21696) wifi:new:<1,1>, old:<1,1>, ap:<1,1>, sta:<255,255>, prof:1, snd_ch_cfg:0x0
I (21697) wifi:station: 44:1b:f6:f3:ae:40 join, AID=1, bgn, 40U
I (21737) rc_net: STA connected, MAC: 44:1b:f6:f3:ae:40
I (21772) esp_netif_lwip: DHCP server assigned IP to a client, IP is: 192.168.4.2
I (21773) rc_net: STA assigned IP: 192.168.4.2
I (21773) rc_tank: Network connected, peer: 192.168.4.2
W (21780) rc_tank: [DVP-MATRIX] start stage=8 strategy=rebuild_before_udp video_tx=not_created capture=not_started
W (21788) rc_tank: [DVP-MATRIX] summary stage=0 strategy=baseline_no_rebuild valid=1 complete=387 incomplete=175 incomplete_blocks=1747
W (21800) rc_tank: [DVP-MATRIX] summary stage=1 strategy=rebuild_before_udp valid=1 complete=450 incomplete=1 incomplete_blocks=10
W (21811) rc_tank: [DVP-MATRIX] summary stage=2 strategy=rebuild_after_udp valid=1 complete=385 incomplete=179 incomplete_blocks=1778
W (21823) rc_tank: [DVP-MATRIX] summary stage=3 strategy=rebuild_before_and_after_udp valid=1 complete=409 incomplete=165 incomplete_blocks=1612
W (21836) rc_tank: [DVP-MATRIX] summary stage=4 strategy=baseline_no_rebuild valid=1 complete=387 incomplete=176 incomplete_blocks=1746
W (21847) rc_tank: [DVP-MATRIX] summary stage=5 strategy=rebuild_before_udp valid=1 complete=450 incomplete=0 incomplete_blocks=0
W (21859) rc_tank: [DVP-MATRIX] summary stage=6 strategy=rebuild_after_udp valid=1 complete=451 incomplete=0 incomplete_blocks=0
W (21870) rc_tank: [DVP-MATRIX] summary stage=7 strategy=rebuild_before_and_after_udp valid=1 complete=453 incomplete=2 incomplete_blocks=18
W (21882) rc_tank: [DVP-MATRIX] selected best strategy=rebuild_before_udp
E (21890) gpio: gpio_install_isr_service(537): GPIO isr service already installed
I (21897) dvp_ext: DVP Extended camera controller driver is initialized
I (21903) dvp_ext: [STABLE-DVP] assembly uses GDMA-EOF direct copy; dma=102400 half=51200 queue_data_events=suppressed eof_desc=probe
W (21914) rc_video: [DVP-REBUILD] complete old=0x3fcebf50 new=0x3fcebf50 drained=0 internal=88683->88691; GDMA channel/descriptors/event queue/task recreated
I (21929) rc_net: Ctrl UDP socket bound to port 8001
I (21933) rc_net: Video UDP socket bound to port 8002
I (21938) rc_net: Audio TCP listening on port 8003
I (21942) rc_tank: Socket channels started
I (21946) rc_video: No local preview active; formal video handoff skipped
I (21954) camera_hal: [CAM-PROBE] SP0A39 p0_31 stage=dvp_started value=0x01 expected=0x01
I (21966) rc_video: Video TX task started (240x180, sensor-driven, Q=60)
I (21967) rc_video: TX theory: raw=614400 B/frame, encoded YUV=86400 B/frame, target10fps raw=0.86 MB/s
I (21976) rc_video: PSRAM TX buffers: subsample=86400B jpeg=43200B send=43208B free_psram=5592524 free_internal=59371
I (21980) rc_video: TX buffer caps: subsample=0x3c350120(psram=1) jpeg=0x3c3652a4(psram=1) send=0x3c36fea8(psram=1)
I (21979) rc_video: Tank video started (camera source)
W (22021) rc_tank: [DVP-MATRIX] observe stage=8 strategy=rebuild_before_udp duration_ms=90000 under live Q60/UDP load
I (22115) rc_net: [CAM-PROBE] Video TX seq=0 jpeg_len=8066 crc32=0xe4e3f159 chunks=7
W (22125) rc_net: Video UDP send failed: seq=0 chunk=4/7 bytes=1208 sent=-1 errno=12 attempts=4
W (22125) rc_video: Video send failed: ESP_FAIL
W (22221) rc_video: Video send failed: ESP_FAIL
W (22317) rc_video: Video send failed: ESP_FAIL
W (22369) rc_video: Video send failed: ESP_FAIL
W (22512) rc_video: Video send failed: ESP_FAIL
W (22563) rc_video: Video send failed: ESP_FAIL
W (22711) rc_video: Video send failed: ESP_FAIL
W (22762) rc_video: Video send failed: ESP_FAIL
I (23033) wifi:<ba-add>idx:2 (ifx:1, 44:1b:f6:f3:ae:40), tid:0, ssn:0, winSize:64
I (25081) rc_net: [CAM-PROBE] Video TX seq=30 jpeg_len=8707 crc32=0x903f4b91 chunks=8
I (25740) rc_video: Sent 30 | cap_fps=10.1 send_fps=8.0 capture_size_errors=0 capture_identity_errors=0 | Avg(ms): wait=25.1 cache=0.9 subsample=24.2 encode=43.8 send=4.8 total=98.7 | JPEG=8797B
I (25790) rc_video: [VIDEO-TX] handoff cap=39 get=78 select_fail=0 finished=39 signal=39 acquire=38 acquire_fail=0 release_fail=0 backup=0/0
I (25802) rc_video: [STABLE-CAPTURE] pause=39/39 timeout=0 quiesce=38 resume=38 lifecycle_errors=0 repairs=38 staged_events=437 copies=429 fallback=0 errors=0 prepare=39 stale_queue=0 pending_vsync=20 sync=39 complete=39 incomplete=0 incomplete_blocks=0 hold=39/39 hold_timeout=0
I (28089) rc_net: [CAM-PROBE] Video TX seq=60 jpeg_len=8655 crc32=0x10ce37ac chunks=8
I (28741) rc_video: Sent 60 | cap_fps=10.0 send_fps=10.0 capture_size_errors=0 capture_identity_errors=0 | Avg(ms): wait=19.7 cache=0.8 subsample=24.1 encode=43.9 send=6.7 total=95.2 | JPEG=8267B
I (28751) rc_video: [VIDEO-TX] handoff cap=68 get=137 select_fail=0 finished=68 signal=68 acquire=68 acquire_fail=0 release_fail=0 backup=0/0
I (28790) rc_video: [STABLE-CAPTURE] pause=68/68 timeout=0 quiesce=68 resume=68 lifecycle_errors=0 repairs=68 staged_events=774 copies=759 fallback=0 errors=0 prepare=69 stale_queue=0 pending_vsync=35 sync=69 complete=69 incomplete=0 incomplete_blocks=0 hold=68/68 hold_timeout=0
I (31030) rc_net: [CAM-PROBE] Video TX seq=90 jpeg_len=8328 crc32=0x5dbf0d54 chunks=7
I (31776) rc_video: Sent 90 | cap_fps=10.2 send_fps=9.9 capture_size_errors=0 capture_identity_errors=0 | Avg(ms): wait=23.5 cache=0.9 subsample=23.7 encode=43.8 send=6.3 total=98.1 | JPEG=8280B
I (31783) rc_video: [VIDEO-TX] handoff cap=99 get=198 select_fail=0 finished=99 signal=99 acquire=98 acquire_fail=0 release_fail=0 backup=0/0
I (31796) rc_video: [STABLE-CAPTURE] pause=99/99 timeout=0 quiesce=98 resume=98 lifecycle_errors=0 repairs=98 staged_events=1110 copies=1089 fallback=0 errors=0 prepare=99 stale_queue=0 pending_vsync=50 sync=99 complete=99 incomplete=0 incomplete_blocks=0 hold=99/99 hold_timeout=0
I (34105) rc_net: [CAM-PROBE] Video TX seq=120 jpeg_len=8823 crc32=0xa965eb84 chunks=8
I (34758) rc_video: Sent 120 | cap_fps=9.7 send_fps=10.1 capture_size_errors=0 capture_identity_errors=0 | Avg(ms): wait=23.0 cache=0.9 subsample=24.3 encode=42.6 send=6.6 total=97.3 | JPEG=8841B
I (34767) rc_video: [VIDEO-TX] handoff cap=128 get=257 select_fail=0 finished=128 signal=128 acquire=128 acquire_fail=0 release_fail=0 backup=0/0
I (34806) rc_video: [STABLE-CAPTURE] pause=128/128 timeout=0 quiesce=128 resume=128 lifecycle_errors=0 repairs=128 staged_events=1444 copies=1419 fallback=0 errors=0 prepare=129 stale_queue=0 pending_vsync=66 sync=129 complete=129 incomplete=0 incomplete_blocks=0 hold=128/128 hold_timeout=0
I (37051) rc_net: [CAM-PROBE] Video TX seq=150 jpeg_len=8949 crc32=0xa17e634d chunks=8
I (37792) rc_video: Sent 150 | cap_fps=10.2 send_fps=9.9 capture_size_errors=0 capture_identity_errors=0 | Avg(ms): wait=17.7 cache=0.9 subsample=23.4 encode=44.3 send=11.7 total=98.0 | JPEG=8903B
I (37799) rc_video: [VIDEO-TX] handoff cap=159 get=318 select_fail=0 finished=159 signal=159 acquire=158 acquire_fail=0 release_fail=0 backup=0/0
I (37812) rc_video: [STABLE-CAPTURE] pause=159/159 timeout=0 quiesce=158 resume=158 lifecycle_errors=0 repairs=158 staged_events=1779 copies=1749 fallback=0 errors=0 prepare=159 stale_queue=0 pending_vsync=81 sync=159 complete=159 incomplete=0 incomplete_blocks=0 hold=159/159 hold_timeout=0
I (40058) rc_net: [CAM-PROBE] Video TX seq=180 jpeg_len=8795 crc32=0xac8cf84c chunks=8
I (40799) rc_video: Sent 180 | cap_fps=10.0 send_fps=10.0 capture_size_errors=0 capture_identity_errors=0 | Avg(ms): wait=23.1 cache=0.9 subsample=23.3 encode=43.9 send=6.9 total=98.1 | JPEG=8696B
I (40806) rc_video: [VIDEO-TX] handoff cap=189 get=378 select_fail=0 finished=189 signal=189 acquire=188 acquire_fail=0 release_fail=0 backup=0/0
I (40819) rc_video: [STABLE-CAPTURE] pause=189/189 timeout=0 quiesce=188 resume=188 lifecycle_errors=0 repairs=188 staged_events=2114 copies=2079 fallback=0 errors=0 prepare=189 stale_queue=0 pending_vsync=96 sync=189 complete=189 incomplete=0 incomplete_blocks=0 hold=189/189 hold_timeout=0
W (41432) rc_net: Video UDP send failed: seq=193 chunk=3/8 bytes=1208 sent=-1 errno=12 attempts=4
W (41432) rc_video: Video send failed: ESP_FAIL
W (41487) rc_video: Video send failed: ESP_FAIL
I (43129) rc_net: [CAM-PROBE] Video TX seq=210 jpeg_len=8795 crc32=0xa381c2a0 chunks=8
I (43979) rc_video: Sent 210 | cap_fps=9.7 send_fps=9.4 capture_size_errors=0 capture_identity_errors=0 | Avg(ms): wait=23.1 cache=0.8 subsample=23.7 encode=42.7 send=5.7 total=96.1 | JPEG=8731B
I (44026) rc_video: [VIDEO-TX] handoff cap=220 get=441 select_fail=0 finished=220 signal=220 acquire=220 acquire_fail=0 release_fail=0 backup=0/0
I (44028) rc_video: [STABLE-CAPTURE] pause=220/220 timeout=0 quiesce=220 resume=220 lifecycle_errors=0 repairs=220 staged_events=2473 copies=2431 fallback=0 errors=0 prepare=221 stale_queue=0 pending_vsync=113 sync=221 complete=221 incomplete=0 incomplete_blocks=0 hold=220/220 hold_timeout=0
I (46073) rc_net: [CAM-PROBE] Video TX seq=240 jpeg_len=8781 crc32=0xcaec5431 chunks=8
I (47015) rc_video: Sent 240 | cap_fps=10.2 send_fps=9.9 capture_size_errors=0 capture_identity_errors=0 | Avg(ms): wait=22.6 cache=0.9 subsample=23.3 encode=44.1 send=7.2 total=98.1 | JPEG=8875B
I (47023) rc_video: [VIDEO-TX] handoff cap=251 get=502 select_fail=0 finished=251 signal=251 acquire=250 acquire_fail=0 release_fail=0 backup=0/0
I (47035) rc_video: [STABLE-CAPTURE] pause=251/251 timeout=0 quiesce=250 resume=250 lifecycle_errors=0 repairs=250 staged_events=2808 copies=2761 fallback=0 errors=0 prepare=251 stale_queue=0 pending_vsync=128 sync=251 complete=251 incomplete=0 incomplete_blocks=0 hold=251/251 hold_timeout=0
I (49148) rc_net: [CAM-PROBE] Video TX seq=270 jpeg_len=8768 crc32=0x883e2b1d chunks=8
I (49997) rc_video: Sent 270 | cap_fps=9.7 send_fps=10.1 capture_size_errors=0 capture_identity_errors=0 | Avg(ms): wait=21.6 cache=0.8 subsample=24.1 encode=42.8 send=8.1 total=97.4 | JPEG=8730B
I (50005) rc_video: [VIDEO-TX] handoff cap=280 get=561 select_fail=0 finished=280 signal=280 acquire=280 acquire_fail=0 release_fail=0 backup=0/0
I (50045) rc_video: [STABLE-CAPTURE] pause=280/280 timeout=0 quiesce=280 resume=280 lifecycle_errors=0 repairs=280 staged_events=3142 copies=3091 fallback=0 errors=0 prepare=281 stale_queue=0 pending_vsync=144 sync=281 complete=281 incomplete=0 incomplete_blocks=0 hold=280/280 hold_timeout=0
I (52089) rc_net: [CAM-PROBE] Video TX seq=300 jpeg_len=8766 crc32=0xd931211a chunks=8
I (53030) rc_video: Sent 300 | cap_fps=10.2 send_fps=9.9 capture_size_errors=0 capture_identity_errors=0 | Avg(ms): wait=20.9 cache=0.9 subsample=23.6 encode=44.1 send=8.6 total=98.0 | JPEG=8818B
I (53038) rc_video: [VIDEO-TX] handoff cap=311 get=622 select_fail=0 finished=311 signal=311 acquire=310 acquire_fail=0 release_fail=0 backup=0/0
I (53051) rc_video: [STABLE-CAPTURE] pause=311/311 timeout=0 quiesce=310 resume=310 lifecycle_errors=0 repairs=310 staged_events=3478 copies=3421 fallback=0 errors=0 prepare=311 stale_queue=0 pending_vsync=159 sync=311 complete=311 incomplete=0 incomplete_blocks=0 hold=311/311 hold_timeout=0
I (55097) rc_net: [CAM-PROBE] Video TX seq=330 jpeg_len=8817 crc32=0x6651a370 chunks=8
I (56038) rc_video: Sent 330 | cap_fps=10.0 send_fps=10.0 capture_size_errors=0 capture_identity_errors=0 | Avg(ms): wait=24.5 cache=0.9 subsample=23.3 encode=44.0 send=5.7 total=98.3 | JPEG=8828B
I (56045) rc_video: [VIDEO-TX] handoff cap=341 get=682 select_fail=0 finished=341 signal=341 acquire=340 acquire_fail=0 release_fail=0 backup=0/0
I (56058) rc_video: [STABLE-CAPTURE] pause=341/341 timeout=0 quiesce=340 resume=340 lifecycle_errors=0 repairs=340 staged_events=3815 copies=3751 fallback=0 errors=0 prepare=341 stale_queue=0 pending_vsync=174 sync=341 complete=341 incomplete=0 incomplete_blocks=0 hold=341/341 hold_timeout=0
I (58171) rc_net: [CAM-PROBE] Video TX seq=360 jpeg_len=8857 crc32=0x2efaae87 chunks=8
I (59021) rc_video: Sent 360 | cap_fps=9.7 send_fps=10.1 capture_size_errors=0 capture_identity_errors=0 | Avg(ms): wait=23.3 cache=0.9 subsample=23.8 encode=42.6 send=6.8 total=97.3 | JPEG=8820B
I (59029) rc_video: [VIDEO-TX] handoff cap=370 get=741 select_fail=0 finished=370 signal=370 acquire=370 acquire_fail=0 release_fail=0 backup=0/0
I (59069) rc_video: [STABLE-CAPTURE] pause=370/370 timeout=0 quiesce=370 resume=370 lifecycle_errors=0 repairs=370 staged_events=4152 copies=4081 fallback=0 errors=0 prepare=371 stale_queue=0 pending_vsync=190 sync=371 complete=371 incomplete=0 incomplete_blocks=0 hold=370/370 hold_timeout=0
I (61114) rc_net: [CAM-PROBE] Video TX seq=390 jpeg_len=8750 crc32=0xbcad7f99 chunks=8
I (62056) rc_video: Sent 390 | cap_fps=10.2 send_fps=9.9 capture_size_errors=0 capture_identity_errors=0 | Avg(ms): wait=22.7 cache=0.9 subsample=23.2 encode=43.8 send=7.5 total=98.1 | JPEG=8716B
I (62063) rc_video: [VIDEO-TX] handoff cap=401 get=802 select_fail=0 finished=401 signal=401 acquire=400 acquire_fail=0 release_fail=0 backup=0/0
I (62076) rc_video: [STABLE-CAPTURE] pause=401/401 timeout=0 quiesce=400 resume=400 lifecycle_errors=0 repairs=400 staged_events=4491 copies=4411 fallback=0 errors=0 prepare=401 stale_queue=0 pending_vsync=205 sync=401 complete=401 incomplete=0 incomplete_blocks=0 hold=401/401 hold_timeout=0
I (64123) rc_net: [CAM-PROBE] Video TX seq=420 jpeg_len=8796 crc32=0xb3c0b156 chunks=8
I (65062) rc_video: Sent 420 | cap_fps=10.0 send_fps=10.0 capture_size_errors=0 capture_identity_errors=0 | Avg(ms): wait=18.2 cache=0.9 subsample=23.7 encode=43.8 send=11.5 total=98.1 | JPEG=8809B
I (65070) rc_video: [VIDEO-TX] handoff cap=431 get=862 select_fail=0 finished=431 signal=431 acquire=430 acquire_fail=0 release_fail=0 backup=0/0
I (65083) rc_video: [STABLE-CAPTURE] pause=431/431 timeout=0 quiesce=430 resume=430 lifecycle_errors=0 repairs=430 staged_events=4826 copies=4741 fallback=0 errors=0 prepare=431 stale_queue=0 pending_vsync=220 sync=431 complete=431 incomplete=0 incomplete_blocks=0 hold=431/431 hold_timeout=0
I (67131) rc_net: [CAM-PROBE] Video TX seq=450 jpeg_len=8773 crc32=0x4f0d39db chunks=8
I (68085) rc_video: Sent 450 | cap_fps=9.9 send_fps=9.9 capture_size_errors=0 capture_identity_errors=0 | Avg(ms): wait=21.3 cache=0.9 subsample=23.4 encode=44.2 send=8.9 total=98.7 | JPEG=8806B
I (68092) rc_video: [VIDEO-TX] handoff cap=461 get=922 select_fail=0 finished=461 signal=461 acquire=460 acquire_fail=0 release_fail=0 backup=0/0
I (68105) rc_video: [STABLE-CAPTURE] pause=461/461 timeout=0 quiesce=460 resume=460 lifecycle_errors=0 repairs=460 staged_events=5162 copies=5071 fallback=0 errors=0 prepare=461 stale_queue=0 pending_vsync=235 sync=461 complete=461 incomplete=0 incomplete_blocks=0 hold=461/461 hold_timeout=0
I (70202) rc_net: [CAM-PROBE] Video TX seq=480 jpeg_len=8674 crc32=0xa797ae96 chunks=8
I (71052) rc_video: Sent 480 | cap_fps=9.8 send_fps=10.1 capture_size_errors=0 capture_identity_errors=0 | Avg(ms): wait=21.4 cache=0.9 subsample=23.3 encode=43.8 send=7.3 total=96.8 | JPEG=8672B
I (71099) rc_video: [VIDEO-TX] handoff cap=490 get=981 select_fail=0 finished=490 signal=490 acquire=490 acquire_fail=0 release_fail=0 backup=0/0
I (71101) rc_video: [STABLE-CAPTURE] pause=490/490 timeout=0 quiesce=490 resume=490 lifecycle_errors=0 repairs=490 staged_events=5500 copies=5401 fallback=0 errors=0 prepare=491 stale_queue=0 pending_vsync=250 sync=491 complete=491 incomplete=0 incomplete_blocks=0 hold=490/490 hold_timeout=0
I (73150) rc_net: [CAM-PROBE] Video TX seq=510 jpeg_len=8638 crc32=0x1b0ce442 chunks=8
I (74063) rc_video: Sent 510 | cap_fps=10.0 send_fps=10.0 capture_size_errors=0 capture_identity_errors=0 | Avg(ms): wait=21.9 cache=0.9 subsample=23.7 encode=42.7 send=8.2 total=97.3 | JPEG=8709B
I (74108) rc_video: [VIDEO-TX] handoff cap=520 get=1041 select_fail=0 finished=520 signal=520 acquire=520 acquire_fail=0 release_fail=0 backup=0/0
I (74113) rc_video: [STABLE-CAPTURE] pause=521/521 timeout=0 quiesce=520 resume=520 lifecycle_errors=0 repairs=520 staged_events=5839 copies=5731 fallback=0 errors=0 prepare=521 stale_queue=0 pending_vsync=266 sync=521 complete=521 incomplete=0 incomplete_blocks=0 hold=521/521 hold_timeout=0
I (76220) rc_net: [CAM-PROBE] Video TX seq=540 jpeg_len=8850 crc32=0x0965b8ad chunks=8
I (77064) rc_video: Sent 540 | cap_fps=10.0 send_fps=10.0 capture_size_errors=0 capture_identity_errors=0 | Avg(ms): wait=22.0 cache=0.9 subsample=23.6 encode=42.3 send=8.2 total=97.0 | JPEG=8171B
I (77071) rc_video: [VIDEO-TX] handoff cap=550 get=1101 select_fail=0 finished=550 signal=550 acquire=550 acquire_fail=0 release_fail=0 backup=0/0
I (77115) rc_video: [STABLE-CAPTURE] pause=550/550 timeout=0 quiesce=550 resume=550 lifecycle_errors=0 repairs=550 staged_events=6173 copies=6061 fallback=0 errors=0 prepare=551 stale_queue=0 pending_vsync=282 sync=551 complete=551 incomplete=0 incomplete_blocks=0 hold=550/550 hold_timeout=0
I (79200) rc_net: [CAM-PROBE] Video TX seq=570 jpeg_len=8163 crc32=0x0a9e12a2 chunks=7
I (80140) rc_video: Sent 570 | cap_fps=10.1 send_fps=9.8 capture_size_errors=0 capture_identity_errors=0 | Avg(ms): wait=22.3 cache=0.9 subsample=23.4 encode=45.2 send=6.6 total=98.5 | JPEG=8118B
I (80148) rc_video: [VIDEO-TX] handoff cap=581 get=1162 select_fail=0 finished=581 signal=581 acquire=580 acquire_fail=0 release_fail=0 backup=0/0
I (80161) rc_video: [STABLE-CAPTURE] pause=581/581 timeout=0 quiesce=580 resume=580 lifecycle_errors=0 repairs=580 staged_events=6520 copies=6399 fallback=0 errors=0 prepare=581 stale_queue=0 pending_vsync=297 sync=582 complete=581 incomplete=1 incomplete_blocks=8 hold=581/581 hold_timeout=0
I (82208) rc_net: [CAM-PROBE] Video TX seq=600 jpeg_len=8247 crc32=0xa90da2a6 chunks=7
I (83151) rc_video: Sent 600 | cap_fps=10.0 send_fps=10.0 capture_size_errors=0 capture_identity_errors=0 | Avg(ms): wait=25.3 cache=0.9 subsample=23.3 encode=43.8 send=5.0 total=98.3 | JPEG=8354B
I (83158) rc_video: [VIDEO-TX] handoff cap=611 get=1222 select_fail=0 finished=611 signal=611 acquire=610 acquire_fail=0 release_fail=0 backup=0/0
I (83171) rc_video: [STABLE-CAPTURE] pause=611/611 timeout=0 quiesce=610 resume=610 lifecycle_errors=0 repairs=610 staged_events=6854 copies=6729 fallback=0 errors=0 prepare=611 stale_queue=0 pending_vsync=312 sync=612 complete=611 incomplete=1 incomplete_blocks=8 hold=611/611 hold_timeout=0
I (85282) rc_net: [CAM-PROBE] Video TX seq=630 jpeg_len=8304 crc32=0x36c8b4cd chunks=7
I (86131) rc_video: Sent 630 | cap_fps=9.7 send_fps=10.1 capture_size_errors=0 capture_identity_errors=0 | Avg(ms): wait=22.2 cache=0.9 subsample=23.8 encode=43.0 send=7.5 total=97.3 | JPEG=8278B
I (86138) rc_video: [VIDEO-TX] handoff cap=640 get=1281 select_fail=0 finished=640 signal=640 acquire=640 acquire_fail=0 release_fail=0 backup=0/0
I (86180) rc_video: [STABLE-CAPTURE] pause=640/640 timeout=0 quiesce=640 resume=640 lifecycle_errors=0 repairs=640 staged_events=7192 copies=7059 fallback=0 errors=0 prepare=641 stale_queue=0 pending_vsync=328 sync=642 complete=641 incomplete=1 incomplete_blocks=8 hold=640/640 hold_timeout=0
I (88221) rc_net: [CAM-PROBE] Video TX seq=660 jpeg_len=8224 crc32=0x19384efa chunks=7
I (89165) rc_video: Sent 660 | cap_fps=10.2 send_fps=9.9 capture_size_errors=0 capture_identity_errors=0 | Avg(ms): wait=21.9 cache=0.9 subsample=23.3 encode=43.4 send=8.6 total=98.1 | JPEG=8178B
I (89172) rc_video: [VIDEO-TX] handoff cap=671 get=1342 select_fail=0 finished=671 signal=671 acquire=670 acquire_fail=0 release_fail=0 backup=0/0
I (89185) rc_video: [STABLE-CAPTURE] pause=671/671 timeout=0 quiesce=670 resume=670 lifecycle_errors=0 repairs=670 staged_events=7529 copies=7389 fallback=0 errors=0 prepare=671 stale_queue=0 pending_vsync=343 sync=672 complete=671 incomplete=1 incomplete_blocks=8 hold=671/671 hold_timeout=0
I (91234) rc_net: [CAM-PROBE] Video TX seq=690 jpeg_len=8818 crc32=0xcc02c400 chunks=8
I (92174) rc_video: Sent 690 | cap_fps=10.0 send_fps=10.0 capture_size_errors=0 capture_identity_errors=0 | Avg(ms): wait=23.0 cache=0.9 subsample=23.5 encode=44.1 send=6.7 total=98.1 | JPEG=8691B
I (92181) rc_video: [VIDEO-TX] handoff cap=701 get=1402 select_fail=0 finished=701 signal=701 acquire=700 acquire_fail=0 release_fail=0 backup=0/0
I (92194) rc_video: [STABLE-CAPTURE] pause=701/701 timeout=0 quiesce=700 resume=700 lifecycle_errors=0 repairs=700 staged_events=7868 copies=7719 fallback=0 errors=0 prepare=701 stale_queue=0 pending_vsync=358 sync=702 complete=701 incomplete=1 incomplete_blocks=8 hold=701/701 hold_timeout=0
I (94305) rc_net: [CAM-PROBE] Video TX seq=720 jpeg_len=8063 crc32=0xf2003a4f chunks=7
I (95156) rc_video: Sent 720 | cap_fps=9.7 send_fps=10.1 capture_size_errors=0 capture_identity_errors=0 | Avg(ms): wait=23.5 cache=0.9 subsample=23.7 encode=42.3 send=7.0 total=97.4 | JPEG=8540B
I (95165) rc_video: [VIDEO-TX] handoff cap=730 get=1461 select_fail=0 finished=730 signal=730 acquire=730 acquire_fail=0 release_fail=0 backup=0/0
I (95205) rc_video: [STABLE-CAPTURE] pause=730/730 timeout=0 quiesce=730 resume=730 lifecycle_errors=0 repairs=730 staged_events=8202 copies=8049 fallback=0 errors=0 prepare=731 stale_queue=0 pending_vsync=374 sync=732 complete=731 incomplete=1 incomplete_blocks=8 hold=730/730 hold_timeout=0
I (97250) rc_net: [CAM-PROBE] Video TX seq=750 jpeg_len=8540 crc32=0x9bbe503b chunks=8
I (98190) rc_video: Sent 750 | cap_fps=10.2 send_fps=9.9 capture_size_errors=0 capture_identity_errors=0 | Avg(ms): wait=23.3 cache=0.9 subsample=23.4 encode=43.3 send=7.1 total=98.1 | JPEG=8175B
I (98197) rc_video: [VIDEO-TX] handoff cap=761 get=1522 select_fail=0 finished=761 signal=761 acquire=760 acquire_fail=0 release_fail=0 backup=0/0
I (98210) rc_video: [STABLE-CAPTURE] pause=761/761 timeout=0 quiesce=760 resume=760 lifecycle_errors=0 repairs=760 staged_events=8540 copies=8379 fallback=0 errors=0 prepare=761 stale_queue=0 pending_vsync=389 sync=762 complete=761 incomplete=1 incomplete_blocks=8 hold=761/761 hold_timeout=0
I (100322) rc_net: [CAM-PROBE] Video TX seq=780 jpeg_len=8220 crc32=0xf408d5c6 chunks=7
I (101170) rc_video: Sent 780 | cap_fps=9.7 send_fps=10.1 capture_size_errors=0 capture_identity_errors=0 | Avg(ms): wait=22.7 cache=0.9 subsample=23.6 encode=43.8 send=5.2 total=96.1 | JPEG=8200B
I (101177) rc_video: [VIDEO-TX] handoff cap=790 get=1581 select_fail=0 finished=790 signal=790 acquire=790 acquire_fail=0 release_fail=0 backup=0/0
I (101219) rc_video: [STABLE-CAPTURE] pause=790/790 timeout=0 quiesce=790 resume=790 lifecycle_errors=0 repairs=790 staged_events=8875 copies=8709 fallback=0 errors=0 prepare=791 stale_queue=0 pending_vsync=405 sync=792 complete=791 incomplete=1 incomplete_blocks=8 hold=790/790 hold_timeout=0
I (103264) rc_net: [CAM-PROBE] Video TX seq=810 jpeg_len=8202 crc32=0xd9153899 chunks=7
I (104245) rc_video: Sent 810 | cap_fps=10.1 send_fps=9.8 capture_size_errors=0 capture_identity_errors=0 | Avg(ms): wait=23.6 cache=0.9 subsample=23.6 encode=44.8 send=6.6 total=99.5 | JPEG=8235B
I (104252) rc_video: [VIDEO-TX] handoff cap=821 get=1642 select_fail=0 finished=821 signal=821 acquire=820 acquire_fail=0 release_fail=0 backup=0/0
I (104265) rc_video: [STABLE-CAPTURE] pause=821/821 timeout=0 quiesce=820 resume=820 lifecycle_errors=0 repairs=820 staged_events=9221 copies=9048 fallback=0 errors=0 prepare=821 stale_queue=0 pending_vsync=420 sync=823 complete=821 incomplete=2 incomplete_blocks=17 hold=821/821 hold_timeout=0
I (106314) rc_net: [CAM-PROBE] Video TX seq=840 jpeg_len=8196 crc32=0x0f779889 chunks=7
I (107253) rc_video: Sent 840 | cap_fps=10.0 send_fps=10.0 capture_size_errors=0 capture_identity_errors=0 | Avg(ms): wait=23.8 cache=0.8 subsample=23.5 encode=43.7 send=6.4 total=98.2 | JPEG=8193B
I (107260) rc_video: [VIDEO-TX] handoff cap=851 get=1702 select_fail=0 finished=851 signal=851 acquire=850 acquire_fail=0 release_fail=0 backup=0/0
I (107273) rc_video: [STABLE-CAPTURE] pause=851/851 timeout=0 quiesce=850 resume=850 lifecycle_errors=0 repairs=850 staged_events=9558 copies=9378 fallback=0 errors=0 prepare=851 stale_queue=0 pending_vsync=435 sync=853 complete=851 incomplete=2 incomplete_blocks=17 hold=851/851 hold_timeout=0
I (109321) rc_net: [CAM-PROBE] Video TX seq=870 jpeg_len=8236 crc32=0xc93b7d20 chunks=7
I (110261) rc_video: Sent 870 | cap_fps=10.0 send_fps=10.0 capture_size_errors=0 capture_identity_errors=0 | Avg(ms): wait=24.8 cache=0.9 subsample=23.6 encode=43.9 send=5.0 total=98.2 | JPEG=8218B
I (110269) rc_video: [VIDEO-TX] handoff cap=881 get=1762 select_fail=0 finished=881 signal=881 acquire=880 acquire_fail=0 release_fail=0 backup=0/0
I (110282) rc_video: [STABLE-CAPTURE] pause=881/881 timeout=0 quiesce=880 resume=880 lifecycle_errors=0 repairs=880 staged_events=9895 copies=9708 fallback=0 errors=0 prepare=881 stale_queue=0 pending_vsync=450 sync=883 complete=881 incomplete=2 incomplete_blocks=17 hold=881/881 hold_timeout=0
W (112026) rc_tank: [DVP-MATRIX] result stage=8 strategy=rebuild_before_udp complete=898 incomplete=2 incomplete_blocks=17 mismatch_hist=0,2,1,1,2,2,3,3,21,27,710 prepare=899 pending=459 hold=898/898 hold_timeout=0
W (112073) rc_tank: [DVP-MATRIX] summary stage=0 strategy=baseline_no_rebuild valid=1 complete=387 incomplete=175 incomplete_blocks=1747
W (112075) rc_tank: [DVP-MATRIX] summary stage=1 strategy=rebuild_before_udp valid=1 complete=450 incomplete=1 incomplete_blocks=10
W (112086) rc_tank: [DVP-MATRIX] summary stage=2 strategy=rebuild_after_udp valid=1 complete=385 incomplete=179 incomplete_blocks=1778
W (112098) rc_tank: [DVP-MATRIX] summary stage=3 strategy=rebuild_before_and_after_udp valid=1 complete=409 incomplete=165 incomplete_blocks=1612
W (112111) rc_tank: [DVP-MATRIX] summary stage=4 strategy=baseline_no_rebuild valid=1 complete=387 incomplete=176 incomplete_blocks=1746
W (112123) rc_tank: [DVP-MATRIX] summary stage=5 strategy=rebuild_before_udp valid=1 complete=450 incomplete=0 incomplete_blocks=0
W (112134) rc_tank: [DVP-MATRIX] summary stage=6 strategy=rebuild_after_udp valid=1 complete=451 incomplete=0 incomplete_blocks=0
W (112188) rc_tank: [DVP-MATRIX] summary stage=7 strategy=rebuild_before_and_after_udp valid=1 complete=453 incomplete=2 incomplete_blocks=18
W (112193) rc_tank: [DVP-MATRIX] confirmation complete strategy=rebuild_before_udp; automatic restarts stopped, firmware remains under live load
I (112332) rc_net: [CAM-PROBE] Video TX seq=900 jpeg_len=8216 crc32=0x4e41fe58 chunks=7
I (113269) rc_video: Sent 900 | cap_fps=10.0 send_fps=10.0 capture_size_errors=0 capture_identity_errors=0 | Avg(ms): wait=21.9 cache=0.9 subsample=23.6 encode=44.1 send=7.7 total=98.1 | JPEG=8196B
I (113276) rc_video: [VIDEO-TX] handoff cap=911 get=1822 select_fail=0 finished=911 signal=911 acquire=910 acquire_fail=0 release_fail=0 backup=0/0
I (113289) rc_video: [STABLE-CAPTURE] pause=911/911 timeout=0 quiesce=910 resume=910 lifecycle_errors=0 repairs=910 staged_events=10232 copies=10038 fallback=0 errors=0 prepare=911 stale_queue=0 pending_vsync=465 sync=913 complete=911 incomplete=2 incomplete_blocks=17 hold=911/911 hold_timeout=0
I (115335) rc_net: [CAM-PROBE] Video TX seq=930 jpeg_len=8217 crc32=0x9fab294a chunks=7
I (116274) rc_video: Sent 930 | cap_fps=10.0 send_fps=10.0 capture_size_errors=0 capture_identity_errors=0 | Avg(ms): wait=23.1 cache=0.9 subsample=23.5 encode=43.5 send=7.0 total=98.0 | JPEG=8222B
I (116282) rc_video: [VIDEO-TX] handoff cap=941 get=1882 select_fail=0 finished=941 signal=941 acquire=940 acquire_fail=0 release_fail=0 backup=0/0
I (116295) rc_video: [STABLE-CAPTURE] pause=941/941 timeout=0 quiesce=940 resume=940 lifecycle_errors=0 repairs=940 staged_events=10568 copies=10368 fallback=0 errors=0 prepare=941 stale_queue=0 pending_vsync=480 sync=943 complete=941 incomplete=2 incomplete_blocks=17 hold=941/941 hold_timeout=0
I (118345) rc_net: [CAM-PROBE] Video TX seq=960 jpeg_len=8250 crc32=0x9f25a09e chunks=7
I (119288) rc_video: Sent 960 | cap_fps=10.0 send_fps=10.0 capture_size_errors=0 capture_identity_errors=0 | Avg(ms): wait=25.5 cache=0.9 subsample=23.4 encode=43.5 send=5.2 total=98.4 | JPEG=8244B
I (119295) rc_video: [VIDEO-TX] handoff cap=971 get=1942 select_fail=0 finished=971 signal=971 acquire=970 acquire_fail=0 release_fail=0 backup=0/0
I (119308) rc_video: [STABLE-CAPTURE] pause=971/971 timeout=0 quiesce=970 resume=970 lifecycle_errors=0 repairs=970 staged_events=10905 copies=10698 fallback=0 errors=0 prepare=971 stale_queue=0 pending_vsync=495 sync=973 complete=971 incomplete=2 incomplete_blocks=17 hold=971/971 hold_timeout=0
I (121419) rc_net: [CAM-PROBE] Video TX seq=990 jpeg_len=8243 crc32=0xc0b7570f chunks=7
I (122265) rc_video: Sent 990 | cap_fps=9.7 send_fps=10.1 capture_size_errors=0 capture_identity_errors=0 | Avg(ms): wait=24.2 cache=0.8 subsample=23.8 encode=42.1 send=6.3 total=97.1 | JPEG=8235B
I (122272) rc_video: [VIDEO-TX] handoff cap=1000 get=2001 select_fail=0 finished=1000 signal=1000 acquire=1000 acquire_fail=0 release_fail=0 backup=0/0
I (122315) rc_video: [STABLE-CAPTURE] pause=1000/1000 timeout=0 quiesce=1000 resume=1000 lifecycle_errors=0 repairs=1000 staged_events=11244 copies=11028 fallback=0 errors=0 prepare=1001 stale_queue=0 pending_vsync=511 sync=1003 complete=1001 incomplete=2 incomplete_blocks=17 hold=1000/1000 hold_timeout=0
I (124357) rc_net: [CAM-PROBE] Video TX seq=1020 jpeg_len=8237 crc32=0xd2b21706 chunks=7
I (125272) rc_video: Sent 1020 | cap_fps=10.0 send_fps=10.0 capture_size_errors=0 capture_identity_errors=0 | Avg(ms): wait=25.9 cache=0.9 subsample=23.3 encode=42.0 send=5.2 total=97.3 | JPEG=8275B
I (125280) rc_video: [VIDEO-TX] handoff cap=1030 get=2061 select_fail=0 finished=1030 signal=1030 acquire=1030 acquire_fail=0 release_fail=0 backup=0/0
I (125323) rc_video: [STABLE-CAPTURE] pause=1030/1030 timeout=0 quiesce=1030 resume=1030 lifecycle_errors=0 repairs=1030 staged_events=11582 copies=11358 fallback=0 errors=0 prepare=1031 stale_queue=0 pending_vsync=527 sync=1033 complete=1031 incomplete=2 incomplete_blocks=17 hold=1030/1030 hold_timeout=0
I (127368) rc_net: [CAM-PROBE] Video TX seq=1050 jpeg_len=8266 crc32=0x77961185 chunks=7
I (128306) rc_video: Sent 1050 | cap_fps=10.2 send_fps=9.9 capture_size_errors=0 capture_identity_errors=0 | Avg(ms): wait=24.0 cache=1.0 subsample=23.2 encode=43.3 send=6.5 total=98.0 | JPEG=8229B
I (128314) rc_video: [VIDEO-TX] handoff cap=1061 get=2122 select_fail=0 finished=1061 signal=1061 acquire=1060 acquire_fail=0 release_fail=0 backup=0/0
I (128327) rc_video: [STABLE-CAPTURE] pause=1061/1061 timeout=0 quiesce=1060 resume=1060 lifecycle_errors=0 repairs=1060 staged_events=11920 copies=11688 fallback=0 errors=0 prepare=1061 stale_queue=0 pending_vsync=542 sync=1063 complete=1061 incomplete=2 incomplete_blocks=17 hold=1061/1061 hold_timeout=0
I (130442) rc_net: [CAM-PROBE] Video TX seq=1080 jpeg_len=8251 crc32=0xa5703089 chunks=7
I (131293) rc_video: Sent 1080 | cap_fps=9.7 send_fps=10.0 capture_size_errors=0 capture_identity_errors=0 | Avg(ms): wait=24.1 cache=0.8 subsample=23.4 encode=43.3 send=5.8 total=97.5 | JPEG=8208B
I (131301) rc_video: [VIDEO-TX] handoff cap=1090 get=2181 select_fail=0 finished=1090 signal=1090 acquire=1090 acquire_fail=0 release_fail=0 backup=0/0
I (131340) rc_video: [STABLE-CAPTURE] pause=1090/1090 timeout=0 quiesce=1090 resume=1090 lifecycle_errors=0 repairs=1090 staged_events=12259 copies=12018 fallback=0 errors=0 prepare=1091 stale_queue=0 pending_vsync=558 sync=1093 complete=1091 incomplete=2 incomplete_blocks=17 hold=1090/1090 hold_timeout=0
I (133384) rc_net: [CAM-PROBE] Video TX seq=1110 jpeg_len=8205 crc32=0x5af54278 chunks=7
I (134323) rc_video: Sent 1110 | cap_fps=10.2 send_fps=9.9 capture_size_errors=0 capture_identity_errors=0 | Avg(ms): wait=23.6 cache=0.9 subsample=23.2 encode=43.3 send=7.0 total=98.0 | JPEG=8213B
I (134330) rc_video: [VIDEO-TX] handoff cap=1121 get=2242 select_fail=0 finished=1121 signal=1121 acquire=1120 acquire_fail=0 release_fail=0 backup=0/0
I (134343) rc_video: [STABLE-CAPTURE] pause=1121/1121 timeout=0 quiesce=1120 resume=1120 lifecycle_errors=0 repairs=1120 staged_events=12596 copies=12348 fallback=0 errors=0 prepare=1121 stale_queue=0 pending_vsync=573 sync=1123 complete=1121 incomplete=2 incomplete_blocks=17 hold=1121/1121 hold_timeout=0
I (136457) rc_net: [CAM-PROBE] Video TX seq=1140 jpeg_len=8250 crc32=0x35d8f7ae chunks=7
I (137305) rc_video: Sent 1140 | cap_fps=9.7 send_fps=10.1 capture_size_errors=0 capture_identity_errors=0 | Avg(ms): wait=25.3 cache=0.9 subsample=23.6 encode=41.8 send=5.6 total=97.3 | JPEG=8253B
I (137313) rc_video: [VIDEO-TX] handoff cap=1150 get=2301 select_fail=0 finished=1150 signal=1150 acquire=1150 acquire_fail=0 release_fail=0 backup=0/0
I (137355) rc_video: [STABLE-CAPTURE] pause=1150/1150 timeout=0 quiesce=1150 resume=1150 lifecycle_errors=0 repairs=1150 staged_events=12937 copies=12678 fallback=0 errors=0 prepare=1151 stale_queue=0 pending_vsync=589 sync=1153 complete=1151 incomplete=2 incomplete_blocks=17 hold=1150/1150 hold_timeout=0
I (139403) rc_net: [CAM-PROBE] Video TX seq=1170 jpeg_len=8136 crc32=0x119a51c4 chunks=7
I (140353) rc_video: Sent 1170 | cap_fps=9.8 send_fps=9.8 capture_size_errors=0 capture_identity_errors=0 | Avg(ms): wait=26.8 cache=0.9 subsample=23.5 encode=42.3 send=5.1 total=98.6 | JPEG=8150B
I (140361) rc_video: [VIDEO-TX] handoff cap=1180 get=2361 select_fail=0 finished=1180 signal=1180 acquire=1180 acquire_fail=0 release_fail=0 backup=0/0
I (140401) rc_video: [STABLE-CAPTURE] pause=1180/1180 timeout=0 quiesce=1180 resume=1180 lifecycle_errors=0 repairs=1180 staged_events=13281 copies=13018 fallback=0 errors=0 prepare=1181 stale_queue=0 pending_vsync=605 sync=1184 complete=1181 incomplete=3 incomplete_blocks=27 hold=1180/1180 hold_timeout=0

[HOST-DVP-MATRIX] capture finished recoveries=9 complete=True
