
[HOST-DVP-MATRIX 14:06:03] REBUILD-R1 capture begin

[HOST-DVP-MATRIX 14:06:03] Tank RAM bootloader start
esptool.py v4.12.dev2
Serial port COM7
Connecting....
Chip is ESP32-S3 (QFN56) (revision v0.2)
Features: WiFi, BLE
Crystal is 40MHz
MAC: 44:1b:f6:f3:ae:78
Uploading stub...
Running stub...
Stub running...
RAM boot...
Downloading 5360 bytes at 3fce2820... done!
Downloading 3364 bytes at 403c8700... done!
Downloading 12016 bytes at 403cb700... done!
All segments done, executing at 403c8924
Exiting immediately.

[HOST-DVP-MATRIX 14:06:06] Tank RAM bootloader complete
922) boot: chip revision: v0.2
I (2925) boot: efuse block revision: v1.3
I (2929) boot.esp32s3: Boot SPI Speed : 80MHz
I (2933) boot.esp32s3: SPI Mode       : SLOW READ
I (2937) boot.esp32s3: SPI Flash Size : 8MB
I (2941) boot: Enabling RNG early entropy source...
I (2946) boot: Partition Table:
I (2949) boot: ## Label            Usage          Type ST Offset   Length
I (2955) boot:  0 nvs              WiFi data        01 02 00009000 00006000
I (2962) boot:  1 phy_init         RF data          01 01 0000f000 00001000
I (2969) boot:  2 factory          factory app      00 00 00010000 00300000
I (2975) boot:  3 storage          Unknown data     01 82 00310000 00100000
I (2982) boot: End of partition table
I (2985) esp_image: segment 0: paddr=00010020 vaddr=3c0a0020 size=25010h (151568) map
I (3085) esp_image: segment 1: paddr=00035038 vaddr=3fca0d00 size=05560h ( 21856) load
I (3100) esp_image: segment 2: paddr=0003a5a0 vaddr=40374000 size=05a78h ( 23160) load
I (3115) esp_image: segment 3: paddr=00040020 vaddr=42000020 size=9b9fch (637436) map
I (3504) esp_image: segment 4: paddr=000dba24 vaddr=40379a78 size=17240h ( 94784) load
I (3566) esp_image: segment 5: paddr=000f2c6c vaddr=50000000 size=00020h (    32) load
I (3577) boot: Loaded app from partition at offset 0x10000
I (3578) boot: Disabling RNG early entropy source...
I (3590) esp_psram: Found 8MB PSRAM device
I (3590) esp_psram: Speed: 80MHz
I (3590) cpu_start: Multicore app
I (4508) esp_psram: SPI SRAM memory test OK
I (4517) cpu_start: GPIO 44 and 43 are used as console UART I/O pins
I (4518) cpu_start: Pro cpu start user code
I (4518) cpu_start: cpu freq: 240000000 Hz
I (4519) app_init: Application information:
I (4523) app_init: Project name:     rc_tank_demo
I (4527) app_init: App version:      1
I (4531) app_init: Compile time:     Aug 26 2026 14:01:36
I (4536) app_init: ELF file SHA256:  8e8c6f5df...
I (4540) app_init: ESP-IDF:          GIT-NOTFOUND
I (4545) efuse_init: Min chip rev:     v0.0
I (4549) efuse_init: Max chip rev:     v0.99 
I (4553) efuse_init: Chip rev:         v0.2
I (4557) heap_init: Initializing. RAM available for dynamic allocation:
I (4563) heap_init: At 3FCAA3D0 len 0003F340 (252 KiB): RAM
I (4568) heap_init: At 3FCE9710 len 00005724 (21 KiB): RAM
I (4574) heap_init: At 3FCF0000 len 00008000 (32 KiB): DRAM
I (4579) heap_init: At 600FE000 len 00001FE8 (7 KiB): RTCRAM
I (4585) esp_psram: Adding pool of 8192K of PSRAM memory to heap allocator
I (4592) spi_flash: detected chip: generic
I (4595) spi_flash: flash io: dio
I (4599) sleep_gpio: Configure to isolate all GPIO pins in sleep state
I (4604) sleep_gpio: Enable automatic switching of GPIO sleep configuration
I (4611) main_task: Started on CPU0
I (4635) esp_psram: Reserving pool of 64K of internal memory for DMA/internal allocations
I (4636) main_task: Calling app_main()
I (4652) rc_tank: === RC Tank Demo (EX-035) Role: TANK ===
I (4653) rc_tank: Startup delay 10 s (open serial monitor now)...
I (4653) rc_tank:   starting in 10 s
I (5656) rc_tank:   starting in 9 s
I (6656) rc_tank:   starting in 8 s
I (7656) rc_tank:   starting in 7 s
I (8656) rc_tank:   starting in 6 s
I (9656) rc_tank:   starting in 5 s
I (10656) rc_tank:   starting in 4 s
I (11656) rc_tank:   starting in 3 s
I (12656) rc_tank:   starting in 2 s
I (13656) rc_tank:   starting in 1 s
I (14656) rc_tank: Starting Tank role (P1: network, P2: control, P3: video)
I (14656) board_laiwfs300: init board support package
I (14656) board_laiwfs300: init capability registry
I (14661) board_laiwfs300: init I2C bus: SDA=GPIO48 SCL=GPIO47
I (14667) bus_i2c: I2C0 initialized: SDA=GPIO48 SCL=GPIO47 speed=100000Hz
I (14673) board_laiwfs300: --- I2C bus scan (0x08-0x77) ---
I (14680) board_laiwfs300:   I2C device ACK at 0x15
I (14683) board_laiwfs300:   I2C device ACK at 0x18
I (14688) board_laiwfs300:   I2C device ACK at 0x21
I (14692) board_laiwfs300:   I2C device ACK at 0x22
I (14700) board_laiwfs300:   I2C device ACK at 0x40
I (14703) board_laiwfs300:   I2C device ACK at 0x51
I (14709) board_laiwfs300:   I2C device ACK at 0x68
I (14712) board_laiwfs300: --- I2C scan done: 7 device(s) found ---
W (14716) board_laiwfs300: TPT29555A (IOEX) NOT found at 0x20 (NACK)
I (14722) board_laiwfs300: ES8311 (Codec) found at 0x18
I (14727) board_laiwfs300: ES7210 (ADC) found at 0x40
I (14732) board_laiwfs300: AIP8563 (RTC) found at 0x51
I (14737) board_laiwfs300: BMI260 (IMU @0x68) found at 0x68
W (14742) board_laiwfs300: BMI260 (IMU @0x69) NOT found at 0x69 (NACK)
I (14748) board_laiwfs300: SP0A39 (Camera) found at 0x21
I (14755) board_laiwfs300: ES8311 chip ID: 0x83 0x11
I (14759) board_laiwfs300: ES7210 chip ID: 0x72
I (14764) board_laiwfs300: AIP8563 RTC time: 01:39:18 (BCD raw)
I (14768) board_laiwfs300: BMI260 chip ID: 0x27 (expect 0x27)
I (14773) board_laiwfs300: init SPI bus manager
I (14779) board_laiwfs300: init ADC service
I (14782) board_adc: ADC1 oneshot initialized
I (14786) board_laiwfs300: init board power service
I (14791) board_laiwfs300: ADC D0_DETECT (GPIO1): raw=4095 (~3100 mV)
I (14796) board_laiwfs300: ADC BAT_ADC (GPIO7): raw=1639 (~1240 mV)
I (14802) board_laiwfs300: ADC SW_ADC (GPIO8): raw=4095 (~3100 mV)
I (14808) board_laiwfs300: init IO expander: TPT29555A addr=0x22
I (14817) io_expander: TPT29555A initialized at 0x22
I (14819) board_laiwfs300: IO expander initialized OK
I (14823) board_laiwfs300: init module detect
I (14828) board_laiwfs300: register detection rules
I (14832) board_laiwfs300: register default capabilities
I (14837) board_laiwfs300: board init complete (ioex=OK)
I (14842) rc_tank: [STEP] Motor init starting...
I (14847) board_motor: motor input 1 -> GPIO5 / LEDC channel 0
I (14852) board_motor: motor input 2 -> GPIO4 / LEDC channel 1
I (14858) board_motor: motor input 3 -> GPIO37 / LEDC channel 2
I (14863) board_motor: motor input 4 -> GPIO45 / LEDC channel 3
I (14869) rc_control: Motor initialized
I (14872) rc_tank: [STEP] Motor init OK
I (14876) rc_tank: [STEP] Display init starting...
I (14881) rc_video: Initializing Tank display
I (14886) display_hal: init ST7789V3 LCD 240x320 SPI host=1
E (15031) spi: spi_bus_initialize(816): SPI bus already initialized.
I (15152) display_hal: ST7789V3 LCD initialized
I (15152) board_display: display mapped: MOSI=GPIO13 SCK=GPIO12 CS=GPIO10 DC=GPIO16 BL=GPIO17 LCD_RST=IOEX P1_5 pclk=20000000
I (15157) rc_video: Tank display task started (status screen)
I (15158) rc_video: Tank display initialized (status task owns LCD)
I (15168) rc_tank: [STEP] Display init OK
I (15172) rc_tank: [STEP] Camera init starting...
I (15176) rc_video: Initializing camera (SP0A39 640x480 VYUY)
I (15182) board_camera: initializing SP0A39 camera mode=0 640x480
I (15187) camera_hal: init SP0A39 DVP 640x480 (SCCB manual mode)
I (15193) camera_hal: configuring IOEX pins for camera RESET/PWDN
I (15200) camera_hal: PWDN=HIGH (power down)
I (15213) camera_hal: PWDN=LOW (release sensor)
I (15413) camera_hal: RESET=LOW (assert reset)
I (15433) camera_hal: RESET=HIGH (release reset)
I (16433) camera_hal: full I2C scan after camera power-up (diagnostic only)...
I (16435) camera_hal:   post-powerup ACK at 0x15
I (16435) camera_hal:   post-powerup ACK at 0x18
I (16438) camera_hal:   post-powerup ACK at 0x21
I (16442) camera_hal:   post-powerup ACK at 0x22
I (16450) camera_hal:   post-powerup ACK at 0x40
I (16452) camera_hal:   post-powerup ACK at 0x51
I (16458) camera_hal:   post-powerup ACK at 0x68
I (16461) camera_hal: DVP GPIO diagnostics (checking PCLK/VSYNC/HSYNC activity)...
I (16527) camera_hal: DVP diagnostics: PCLK_changes=0 VSYNC_changes=0 HSYNC_changes=0
W (16527) camera_hal: PCLK has no transitions - MCLK likely not reaching sensor or sensor not active
I (16532) camera_hal: using sensor address 0x21
I (16537) camera_hal: SP0A39 I2C device added at 0x21
I (16543) camera_hal: SP0A39 chip ID: 0x0A39
I (16665) camera_hal: SP0A39 register init done: VYUY 640x480 (359 regs)
I (16666) camera_hal: [CAM-PROBE] SP0A39 p0_31 stage=post_table value=0x00 expected=0x01
E (16669) camera_hal: camera_hal_verify_expected_output_p0_31(92): unexpected p0_31=0x00 at post_table
W (16678) camera_hal: [CAM-PROBE] output state differs after table; continuing: ESP_ERR_INVALID_RESPONSE
I (16707) camera_hal: [CAM-PROBE] SP0A39 p0_31 stage=post_delay value=0x01 expected=0x01
I (16708) camera_hal: camera HAL initialized (sensor ready, DVP capture not yet implemented)
I (16712) board_camera: camera ready
I (16720) camera_hal: SP0A39 output regs: P0:1c=0x00 P0:30=0x01 P0:31=0x01 P1:32=0x15 P1:34=0xeb P1:35=0x00 P1:36=0x10
I (16852) rc_video:   3 DMA-capable PSRAM framebuffers allocated (600 KB each)
I (16855) dvp_ext: DVP Extended camera controller driver is initialized
I (16856) dvp_ext: [STABLE-DVP] assembly uses GDMA-EOF direct copy; dma=102400 half=51200 queue_data_events=suppressed eof_desc=probe
I (16866) rc_video: [STABLE-CAPTURE] staged DVP controller created dma=102400 half=51200
I (16874) rc_video: Camera initialized
I (16878) rc_tank: [STEP] Camera init OK
W (16882) rc_tank: [DVP-MATRIX] pre-network stage=0 strategy=direct_control frames=0 sync_defer=0 wifi=off video_tx=not_created
I (16892) rc_tank: [STEP] Network init starting...
I (16898) rc_net: Initializing as SoftAP (Tank)
I (16903) pp: pp rom version: e7ae62f
I (16905) net80211: net80211 rom version: e7ae62f
I (16911) wifi:wifi driver task: 3fce4a38, prio:23, stack:6656, core=0
I (16922) wifi:wifi firmware version: 0947e8b
I (16922) wifi:wifi certification version: v7.0
I (16924) wifi:config NVS flash: enabled
I (16927) wifi:config nano formatting: disabled
I (16932) wifi:Init data frame dynamic rx buffer num: 32
I (16937) wifi:Init static rx mgmt buffer num: 5
I (16941) wifi:Init management short buffer num: 32
I (16945) wifi:Init dynamic tx buffer num: 64
I (16950) wifi:Init static tx FG buffer num: 2
I (16954) wifi:Init static rx buffer size: 1600
I (16958) wifi:Init static rx buffer num: 10
I (16962) wifi:Init dynamic rx buffer num: 32
I (16967) wifi_init: rx ba win: 6
I (16969) wifi_init: accept mbox: 6
I (16972) wifi_init: tcpip mbox: 16
I (16976) wifi_init: udp mbox: 6
I (16978) wifi_init: tcp mbox: 6
I (16981) wifi_init: tcp tx win: 5760
I (16985) wifi_init: tcp rx win: 5760
I (16988) wifi_init: tcp mss: 1440
I (16991) wifi_init: WiFi IRAM OP enabled
I (16995) wifi_init: WiFi RX IRAM OP enabled
I (17000) rc_net: AP set_mode/config, SSID=RC_TANK_F3AE79 ch=1
I (17009) phy_init: phy_version 711,97bcf0a2,Aug 25 2025,19:04:10
I (17049) wifi:mode : softAP (44:1b:f6:f3:ae:79)
I (17053) wifi:Total power save buffer number: 32
I (17054) wifi:Init max length of beacon: 752/752
I (17055) wifi:Init max length of beacon: 752/752
I (17057) rc_net: SoftAP started, SSID: RC_TANK_F3AE79, Password: 12345678
I (17059) esp_netif_lwip: DHCP server started on interface WIFI_AP_DEF with IP: 192.168.4.1
I (17071) rc_tank: [STEP] Network init OK
I (17075) rc_tank: Tank SoftAP ready, waiting for remote...
I (17080) rc_control: Ctrl RX task started
I (17084) rc_control: Tank control started
I (17088) rc_tank: Tank running (video + control; audio disabled)
I (17093) rc_tank: app_main done, idle loop
I (23277) wifi:removing station <44:1b:f6:f3:ae:40> after unsuccessful auth/assoc, AID = 0
W (23278) wifi:rm mis
I (23278) wifi:new:<1,0>, old:<1,1>, ap:<1,1>, sta:<255,255>, prof:1, snd_ch_cfg:0x0
I (23285) wifi:new:<1,1>, old:<1,0>, ap:<1,1>, sta:<255,255>, prof:1, snd_ch_cfg:0x0
I (31100) wifi:removing station <44:1b:f6:f3:ae:40> after unsuccessful auth/assoc, AID = 0
W (31101) wifi:rm mis
I (31101) wifi:new:<1,0>, old:<1,1>, ap:<1,1>, sta:<255,255>, prof:1, snd_ch_cfg:0x0
I (31108) wifi:new:<1,1>, old:<1,0>, ap:<1,1>, sta:<255,255>, prof:1, snd_ch_cfg:0x0
I (43368) wifi:new:<1,1>, old:<1,1>, ap:<1,1>, sta:<255,255>, prof:1, snd_ch_cfg:0x0
I (43369) wifi:station: 44:1b:f6:f3:ae:40 join, AID=1, bgn, 40U
I (43408) rc_net: STA connected, MAC: 44:1b:f6:f3:ae:40
I (43443) esp_netif_lwip: DHCP server assigned IP to a client, IP is: 192.168.4.2
I (43444) rc_net: STA assigned IP: 192.168.4.2
I (43445) rc_tank: Network connected, peer: 192.168.4.2
W (43451) rc_tank: [DVP-MATRIX] start stage=0 strategy=direct_control preflight_frames=0 rebuild=0 sync_defer=0 video_tx=not_created
I (43462) rc_net: Ctrl UDP socket bound to port 8001
I (43466) rc_net: Video UDP socket bound to port 8002
I (43471) rc_net: Audio TCP listening on port 8003
I (43475) rc_tank: Socket channels started
I (43479) rc_video: No local preview active; formal video handoff skipped
I (43487) camera_hal: [CAM-PROBE] SP0A39 p0_31 stage=dvp_started value=0x01 expected=0x01
I (43543) rc_video: Video TX task started (240x180, sensor-driven, Q=60)
I (43544) rc_video: TX theory: raw=614400 B/frame, encoded YUV=86400 B/frame, target10fps raw=0.86 MB/s
I (43548) rc_video: PSRAM TX buffers: subsample=86400B jpeg=43200B send=43208B free_psram=5592524 free_internal=59523
I (43559) rc_video: TX buffer caps: subsample=0x3c350120(psram=1) jpeg=0x3c3652a4(psram=1) send=0x3c36fea8(psram=1)
I (43579) rc_video: Tank video started (camera source)
W (43580) rc_tank: [DVP-MATRIX] observe stage=0 strategy=direct_control duration_ms=45000 sync_defer=0 under live Q60/UDP load
I (43616) rc_net: [CAM-PROBE] Video TX seq=0 jpeg_len=8218 crc32=0xcec79196 chunks=7
W (43664) rc_net: Video UDP send failed: seq=0 chunk=4/7 bytes=1208 sent=-1 errno=12 attempts=4
W (43665) rc_video: Video send failed: ESP_FAIL
W (43718) rc_video: Video send failed: ESP_FAIL

[HOST-DVP-MATRIX 14:06:47] REBUILD-R1 stage=0 visible window begin
W (43859) rc_video: Video send failed: ESP_FAIL
W (43939) rc_video: Video send failed: ESP_FAIL
W (44036) rc_video: Video send failed: ESP_FAIL
W (44176) rc_video: Video send failed: ESP_FAIL
W (44273) rc_video: Video send failed: ESP_FAIL
W (44413) rc_video: Video send failed: ESP_FAIL
I (44548) wifi:<ba-add>idx:2 (ifx:1, 44:1b:f6:f3:ae:40), tid:0, ssn:0, winSize:64
I (47278) rc_net: [CAM-PROBE] Video TX seq=30 jpeg_len=8946 crc32=0x7ab93fe5 chunks=8
I (48088) rc_video: Sent 30 | cap_fps=8.1 send_fps=6.6 capture_size_errors=0 capture_identity_errors=0 | Avg(ms): wait=54.7 cache=1.5 subsample=23.2 encode=24.2 send=6.5 total=110.0 | JPEG=7873B
I (48088) rc_video: [VIDEO-TX] handoff cap=38 get=77 select_fail=0 finished=38 signal=38 acquire=38 acquire_fail=0 release_fail=0 backup=0/0
I (48088) rc_video: [STABLE-CAPTURE] pause=38/38 timeout=0 quiesce=38 resume=38 lifecycle_errors=0 repairs=38 staged_events=639 copies=617 fallback=0 errors=0 prepare=39 stale_queue=0 pending_vsync=17 sync=61 complete=38 incomplete=23 incomplete_blocks=190 hold=38/38 hold_timeout=0
I (50823) rc_net: [CAM-PROBE] Video TX seq=60 jpeg_len=9383 crc32=0xfdf6d657 chunks=8
I (51641) rc_video: Sent 60 | cap_fps=8.5 send_fps=8.5 capture_size_errors=0 capture_identity_errors=0 | Avg(ms): wait=49.6 cache=1.5 subsample=23.9 encode=23.6 send=5.3 total=103.9 | JPEG=10714B
I (51649) rc_video: [VIDEO-TX] handoff cap=68 get=137 select_fail=0 finished=68 signal=68 acquire=68 acquire_fail=0 release_fail=0 backup=0/0
I (51654) rc_video: [STABLE-CAPTURE] pause=68/68 timeout=0 quiesce=68 resume=68 lifecycle_errors=0 repairs=68 staged_events=1120 copies=1081 fallback=0 errors=0 prepare=69 stale_queue=0 pending_vsync=31 sync=107 complete=68 incomplete=39 incomplete_blocks=330 hold=68/68 hold_timeout=0
I (54484) rc_net: [CAM-PROBE] Video TX seq=90 jpeg_len=9038 crc32=0x516e5041 chunks=8
I (55360) rc_video: Sent 90 | cap_fps=8.1 send_fps=8.1 capture_size_errors=0 capture_identity_errors=0 | Avg(ms): wait=54.9 cache=1.5 subsample=23.6 encode=24.8 send=7.5 total=112.4 | JPEG=9797B
I (55367) rc_video: [VIDEO-TX] handoff cap=98 get=197 select_fail=0 finished=98 signal=98 acquire=98 acquire_fail=0 release_fail=0 backup=0/0
I (55374) rc_video: [STABLE-CAPTURE] pause=98/98 timeout=0 quiesce=98 resume=98 lifecycle_errors=0 repairs=98 staged_events=1624 copies=1570 fallback=0 errors=0 prepare=99 stale_queue=0 pending_vsync=46 sync=156 complete=98 incomplete=58 incomplete_blocks=490 hold=98/98 hold_timeout=0
I (58400) rc_net: [CAM-PROBE] Video TX seq=120 jpeg_len=10048 crc32=0x812241e5 chunks=9
I (59236) rc_video: Sent 120 | cap_fps=7.7 send_fps=7.7 capture_size_errors=0 capture_identity_errors=0 | Avg(ms): wait=58.7 cache=1.5 subsample=23.6 encode=25.1 send=6.7 total=115.6 | JPEG=8761B
I (59243) rc_video: [VIDEO-TX] handoff cap=128 get=256 select_fail=0 finished=128 signal=128 acquire=128 acquire_fail=0 release_fail=0 backup=0/0
I (59253) rc_video: [STABLE-CAPTURE] pause=128/128 timeout=0 quiesce=128 resume=128 lifecycle_errors=0 repairs=128 staged_events=2150 copies=2079 fallback=0 errors=0 prepare=129 stale_queue=0 pending_vsync=59 sync=211 complete=128 incomplete=83 incomplete_blocks=670 hold=128/128 hold_timeout=0
I (61902) rc_net: [CAM-PROBE] Video TX seq=150 jpeg_len=9201 crc32=0x839c7d6d chunks=8
I (62657) rc_video: Sent 150 | cap_fps=8.7 send_fps=8.7 capture_size_errors=0 capture_identity_errors=0 | Avg(ms): wait=45.7 cache=1.4 subsample=23.3 encode=24.7 send=7.3 total=102.4 | JPEG=9182B
I (62657) rc_video: [VIDEO-TX] handoff cap=158 get=317 select_fail=0 finished=158 signal=158 acquire=158 acquire_fail=0 release_fail=0 backup=0/0
I (62657) rc_video: [STABLE-CAPTURE] pause=158/158 timeout=0 quiesce=158 resume=158 lifecycle_errors=0 repairs=158 staged_events=2624 copies=2538 fallback=0 errors=0 prepare=159 stale_queue=0 pending_vsync=73 sync=253 complete=158 incomplete=95 incomplete_blocks=790 hold=158/158 hold_timeout=0
I (65229) rc_net: [CAM-PROBE] Video TX seq=180 jpeg_len=9076 crc32=0xfb9f14ef chunks=8
I (66216) rc_video: Sent 180 | cap_fps=8.4 send_fps=8.4 capture_size_errors=0 capture_identity_errors=0 | Avg(ms): wait=49.5 cache=1.4 subsample=23.4 encode=24.8 send=6.1 total=105.2 | JPEG=7345B
I (66216) rc_video: [VIDEO-TX] handoff cap=188 get=377 select_fail=0 finished=188 signal=188 acquire=188 acquire_fail=0 release_fail=0 backup=0/0
I (66216) rc_video: [STABLE-CAPTURE] pause=188/188 timeout=0 quiesce=188 resume=188 lifecycle_errors=0 repairs=188 staged_events=3109 copies=3005 fallback=0 errors=0 prepare=189 stale_queue=0 pending_vsync=86 sync=300 complete=188 incomplete=112 incomplete_blocks=928 hold=188/188 hold_timeout=0
I (69402) rc_net: [CAM-PROBE] Video TX seq=210 jpeg_len=7857 crc32=0x848ce9ca chunks=7
I (70279) rc_video: Sent 210 | cap_fps=7.4 send_fps=7.4 capture_size_errors=0 capture_identity_errors=0 | Avg(ms): wait=65.2 cache=1.5 subsample=23.5 encode=24.2 send=5.4 total=119.7 | JPEG=9576B
I (70286) rc_video: [VIDEO-TX] handoff cap=218 get=436 select_fail=0 finished=218 signal=218 acquire=218 acquire_fail=0 release_fail=0 backup=0/0
I (70296) rc_video: [STABLE-CAPTURE] pause=218/218 timeout=0 quiesce=218 resume=218 lifecycle_errors=0 repairs=218 staged_events=3651 copies=3528 fallback=0 errors=0 prepare=219 stale_queue=0 pending_vsync=99 sync=360 complete=218 incomplete=142 incomplete_blocks=1128 hold=218/218 hold_timeout=0
I (73182) rc_net: [CAM-PROBE] Video TX seq=240 jpeg_len=7898 crc32=0x1e7302ca chunks=7
I (73921) rc_video: Sent 240 | cap_fps=8.2 send_fps=8.2 capture_size_errors=0 capture_identity_errors=0 | Avg(ms): wait=51.5 cache=1.5 subsample=23.4 encode=24.2 send=5.5 total=106.1 | JPEG=7880B
I (73928) rc_video: [VIDEO-TX] handoff cap=248 get=496 select_fail=0 finished=248 signal=248 acquire=248 acquire_fail=0 release_fail=0 backup=0/0
I (73937) rc_video: [STABLE-CAPTURE] pause=248/248 timeout=0 quiesce=248 resume=248 lifecycle_errors=0 repairs=248 staged_events=4160 copies=4019 fallback=0 errors=0 prepare=249 stale_queue=0 pending_vsync=111 sync=410 complete=248 incomplete=162 incomplete_blocks=1288 hold=248/248 hold_timeout=0
I (76665) rc_net: [CAM-PROBE] Video TX seq=270 jpeg_len=7714 crc32=0xb5cda5c1 chunks=7
I (77481) rc_video: Sent 270 | cap_fps=8.4 send_fps=8.4 capture_size_errors=0 capture_identity_errors=0 | Avg(ms): wait=50.1 cache=1.5 subsample=23.4 encode=23.7 send=5.4 total=104.1 | JPEG=7793B
I (77488) rc_video: [VIDEO-TX] handoff cap=278 get=556 select_fail=0 finished=278 signal=278 acquire=278 acquire_fail=0 release_fail=0 backup=0/0
I (77499) rc_video: [STABLE-CAPTURE] pause=278/278 timeout=0 quiesce=278 resume=278 lifecycle_errors=0 repairs=278 staged_events=4655 copies=4498 fallback=0 errors=0 prepare=279 stale_queue=0 pending_vsync=125 sync=456 complete=278 incomplete=178 incomplete_blocks=1438 hold=278/278 hold_timeout=0
I (80425) rc_net: [CAM-PROBE] Video TX seq=300 jpeg_len=7285 crc32=0x88d40e3a chunks=7
I (81177) rc_video: Sent 300 | cap_fps=8.1 send_fps=8.1 capture_size_errors=0 capture_identity_errors=0 | Avg(ms): wait=54.8 cache=1.5 subsample=23.6 encode=23.6 send=6.5 total=110.1 | JPEG=6773B
I (81177) rc_video: [VIDEO-TX] handoff cap=308 get=617 select_fail=0 finished=308 signal=308 acquire=308 acquire_fail=0 release_fail=0 backup=0/0
I (81177) rc_video: [STABLE-CAPTURE] pause=308/308 timeout=0 quiesce=308 resume=308 lifecycle_errors=0 repairs=308 staged_events=5171 copies=4998 fallback=0 errors=0 prepare=309 stale_queue=0 pending_vsync=138 sync=506 complete=308 incomplete=198 incomplete_blocks=1598 hold=308/308 hold_timeout=0
I (83730) rc_net: [CAM-PROBE] Video TX seq=330 jpeg_len=7623 crc32=0x06fc331d chunks=7
I (84541) rc_video: Sent 330 | cap_fps=8.9 send_fps=8.9 capture_size_errors=0 capture_identity_errors=0 | Avg(ms): wait=43.5 cache=1.4 subsample=23.5 encode=23.4 send=4.7 total=96.5 | JPEG=5823B
I (84541) rc_video: [VIDEO-TX] handoff cap=338 get=677 select_fail=0 finished=338 signal=338 acquire=338 acquire_fail=0 release_fail=0 backup=0/0
I (84541) rc_video: [STABLE-CAPTURE] pause=338/338 timeout=0 quiesce=338 resume=338 lifecycle_errors=0 repairs=338 staged_events=5639 copies=5448 fallback=0 errors=0 prepare=339 stale_queue=0 pending_vsync=150 sync=549 complete=338 incomplete=211 incomplete_blocks=1718 hold=338/338 hold_timeout=0
I (87214) rc_net: [CAM-PROBE] Video TX seq=360 jpeg_len=9643 crc32=0x959cc4d5 chunks=9
I (88103) rc_video: Sent 360 | cap_fps=8.4 send_fps=8.4 capture_size_errors=0 capture_identity_errors=0 | Avg(ms): wait=49.5 cache=1.5 subsample=23.6 encode=24.3 send=5.3 total=104.2 | JPEG=8464B
I (88103) rc_video: [VIDEO-TX] handoff cap=368 get=737 select_fail=0 finished=368 signal=368 acquire=368 acquire_fail=0 release_fail=0 backup=0/0
I (88103) rc_video: [STABLE-CAPTURE] pause=368/368 timeout=0 quiesce=368 resume=368 lifecycle_errors=0 repairs=368 staged_events=6138 copies=5929 fallback=0 errors=0 prepare=369 stale_queue=0 pending_vsync=162 sync=597 complete=368 incomplete=229 incomplete_blocks=1868 hold=368/368 hold_timeout=0
W (88585) rc_tank: [DVP-MATRIX] result stage=0 strategy=direct_control complete=372 incomplete=231 incomplete_blocks=1888 sync_defer=0 released=0 collisions=0 release_errors=0 defer_hist=0,0,0,0,0,0,0,0,0,0,0 mismatch_hist=0,1,1,1,125,208,176,126,72,77,189 prepare=373 pending=164 hold=372/372 hold_timeout=0
W (88636) rc_tank: [DVP-MATRIX] advance stage=1; restart in 1s
I (89637) wifi:station: 44:1b:f6:f3:ae:40 leave, AID = 1, reason = 2, bss_flags is 756835, bss:0x3fcf1374
I (89639) wifi:new:<1,0>, old:<1,1>, ap:<1,1>, sta:<255,255>, prof:1, snd_ch_cfg:0x0
I (89645) wifi:<ba-del>idx:2, tid:0
I (89686) wifi:new:<1,1>, old:<1,0>, ap:<1,1>, sta:<255,255>, prof:1, snd_ch_cfg:0x0
I (89689) rc_net: STA disconnected, MAC: 44:1b:f6:f3:ae:40
W (89691) rc_control: Network disconnected: motor stop enforced
W (89693) rc_tank: Network disconnected
W (89754) rc_video: Video send failed: ESP_ERR_INVALID_STATE
W (89845) rc_video: Video send failed: ESP_ERR_INVALID_STATE
I (89888) wifi:flush txq
I (89889) wifi:stop sw txq
I (89889) wifi:lmac stop hw txq
ESP-ROM:esp32s3-20210327
Build:Mar 27 2021
rst:0xc (RTC_SW_CPU_RST),boot:0x3 (DOWNLOAD(USB/UART0))
Saved PC:0x403812c5
waiting for download

[HOST-DVP-MATRIX 14:07:33] REBUILD-R1 Tank restart recovery=2

[HOST-DVP-MATRIX 14:07:33] Tank RAM bootloader start
esptool.py v4.12.dev2
Serial port COM7
Connecting....
Chip is ESP32-S3 (QFN56) (revision v0.2)
Features: WiFi, BLE
Crystal is 40MHz
MAC: 44:1b:f6:f3:ae:78
Uploading stub...
Running stub...
Stub running...
RAM boot...
Downloading 5360 bytes at 3fce2820... done!
Downloading 3364 bytes at 403c8700... done!
Downloading 12016 bytes at 403cb700... done!
All segments done, executing at 403c8924
Exiting immediately.

[HOST-DVP-MATRIX 14:07:36] Tank RAM bootloader complete
 (2933) boot: chip revision: v0.2
I (2936) boot: efuse block revision: v1.3
I (2939) boot.esp32s3: Boot SPI Speed : 80MHz
I (2943) boot.esp32s3: SPI Mode       : SLOW READ
I (2948) boot.esp32s3: SPI Flash Size : 8MB
I (2952) boot: Enabling RNG early entropy source...
I (2957) boot: Partition Table:
I (2959) boot: ## Label            Usage          Type ST Offset   Length
I (2966) boot:  0 nvs              WiFi data        01 02 00009000 00006000
I (2972) boot:  1 phy_init         RF data          01 01 0000f000 00001000
I (2979) boot:  2 factory          factory app      00 00 00010000 00300000
I (2986) boot:  3 storage          Unknown data     01 82 00310000 00100000
I (2993) boot: End of partition table
I (2996) esp_image: segment 0: paddr=00010020 vaddr=3c0a0020 size=25010h (151568) map
I (3096) esp_image: segment 1: paddr=00035038 vaddr=3fca0d00 size=05560h ( 21856) load
I (3110) esp_image: segment 2: paddr=0003a5a0 vaddr=40374000 size=05a78h ( 23160) load
I (3126) esp_image: segment 3: paddr=00040020 vaddr=42000020 size=9b9fch (637436) map
I (3515) esp_image: segment 4: paddr=000dba24 vaddr=40379a78 size=17240h ( 94784) load
I (3577) esp_image: segment 5: paddr=000f2c6c vaddr=50000000 size=00020h (    32) load
I (3588) boot: Loaded app from partition at offset 0x10000
I (3588) boot: Disabling RNG early entropy source...
I (3600) esp_psram: Found 8MB PSRAM device
I (3600) esp_psram: Speed: 80MHz
I (3601) cpu_start: Multicore app
I (4519) esp_psram: SPI SRAM memory test OK
I (4527) cpu_start: GPIO 44 and 43 are used as console UART I/O pins
I (4528) cpu_start: Pro cpu start user code
I (4528) cpu_start: cpu freq: 240000000 Hz
I (4530) app_init: Application information:
I (4534) app_init: Project name:     rc_tank_demo
I (4538) app_init: App version:      1
I (4541) app_init: Compile time:     Aug 26 2026 14:01:36
I (4547) app_init: ELF file SHA256:  8e8c6f5df...
I (4551) app_init: ESP-IDF:          GIT-NOTFOUND
I (4555) efuse_init: Min chip rev:     v0.0
I (4559) efuse_init: Max chip rev:     v0.99 
I (4563) efuse_init: Chip rev:         v0.2
I (4567) heap_init: Initializing. RAM available for dynamic allocation:
I (4574) heap_init: At 3FCAA3D0 len 0003F340 (252 KiB): RAM
I (4579) heap_init: At 3FCE9710 len 00005724 (21 KiB): RAM
I (4584) heap_init: At 3FCF0000 len 00008000 (32 KiB): DRAM
I (4589) heap_init: At 600FE000 len 00001FE8 (7 KiB): RTCRAM
I (4595) esp_psram: Adding pool of 8192K of PSRAM memory to heap allocator
I (4603) spi_flash: detected chip: generic
I (4605) spi_flash: flash io: dio
I (4609) sleep_gpio: Configure to isolate all GPIO pins in sleep state
I (4615) sleep_gpio: Enable automatic switching of GPIO sleep configuration
I (4622) main_task: Started on CPU0
I (4646) esp_psram: Reserving pool of 64K of internal memory for DMA/internal allocations
I (4647) main_task: Calling app_main()
I (4663) rc_tank: === RC Tank Demo (EX-035) Role: TANK ===
I (4664) rc_tank: Startup delay 10 s (open serial monitor now)...
I (4664) rc_tank:   starting in 10 s
I (5667) rc_tank:   starting in 9 s
I (6667) rc_tank:   starting in 8 s
I (7667) rc_tank:   starting in 7 s
I (8667) rc_tank:   starting in 6 s
I (9667) rc_tank:   starting in 5 s
I (10667) rc_tank:   starting in 4 s
I (11667) rc_tank:   starting in 3 s
I (12667) rc_tank:   starting in 2 s
I (13667) rc_tank:   starting in 1 s
I (14667) rc_tank: Starting Tank role (P1: network, P2: control, P3: video)
I (14667) board_laiwfs300: init board support package
I (14667) board_laiwfs300: init capability registry
I (14672) board_laiwfs300: init I2C bus: SDA=GPIO48 SCL=GPIO47
I (14678) bus_i2c: I2C0 initialized: SDA=GPIO48 SCL=GPIO47 speed=100000Hz
I (14684) board_laiwfs300: --- I2C bus scan (0x08-0x77) ---
I (14691) board_laiwfs300:   I2C device ACK at 0x15
I (14694) board_laiwfs300:   I2C device ACK at 0x18
I (14699) board_laiwfs300:   I2C device ACK at 0x21
I (14703) board_laiwfs300:   I2C device ACK at 0x22
I (14711) board_laiwfs300:   I2C device ACK at 0x40
I (14714) board_laiwfs300:   I2C device ACK at 0x51
I (14720) board_laiwfs300:   I2C device ACK at 0x68
I (14723) board_laiwfs300: --- I2C scan done: 7 device(s) found ---
W (14727) board_laiwfs300: TPT29555A (IOEX) NOT found at 0x20 (NACK)
I (14733) board_laiwfs300: ES8311 (Codec) found at 0x18
I (14738) board_laiwfs300: ES7210 (ADC) found at 0x40
I (14743) board_laiwfs300: AIP8563 (RTC) found at 0x51
I (14748) board_laiwfs300: BMI260 (IMU @0x68) found at 0x68
W (14753) board_laiwfs300: BMI260 (IMU @0x69) NOT found at 0x69 (NACK)
I (14759) board_laiwfs300: SP0A39 (Camera) found at 0x21
I (14766) board_laiwfs300: ES8311 chip ID: 0x83 0x11
I (14770) board_laiwfs300: ES7210 chip ID: 0x72
I (14775) board_laiwfs300: AIP8563 RTC time: 01:40:48 (BCD raw)
I (14779) board_laiwfs300: BMI260 chip ID: 0x27 (expect 0x27)
I (14784) board_laiwfs300: init SPI bus manager
I (14790) board_laiwfs300: init ADC service
I (14793) board_adc: ADC1 oneshot initialized
I (14797) board_laiwfs300: init board power service
I (14802) board_laiwfs300: ADC D0_DETECT (GPIO1): raw=4095 (~3100 mV)
I (14807) board_laiwfs300: ADC BAT_ADC (GPIO7): raw=1639 (~1240 mV)
I (14813) board_laiwfs300: ADC SW_ADC (GPIO8): raw=4095 (~3100 mV)
I (14819) board_laiwfs300: init IO expander: TPT29555A addr=0x22
I (14828) io_expander: TPT29555A initialized at 0x22
I (14830) board_laiwfs300: IO expander initialized OK
I (14834) board_laiwfs300: init module detect
I (14839) board_laiwfs300: register detection rules
I (14843) board_laiwfs300: register default capabilities
I (14848) board_laiwfs300: board init complete (ioex=OK)
I (14853) rc_tank: [STEP] Motor init starting...
I (14858) board_motor: motor input 1 -> GPIO5 / LEDC channel 0
I (14863) board_motor: motor input 2 -> GPIO4 / LEDC channel 1
I (14869) board_motor: motor input 3 -> GPIO37 / LEDC channel 2
I (14874) board_motor: motor input 4 -> GPIO45 / LEDC channel 3
I (14880) rc_control: Motor initialized
I (14883) rc_tank: [STEP] Motor init OK
I (14887) rc_tank: [STEP] Display init starting...
I (14892) rc_video: Initializing Tank display
I (14897) display_hal: init ST7789V3 LCD 240x320 SPI host=1
E (15042) spi: spi_bus_initialize(816): SPI bus already initialized.
I (15163) display_hal: ST7789V3 LCD initialized
I (15163) board_display: display mapped: MOSI=GPIO13 SCK=GPIO12 CS=GPIO10 DC=GPIO16 BL=GPIO17 LCD_RST=IOEX P1_5 pclk=20000000
I (15168) rc_video: Tank display task started (status screen)
I (15169) rc_video: Tank display initialized (status task owns LCD)
I (15179) rc_tank: [STEP] Display init OK
I (15183) rc_tank: [STEP] Camera init starting...
I (15187) rc_video: Initializing camera (SP0A39 640x480 VYUY)
I (15193) board_camera: initializing SP0A39 camera mode=0 640x480
I (15198) camera_hal: init SP0A39 DVP 640x480 (SCCB manual mode)
I (15204) camera_hal: configuring IOEX pins for camera RESET/PWDN
I (15211) camera_hal: PWDN=HIGH (power down)
I (15224) camera_hal: PWDN=LOW (release sensor)
I (15424) camera_hal: RESET=LOW (assert reset)
I (15444) camera_hal: RESET=HIGH (release reset)
I (16444) camera_hal: full I2C scan after camera power-up (diagnostic only)...
I (16446) camera_hal:   post-powerup ACK at 0x15
I (16446) camera_hal:   post-powerup ACK at 0x18
I (16449) camera_hal:   post-powerup ACK at 0x21
I (16453) camera_hal:   post-powerup ACK at 0x22
I (16461) camera_hal:   post-powerup ACK at 0x40
I (16463) camera_hal:   post-powerup ACK at 0x51
I (16469) camera_hal:   post-powerup ACK at 0x68
I (16472) camera_hal: DVP GPIO diagnostics (checking PCLK/VSYNC/HSYNC activity)...
I (16538) camera_hal: DVP diagnostics: PCLK_changes=0 VSYNC_changes=0 HSYNC_changes=0
W (16538) camera_hal: PCLK has no transitions - MCLK likely not reaching sensor or sensor not active
I (16543) camera_hal: using sensor address 0x21
I (16548) camera_hal: SP0A39 I2C device added at 0x21
I (16554) camera_hal: SP0A39 chip ID: 0x0A39
I (16676) camera_hal: SP0A39 register init done: VYUY 640x480 (359 regs)
I (16677) camera_hal: [CAM-PROBE] SP0A39 p0_31 stage=post_table value=0x00 expected=0x01
E (16680) camera_hal: camera_hal_verify_expected_output_p0_31(92): unexpected p0_31=0x00 at post_table
W (16689) camera_hal: [CAM-PROBE] output state differs after table; continuing: ESP_ERR_INVALID_RESPONSE
I (16718) camera_hal: [CAM-PROBE] SP0A39 p0_31 stage=post_delay value=0x01 expected=0x01
I (16719) camera_hal: camera HAL initialized (sensor ready, DVP capture not yet implemented)
I (16723) board_camera: camera ready
I (16731) camera_hal: SP0A39 output regs: P0:1c=0x00 P0:30=0x01 P0:31=0x01 P1:32=0x15 P1:34=0xeb P1:35=0x00 P1:36=0x10
I (16863) rc_video:   3 DMA-capable PSRAM framebuffers allocated (600 KB each)
I (16866) dvp_ext: DVP Extended camera controller driver is initialized
I (16867) dvp_ext: [STABLE-DVP] assembly uses GDMA-EOF direct copy; dma=102400 half=51200 queue_data_events=suppressed eof_desc=probe
I (16877) rc_video: [STABLE-CAPTURE] staged DVP controller created dma=102400 half=51200
I (16885) rc_video: Camera initialized
I (16889) rc_tank: [STEP] Camera init OK
W (16893) rc_tank: [DVP-MATRIX] pre-network stage=1 strategy=direct_rebuild_before_channels frames=0 sync_defer=0 wifi=off video_tx=not_created
I (16905) rc_tank: [STEP] Network init starting...
I (16911) rc_net: Initializing as SoftAP (Tank)
I (16915) pp: pp rom version: e7ae62f
I (16918) net80211: net80211 rom version: e7ae62f
I (16923) wifi:wifi driver task: 3fce4a38, prio:23, stack:6656, core=0
I (16934) wifi:wifi firmware version: 0947e8b
I (16935) wifi:wifi certification version: v7.0
I (16936) wifi:config NVS flash: enabled
I (16940) wifi:config nano formatting: disabled
I (16944) wifi:Init data frame dynamic rx buffer num: 32
I (16949) wifi:Init static rx mgmt buffer num: 5
I (16953) wifi:Init management short buffer num: 32
I (16958) wifi:Init dynamic tx buffer num: 64
I (16962) wifi:Init static tx FG buffer num: 2
I (16966) wifi:Init static rx buffer size: 1600
I (16970) wifi:Init static rx buffer num: 10
I (16974) wifi:Init dynamic rx buffer num: 32
I (16980) wifi_init: rx ba win: 6
I (16981) wifi_init: accept mbox: 6
I (16985) wifi_init: tcpip mbox: 16
I (16988) wifi_init: udp mbox: 6
I (16991) wifi_init: tcp mbox: 6
I (16994) wifi_init: tcp tx win: 5760
I (16997) wifi_init: tcp rx win: 5760
I (17001) wifi_init: tcp mss: 1440
I (17004) wifi_init: WiFi IRAM OP enabled
I (17007) wifi_init: WiFi RX IRAM OP enabled
I (17012) rc_net: AP set_mode/config, SSID=RC_TANK_F3AE79 ch=1
I (17022) phy_init: phy_version 711,97bcf0a2,Aug 25 2025,19:04:10
I (17061) wifi:mode : softAP (44:1b:f6:f3:ae:79)
I (17066) wifi:Total power save buffer number: 32
I (17067) wifi:Init max length of beacon: 752/752
I (17067) wifi:Init max length of beacon: 752/752
I (17070) rc_net: SoftAP started, SSID: RC_TANK_F3AE79, Password: 12345678
I (17071) esp_netif_lwip: DHCP server started on interface WIFI_AP_DEF with IP: 192.168.4.1
I (17083) rc_tank: [STEP] Network init OK
I (17087) rc_tank: Tank SoftAP ready, waiting for remote...
I (17092) rc_control: Ctrl RX task started
I (17096) rc_control: Tank control started
I (17100) rc_tank: Tank running (video + control; audio disabled)
I (17106) rc_tank: app_main done, idle loop
I (22851) wifi:new:<1,1>, old:<1,1>, ap:<1,1>, sta:<255,255>, prof:1, snd_ch_cfg:0x0
I (22852) wifi:station: 44:1b:f6:f3:ae:40 join, AID=1, bgn, 40U
I (22914) rc_net: STA connected, MAC: 44:1b:f6:f3:ae:40
I (22984) esp_netif_lwip: DHCP server assigned IP to a client, IP is: 192.168.4.2
I (22985) rc_net: STA assigned IP: 192.168.4.2
I (22985) rc_tank: Network connected, peer: 192.168.4.2
W (22991) rc_tank: [DVP-MATRIX] start stage=1 strategy=direct_rebuild_before_channels preflight_frames=0 rebuild=1 sync_defer=0 video_tx=not_created
W (23003) rc_tank: [DVP-MATRIX] rebuilding complete DVP controller before socket/channel tasks
E (23012) gpio: gpio_install_isr_service(537): GPIO isr service already installed
I (23020) dvp_ext: DVP Extended camera controller driver is initialized
I (23025) dvp_ext: [STABLE-DVP] assembly uses GDMA-EOF direct copy; dma=102400 half=51200 queue_data_events=suppressed eof_desc=probe
W (23037) rc_video: [DVP-REBUILD] complete old=0x3fcebecc new=0x3fcebecc drained=0 internal=87759->88999; GDMA channel/descriptors/event queue/task recreated
I (23051) rc_net: Ctrl UDP socket bound to port 8001
I (23055) rc_net: Video UDP socket bound to port 8002
I (23061) rc_net: Audio TCP listening on port 8003
I (23064) rc_tank: Socket channels started
I (23068) rc_video: No local preview active; formal video handoff skipped
I (23077) camera_hal: [CAM-PROBE] SP0A39 p0_31 stage=dvp_started value=0x01 expected=0x01
I (23132) rc_video: Video TX task started (240x180, sensor-driven, Q=60)
I (23133) rc_video: TX theory: raw=614400 B/frame, encoded YUV=86400 B/frame, target10fps raw=0.86 MB/s
I (23137) rc_video: PSRAM TX buffers: subsample=86400B jpeg=43200B send=43208B free_psram=5592524 free_internal=59539
I (23148) rc_video: TX buffer caps: subsample=0x3c350120(psram=1) jpeg=0x3c3652a4(psram=1) send=0x3c36fea8(psram=1)
I (23182) rc_video: Tank video started (camera source)
W (23183) rc_tank: [DVP-MATRIX] observe stage=1 strategy=direct_rebuild_before_channels duration_ms=45000 sync_defer=0 under live Q60/UDP load
I (23204) rc_net: [CAM-PROBE] Video TX seq=0 jpeg_len=7423 crc32=0x2c338eef chunks=7
W (23252) rc_net: Video UDP send failed: seq=0 chunk=4/7 bytes=1208 sent=-1 errno=12 attempts=4
W (23253) rc_video: Video send failed: ESP_FAIL
W (23305) rc_video: Video send failed: ESP_FAIL

[HOST-DVP-MATRIX 14:07:56] REBUILD-R1 stage=1 visible window begin
W (23451) rc_video: Video send failed: ESP_FAIL
W (23503) rc_video: Video send failed: ESP_FAIL
W (23645) rc_video: Video send failed: ESP_FAIL
W (23724) rc_video: Video send failed: ESP_FAIL
W (23923) rc_video: Video send failed: ESP_FAIL
W (24757) rc_net: Video UDP send failed: seq=13 chunk=2/6 bytes=1208 sent=-1 errno=12 attempts=4
W (24758) rc_video: Video send failed: ESP_FAIL
I (24766) wifi:<ba-add>idx:2 (ifx:1, 44:1b:f6:f3:ae:40), tid:0, ssn:0, winSize:64
W (24815) rc_video: Video send failed: ESP_FAIL
W (24960) rc_video: Video send failed: ESP_FAIL
W (25011) rc_video: Video send failed: ESP_FAIL
W (25149) rc_video: Video send failed: ESP_FAIL
I (26568) rc_net: [CAM-PROBE] Video TX seq=30 jpeg_len=7375 crc32=0xcedb695f chunks=7
W (26712) rc_net: Video UDP send failed: seq=31 chunk=4/7 bytes=1208 sent=-1 errno=12 attempts=4
W (26713) rc_video: Video send failed: ESP_FAIL
W (27566) rc_video: Video send failed: ESP_FAIL
I (28139) rc_video: Sent 30 | cap_fps=8.6 send_fps=6.0 capture_size_errors=0 capture_identity_errors=0 | Avg(ms): wait=46.2 cache=1.5 subsample=23.4 encode=23.7 send=5.5 total=100.3 | JPEG=7181B
I (28146) rc_video: [VIDEO-TX] handoff cap=44 get=88 select_fail=0 finished=44 signal=44 acquire=44 acquire_fail=0 release_fail=0 backup=0/0
I (28155) rc_video: [STABLE-CAPTURE] pause=44/44 timeout=0 quiesce=44 resume=44 lifecycle_errors=0 repairs=44 staged_events=706 copies=675 fallback=0 errors=0 prepare=45 stale_queue=0 pending_vsync=16 sync=69 complete=44 incomplete=25 incomplete_blocks=189 hold=44/44 hold_timeout=0
W (29074) rc_net: Video UDP send failed: seq=51 chunk=3/6 bytes=1208 sent=-1 errno=12 attempts=4
W (29075) rc_video: Video send failed: ESP_FAIL
W (29128) rc_video: Video send failed: ESP_FAIL
I (29972) rc_net: [CAM-PROBE] Video TX seq=60 jpeg_len=7412 crc32=0x5483f737 chunks=7
W (30025) rc_video: Video send failed: ESP_FAIL
W (30077) rc_net: Video UDP send failed: seq=61 chunk=1/6 bytes=1208 sent=-1 errno=12 attempts=4
W (30078) rc_video: Video send failed: ESP_FAIL
W (30219) rc_video: Video send failed: ESP_FAIL
W (30271) rc_video: Video send failed: ESP_FAIL
W (30418) rc_video: Video send failed: ESP_FAIL
W (30469) rc_video: Video send failed: ESP_FAIL
I (32386) rc_video: Sent 60 | cap_fps=8.9 send_fps=7.0 capture_size_errors=0 capture_identity_errors=0 | Avg(ms): wait=45.5 cache=1.5 subsample=23.1 encode=23.9 send=5.6 total=99.5 | JPEG=7084B
I (32386) rc_video: [VIDEO-TX] handoff cap=82 get=165 select_fail=0 finished=82 signal=82 acquire=82 acquire_fail=0 release_fail=0 backup=0/0
I (32386) rc_video: [STABLE-CAPTURE] pause=82/82 timeout=0 quiesce=82 resume=82 lifecycle_errors=0 repairs=82 staged_events=1320 copies=1263 fallback=0 errors=0 prepare=83 stale_queue=0 pending_vsync=28 sync=126 complete=82 incomplete=44 incomplete_blocks=349 hold=82/82 hold_timeout=0
I (33376) rc_net: [CAM-PROBE] Video TX seq=90 jpeg_len=7281 crc32=0x83f95b4b chunks=7
I (35952) rc_video: Sent 90 | cap_fps=8.4 send_fps=8.4 capture_size_errors=0 capture_identity_errors=0 | Avg(ms): wait=48.8 cache=1.5 subsample=23.6 encode=23.5 send=6.5 total=103.7 | JPEG=7371B
I (35952) rc_video: [VIDEO-TX] handoff cap=112 get=225 select_fail=0 finished=112 signal=112 acquire=112 acquire_fail=0 release_fail=0 backup=0/0
I (35952) rc_video: [STABLE-CAPTURE] pause=112/112 timeout=0 quiesce=112 resume=112 lifecycle_errors=0 repairs=112 staged_events=1807 copies=1732 fallback=0 errors=0 prepare=113 stale_queue=0 pending_vsync=39 sync=174 complete=112 incomplete=62 incomplete_blocks=489 hold=112/112 hold_timeout=0
I (36919) rc_net: [CAM-PROBE] Video TX seq=120 jpeg_len=7740 crc32=0xa4079a92 chunks=7
I (39392) rc_video: Sent 120 | cap_fps=8.7 send_fps=8.7 capture_size_errors=0 capture_identity_errors=0 | Avg(ms): wait=46.1 cache=1.5 subsample=23.6 encode=23.4 send=4.9 total=99.4 | JPEG=6999B
I (39392) rc_video: [VIDEO-TX] handoff cap=142 get=285 select_fail=0 finished=142 signal=142 acquire=142 acquire_fail=0 release_fail=0 backup=0/0
I (39392) rc_video: [STABLE-CAPTURE] pause=142/142 timeout=0 quiesce=142 resume=142 lifecycle_errors=0 repairs=142 staged_events=2286 copies=2193 fallback=0 errors=0 prepare=143 stale_queue=0 pending_vsync=51 sync=219 complete=142 incomplete=77 incomplete_blocks=619 hold=142/142 hold_timeout=0
I (40500) rc_net: [CAM-PROBE] Video TX seq=150 jpeg_len=8317 crc32=0xd721043a chunks=7
I (43076) rc_video: Sent 150 | cap_fps=8.1 send_fps=8.1 capture_size_errors=0 capture_identity_errors=0 | Avg(ms): wait=52.8 cache=1.5 subsample=23.3 encode=24.5 send=5.9 total=108.0 | JPEG=8665B
I (43076) rc_video: [VIDEO-TX] handoff cap=172 get=345 select_fail=0 finished=172 signal=172 acquire=172 acquire_fail=0 release_fail=0 backup=0/0
I (43076) rc_video: [STABLE-CAPTURE] pause=172/172 timeout=0 quiesce=172 resume=172 lifecycle_errors=0 repairs=172 staged_events=2795 copies=2684 fallback=0 errors=0 prepare=173 stale_queue=0 pending_vsync=63 sync=270 complete=172 incomplete=98 incomplete_blocks=779 hold=172/172 hold_timeout=0
I (44145) rc_net: [CAM-PROBE] Video TX seq=180 jpeg_len=8682 crc32=0xb102dfc8 chunks=8
I (46477) rc_video: Sent 180 | cap_fps=8.8 send_fps=8.8 capture_size_errors=0 capture_identity_errors=0 | Avg(ms): wait=44.1 cache=1.5 subsample=23.6 encode=24.6 send=7.1 total=100.8 | JPEG=8647B
I (46477) rc_video: [VIDEO-TX] handoff cap=202 get=405 select_fail=0 finished=202 signal=202 acquire=202 acquire_fail=0 release_fail=0 backup=0/0
I (46477) rc_video: [STABLE-CAPTURE] pause=202/202 timeout=0 quiesce=202 resume=202 lifecycle_errors=0 repairs=202 staged_events=3252 copies=3124 fallback=0 errors=0 prepare=203 stale_queue=0 pending_vsync=76 sync=313 complete=202 incomplete=111 incomplete_blocks=889 hold=202/202 hold_timeout=0
I (47826) rc_net: [CAM-PROBE] Video TX seq=210 jpeg_len=8655 crc32=0xa3c10583 chunks=8
I (50121) rc_video: Sent 210 | cap_fps=8.2 send_fps=8.2 capture_size_errors=0 capture_identity_errors=0 | Avg(ms): wait=51.3 cache=1.5 subsample=23.7 encode=24.9 send=6.1 total=107.5 | JPEG=8803B
I (50121) rc_video: [VIDEO-TX] handoff cap=232 get=465 select_fail=0 finished=232 signal=232 acquire=232 acquire_fail=0 release_fail=0 backup=0/0
I (50121) rc_video: [STABLE-CAPTURE] pause=232/232 timeout=0 quiesce=232 resume=232 lifecycle_errors=0 repairs=232 staged_events=3732 copies=3585 fallback=0 errors=0 prepare=233 stale_queue=0 pending_vsync=88 sync=363 complete=232 incomplete=131 incomplete_blocks=1019 hold=232/232 hold_timeout=0
I (51266) rc_net: [CAM-PROBE] Video TX seq=240 jpeg_len=8835 crc32=0xa0414262 chunks=8
I (53951) rc_video: Sent 240 | cap_fps=7.9 send_fps=7.9 capture_size_errors=0 capture_identity_errors=0 | Avg(ms): wait=56.0 cache=1.4 subsample=23.5 encode=24.3 send=6.3 total=111.5 | JPEG=8433B
I (53957) rc_video: [VIDEO-TX] handoff cap=262 get=525 select_fail=0 finished=262 signal=262 acquire=262 acquire_fail=0 release_fail=0 backup=0/0
I (53960) rc_video: [STABLE-CAPTURE] pause=262/262 timeout=0 quiesce=262 resume=262 lifecycle_errors=0 repairs=262 staged_events=4242 copies=4078 fallback=0 errors=0 prepare=263 stale_queue=0 pending_vsync=102 sync=416 complete=262 incomplete=154 incomplete_blocks=1189 hold=262/262 hold_timeout=0
I (55047) rc_net: [CAM-PROBE] Video TX seq=270 jpeg_len=10212 crc32=0x282c922e chunks=9
I (57757) rc_video: Sent 270 | cap_fps=7.8 send_fps=7.8 capture_size_errors=0 capture_identity_errors=0 | Avg(ms): wait=58.8 cache=1.5 subsample=23.3 encode=24.7 send=6.0 total=114.3 | JPEG=8687B
I (57757) rc_video: [VIDEO-TX] handoff cap=292 get=585 select_fail=0 finished=292 signal=292 acquire=292 acquire_fail=0 release_fail=0 backup=0/0
I (57757) rc_video: [STABLE-CAPTURE] pause=292/292 timeout=0 quiesce=292 resume=292 lifecycle_errors=0 repairs=292 staged_events=4775 copies=4595 fallback=0 errors=0 prepare=293 stale_queue=0 pending_vsync=114 sync=469 complete=292 incomplete=177 incomplete_blocks=1369 hold=292/292 hold_timeout=0
I (58806) rc_net: [CAM-PROBE] Video TX seq=300 jpeg_len=8928 crc32=0x767eb23d chunks=8
I (61240) rc_video: Sent 300 | cap_fps=8.6 send_fps=8.6 capture_size_errors=0 capture_identity_errors=0 | Avg(ms): wait=46.5 cache=1.5 subsample=23.2 encode=24.5 send=6.3 total=101.9 | JPEG=8639B
I (61240) rc_video: [VIDEO-TX] handoff cap=322 get=645 select_fail=0 finished=322 signal=322 acquire=322 acquire_fail=0 release_fail=0 backup=0/0
I (61240) rc_video: [STABLE-CAPTURE] pause=322/322 timeout=0 quiesce=322 resume=322 lifecycle_errors=0 repairs=322 staged_events=5251 copies=5055 fallback=0 errors=0 prepare=323 stale_queue=0 pending_vsync=128 sync=513 complete=322 incomplete=191 incomplete_blocks=1499 hold=322/322 hold_timeout=0
I (62369) rc_net: [CAM-PROBE] Video TX seq=330 jpeg_len=9197 crc32=0x2f240dcd chunks=8
I (65082) rc_video: Sent 330 | cap_fps=7.8 send_fps=7.8 capture_size_errors=0 capture_identity_errors=0 | Avg(ms): wait=59.3 cache=1.4 subsample=23.9 encode=24.7 send=5.8 total=115.1 | JPEG=8679B
I (65082) rc_video: [VIDEO-TX] handoff cap=352 get=705 select_fail=0 finished=352 signal=352 acquire=352 acquire_fail=0 release_fail=0 backup=0/0
I (65082) rc_video: [STABLE-CAPTURE] pause=352/352 timeout=0 quiesce=352 resume=352 lifecycle_errors=0 repairs=352 staged_events=5768 copies=5555 fallback=0 errors=0 prepare=353 stale_queue=0 pending_vsync=140 sync=567 complete=352 incomplete=215 incomplete_blocks=1669 hold=352/352 hold_timeout=0
I (66089) rc_net: [CAM-PROBE] Video TX seq=360 jpeg_len=9955 crc32=0x91e391d0 chunks=9
W (68210) rc_tank: [DVP-MATRIX] result stage=1 strategy=direct_rebuild_before_channels complete=378 incomplete=229 incomplete_blocks=1799 sync_defer=0 released=0 collisions=0 release_errors=0 defer_hist=0,0,0,0,0,0,0,0,0,0,0 mismatch_hist=0,0,0,1,152,218,170,131,74,72,180 prepare=379 pending=153 hold=378/378 hold_timeout=0
W (68259) rc_tank: [DVP-MATRIX] advance stage=2; restart in 1s
I (68641) rc_video: Sent 360 | cap_fps=8.4 send_fps=8.4 capture_size_errors=0 capture_identity_errors=0 | Avg(ms): wait=49.8 cache=1.5 subsample=23.3 encode=24.1 send=7.7 total=106.4 | JPEG=8672B
I (68641) rc_video: [VIDEO-TX] handoff cap=382 get=765 select_fail=0 finished=382 signal=382 acquire=382 acquire_fail=0 release_fail=0 backup=0/0
I (68641) rc_video: [STABLE-CAPTURE] pause=382/382 timeout=0 quiesce=382 resume=382 lifecycle_errors=0 repairs=382 staged_events=6252 copies=6024 fallback=0 errors=0 prepare=383 stale_queue=0 pending_vsync=155 sync=612 complete=382 incomplete=230 incomplete_blocks=1809 hold=382/382 hold_timeout=0
I (69260) wifi:station: 44:1b:f6:f3:ae:40 leave, AID = 1, reason = 2, bss_flags is 756835, bss:0x3fcf1374
I (69261) wifi:new:<1,0>, old:<1,1>, ap:<1,1>, sta:<255,255>, prof:1, snd_ch_cfg:0x0
I (69268) wifi:<ba-del>idx:2, tid:0
I (69270) wifi:new:<1,1>, old:<1,0>, ap:<1,1>, sta:<255,255>, prof:1, snd_ch_cfg:0x0
I (69279) rc_net: STA disconnected, MAC: 44:1b:f6:f3:ae:40
W (69283) rc_control: Network disconnected: motor stop enforced
W (69288) rc_tank: Network disconnected
W (69304) rc_video: Video send failed: ESP_ERR_INVALID_STATE
W (69393) rc_video: Video send failed: ESP_ERR_INVALID_STATE
W (69591) rc_video: Video send failed: ESP_ERR_INVALID_STATE
W (69728) rc_video: Video send failed: ESP_ERR_INVALID_STATE
I (69789) wifi:flush txq
I (69790) wifi:stop sw txq
I (69790) wifi:lmac stop hw txq
†žESP-ROM:esp32s3-20210327
Build:Mar 27 2021
rst:0xc (RTC_SW_CPU_RST),boot:0x3 (DOWNLOAD(USB/UART0))
Saved PC:0x403812c5
waiting for download

[HOST-DVP-MATRIX 14:08:43] REBUILD-R1 Tank restart recovery=3

[HOST-DVP-MATRIX 14:08:43] Tank RAM bootloader start
esptool.py v4.12.dev2
Serial port COM7
Connecting..............
Chip is ESP32-S3 (QFN56) (revision v0.2)
Features: WiFi, BLE
Crystal is 40MHz
MAC: 44:1b:f6:f3:ae:78
Uploading stub...
Running stub...
Stub running...
RAM boot...
Downloading 5360 bytes at 3fce2820... done!
Downloading 3364 bytes at 403c8700... done!
Downloading 12016 bytes at 403cb700... done!
All segments done, executing at 403c8924
Exiting immediately.

[HOST-DVP-MATRIX 14:08:48] Tank RAM bootloader complete
ip revision: v0.2
I (2924) boot: efuse block revision: v1.3
I (2928) boot.esp32s3: Boot SPI Speed : 80MHz
I (2932) boot.esp32s3: SPI Mode       : SLOW READ
I (2936) boot.esp32s3: SPI Flash Size : 8MB
I (2940) boot: Enabling RNG early entropy source...
I (2945) boot: Partition Table:
I (2948) boot: ## Label            Usage          Type ST Offset   Length
I (2954) boot:  0 nvs              WiFi data        01 02 00009000 00006000
I (2961) boot:  1 phy_init         RF data          01 01 0000f000 00001000
I (2967) boot:  2 factory          factory app      00 00 00010000 00300000
I (2974) boot:  3 storage          Unknown data     01 82 00310000 00100000
I (2981) boot: End of partition table
I (2984) esp_image: segment 0: paddr=00010020 vaddr=3c0a0020 size=25010h (151568) map
I (3084) esp_image: segment 1: paddr=00035038 vaddr=3fca0d00 size=05560h ( 21856) load
I (3099) esp_image: segment 2: paddr=0003a5a0 vaddr=40374000 size=05a78h ( 23160) load
I (3114) esp_image: segment 3: paddr=00040020 vaddr=42000020 size=9b9fch (637436) map
I (3503) esp_image: segment 4: paddr=000dba24 vaddr=40379a78 size=17240h ( 94784) load
I (3565) esp_image: segment 5: paddr=000f2c6c vaddr=50000000 size=00020h (    32) load
I (3576) boot: Loaded app from partition at offset 0x10000
I (3577) boot: Disabling RNG early entropy source...
I (3589) esp_psram: Found 8MB PSRAM device
I (3589) esp_psram: Speed: 80MHz
I (3589) cpu_start: Multicore app
I (4507) esp_psram: SPI SRAM memory test OK
I (4515) cpu_start: GPIO 44 and 43 are used as console UART I/O pins
I (4517) cpu_start: Pro cpu start user code
I (4517) cpu_start: cpu freq: 240000000 Hz
I (4518) app_init: Application information:
I (4522) app_init: Project name:     rc_tank_demo
I (4526) app_init: App version:      1
I (4530) app_init: Compile time:     Aug 26 2026 14:01:36
I (4535) app_init: ELF file SHA256:  8e8c6f5df...
I (4539) app_init: ESP-IDF:          GIT-NOTFOUND
I (4544) efuse_init: Min chip rev:     v0.0
I (4548) efuse_init: Max chip rev:     v0.99 
I (4552) efuse_init: Chip rev:         v0.2
I (4556) heap_init: Initializing. RAM available for dynamic allocation:
I (4562) heap_init: At 3FCAA3D0 len 0003F340 (252 KiB): RAM
I (4567) heap_init: At 3FCE9710 len 00005724 (21 KiB): RAM
I (4573) heap_init: At 3FCF0000 len 00008000 (32 KiB): DRAM
I (4578) heap_init: At 600FE000 len 00001FE8 (7 KiB): RTCRAM
I (4584) esp_psram: Adding pool of 8192K of PSRAM memory to heap allocator
I (4591) spi_flash: detected chip: generic
I (4594) spi_flash: flash io: dio
I (4597) sleep_gpio: Configure to isolate all GPIO pins in sleep state
I (4603) sleep_gpio: Enable automatic switching of GPIO sleep configuration
I (4610) main_task: Started on CPU0
I (4634) esp_psram: Reserving pool of 64K of internal memory for DMA/internal allocations
I (4635) main_task: Calling app_main()
I (4651) rc_tank: === RC Tank Demo (EX-035) Role: TANK ===
I (4652) rc_tank: Startup delay 10 s (open serial monitor now)...
I (4652) rc_tank:   starting in 10 s
I (5655) rc_tank:   starting in 9 s
I (6655) rc_tank:   starting in 8 s
I (7655) rc_tank:   starting in 7 s
I (8655) rc_tank:   starting in 6 s
I (9655) rc_tank:   starting in 5 s
I (10655) rc_tank:   starting in 4 s
I (11655) rc_tank:   starting in 3 s
I (12655) rc_tank:   starting in 2 s
I (13655) rc_tank:   starting in 1 s
I (14655) rc_tank: Starting Tank role (P1: network, P2: control, P3: video)
I (14655) board_laiwfs300: init board support package
I (14655) board_laiwfs300: init capability registry
I (14660) board_laiwfs300: init I2C bus: SDA=GPIO48 SCL=GPIO47
I (14666) bus_i2c: I2C0 initialized: SDA=GPIO48 SCL=GPIO47 speed=100000Hz
I (14672) board_laiwfs300: --- I2C bus scan (0x08-0x77) ---
I (14679) board_laiwfs300:   I2C device ACK at 0x15
I (14682) board_laiwfs300:   I2C device ACK at 0x18
I (14687) board_laiwfs300:   I2C device ACK at 0x21
I (14691) board_laiwfs300:   I2C device ACK at 0x22
I (14699) board_laiwfs300:   I2C device ACK at 0x40
I (14702) board_laiwfs300:   I2C device ACK at 0x51
I (14708) board_laiwfs300:   I2C device ACK at 0x68
I (14711) board_laiwfs300: --- I2C scan done: 7 device(s) found ---
W (14715) board_laiwfs300: TPT29555A (IOEX) NOT found at 0x20 (NACK)
I (14721) board_laiwfs300: ES8311 (Codec) found at 0x18
I (14726) board_laiwfs300: ES7210 (ADC) found at 0x40
I (14731) board_laiwfs300: AIP8563 (RTC) found at 0x51
I (14736) board_laiwfs300: BMI260 (IMU @0x68) found at 0x68
W (14741) board_laiwfs300: BMI260 (IMU @0x69) NOT found at 0x69 (NACK)
I (14747) board_laiwfs300: SP0A39 (Camera) found at 0x21
I (14754) board_laiwfs300: ES8311 chip ID: 0x83 0x11
I (14758) board_laiwfs300: ES7210 chip ID: 0x72
I (14763) board_laiwfs300: AIP8563 RTC time: 01:42:00 (BCD raw)
I (14767) board_laiwfs300: BMI260 chip ID: 0x27 (expect 0x27)
I (14772) board_laiwfs300: init SPI bus manager
I (14778) board_laiwfs300: init ADC service
I (14781) board_adc: ADC1 oneshot initialized
I (14785) board_laiwfs300: init board power service
I (14790) board_laiwfs300: ADC D0_DETECT (GPIO1): raw=4095 (~3100 mV)
I (14795) board_laiwfs300: ADC BAT_ADC (GPIO7): raw=1639 (~1240 mV)
I (14801) board_laiwfs300: ADC SW_ADC (GPIO8): raw=4095 (~3100 mV)
I (14807) board_laiwfs300: init IO expander: TPT29555A addr=0x22
I (14816) io_expander: TPT29555A initialized at 0x22
I (14818) board_laiwfs300: IO expander initialized OK
I (14822) board_laiwfs300: init module detect
I (14827) board_laiwfs300: register detection rules
I (14831) board_laiwfs300: register default capabilities
I (14836) board_laiwfs300: board init complete (ioex=OK)
I (14841) rc_tank: [STEP] Motor init starting...
I (14846) board_motor: motor input 1 -> GPIO5 / LEDC channel 0
I (14851) board_motor: motor input 2 -> GPIO4 / LEDC channel 1
I (14857) board_motor: motor input 3 -> GPIO37 / LEDC channel 2
I (14862) board_motor: motor input 4 -> GPIO45 / LEDC channel 3
I (14868) rc_control: Motor initialized
I (14871) rc_tank: [STEP] Motor init OK
I (14875) rc_tank: [STEP] Display init starting...
I (14880) rc_video: Initializing Tank display
I (14885) display_hal: init ST7789V3 LCD 240x320 SPI host=1
E (15030) spi: spi_bus_initialize(816): SPI bus already initialized.
I (15151) display_hal: ST7789V3 LCD initialized
I (15151) board_display: display mapped: MOSI=GPIO13 SCK=GPIO12 CS=GPIO10 DC=GPIO16 BL=GPIO17 LCD_RST=IOEX P1_5 pclk=20000000
I (15156) rc_video: Tank display task started (status screen)
I (15157) rc_video: Tank display initialized (status task owns LCD)
I (15167) rc_tank: [STEP] Display init OK
I (15171) rc_tank: [STEP] Camera init starting...
I (15175) rc_video: Initializing camera (SP0A39 640x480 VYUY)
I (15181) board_camera: initializing SP0A39 camera mode=0 640x480
I (15186) camera_hal: init SP0A39 DVP 640x480 (SCCB manual mode)
I (15192) camera_hal: configuring IOEX pins for camera RESET/PWDN
I (15199) camera_hal: PWDN=HIGH (power down)
I (15212) camera_hal: PWDN=LOW (release sensor)
I (15412) camera_hal: RESET=LOW (assert reset)
I (15432) camera_hal: RESET=HIGH (release reset)
I (16432) camera_hal: full I2C scan after camera power-up (diagnostic only)...
I (16434) camera_hal:   post-powerup ACK at 0x15
I (16434) camera_hal:   post-powerup ACK at 0x18
I (16437) camera_hal:   post-powerup ACK at 0x21
I (16441) camera_hal:   post-powerup ACK at 0x22
I (16449) camera_hal:   post-powerup ACK at 0x40
I (16451) camera_hal:   post-powerup ACK at 0x51
I (16457) camera_hal:   post-powerup ACK at 0x68
I (16460) camera_hal: DVP GPIO diagnostics (checking PCLK/VSYNC/HSYNC activity)...
I (16526) camera_hal: DVP diagnostics: PCLK_changes=0 VSYNC_changes=0 HSYNC_changes=0
W (16526) camera_hal: PCLK has no transitions - MCLK likely not reaching sensor or sensor not active
I (16531) camera_hal: using sensor address 0x21
I (16536) camera_hal: SP0A39 I2C device added at 0x21
I (16542) camera_hal: SP0A39 chip ID: 0x0A39
I (16664) camera_hal: SP0A39 register init done: VYUY 640x480 (359 regs)
I (16665) camera_hal: [CAM-PROBE] SP0A39 p0_31 stage=post_table value=0x00 expected=0x01
E (16668) camera_hal: camera_hal_verify_expected_output_p0_31(92): unexpected p0_31=0x00 at post_table
W (16677) camera_hal: [CAM-PROBE] output state differs after table; continuing: ESP_ERR_INVALID_RESPONSE
I (16706) camera_hal: [CAM-PROBE] SP0A39 p0_31 stage=post_delay value=0x01 expected=0x01
I (16707) camera_hal: camera HAL initialized (sensor ready, DVP capture not yet implemented)
I (16711) board_camera: camera ready
I (16719) camera_hal: SP0A39 output regs: P0:1c=0x00 P0:30=0x01 P0:31=0x01 P1:32=0x15 P1:34=0xeb P1:35=0x00 P1:36=0x10
I (16851) rc_video:   3 DMA-capable PSRAM framebuffers allocated (600 KB each)
I (16854) dvp_ext: DVP Extended camera controller driver is initialized
I (16855) dvp_ext: [STABLE-DVP] assembly uses GDMA-EOF direct copy; dma=102400 half=51200 queue_data_events=suppressed eof_desc=probe
I (16865) rc_video: [STABLE-CAPTURE] staged DVP controller created dma=102400 half=51200
I (16873) rc_video: Camera initialized
I (16877) rc_tank: [STEP] Camera init OK
W (16881) rc_tank: [DVP-MATRIX] pre-network stage=2 strategy=direct_control frames=0 sync_defer=0 wifi=off video_tx=not_created
I (16891) rc_tank: [STEP] Network init starting...
I (16897) rc_net: Initializing as SoftAP (Tank)
I (16902) pp: pp rom version: e7ae62f
I (16904) net80211: net80211 rom version: e7ae62f
I (16910) wifi:wifi driver task: 3fce4a38, prio:23, stack:6656, core=0
I (16921) wifi:wifi firmware version: 0947e8b
I (16921) wifi:wifi certification version: v7.0
I (16923) wifi:config NVS flash: enabled
I (16926) wifi:config nano formatting: disabled
I (16931) wifi:Init data frame dynamic rx buffer num: 32
I (16936) wifi:Init static rx mgmt buffer num: 5
I (16940) wifi:Init management short buffer num: 32
I (16944) wifi:Init dynamic tx buffer num: 64
I (16949) wifi:Init static tx FG buffer num: 2
I (16953) wifi:Init static rx buffer size: 1600
I (16957) wifi:Init static rx buffer num: 10
I (16961) wifi:Init dynamic rx buffer num: 32
I (16966) wifi_init: rx ba win: 6
I (16968) wifi_init: accept mbox: 6
I (16971) wifi_init: tcpip mbox: 16
I (16975) wifi_init: udp mbox: 6
I (16977) wifi_init: tcp mbox: 6
I (16980) wifi_init: tcp tx win: 5760
I (16984) wifi_init: tcp rx win: 5760
I (16987) wifi_init: tcp mss: 1440
I (16990) wifi_init: WiFi IRAM OP enabled
I (16994) wifi_init: WiFi RX IRAM OP enabled
I (16999) rc_net: AP set_mode/config, SSID=RC_TANK_F3AE79 ch=1
I (17008) phy_init: phy_version 711,97bcf0a2,Aug 25 2025,19:04:10
I (17048) wifi:mode : softAP (44:1b:f6:f3:ae:79)
I (17053) wifi:Total power save buffer number: 32
I (17054) wifi:Init max length of beacon: 752/752
I (17055) wifi:Init max length of beacon: 752/752
I (17057) rc_net: SoftAP started, SSID: RC_TANK_F3AE79, Password: 12345678
I (17058) esp_netif_lwip: DHCP server started on interface WIFI_AP_DEF with IP: 192.168.4.1
I (17071) rc_tank: [STEP] Network init OK
I (17074) rc_tank: Tank SoftAP ready, waiting for remote...
I (17080) rc_control: Ctrl RX task started
I (17083) rc_control: Tank control started
I (17087) rc_tank: Tank running (video + control; audio disabled)
I (17093) rc_tank: app_main done, idle loop
I (20370) wifi:new:<1,1>, old:<1,1>, ap:<1,1>, sta:<255,255>, prof:1, snd_ch_cfg:0x0
I (20372) wifi:station: 44:1b:f6:f3:ae:40 join, AID=1, bgn, 40U
I (20402) rc_net: STA connected, MAC: 44:1b:f6:f3:ae:40
I (20434) esp_netif_lwip: DHCP server assigned IP to a client, IP is: 192.168.4.2
I (20435) rc_net: STA assigned IP: 192.168.4.2
I (20435) rc_tank: Network connected, peer: 192.168.4.2
W (20442) rc_tank: [DVP-MATRIX] start stage=2 strategy=direct_control preflight_frames=0 rebuild=0 sync_defer=0 video_tx=not_created
I (20452) rc_net: Ctrl UDP socket bound to port 8001
I (20456) rc_net: Video UDP socket bound to port 8002
I (20463) rc_net: Audio TCP listening on port 8003
I (20465) rc_tank: Socket channels started
I (20469) rc_video: No local preview active; formal video handoff skipped
I (20477) camera_hal: [CAM-PROBE] SP0A39 p0_31 stage=dvp_started value=0x01 expected=0x01
I (20484) rc_video: Tank video started (camera source)
W (20489) rc_tank: [DVP-MATRIX] observe stage=2 strategy=direct_control duration_ms=45000 sync_defer=0 under live Q60/UDP load
I (20490) rc_video: Video TX task started (240x180, sensor-driven, Q=60)
I (20504) rc_video: TX theory: raw=614400 B/frame, encoded YUV=86400 B/frame, target10fps raw=0.86 MB/s
I (20504) rc_video: PSRAM TX buffers: subsample=86400B jpeg=43200B send=43208B free_psram=5592524 free_internal=55083
I (20504) rc_video: TX buffer caps: subsample=0x3c350120(psram=1) jpeg=0x3c3652a4(psram=1) send=0x3c36fea8(psram=1)

[HOST-DVP-MATRIX 14:09:06] REBUILD-R1 stage=2 visible window begin
I (20634) rc_net: [CAM-PROBE] Video TX seq=0 jpeg_len=7928 crc32=0xb516f33c chunks=7
W (20645) rc_net: Video UDP send failed: seq=0 chunk=4/7 bytes=1208 sent=-1 errno=12 attempts=4
W (20646) rc_video: Video send failed: ESP_FAIL
W (20701) rc_video: Video send failed: ESP_FAIL
W (20836) rc_video: Video send failed: ESP_FAIL
W (20888) rc_video: Video send failed: ESP_FAIL
W (21033) rc_video: Video send failed: ESP_FAIL
W (21085) rc_video: Video send failed: ESP_FAIL
W (21231) rc_video: Video send failed: ESP_FAIL
W (21283) rc_video: Video send failed: ESP_FAIL
W (21430) rc_video: Video send failed: ESP_FAIL
W (21482) rc_video: Video send failed: ESP_FAIL
I (21555) wifi:<ba-add>idx:2 (ifx:1, 44:1b:f6:f3:ae:40), tid:0, ssn:0, winSize:64
I (23602) rc_net: [CAM-PROBE] Video TX seq=30 jpeg_len=8844 crc32=0xdc237288 chunks=8
I (24453) rc_video: Sent 30 | cap_fps=10.2 send_fps=7.6 capture_size_errors=0 capture_identity_errors=0 | Avg(ms): wait=24.5 cache=0.8 subsample=23.7 encode=43.8 send=5.7 total=98.5 | JPEG=9037B
I (24462) rc_video: [VIDEO-TX] handoff cap=40 get=81 select_fail=0 finished=40 signal=40 acquire=40 acquire_fail=0 release_fail=0 backup=0/0
I (24501) rc_video: [STABLE-CAPTURE] pause=40/40 timeout=0 quiesce=40 resume=40 lifecycle_errors=0 repairs=40 staged_events=461 copies=451 fallback=0 errors=0 prepare=41 stale_queue=0 pending_vsync=21 sync=41 complete=41 incomplete=0 incomplete_blocks=0 hold=40/40 hold_timeout=0
I (26611) rc_net: [CAM-PROBE] Video TX seq=60 jpeg_len=8920 crc32=0xca7238b1 chunks=8
I (27460) rc_video: Sent 60 | cap_fps=10.0 send_fps=10.0 capture_size_errors=0 capture_identity_errors=0 | Avg(ms): wait=20.8 cache=0.9 subsample=23.4 encode=42.7 send=8.1 total=95.9 | JPEG=8886B
I (27469) rc_video: [VIDEO-TX] handoff cap=70 get=141 select_fail=0 finished=70 signal=70 acquire=70 acquire_fail=0 release_fail=0 backup=0/0
I (27509) rc_video: [STABLE-CAPTURE] pause=70/70 timeout=0 quiesce=70 resume=70 lifecycle_errors=0 repairs=70 staged_events=796 copies=781 fallback=0 errors=0 prepare=71 stale_queue=0 pending_vsync=37 sync=71 complete=71 incomplete=0 incomplete_blocks=0 hold=70/70 hold_timeout=0
I (29553) rc_net: [CAM-PROBE] Video TX seq=90 jpeg_len=9044 crc32=0xcca69749 chunks=8
I (30496) rc_video: Sent 90 | cap_fps=10.2 send_fps=9.9 capture_size_errors=0 capture_identity_errors=0 | Avg(ms): wait=21.9 cache=0.9 subsample=23.6 encode=44.0 send=7.8 total=98.1 | JPEG=9029B
I (30503) rc_video: [VIDEO-TX] handoff cap=101 get=202 select_fail=0 finished=101 signal=101 acquire=100 acquire_fail=0 release_fail=0 backup=0/0
I (30516) rc_video: [STABLE-CAPTURE] pause=101/101 timeout=0 quiesce=100 resume=100 lifecycle_errors=0 repairs=100 staged_events=1131 copies=1111 fallback=0 errors=0 prepare=101 stale_queue=0 pending_vsync=52 sync=101 complete=101 incomplete=0 incomplete_blocks=0 hold=101/101 hold_timeout=0
I (32628) rc_net: [CAM-PROBE] Video TX seq=120 jpeg_len=8503 crc32=0xc419f9b2 chunks=8
I (33477) rc_video: Sent 120 | cap_fps=9.7 send_fps=10.1 capture_size_errors=0 capture_identity_errors=0 | Avg(ms): wait=19.5 cache=0.8 subsample=23.6 encode=44.3 send=9.1 total=97.3 | JPEG=8681B
I (33485) rc_video: [VIDEO-TX] handoff cap=130 get=261 select_fail=0 finished=130 signal=130 acquire=130 acquire_fail=0 release_fail=0 backup=0/0
I (33523) rc_video: [STABLE-CAPTURE] pause=130/130 timeout=0 quiesce=130 resume=130 lifecycle_errors=0 repairs=130 staged_events=1466 copies=1441 fallback=0 errors=0 prepare=131 stale_queue=0 pending_vsync=68 sync=131 complete=131 incomplete=0 incomplete_blocks=0 hold=130/130 hold_timeout=0
I (35570) rc_net: [CAM-PROBE] Video TX seq=150 jpeg_len=9013 crc32=0x7465d14c chunks=8
I (36552) rc_video: Sent 150 | cap_fps=10.1 send_fps=9.8 capture_size_errors=0 capture_identity_errors=0 | Avg(ms): wait=17.9 cache=1.0 subsample=23.4 encode=45.9 send=11.4 total=99.5 | JPEG=9157B
I (36559) rc_video: [VIDEO-TX] handoff cap=161 get=322 select_fail=0 finished=161 signal=161 acquire=160 acquire_fail=0 release_fail=0 backup=0/0
I (36572) rc_video: [STABLE-CAPTURE] pause=161/161 timeout=0 quiesce=160 resume=160 lifecycle_errors=0 repairs=160 staged_events=1810 copies=1779 fallback=0 errors=0 prepare=161 stale_queue=0 pending_vsync=83 sync=162 complete=161 incomplete=1 incomplete_blocks=8 hold=161/161 hold_timeout=0
I (38618) rc_net: [CAM-PROBE] Video TX seq=180 jpeg_len=9255 crc32=0xaaf21c26 chunks=8
I (39559) rc_video: Sent 180 | cap_fps=10.0 send_fps=10.0 capture_size_errors=0 capture_identity_errors=0 | Avg(ms): wait=20.8 cache=0.8 subsample=24.0 encode=44.8 send=6.6 total=96.9 | JPEG=9075B
I (39566) rc_video: [VIDEO-TX] handoff cap=191 get=382 select_fail=0 finished=191 signal=191 acquire=190 acquire_fail=0 release_fail=0 backup=0/0
I (39579) rc_video: [STABLE-CAPTURE] pause=191/191 timeout=0 quiesce=190 resume=190 lifecycle_errors=0 repairs=190 staged_events=2144 copies=2109 fallback=0 errors=0 prepare=191 stale_queue=0 pending_vsync=98 sync=192 complete=191 incomplete=1 incomplete_blocks=8 hold=191/191 hold_timeout=0
I (41625) rc_net: [CAM-PROBE] Video TX seq=210 jpeg_len=9096 crc32=0x5a4d0bae chunks=8
I (42564) rc_video: Sent 210 | cap_fps=10.0 send_fps=10.0 capture_size_errors=0 capture_identity_errors=0 | Avg(ms): wait=20.7 cache=0.9 subsample=24.4 encode=44.0 send=6.8 total=96.8 | JPEG=9067B
I (42572) rc_video: [VIDEO-TX] handoff cap=221 get=442 select_fail=0 finished=221 signal=221 acquire=220 acquire_fail=0 release_fail=0 backup=0/0
I (42584) rc_video: [STABLE-CAPTURE] pause=221/221 timeout=0 quiesce=220 resume=220 lifecycle_errors=0 repairs=220 staged_events=2483 copies=2439 fallback=0 errors=0 prepare=221 stale_queue=0 pending_vsync=113 sync=222 complete=221 incomplete=1 incomplete_blocks=8 hold=221/221 hold_timeout=0
I (44634) rc_net: [CAM-PROBE] Video TX seq=240 jpeg_len=9173 crc32=0x776be334 chunks=8
I (45574) rc_video: Sent 240 | cap_fps=10.0 send_fps=10.0 capture_size_errors=0 capture_identity_errors=0 | Avg(ms): wait=21.2 cache=0.9 subsample=24.1 encode=44.1 send=5.7 total=96.0 | JPEG=9055B
I (45581) rc_video: [VIDEO-TX] handoff cap=251 get=502 select_fail=0 finished=251 signal=251 acquire=250 acquire_fail=0 release_fail=0 backup=0/0
I (45594) rc_video: [STABLE-CAPTURE] pause=251/251 timeout=0 quiesce=250 resume=250 lifecycle_errors=0 repairs=250 staged_events=2820 copies=2769 fallback=0 errors=0 prepare=251 stale_queue=0 pending_vsync=128 sync=252 complete=251 incomplete=1 incomplete_blocks=8 hold=251/251 hold_timeout=0
I (47643) rc_net: [CAM-PROBE] Video TX seq=270 jpeg_len=9014 crc32=0xc619c249 chunks=8
I (48581) rc_video: Sent 270 | cap_fps=10.0 send_fps=10.0 capture_size_errors=0 capture_identity_errors=0 | Avg(ms): wait=20.4 cache=0.9 subsample=24.5 encode=44.2 send=8.2 total=98.2 | JPEG=9044B
I (48588) rc_video: [VIDEO-TX] handoff cap=281 get=562 select_fail=0 finished=281 signal=281 acquire=280 acquire_fail=0 release_fail=0 backup=0/0
I (48601) rc_video: [STABLE-CAPTURE] pause=281/281 timeout=0 quiesce=280 resume=280 lifecycle_errors=0 repairs=280 staged_events=3157 copies=3099 fallback=0 errors=0 prepare=281 stale_queue=0 pending_vsync=143 sync=282 complete=281 incomplete=1 incomplete_blocks=8 hold=281/281 hold_timeout=0
I (50648) rc_net: [CAM-PROBE] Video TX seq=300 jpeg_len=8919 crc32=0x4f9e3f1d chunks=8
I (51569) rc_video: Sent 300 | cap_fps=9.7 send_fps=10.0 capture_size_errors=0 capture_identity_errors=0 | Avg(ms): wait=24.0 cache=0.9 subsample=24.2 encode=42.6 send=5.8 total=97.5 | JPEG=8914B
I (51611) rc_video: [VIDEO-TX] handoff cap=310 get=621 select_fail=0 finished=310 signal=310 acquire=310 acquire_fail=0 release_fail=0 backup=0/0
I (51618) rc_video: [STABLE-CAPTURE] pause=311/311 timeout=0 quiesce=310 resume=310 lifecycle_errors=0 repairs=310 staged_events=3492 copies=3429 fallback=0 errors=0 prepare=311 stale_queue=0 pending_vsync=159 sync=312 complete=311 incomplete=1 incomplete_blocks=8 hold=311/311 hold_timeout=0
I (53689) rc_net: [CAM-PROBE] Video TX seq=330 jpeg_len=9975 crc32=0x52b1f292 chunks=9
I (54639) rc_video: Sent 330 | cap_fps=10.1 send_fps=9.8 capture_size_errors=0 capture_identity_errors=0 | Avg(ms): wait=16.3 cache=0.9 subsample=23.2 encode=44.3 send=12.9 total=97.8 | JPEG=9979B
I (54646) rc_video: [VIDEO-TX] handoff cap=341 get=682 select_fail=0 finished=341 signal=341 acquire=340 acquire_fail=0 release_fail=0 backup=0/0
I (54659) rc_video: [STABLE-CAPTURE] pause=341/341 timeout=0 quiesce=340 resume=340 lifecycle_errors=0 repairs=340 staged_events=3829 copies=3759 fallback=0 errors=0 prepare=341 stale_queue=0 pending_vsync=175 sync=342 complete=341 incomplete=1 incomplete_blocks=8 hold=341/341 hold_timeout=0
I (56771) rc_net: [CAM-PROBE] Video TX seq=360 jpeg_len=8999 crc32=0x9248e3ba chunks=8
I (57622) rc_video: Sent 360 | cap_fps=9.7 send_fps=10.1 capture_size_errors=0 capture_identity_errors=0 | Avg(ms): wait=14.0 cache=0.9 subsample=23.9 encode=45.0 send=13.5 total=97.4 | JPEG=8934B
I (57629) rc_video: [VIDEO-TX] handoff cap=370 get=741 select_fail=0 finished=370 signal=370 acquire=370 acquire_fail=0 release_fail=0 backup=0/0
I (57670) rc_video: [STABLE-CAPTURE] pause=371/371 timeout=0 quiesce=370 resume=370 lifecycle_errors=0 repairs=370 staged_events=4165 copies=4089 fallback=0 errors=0 prepare=371 stale_queue=0 pending_vsync=191 sync=372 complete=371 incomplete=1 incomplete_blocks=8 hold=371/371 hold_timeout=0
I (59779) rc_net: [CAM-PROBE] Video TX seq=390 jpeg_len=8920 crc32=0xe51d42cd chunks=8
I (60626) rc_video: Sent 390 | cap_fps=10.0 send_fps=10.0 capture_size_errors=0 capture_identity_errors=0 | Avg(ms): wait=20.9 cache=0.9 subsample=24.2 encode=42.8 send=8.2 total=97.0 | JPEG=7835B
I (60634) rc_video: [VIDEO-TX] handoff cap=400 get=801 select_fail=0 finished=400 signal=400 acquire=400 acquire_fail=0 release_fail=0 backup=0/0
I (60677) rc_video: [STABLE-CAPTURE] pause=401/401 timeout=0 quiesce=400 resume=400 lifecycle_errors=0 repairs=400 staged_events=4500 copies=4419 fallback=0 errors=0 prepare=401 stale_queue=0 pending_vsync=207 sync=402 complete=401 incomplete=1 incomplete_blocks=8 hold=401/401 hold_timeout=0
I (62786) rc_net: [CAM-PROBE] Video TX seq=420 jpeg_len=8890 crc32=0xf7c2a053 chunks=8
I (63637) rc_video: Sent 420 | cap_fps=10.0 send_fps=10.0 capture_size_errors=0 capture_identity_errors=0 | Avg(ms): wait=22.4 cache=0.9 subsample=24.6 encode=42.3 send=7.1 total=97.3 | JPEG=8915B
I (63645) rc_video: [VIDEO-TX] handoff cap=430 get=861 select_fail=0 finished=430 signal=430 acquire=430 acquire_fail=0 release_fail=0 backup=0/0
I (63688) rc_video: [STABLE-CAPTURE] pause=431/431 timeout=0 quiesce=430 resume=430 lifecycle_errors=0 repairs=430 staged_events=4837 copies=4749 fallback=0 errors=0 prepare=431 stale_queue=0 pending_vsync=223 sync=432 complete=431 incomplete=1 incomplete_blocks=8 hold=431/431 hold_timeout=0
W (65501) rc_tank: [DVP-MATRIX] result stage=2 strategy=direct_control complete=449 incomplete=1 incomplete_blocks=8 sync_defer=0 released=0 collisions=0 release_errors=0 defer_hist=0,0,0,0,0,0,0,0,0,0,0 mismatch_hist=0,1,0,1,1,0,0,3,11,14,358 prepare=449 pending=232 hold=449/449 hold_timeout=0
W (65521) rc_tank: [DVP-MATRIX] advance stage=3; restart in 1s
I (65728) rc_net: [CAM-PROBE] Video TX seq=450 jpeg_len=8937 crc32=0x27942222 chunks=8
I (66523) wifi:station: 44:1b:f6:f3:ae:40 leave, AID = 1, reason = 2, bss_flags is 756835, bss:0x3fcf1374
I (66524) wifi:new:<1,0>, old:<1,1>, ap:<1,1>, sta:<255,255>, prof:1, snd_ch_cfg:0x0
I (66531) wifi:<ba-del>idx:2, tid:0
I (66534) wifi:new:<1,1>, old:<1,0>, ap:<1,1>, sta:<255,255>, prof:1, snd_ch_cfg:0x0
I (66574) rc_net: STA disconnected, MAC: 44:1b:f6:f3:ae:40
W (66575) rc_control: Network disconnected: motor stop enforced
W (66577) rc_tank: Network disconnected
W (66579) rc_net: Video UDP send failed: seq=458 chunk=2/7 bytes=1208 sent=-1 errno=-1 attempts=4
W (66589) rc_video: Video send failed: ESP_FAIL
W (66645) rc_video: Video send failed: ESP_ERR_INVALID_STATE
W (66782) rc_video: Video send failed: ESP_ERR_INVALID_STATE
W (66831) rc_video: Video send failed: ESP_ERR_INVALID_STATE
W (66980) rc_video: Video send failed: ESP_ERR_INVALID_STATE
W (67029) rc_video: Video send failed: ESP_ERR_INVALID_STATE
W (67176) rc_video: Video send failed: ESP_ERR_INVALID_STATE
W (67224) rc_video: Video send failed: ESP_ERR_INVALID_STATE
W (67375) rc_video: Video send failed: ESP_ERR_INVALID_STATE
W (67424) rc_video: Video send failed: ESP_ERR_INVALID_STATE
W (67573) rc_video: Video send failed: ESP_ERR_INVALID_STATE
W (67621) rc_video: Video send failed: ESP_ERR_INVALID_STATE
W (67770) rc_video: Video send failed: ESP_ERR_INVALID_STATE
W (67817) rc_video: Video send failed: ESP_ERR_INVALID_STATE
W (67968) rc_video: Video send failed: ESP_ERR_INVALID_STATE
W (68016) rc_video: Video send failed: ESP_ERR_INVALID_STATE
W (68166) rc_video: Video send failed: ESP_ERR_INVALID_STATE
W (68215) rc_video: Video send failed: ESP_ERR_INVALID_STATE
W (68364) rc_video: Video send failed: ESP_ERR_INVALID_STATE
W (68413) rc_video: Video send failed: ESP_ERR_INVALID_STATE
W (68562) rc_video: Video send failed: ESP_ERR_INVALID_STATE
W (68610) rc_video: Video send failed: ESP_ERR_INVALID_STATE
W (68760) rc_video: Video send failed: ESP_ERR_INVALID_STATE
W (68808) rc_video: Video send failed: ESP_ERR_INVALID_STATE
W (68959) rc_video: Video send failed: ESP_ERR_INVALID_STATE
W (69008) rc_video: Video send failed: ESP_ERR_INVALID_STATE
W (69156) rc_video: Video send failed: ESP_ERR_INVALID_STATE
W (69204) rc_video: Video send failed: ESP_ERR_INVALID_STATE
W (69354) rc_video: Video send failed: ESP_ERR_INVALID_STATE
W (69401) rc_video: Video send failed: ESP_ERR_INVALID_STATE
W (69551) rc_video: Video send failed: ESP_ERR_INVALID_STATE
W (69599) rc_video: Video send failed: ESP_ERR_INVALID_STATE
W (69749) rc_video: Video send failed: ESP_ERR_INVALID_STATE
W (69797) rc_video: Video send failed: ESP_ERR_INVALID_STATE
I (69939) wifi:flush txq
I (69940) wifi:stop sw txq
I (69940) wifi:lmac stop hw txq
ESP-ROM:esp32s3-20210327
Build:Mar 27 2021
rst:0xc (RTC_SW_CPU_RST),boot:0x3 (DOWNLOAD(USB/UART0))
Saved PC:0x42015418
waiting for download

[HOST-DVP-MATRIX 14:09:55] REBUILD-R1 Tank restart recovery=4

[HOST-DVP-MATRIX 14:09:55] Tank RAM bootloader start
esptool.py v4.12.dev2
Serial port COM7
Connecting....
Chip is ESP32-S3 (QFN56) (revision v0.2)
Features: WiFi, BLE
Crystal is 40MHz
MAC: 44:1b:f6:f3:ae:78
Uploading stub...
Running stub...
Stub running...
RAM boot...
Downloading 5360 bytes at 3fce2820... done!
Downloading 3364 bytes at 403c8700... done!
Downloading 12016 bytes at 403cb700... done!
All segments done, executing at 403c8924
Exiting immediately.

[HOST-DVP-MATRIX 14:09:58] Tank RAM bootloader complete
) boot: chip revision: v0.2
I (2935) boot: efuse block revision: v1.3
I (2939) boot.esp32s3: Boot SPI Speed : 80MHz
I (2943) boot.esp32s3: SPI Mode       : SLOW READ
I (2947) boot.esp32s3: SPI Flash Size : 8MB
I (2951) boot: Enabling RNG early entropy source...
I (2956) boot: Partition Table:
I (2959) boot: ## Label            Usage          Type ST Offset   Length
I (2965) boot:  0 nvs              WiFi data        01 02 00009000 00006000
I (2972) boot:  1 phy_init         RF data          01 01 0000f000 00001000
I (2979) boot:  2 factory          factory app      00 00 00010000 00300000
I (2985) boot:  3 storage          Unknown data     01 82 00310000 00100000
I (2992) boot: End of partition table
I (2996) esp_image: segment 0: paddr=00010020 vaddr=3c0a0020 size=25010h (151568) map
I (3096) esp_image: segment 1: paddr=00035038 vaddr=3fca0d00 size=05560h ( 21856) load
I (3110) esp_image: segment 2: paddr=0003a5a0 vaddr=40374000 size=05a78h ( 23160) load
I (3125) esp_image: segment 3: paddr=00040020 vaddr=42000020 size=9b9fch (637436) map
I (3514) esp_image: segment 4: paddr=000dba24 vaddr=40379a78 size=17240h ( 94784) load
I (3576) esp_image: segment 5: paddr=000f2c6c vaddr=50000000 size=00020h (    32) load
I (3588) boot: Loaded app from partition at offset 0x10000
I (3588) boot: Disabling RNG early entropy source...
I (3600) esp_psram: Found 8MB PSRAM device
I (3600) esp_psram: Speed: 80MHz
I (3600) cpu_start: Multicore app
I (4518) esp_psram: SPI SRAM memory test OK
I (4527) cpu_start: GPIO 44 and 43 are used as console UART I/O pins
I (4528) cpu_start: Pro cpu start user code
I (4528) cpu_start: cpu freq: 240000000 Hz
I (4529) app_init: Application information:
I (4533) app_init: Project name:     rc_tank_demo
I (4537) app_init: App version:      1
I (4541) app_init: Compile time:     Aug 26 2026 14:01:36
I (4546) app_init: ELF file SHA256:  8e8c6f5df...
I (4550) app_init: ESP-IDF:          GIT-NOTFOUND
I (4555) efuse_init: Min chip rev:     v0.0
I (4559) efuse_init: Max chip rev:     v0.99 
I (4563) efuse_init: Chip rev:         v0.2
I (4567) heap_init: Initializing. RAM available for dynamic allocation:
I (4573) heap_init: At 3FCAA3D0 len 0003F340 (252 KiB): RAM
I (4578) heap_init: At 3FCE9710 len 00005724 (21 KiB): RAM
I (4584) heap_init: At 3FCF0000 len 00008000 (32 KiB): DRAM
I (4589) heap_init: At 600FE000 len 00001FE8 (7 KiB): RTCRAM
I (4595) esp_psram: Adding pool of 8192K of PSRAM memory to heap allocator
I (4602) spi_flash: detected chip: generic
I (4605) spi_flash: flash io: dio
I (4609) sleep_gpio: Configure to isolate all GPIO pins in sleep state
I (4614) sleep_gpio: Enable automatic switching of GPIO sleep configuration
I (4621) main_task: Started on CPU0
I (4645) esp_psram: Reserving pool of 64K of internal memory for DMA/internal allocations
I (4646) main_task: Calling app_main()
I (4662) rc_tank: === RC Tank Demo (EX-035) Role: TANK ===
I (4663) rc_tank: Startup delay 10 s (open serial monitor now)...
I (4663) rc_tank:   starting in 10 s
I (5666) rc_tank:   starting in 9 s
I (6666) rc_tank:   starting in 8 s
I (7666) rc_tank:   starting in 7 s
I (8666) rc_tank:   starting in 6 s
I (9666) rc_tank:   starting in 5 s
I (10666) rc_tank:   starting in 4 s
I (11666) rc_tank:   starting in 3 s
I (12666) rc_tank:   starting in 2 s
I (13666) rc_tank:   starting in 1 s
I (14666) rc_tank: Starting Tank role (P1: network, P2: control, P3: video)
I (14666) board_laiwfs300: init board support package
I (14666) board_laiwfs300: init capability registry
I (14671) board_laiwfs300: init I2C bus: SDA=GPIO48 SCL=GPIO47
I (14677) bus_i2c: I2C0 initialized: SDA=GPIO48 SCL=GPIO47 speed=100000Hz
I (14683) board_laiwfs300: --- I2C bus scan (0x08-0x77) ---
I (14690) board_laiwfs300:   I2C device ACK at 0x15
I (14693) board_laiwfs300:   I2C device ACK at 0x18
I (14698) board_laiwfs300:   I2C device ACK at 0x21
I (14702) board_laiwfs300:   I2C device ACK at 0x22
I (14710) board_laiwfs300:   I2C device ACK at 0x40
I (14713) board_laiwfs300:   I2C device ACK at 0x51
I (14719) board_laiwfs300:   I2C device ACK at 0x68
I (14722) board_laiwfs300: --- I2C scan done: 7 device(s) found ---
W (14726) board_laiwfs300: TPT29555A (IOEX) NOT found at 0x20 (NACK)
I (14732) board_laiwfs300: ES8311 (Codec) found at 0x18
I (14737) board_laiwfs300: ES7210 (ADC) found at 0x40
I (14742) board_laiwfs300: AIP8563 (RTC) found at 0x51
I (14747) board_laiwfs300: BMI260 (IMU @0x68) found at 0x68
W (14752) board_laiwfs300: BMI260 (IMU @0x69) NOT found at 0x69 (NACK)
I (14758) board_laiwfs300: SP0A39 (Camera) found at 0x21
I (14765) board_laiwfs300: ES8311 chip ID: 0x83 0x11
I (14769) board_laiwfs300: ES7210 chip ID: 0x72
I (14774) board_laiwfs300: AIP8563 RTC time: 01:43:11 (BCD raw)
I (14778) board_laiwfs300: BMI260 chip ID: 0x27 (expect 0x27)
I (14783) board_laiwfs300: init SPI bus manager
I (14789) board_laiwfs300: init ADC service
I (14792) board_adc: ADC1 oneshot initialized
I (14796) board_laiwfs300: init board power service
I (14801) board_laiwfs300: ADC D0_DETECT (GPIO1): raw=4095 (~3100 mV)
I (14806) board_laiwfs300: ADC BAT_ADC (GPIO7): raw=1639 (~1240 mV)
I (14812) board_laiwfs300: ADC SW_ADC (GPIO8): raw=4095 (~3100 mV)
I (14818) board_laiwfs300: init IO expander: TPT29555A addr=0x22
I (14827) io_expander: TPT29555A initialized at 0x22
I (14829) board_laiwfs300: IO expander initialized OK
I (14833) board_laiwfs300: init module detect
I (14838) board_laiwfs300: register detection rules
I (14842) board_laiwfs300: register default capabilities
I (14847) board_laiwfs300: board init complete (ioex=OK)
I (14852) rc_tank: [STEP] Motor init starting...
I (14857) board_motor: motor input 1 -> GPIO5 / LEDC channel 0
I (14862) board_motor: motor input 2 -> GPIO4 / LEDC channel 1
I (14868) board_motor: motor input 3 -> GPIO37 / LEDC channel 2
I (14873) board_motor: motor input 4 -> GPIO45 / LEDC channel 3
I (14879) rc_control: Motor initialized
I (14882) rc_tank: [STEP] Motor init OK
I (14886) rc_tank: [STEP] Display init starting...
I (14891) rc_video: Initializing Tank display
I (14896) display_hal: init ST7789V3 LCD 240x320 SPI host=1
E (15041) spi: spi_bus_initialize(816): SPI bus already initialized.
I (15162) display_hal: ST7789V3 LCD initialized
I (15162) board_display: display mapped: MOSI=GPIO13 SCK=GPIO12 CS=GPIO10 DC=GPIO16 BL=GPIO17 LCD_RST=IOEX P1_5 pclk=20000000
I (15167) rc_video: Tank display task started (status screen)
I (15168) rc_video: Tank display initialized (status task owns LCD)
I (15178) rc_tank: [STEP] Display init OK
I (15182) rc_tank: [STEP] Camera init starting...
I (15186) rc_video: Initializing camera (SP0A39 640x480 VYUY)
I (15192) board_camera: initializing SP0A39 camera mode=0 640x480
I (15197) camera_hal: init SP0A39 DVP 640x480 (SCCB manual mode)
I (15203) camera_hal: configuring IOEX pins for camera RESET/PWDN
I (15210) camera_hal: PWDN=HIGH (power down)
I (15223) camera_hal: PWDN=LOW (release sensor)
I (15423) camera_hal: RESET=LOW (assert reset)
I (15443) camera_hal: RESET=HIGH (release reset)
I (16443) camera_hal: full I2C scan after camera power-up (diagnostic only)...
I (16445) camera_hal:   post-powerup ACK at 0x15
I (16445) camera_hal:   post-powerup ACK at 0x18
I (16448) camera_hal:   post-powerup ACK at 0x21
I (16452) camera_hal:   post-powerup ACK at 0x22
I (16460) camera_hal:   post-powerup ACK at 0x40
I (16462) camera_hal:   post-powerup ACK at 0x51
I (16468) camera_hal:   post-powerup ACK at 0x68
I (16471) camera_hal: DVP GPIO diagnostics (checking PCLK/VSYNC/HSYNC activity)...
I (16537) camera_hal: DVP diagnostics: PCLK_changes=0 VSYNC_changes=0 HSYNC_changes=0
W (16537) camera_hal: PCLK has no transitions - MCLK likely not reaching sensor or sensor not active
I (16542) camera_hal: using sensor address 0x21
I (16547) camera_hal: SP0A39 I2C device added at 0x21
I (16553) camera_hal: SP0A39 chip ID: 0x0A39
I (16675) camera_hal: SP0A39 register init done: VYUY 640x480 (359 regs)
I (16676) camera_hal: [CAM-PROBE] SP0A39 p0_31 stage=post_table value=0x00 expected=0x01
E (16679) camera_hal: camera_hal_verify_expected_output_p0_31(92): unexpected p0_31=0x00 at post_table
W (16688) camera_hal: [CAM-PROBE] output state differs after table; continuing: ESP_ERR_INVALID_RESPONSE
I (16717) camera_hal: [CAM-PROBE] SP0A39 p0_31 stage=post_delay value=0x01 expected=0x01
I (16718) camera_hal: camera HAL initialized (sensor ready, DVP capture not yet implemented)
I (16722) board_camera: camera ready
I (16730) camera_hal: SP0A39 output regs: P0:1c=0x00 P0:30=0x01 P0:31=0x01 P1:32=0x15 P1:34=0xeb P1:35=0x00 P1:36=0x10
I (16862) rc_video:   3 DMA-capable PSRAM framebuffers allocated (600 KB each)
I (16865) dvp_ext: DVP Extended camera controller driver is initialized
I (16866) dvp_ext: [STABLE-DVP] assembly uses GDMA-EOF direct copy; dma=102400 half=51200 queue_data_events=suppressed eof_desc=probe
I (16876) rc_video: [STABLE-CAPTURE] staged DVP controller created dma=102400 half=51200
I (16884) rc_video: Camera initialized
I (16888) rc_tank: [STEP] Camera init OK
W (16892) rc_tank: [DVP-MATRIX] pre-network stage=3 strategy=direct_rebuild_before_channels frames=0 sync_defer=0 wifi=off video_tx=not_created
I (16904) rc_tank: [STEP] Network init starting...
I (16910) rc_net: Initializing as SoftAP (Tank)
I (16914) pp: pp rom version: e7ae62f
I (16917) net80211: net80211 rom version: e7ae62f
I (16922) wifi:wifi driver task: 3fce4a38, prio:23, stack:6656, core=0
I (16933) wifi:wifi firmware version: 0947e8b
I (16934) wifi:wifi certification version: v7.0
I (16935) wifi:config NVS flash: enabled
I (16939) wifi:config nano formatting: disabled
I (16943) wifi:Init data frame dynamic rx buffer num: 32
I (16948) wifi:Init static rx mgmt buffer num: 5
I (16952) wifi:Init management short buffer num: 32
I (16957) wifi:Init dynamic tx buffer num: 64
I (16961) wifi:Init static tx FG buffer num: 2
I (16965) wifi:Init static rx buffer size: 1600
I (16969) wifi:Init static rx buffer num: 10
I (16973) wifi:Init dynamic rx buffer num: 32
I (16979) wifi_init: rx ba win: 6
I (16980) wifi_init: accept mbox: 6
I (16984) wifi_init: tcpip mbox: 16
I (16987) wifi_init: udp mbox: 6
I (16990) wifi_init: tcp mbox: 6
I (16993) wifi_init: tcp tx win: 5760
I (16996) wifi_init: tcp rx win: 5760
I (17000) wifi_init: tcp mss: 1440
I (17003) wifi_init: WiFi IRAM OP enabled
I (17006) wifi_init: WiFi RX IRAM OP enabled
I (17011) rc_net: AP set_mode/config, SSID=RC_TANK_F3AE79 ch=1
I (17021) phy_init: phy_version 711,97bcf0a2,Aug 25 2025,19:04:10
I (17060) wifi:mode : softAP (44:1b:f6:f3:ae:79)
I (17065) wifi:Total power save buffer number: 32
I (17066) wifi:Init max length of beacon: 752/752
I (17066) wifi:Init max length of beacon: 752/752
I (17069) rc_net: SoftAP started, SSID: RC_TANK_F3AE79, Password: 12345678
I (17070) esp_netif_lwip: DHCP server started on interface WIFI_AP_DEF with IP: 192.168.4.1
I (17083) rc_tank: [STEP] Network init OK
I (17086) rc_tank: Tank SoftAP ready, waiting for remote...
I (17091) rc_control: Ctrl RX task started
I (17095) rc_control: Tank control started
I (17099) rc_tank: Tank running (video + control; audio disabled)
I (17105) rc_tank: app_main done, idle loop
I (19663) wifi:new:<1,1>, old:<1,1>, ap:<1,1>, sta:<255,255>, prof:1, snd_ch_cfg:0x0
I (19664) wifi:station: 44:1b:f6:f3:ae:40 join, AID=1, bgn, 40U
I (19686) rc_net: STA connected, MAC: 44:1b:f6:f3:ae:40
I (19716) esp_netif_lwip: DHCP server assigned IP to a client, IP is: 192.168.4.2
I (19717) rc_net: STA assigned IP: 192.168.4.2
I (19718) rc_tank: Network connected, peer: 192.168.4.2
W (19724) rc_tank: [DVP-MATRIX] start stage=3 strategy=direct_rebuild_before_channels preflight_frames=0 rebuild=1 sync_defer=0 video_tx=not_created
W (19735) rc_tank: [DVP-MATRIX] rebuilding complete DVP controller before socket/channel tasks
E (19745) gpio: gpio_install_isr_service(537): GPIO isr service already installed
I (19752) dvp_ext: DVP Extended camera controller driver is initialized
I (19757) dvp_ext: [STABLE-DVP] assembly uses GDMA-EOF direct copy; dma=102400 half=51200 queue_data_events=suppressed eof_desc=probe
W (19769) rc_video: [DVP-REBUILD] complete old=0x3fcebecc new=0x3fcebecc drained=0 internal=88971->88971; GDMA channel/descriptors/event queue/task recreated
I (19784) rc_net: Ctrl UDP socket bound to port 8001
I (19788) rc_net: Video UDP socket bound to port 8002
I (19793) rc_net: Audio TCP listening on port 8003
I (19797) rc_tank: Socket channels started
I (19801) rc_video: No local preview active; formal video handoff skipped
I (19809) camera_hal: [CAM-PROBE] SP0A39 p0_31 stage=dvp_started value=0x01 expected=0x01
I (19821) rc_video: Video TX task started (240x180, sensor-driven, Q=60)
I (19821) rc_video: TX theory: raw=614400 B/frame, encoded YUV=86400 B/frame, target10fps raw=0.86 MB/s
I (19830) rc_video: PSRAM TX buffers: subsample=86400B jpeg=43200B send=43208B free_psram=5592524 free_internal=59519
I (19879) rc_video: TX buffer caps: subsample=0x3c350120(psram=1) jpeg=0x3c3652a4(psram=1) send=0x3c36fea8(psram=1)
I (19880) rc_video: Tank video
[HOST-DVP-MATRIX 14:10:15] REBUILD-R1 stage=3 visible window begin
 started (camera source)
W (19976) rc_tank: [DVP-MATRIX] observe stage=3 strategy=direct_rebuild_before_channels duration_ms=45000 sync_defer=0 under live Q60/UDP load
I (19971) rc_net: [CAM-PROBE] Video TX seq=0 jpeg_len=8671 crc32=0x08c97865 chunks=8
W (19992) rc_net: Video UDP send failed: seq=0 chunk=4/8 bytes=1208 sent=-1 errno=12 attempts=4
W (19995) rc_video: Video send failed: ESP_FAIL
W (20092) rc_video: Video send failed: ESP_FAIL
W (20143) rc_video: Video send failed: ESP_FAIL
W (20295) rc_video: Video send failed: ESP_FAIL
W (20346) rc_video: Video send failed: ESP_FAIL
W (20490) rc_video: Video send failed: ESP_FAIL
W (20541) rc_video: Video send failed: ESP_FAIL
W (20690) rc_video: Video send failed: ESP_FAIL
W (20741) rc_video: Video send failed: ESP_FAIL
I (20808) wifi:<ba-add>idx:2 (ifx:1, 44:1b:f6:f3:ae:40), tid:0, ssn:0, winSize:64
I (22916) rc_net: [CAM-PROBE] Video TX seq=30 jpeg_len=8789 crc32=0x1e8ec85b chunks=8
I (23712) rc_video: Sent 30 | cap_fps=10.0 send_fps=7.7 capture_size_errors=0 capture_identity_errors=0 | Avg(ms): wait=22.8 cache=0.9 subsample=23.5 encode=43.8 send=7.4 total=98.4 | JPEG=8934B
I (23720) rc_video: [VIDEO-TX] handoff cap=39 get=79 select_fail=0 finished=39 signal=39 acquire=39 acquire_fail=0 release_fail=0 backup=0/0
I (23760) rc_video: [STABLE-CAPTURE] pause=39/39 timeout=0 quiesce=39 resume=39 lifecycle_errors=0 repairs=39 staged_events=452 copies=440 fallback=0 errors=0 prepare=40 stale_queue=0 pending_vsync=20 sync=40 complete=40 incomplete=0 incomplete_blocks=0 hold=39/39 hold_timeout=0
I (25948) rc_net: [CAM-PROBE] Video TX seq=60 jpeg_len=8972 crc32=0x33b0dccf chunks=8
I (26742) rc_video: Sent 60 | cap_fps=10.2 send_fps=9.9 capture_size_errors=0 capture_identity_errors=0 | Avg(ms): wait=20.8 cache=0.9 subsample=23.8 encode=43.8 send=8.7 total=98.0 | JPEG=8846B
I (26749) rc_video: [VIDEO-TX] handoff cap=70 get=140 select_fail=0 finished=70 signal=70 acquire=69 acquire_fail=0 release_fail=0 backup=0/0
I (26762) rc_video: [STABLE-CAPTURE] pause=70/70 timeout=0 quiesce=69 resume=69 lifecycle_errors=0 repairs=69 staged_events=788 copies=770 fallback=0 errors=0 prepare=70 stale_queue=0 pending_vsync=35 sync=70 complete=70 incomplete=0 incomplete_blocks=0 hold=70/70 hold_timeout=0
I (28962) rc_net: [CAM-PROBE] Video TX seq=90 jpeg_len=9002 crc32=0x000b3da6 chunks=8
I (29728) rc_video: Sent 90 | cap_fps=9.7 send_fps=10.0 capture_size_errors=0 capture_identity_errors=0 | Avg(ms): wait=22.7 cache=0.9 subsample=23.4 encode=42.9 send=7.6 total=97.5 | JPEG=9012B
I (29775) rc_video: [VIDEO-TX] handoff cap=99 get=199 select_fail=0 finished=99 signal=99 acquire=99 acquire_fail=0 release_fail=0 backup=0/0
I (29778) rc_video: [STABLE-CAPTURE] pause=99/99 timeout=0 quiesce=99 resume=99 lifecycle_errors=0 repairs=99 staged_events=1124 copies=1100 fallback=0 errors=0 prepare=100 stale_queue=0 pending_vsync=51 sync=100 complete=100 incomplete=0 incomplete_blocks=0 hold=99/99 hold_timeout=0
I (31939) rc_net: [CAM-PROBE] Video TX seq=120 jpeg_len=8896 crc32=0x0016b33a chunks=8
I (32735) rc_video: Sent 120 | cap_fps=10.0 send_fps=10.0 capture_size_errors=0 capture_identity_errors=0 | Avg(ms): wait=21.5 cache=0.8 subsample=23.6 encode=44.0 send=7.2 total=97.1 | JPEG=8965B
I (32782) rc_video: [VIDEO-TX] handoff cap=129 get=259 select_fail=0 finished=129 signal=129 acquire=129 acquire_fail=0 release_fail=0 backup=0/0
I (32785) rc_video: [STABLE-CAPTURE] pause=129/129 timeout=0 quiesce=129 resume=129 lifecycle_errors=0 repairs=129 staged_events=1458 copies=1430 fallback=0 errors=0 prepare=130 stale_queue=0 pending_vsync=67 sync=130 complete=130 incomplete=0 incomplete_blocks=0 hold=129/129 hold_timeout=0
I (34974) rc_net: [CAM-PROBE] Video TX seq=150 jpeg_len=9573 crc32=0x5102e920 chunks=8
I (35744) rc_video: Sent 150 | cap_fps=10.0 send_fps=10.0 capture_size_errors=0 capture_identity_errors=0 | Avg(ms): wait=19.8 cache=0.9 subsample=23.8 encode=42.6 send=8.8 total=95.9 | JPEG=9700B
I (35753) rc_video: [VIDEO-TX] handoff cap=159 get=319 select_fail=0 finished=159 signal=159 acquire=159 acquire_fail=0 release_fail=0 backup=0/0
I (35790) rc_video: [STABLE-CAPTURE] pause=159/159 timeout=0 quiesce=159 resume=159 lifecycle_errors=0 repairs=159 staged_events=1793 copies=1760 fallback=0 errors=0 prepare=160 stale_queue=0 pending_vsync=83 sync=160 complete=160 incomplete=0 incomplete_blocks=0 hold=159/159 hold_timeout=0
I (37984) rc_net: [CAM-PROBE] Video TX seq=180 jpeg_len=9643 crc32=0x024f802c chunks=9
I (38753) rc_video: Sent 180 | cap_fps=10.0 send_fps=10.0 capture_size_errors=0 capture_identity_errors=0 | Avg(ms): wait=21.1 cache=0.9 subsample=23.4 encode=43.0 send=8.9 total=97.3 | JPEG=9570B
I (38799) rc_video: [VIDEO-TX] handoff cap=189 get=379 select_fail=0 finished=189 signal=189 acquire=189 acquire_fail=0 release_fail=0 backup=0/0
I (38803) rc_video: [STABLE-CAPTURE] pause=190/190 timeout=0 quiesce=189 resume=189 lifecycle_errors=0 repairs=189 staged_events=2129 copies=2090 fallback=0 errors=0 prepare=190 stale_queue=0 pending_vsync=99 sync=190 complete=190 incomplete=0 incomplete_blocks=0 hold=190/190 hold_timeout=0
I (41031) rc_net: [CAM-PROBE] Video TX seq=210 jpeg_len=9774 crc32=0x15f363f2 chunks=9
I (41823) rc_video: Sent 210 | cap_fps=10.1 send_fps=9.8 capture_size_errors=0 capture_identity_errors=0 | Avg(ms): wait=20.5 cache=0.9 subsample=23.8 encode=45.6 send=8.5 total=99.3 | JPEG=9630B
I (41830) rc_video: [VIDEO-TX] handoff cap=220 get=440 select_fail=0 finished=220 signal=220 acquire=219 acquire_fail=0 release_fail=0 backup=0/0
I (41843) rc_video: [STABLE-CAPTURE] pause=220/220 timeout=0 quiesce=219 resume=219 lifecycle_errors=0 repairs=219 staged_events=2467 copies=2420 fallback=0 errors=0 prepare=220 stale_queue=0 pending_vsync=115 sync=220 complete=220 incomplete=0 incomplete_blocks=0 hold=220/220 hold_timeout=0
I (44039) rc_net: [CAM-PROBE] Video TX seq=240 jpeg_len=8913 crc32=0xd8fd9f65 chunks=8
I (44833) rc_video: Sent 240 | cap_fps=10.0 send_fps=10.0 capture_size_errors=0 capture_identity_errors=0 | Avg(ms): wait=21.8 cache=0.8 subsample=24.1 encode=44.7 send=6.8 total=98.2 | JPEG=8866B
I (44841) rc_video: [VIDEO-TX] handoff cap=250 get=500 select_fail=0 finished=250 signal=250 acquire=249 acquire_fail=0 release_fail=0 backup=0/0
I (44853) rc_video: [STABLE-CAPTURE] pause=250/250 timeout=0 quiesce=249 resume=249 lifecycle_errors=0 repairs=249 staged_events=2803 copies=2750 fallback=0 errors=0 prepare=250 stale_queue=0 pending_vsync=130 sync=250 complete=250 incomplete=0 incomplete_blocks=0 hold=250/250 hold_timeout=0
I (47021) rc_net: [CAM-PROBE] Video TX seq=270 jpeg_len=8816 crc32=0xd3ba5791 chunks=8
I (47810) rc_video: Sent 270 | cap_fps=9.7 send_fps=10.1 capture_size_errors=0 capture_identity_errors=0 | Avg(ms): wait=22.6 cache=0.9 subsample=23.8 encode=42.4 send=7.6 total=97.2 | JPEG=8870B
I (47817) rc_video: [VIDEO-TX] handoff cap=279 get=559 select_fail=0 finished=279 signal=279 acquire=279 acquire_fail=0 release_fail=0 backup=0/0
I (47861) rc_video: [STABLE-CAPTURE] pause=279/279 timeout=0 quiesce=279 resume=279 lifecycle_errors=0 repairs=279 staged_events=3138 copies=3080 fallback=0 errors=0 prepare=280 stale_queue=0 pending_vsync=146 sync=280 complete=280 incomplete=0 incomplete_blocks=0 hold=279/279 hold_timeout=0
W (48865) rc_net: Video UDP send failed: seq=288 chunk=1/8 bytes=1208 sent=-1 errno=12 attempts=4
W (48865) rc_video: Video send failed: ESP_FAIL
W (48919) rc_video: Video send failed: ESP_FAIL
W (49064) rc_video: Video send failed: ESP_FAIL
W (49911) rc_net: Video UDP send failed: seq=299 chunk=1/8 bytes=1208 sent=-1 errno=12 attempts=4
W (49911) rc_video: Video send failed: ESP_FAIL
I (50051) rc_net: [CAM-PROBE] Video TX seq=300 jpeg_len=8870 crc32=0x91240d2d chunks=8
W (50060) rc_video: Video send failed: ESP_FAIL
I (51299) rc_video: Sent 300 | cap_fps=10.0 send_fps=8.6 capture_size_errors=0 capture_identity_errors=0 | Avg(ms): wait=22.8 cache=0.8 subsample=24.0 encode=42.6 send=5.0 total=95.3 | JPEG=8909B
I (51307) rc_video: [VIDEO-TX] handoff cap=314 get=629 select_fail=0 finished=314 signal=314 acquire=314 acquire_fail=0 release_fail=0 backup=0/0
I (51346) rc_video: [STABLE-CAPTURE] pause=314/314 timeout=0 quiesce=314 resume=314 lifecycle_errors=0 repairs=314 staged_events=3529 copies=3465 fallback=0 errors=0 prepare=315 stale_queue=0 pending_vsync=164 sync=315 complete=315 incomplete=0 incomplete_blocks=0 hold=314/314 hold_timeout=0
W (52943) rc_net: Video UDP send failed: seq=329 chunk=2/8 bytes=1208 sent=-1 errno=12 attempts=4
W (52943) rc_video: Video send failed: ESP_FAIL
I (52993) rc_net: [CAM-PROBE] Video TX seq=330 jpeg_len=8907 crc32=0x34ce7ada chunks=8
W (53002) rc_video: Video send failed: ESP_FAIL
W (53145) rc_video: Video send failed: ESP_FAIL
W (53196) rc_video: Video send failed: ESP_FAIL
W (53343) rc_video: Video send failed: ESP_FAIL
W (53395) rc_video: Video send failed: ESP_FAIL
W (53791) rc_video: Video send failed: ESP_FAIL
W (53936) rc_video: Video send failed: ESP_FAIL
W (53987) rc_net: Video UDP send failed: seq=340 chunk=1/8 bytes=1208 sent=-1 errno=12 attempts=4
W (53987) rc_video: Video send failed: ESP_FAIL
W (54132) rc_video: Video send failed: ESP_FAIL
W (54186) rc_video: Video send failed: ESP_FAIL
W (54328) rc_video: Video send failed: ESP_FAIL
W (54380) rc_video: Video send failed: ESP_FAIL
W (54528) rc_video: Video send failed: ESP_FAIL
W (54580) rc_video: Video send failed: ESP_FAIL
W (54780) rc_video: Video send failed: ESP_FAIL
W (54924) rc_video: Video send failed: ESP_FAIL
W (54976) rc_video: Video send failed: ESP_FAIL
W (55124) rc_net: Video UDP send failed: seq=351 chunk=1/8 bytes=1208 sent=-1 errno=12 attempts=4
W (55124) rc_video: Video send failed: ESP_FAIL
W (55919) rc_video: Video send failed: ESP_FAIL
I (55969) rc_net: [CAM-PROBE] Video TX seq=360 jpeg_len=8903 crc32=0x8541261c chunks=8
I (56285) rc_video: Sent 330 | cap_fps=10.0 send_fps=6.0 capture_size_errors=0 capture_identity_errors=0 | Avg(ms): wait=21.3 cache=0.8 subsample=23.7 encode=44.3 send=8.7 total=98.8 | JPEG=8905B
I (56330) rc_video: [VIDEO-TX] handoff cap=364 get=729 select_fail=0 finished=364 signal=364 acquire=364 acquire_fail=0 release_fail=0 backup=0/0
I (56333) rc_video: [STABLE-CAPTURE] pause=364/364 timeout=0 quiesce=364 resume=364 lifecycle_errors=0 repairs=364 staged_events=4090 copies=4015 fallback=0 errors=0 prepare=365 stale_queue=0 pending_vsync=190 sync=365 complete=365 incomplete=0 incomplete_blocks=0 hold=364/364 hold_timeout=0
I (58971) rc_net: [CAM-PROBE] Video TX seq=390 jpeg_len=8777 crc32=0x56d27fe7 chunks=8
I (59318) rc_video: Sent 360 | cap_fps=10.2 send_fps=9.9 capture_size_errors=0 capture_identity_errors=0 | Avg(ms): wait=23.1 cache=0.9 subsample=23.4 encode=44.0 send=6.8 total=98.1 | JPEG=8809B
I (59329) rc_video: [VIDEO-TX] handoff cap=395 get=790 select_fail=0 finished=395 signal=395 acquire=394 acquire_fail=0 release_fail=0 backup=0/0
I (59342) rc_video: [STABLE-CAPTURE] pause=395/395 timeout=0 quiesce=394 resume=394 lifecycle_errors=0 repairs=394 staged_events=4423 copies=4345 fallback=0 errors=0 prepare=395 stale_queue=0 pending_vsync=205 sync=395 complete=395 incomplete=0 incomplete_blocks=0 hold=395/395 hold_timeout=0
I (61978) rc_net: [CAM-PROBE] Video TX seq=420 jpeg_len=8899 crc32=0x5d802b54 chunks=8
I (62327) rc_video: Sent 390 | cap_fps=10.0 send_fps=10.0 capture_size_errors=0 capture_identity_errors=0 | Avg(ms): wait=18.8 cache=0.9 subsample=23.5 encode=44.8 send=10.3 total=98.2 | JPEG=8936B
I (62334) rc_video: [VIDEO-TX] handoff cap=425 get=850 select_fail=0 finished=425 signal=425 acquire=424 acquire_fail=0 release_fail=0 backup=0/0
I (62347) rc_video: [STABLE-CAPTURE] pause=425/425 timeout=0 quiesce=424 resume=424 lifecycle_errors=0 repairs=424 staged_events=4757 copies=4675 fallback=0 errors=0 prepare=425 stale_queue=0 pending_vsync=220 sync=425 complete=425 incomplete=0 incomplete_blocks=0 hold=425/425 hold_timeout=0
W (63157) rc_net: Video UDP send failed: seq=431 chunk=5/8 bytes=1208 sent=-1 errno=12 attempts=4
W (63157) rc_video: Video send failed: ESP_FAIL
W (63214) rc_video: Video send failed: ESP_FAIL
W (63607) rc_video: Video send failed: ESP_FAIL
W (64979) rc_tank: [DVP-MATRIX] result stage=3 strategy=direct_rebuild_before_channels complete=451 incomplete=0 incomplete_blocks=0 sync_defer=0 released=0 collisions=0 release_errors=0 defer_hist=0,0,0,0,0,0,0,0,0,0,0 mismatch_hist=0,1,0,1,1,1,1,1,6,12,366 prepare=452 pending=234 hold=451/451 hold_timeout=0
I (64990) rc_net: [CAM-PROBE] Video TX seq=450 jpeg_len=8919 crc32=0x464b910e chunks=8
W (65048) rc_tank: [DVP-MATRIX] advance stage=4; restart in 1s
I (65652) rc_video: Sent 420 | cap_fps=9.9 send_fps=9.0 capture_size_errors=0 capture_identity_errors=0 | Avg(ms): wait=24.8 cache=0.9 subsample=23.3 encode=44.1 send=7.0 total=100.1 | JPEG=8917B
I (65659) rc_video: [VIDEO-TX] handoff cap=458 get=916 select_fail=0 finished=458 signal=458 acquire=457 acquire_fail=0 release_fail=0 backup=0/0
I (65672) rc_video: [STABLE-CAPTURE] pause=458/458 timeout=0 quiesce=457 resume=457 lifecycle_errors=0 repairs=457 staged_events=5124 copies=5038 fallback=0 errors=0 prepare=458 stale_queue=0 pending_vsync=237 sync=458 complete=458 incomplete=0 incomplete_blocks=0 hold=458/458 hold_timeout=0
I (66050) wifi:station: 44:1b:f6:f3:ae:40 leave, AID = 1, reason = 2, bss_flags is 756835, bss:0x3fcf1374
I (66051) wifi:new:<1,0>, old:<1,1>, ap:<1,1>, sta:<255,255>, prof:1, snd_ch_cfg:0x0
I (66057) wifi:<ba-del>idx:2, tid:0
I (66060) wifi:new:<1,1>, old:<1,0>, ap:<1,1>, sta:<255,255>, prof:1, snd_ch_cfg:0x0
I (66114) rc_net: STA disconnected, MAC: 44:1b:f6:f3:ae:40
W (66115) rc_net: Video UDP send failed: seq=460 chunk=1/8 bytes=1208 sent=-1 errno=-1 attempts=4
W (66118) rc_video: Video send failed: ESP_FAIL
W (66117) rc_control: Network disconnected: motor stop enforced
W (66128) rc_tank: Network disconnected
W (66179) rc_video: Video send failed: ESP_ERR_INVALID_STATE
W (66318) rc_video: Video send failed: ESP_ERR_INVALID_STATE
W (66367) rc_video: Video send failed: ESP_ERR_INVALID_STATE
W (66516) rc_video: Video send failed: ESP_ERR_INVALID_STATE
W (66566) rc_video: Video send failed: ESP_ERR_INVALID_STATE
W (66714) rc_video: Video send failed: ESP_ERR_INVALID_STATE
W (66763) rc_video: Video send failed: ESP_ERR_INVALID_STATE
W (66910) rc_video: Video send failed: ESP_ERR_INVALID_STATE
W (66957) rc_video: Video send failed: ESP_ERR_INVALID_STATE
W (67109) rc_video: Video send failed: ESP_ERR_INVALID_STATE
W (67156) rc_video: Video send failed: ESP_ERR_INVALID_STATE
W (67307) rc_video: Video send failed: ESP_ERR_INVALID_STATE
W (67354) rc_video: Video send failed: ESP_ERR_INVALID_STATE
W (67504) rc_video: Video send failed: ESP_ERR_INVALID_STATE
W (67552) rc_video: Video send failed: ESP_ERR_INVALID_STATE
W (67702) rc_video: Video send failed: ESP_ERR_INVALID_STATE
W (67750) rc_video: Video send failed: ESP_ERR_INVALID_STATE
W (67900) rc_video: Video send failed: ESP_ERR_INVALID_STATE
W (67947) rc_video: Video send failed: ESP_ERR_INVALID_STATE
W (68099) rc_video: Video send failed: ESP_ERR_INVALID_STATE
W (68147) rc_video: Video send failed: ESP_ERR_INVALID_STATE
W (68296) rc_video: Video send failed: ESP_ERR_INVALID_STATE
W (68343) rc_video: Video send failed: ESP_ERR_INVALID_STATE
W (68494) rc_video: Video send failed: ESP_ERR_INVALID_STATE
W (68541) rc_video: Video send failed: ESP_ERR_INVALID_STATE
W (68692) rc_video: Video send failed: ESP_ERR_INVALID_STATE
W (68739) rc_video: Video send failed: ESP_ERR_INVALID_STATE
W (68889) rc_video: Video send failed: ESP_ERR_INVALID_STATE
W (68938) rc_video: Video send failed: ESP_ERR_INVALID_STATE
W (69088) rc_video: Video send failed: ESP_ERR_INVALID_STATE
W (69136) rc_video: Video send failed: ESP_ERR_INVALID_STATE
W (69285) rc_video: Video send failed: ESP_ERR_INVALID_STATE
W (69332) rc_video: Video send failed: ESP_ERR_INVALID_STATE
W (69482) rc_video: Video send failed: ESP_ERR_INVALID_STATE
W (69530) rc_video: Video send failed: ESP_ERR_INVALID_STATE
W (69681) rc_video: Video send failed: ESP_ERR_INVALID_STATE
W (69729) rc_video: Video send failed: ESP_ERR_INVALID_STATE
W (69879) rc_video: Video send failed: ESP_ERR_INVALID_STATE
W (69927) rc_video: Video send failed: ESP_ERR_INVALID_STATE
W (70077) rc_video: Video send failed: ESP_ERR_INVALID_STATE
W (70125) rc_video: Video send failed: ESP_ERR_INVALID_STATE
I (70184) wifi:flush txq
I (70185) wifi:stop sw txq
I (70185) wifi:lmac stop hw txq
†žESP-ROM:esp32s3-20210327
Build:Mar 27 2021
rst:0xc (RTC_SW_CPU_RST),boot:0x3 (DOWNLOAD(USB/UART0))
Saved PC:0x403812c5
waiting for download

[HOST-DVP-MATRIX 14:11:06] REBUILD-R1 Tank restart recovery=5

[HOST-DVP-MATRIX 14:11:06] Tank RAM bootloader start
esptool.py v4.12.dev2
Serial port COM7
Connecting....
Chip is ESP32-S3 (QFN56) (revision v0.2)
Features: WiFi, BLE
Crystal is 40MHz
MAC: 44:1b:f6:f3:ae:78
Uploading stub...
Running stub...
Stub running...
RAM boot...
Downloading 5360 bytes at 3fce2820... done!
Downloading 3364 bytes at 403c8700... done!
Downloading 12016 bytes at 403cb700... done!
All segments done, executing at 403c8924
Exiting immediately.

[HOST-DVP-MATRIX 14:11:09] Tank RAM bootloader complete
hip revision: v0.2
I (2942) boot: efuse block revision: v1.3
I (2945) boot.esp32s3: Boot SPI Speed : 80MHz
I (2950) boot.esp32s3: SPI Mode       : SLOW READ
I (2954) boot.esp32s3: SPI Flash Size : 8MB
I (2958) boot: Enabling RNG early entropy source...
I (2963) boot: Partition Table:
I (2965) boot: ## Label            Usage          Type ST Offset   Length
I (2972) boot:  0 nvs              WiFi data        01 02 00009000 00006000
I (2979) boot:  1 phy_init         RF data          01 01 0000f000 00001000
I (2985) boot:  2 factory          factory app      00 00 00010000 00300000
I (2992) boot:  3 storage          Unknown data     01 82 00310000 00100000
I (2999) boot: End of partition table
I (3002) esp_image: segment 0: paddr=00010020 vaddr=3c0a0020 size=25010h (151568) map
I (3102) esp_image: segment 1: paddr=00035038 vaddr=3fca0d00 size=05560h ( 21856) load
I (3116) esp_image: segment 2: paddr=0003a5a0 vaddr=40374000 size=05a78h ( 23160) load
I (3132) esp_image: segment 3: paddr=00040020 vaddr=42000020 size=9b9fch (637436) map
I (3521) esp_image: segment 4: paddr=000dba24 vaddr=40379a78 size=17240h ( 94784) load
I (3583) esp_image: segment 5: paddr=000f2c6c vaddr=50000000 size=00020h (    32) load
I (3594) boot: Loaded app from partition at offset 0x10000
I (3594) boot: Disabling RNG early entropy source...
I (3606) esp_psram: Found 8MB PSRAM device
I (3606) esp_psram: Speed: 80MHz
I (3607) cpu_start: Multicore app
I (4525) esp_psram: SPI SRAM memory test OK
I (4533) cpu_start: GPIO 44 and 43 are used as console UART I/O pins
I (4534) cpu_start: Pro cpu start user code
I (4534) cpu_start: cpu freq: 240000000 Hz
I (4536) app_init: Application information:
I (4540) app_init: Project name:     rc_tank_demo
I (4544) app_init: App version:      1
I (4548) app_init: Compile time:     Aug 26 2026 14:01:36
I (4553) app_init: ELF file SHA256:  8e8c6f5df...
I (4557) app_init: ESP-IDF:          GIT-NOTFOUND
I (4562) efuse_init: Min chip rev:     v0.0
I (4565) efuse_init: Max chip rev:     v0.99 
I (4570) efuse_init: Chip rev:         v0.2
I (4574) heap_init: Initializing. RAM available for dynamic allocation:
I (4580) heap_init: At 3FCAA3D0 len 0003F340 (252 KiB): RAM
I (4585) heap_init: At 3FCE9710 len 00005724 (21 KiB): RAM
I (4590) heap_init: At 3FCF0000 len 00008000 (32 KiB): DRAM
I (4596) heap_init: At 600FE000 len 00001FE8 (7 KiB): RTCRAM
I (4601) esp_psram: Adding pool of 8192K of PSRAM memory to heap allocator
I (4609) spi_flash: detected chip: generic
I (4611) spi_flash: flash io: dio
I (4615) sleep_gpio: Configure to isolate all GPIO pins in sleep state
I (4621) sleep_gpio: Enable automatic switching of GPIO sleep configuration
I (4628) main_task: Started on CPU0
I (4652) esp_psram: Reserving pool of 64K of internal memory for DMA/internal allocations
I (4653) main_task: Calling app_main()
I (4670) rc_tank: === RC Tank Demo (EX-035) Role: TANK ===
I (4670) rc_tank: Startup delay 10 s (open serial monitor now)...
I (4670) rc_tank:   starting in 10 s
I (5673) rc_tank:   starting in 9 s
I (6673) rc_tank:   starting in 8 s
I (7673) rc_tank:   starting in 7 s
I (8673) rc_tank:   starting in 6 s
I (9673) rc_tank:   starting in 5 s
I (10673) rc_tank:   starting in 4 s
I (11673) rc_tank:   starting in 3 s
I (12673) rc_tank:   starting in 2 s
I (13673) rc_tank:   starting in 1 s
I (14673) rc_tank: Starting Tank role (P1: network, P2: control, P3: video)
I (14673) board_laiwfs300: init board support package
I (14673) board_laiwfs300: init capability registry
I (14678) board_laiwfs300: init I2C bus: SDA=GPIO48 SCL=GPIO47
I (14684) bus_i2c: I2C0 initialized: SDA=GPIO48 SCL=GPIO47 speed=100000Hz
I (14690) board_laiwfs300: --- I2C bus scan (0x08-0x77) ---
I (14697) board_laiwfs300:   I2C device ACK at 0x15
I (14700) board_laiwfs300:   I2C device ACK at 0x18
I (14705) board_laiwfs300:   I2C device ACK at 0x21
I (14709) board_laiwfs300:   I2C device ACK at 0x22
I (14717) board_laiwfs300:   I2C device ACK at 0x40
I (14720) board_laiwfs300:   I2C device ACK at 0x51
I (14726) board_laiwfs300:   I2C device ACK at 0x68
I (14729) board_laiwfs300: --- I2C scan done: 7 device(s) found ---
W (14733) board_laiwfs300: TPT29555A (IOEX) NOT found at 0x20 (NACK)
I (14739) board_laiwfs300: ES8311 (Codec) found at 0x18
I (14744) board_laiwfs300: ES7210 (ADC) found at 0x40
I (14749) board_laiwfs300: AIP8563 (RTC) found at 0x51
I (14754) board_laiwfs300: BMI260 (IMU @0x68) found at 0x68
W (14759) board_laiwfs300: BMI260 (IMU @0x69) NOT found at 0x69 (NACK)
I (14765) board_laiwfs300: SP0A39 (Camera) found at 0x21
I (14772) board_laiwfs300: ES8311 chip ID: 0x83 0x11
I (14776) board_laiwfs300: ES7210 chip ID: 0x72
I (14781) board_laiwfs300: AIP8563 RTC time: 01:44:21 (BCD raw)
I (14785) board_laiwfs300: BMI260 chip ID: 0x27 (expect 0x27)
I (14790) board_laiwfs300: init SPI bus manager
I (14796) board_laiwfs300: init ADC service
I (14799) board_adc: ADC1 oneshot initialized
I (14803) board_laiwfs300: init board power service
I (14808) board_laiwfs300: ADC D0_DETECT (GPIO1): raw=4095 (~3100 mV)
I (14813) board_laiwfs300: ADC BAT_ADC (GPIO7): raw=1641 (~1242 mV)
I (14819) board_laiwfs300: ADC SW_ADC (GPIO8): raw=4095 (~3100 mV)
I (14825) board_laiwfs300: init IO expander: TPT29555A addr=0x22
I (14834) io_expander: TPT29555A initialized at 0x22
I (14836) board_laiwfs300: IO expander initialized OK
I (14840) board_laiwfs300: init module detect
I (14845) board_laiwfs300: register detection rules
I (14849) board_laiwfs300: register default capabilities
I (14854) board_laiwfs300: board init complete (ioex=OK)
I (14859) rc_tank: [STEP] Motor init starting...
I (14864) board_motor: motor input 1 -> GPIO5 / LEDC channel 0
I (14869) board_motor: motor input 2 -> GPIO4 / LEDC channel 1
I (14875) board_motor: motor input 3 -> GPIO37 / LEDC channel 2
I (14880) board_motor: motor input 4 -> GPIO45 / LEDC channel 3
I (14886) rc_control: Motor initialized
I (14889) rc_tank: [STEP] Motor init OK
I (14893) rc_tank: [STEP] Display init starting...
I (14898) rc_video: Initializing Tank display
I (14903) display_hal: init ST7789V3 LCD 240x320 SPI host=1
E (15048) spi: spi_bus_initialize(816): SPI bus already initialized.
I (15169) display_hal: ST7789V3 LCD initialized
I (15169) board_display: display mapped: MOSI=GPIO13 SCK=GPIO12 CS=GPIO10 DC=GPIO16 BL=GPIO17 LCD_RST=IOEX P1_5 pclk=20000000
I (15174) rc_video: Tank display task started (status screen)
I (15175) rc_video: Tank display initialized (status task owns LCD)
I (15185) rc_tank: [STEP] Display init OK
I (15189) rc_tank: [STEP] Camera init starting...
I (15193) rc_video: Initializing camera (SP0A39 640x480 VYUY)
I (15199) board_camera: initializing SP0A39 camera mode=0 640x480
I (15204) camera_hal: init SP0A39 DVP 640x480 (SCCB manual mode)
I (15210) camera_hal: configuring IOEX pins for camera RESET/PWDN
I (15217) camera_hal: PWDN=HIGH (power down)
I (15230) camera_hal: PWDN=LOW (release sensor)
I (15430) camera_hal: RESET=LOW (assert reset)
I (15450) camera_hal: RESET=HIGH (release reset)
I (16450) camera_hal: full I2C scan after camera power-up (diagnostic only)...
I (16452) camera_hal:   post-powerup ACK at 0x15
I (16452) camera_hal:   post-powerup ACK at 0x18
I (16455) camera_hal:   post-powerup ACK at 0x21
I (16459) camera_hal:   post-powerup ACK at 0x22
I (16467) camera_hal:   post-powerup ACK at 0x40
I (16469) camera_hal:   post-powerup ACK at 0x51
I (16475) camera_hal:   post-powerup ACK at 0x68
I (16478) camera_hal: DVP GPIO diagnostics (checking PCLK/VSYNC/HSYNC activity)...
I (16544) camera_hal: DVP diagnostics: PCLK_changes=0 VSYNC_changes=0 HSYNC_changes=0
W (16544) camera_hal: PCLK has no transitions - MCLK likely not reaching sensor or sensor not active
I (16549) camera_hal: using sensor address 0x21
I (16554) camera_hal: SP0A39 I2C device added at 0x21
I (16560) camera_hal: SP0A39 chip ID: 0x0A39
I (16682) camera_hal: SP0A39 register init done: VYUY 640x480 (359 regs)
I (16683) camera_hal: [CAM-PROBE] SP0A39 p0_31 stage=post_table value=0x00 expected=0x01
E (16686) camera_hal: camera_hal_verify_expected_output_p0_31(92): unexpected p0_31=0x00 at post_table
W (16695) camera_hal: [CAM-PROBE] output state differs after table; continuing: ESP_ERR_INVALID_RESPONSE
I (16724) camera_hal: [CAM-PROBE] SP0A39 p0_31 stage=post_delay value=0x01 expected=0x01
I (16725) camera_hal: camera HAL initialized (sensor ready, DVP capture not yet implemented)
I (16729) board_camera: camera ready
I (16737) camera_hal: SP0A39 output regs: P0:1c=0x00 P0:30=0x01 P0:31=0x01 P1:32=0x15 P1:34=0xeb P1:35=0x00 P1:36=0x10
I (16869) rc_video:   3 DMA-capable PSRAM framebuffers allocated (600 KB each)
I (16872) dvp_ext: DVP Extended camera controller driver is initialized
I (16873) dvp_ext: [STABLE-DVP] assembly uses GDMA-EOF direct copy; dma=102400 half=51200 queue_data_events=suppressed eof_desc=probe
I (16883) rc_video: [STABLE-CAPTURE] staged DVP controller created dma=102400 half=51200
I (16891) rc_video: Camera initialized
I (16895) rc_tank: [STEP] Camera init OK
W (16899) rc_tank: [DVP-MATRIX] pre-network stage=4 strategy=direct_cold120 frames=120 sync_defer=0 wifi=off video_tx=not_created
I (16911) camera_hal: [CAM-PROBE] SP0A39 p0_31 stage=dvp_started value=0x01 expected=0x01
I (16959) rc_video: Round9 local camera preview enabled (240x180 at 80,0; DVP started)
I (21629) rc_video: Round9 preview displayed=30 fps=4.65 capture_fps=4.65 Avg(ms): convert=41.6 draw=36.0 | complete=30 size_err=0 identity_err=0
I (26380) rc_video: Round9 preview displayed=60 fps=6.31 capture_fps=6.31 Avg(ms): convert=41.6 draw=36.5 | complete=60 size_err=0 identity_err=0
I (31129) rc_video: Round9 preview displayed=90 fps=6.32 capture_fps=6.32 Avg(ms): convert=41.6 draw=36.4 | complete=90 size_err=0 identity_err=0
W (35800) rc_video: [COLD-PREFLIGHT] complete target=120 captured=120 complete_delta=120 incomplete_delta=0 incomplete_blocks_delta=0; not a pass gate until live Q60/UDP
I (35806) rc_tank: [STEP] Network init starting...
I (35814) rc_net: Initializing as SoftAP (Tank)
I (35818) pp: pp rom version: e7ae62f
I (35820) net80211: net80211 rom version: e7ae62f
I (35826) wifi:wifi driver task: 3fce4ad0, prio:23, stack:6656, core=0
I (35835) wifi:wifi firmware version: 0947e8b
I (35835) wifi:wifi certification version: v7.0
I (35836) wifi:config NVS flash: enabled
I (35840) wifi:config nano formatting: disabled
I (35844) wifi:Init data frame dynamic rx buffer num: 32
I (35849) wifi:Init static rx mgmt buffer num: 5
I (35854) wifi:Init management short buffer num: 32
I (35858) wifi:Init dynamic tx buffer num: 64
I (35862) wifi:Init static tx FG buffer num: 2
I (35867) wifi:Init static rx buffer size: 1600
I (35871) wifi:Init static rx buffer num: 10
I (35875) wifi:Init dynamic rx buffer num: 32
I (35881) wifi_init: rx ba win: 6
I (35883) wifi_init: accept mbox: 6
I (35885) wifi_init: tcpip mbox: 16
I (35889) wifi_init: udp mbox: 6
I (35891) wifi_init: tcp mbox: 6
I (35895) wifi_init: tcp tx win: 5760
I (35899) wifi_init: tcp rx win: 5760
I (35901) wifi_init: tcp mss: 1440
I (35905) wifi_init: WiFi IRAM OP enabled
I (35908) wifi_init: WiFi RX IRAM OP enabled
I (35912) rc_net: AP set_mode/config, SSID=RC_TANK_F3AE79 ch=1
I (35923) phy_init: phy_version 711,97bcf0a2,Aug 25 2025,19:04:10
I (35968) wifi:mode : softAP (44:1b:f6:f3:ae:79)
I (35972) wifi:Total power save buffer number: 32
I (35973) wifi:Init max length of beacon: 752/752
I (35974) wifi:Init max length of beacon: 752/752
I (35976) rc_net: SoftAP started, SSID: RC_TANK_F3AE79, Password: 12345678
I (35977) esp_netif_lwip: DHCP server started on interface WIFI_AP_DEF with IP: 192.168.4.1
I (35990) rc_tank: [STEP] Network init OK
I (35994) rc_tank: Tank SoftAP ready, waiting for remote...
I (36000) rc_control: Ctrl RX task started
I (36004) rc_control: Tank control started
I (36006) rc_tank: Tank running (video + control; audio disabled)
I (36012) rc_tank: app_main done, idle loop
I (36030) rc_video: Round9 preview displayed=120 fps=6.12 capture_fps=6.12 Avg(ms): convert=45.1 draw=38.0 | complete=120 size_err=0 identity_err=0
I (40788) rc_video: Round9 preview displayed=150 fps=6.31 capture_fps=6.31 Avg(ms): convert=42.1 draw=36.7 | complete=150 size_err=0 identity_err=0
I (44203) wifi:new:<1,1>, old:<1,1>, ap:<1,1>, sta:<255,255>, prof:1, snd_ch_cfg:0x0
I (44204) wifi:station: 44:1b:f6:f3:ae:40 join, AID=1, bgn, 40U
I (44228) rc_net: STA connected, MAC: 44:1b:f6:f3:ae:40
I (44263) esp_netif_lwip: DHCP server assigned IP to a client, IP is: 192.168.4.2
I (44264) rc_net: STA assigned IP: 192.168.4.2
I (44264) rc_video: Local preview stop requested; waiting for video_tx handoff
I (44271) rc_tank: Network connected, peer: 192.168.4.2
W (44277) rc_tank: [DVP-MATRIX] start stage=4 strategy=direct_cold120 preflight_frames=120 rebuild=0 sync_defer=0 video_tx=not_created
I (44289) rc_net: Ctrl UDP socket bound to port 8001
I (44293) rc_net: Video UDP socket bound to port 8002
I (44298) rc_net: Audio TCP listening on port 8003
I (44302) rc_tank: Socket channels started
I (44334) rc_video: Local preview quiesced before video_tx; drained_ready_signals=0 stable_ready_preserved=1
I (44334) rc_video: Tank display ownership returned to status task after preview handoff
I (44389) rc_video: Video TX task started (240x180, sensor-driven, Q=60)
I (44390) rc_video: TX theory: raw=614400 B/frame, encoded YUV=86400 B/frame, target10fps raw=0.86 MB/s
I (44394) rc_video: PSRAM TX buffers: subsample=86400B jpeg=43200B send=43208B free_psram=5592524 free_internal=59319
I (44404) rc_video: TX buffer caps: subsample=0x3c350120(psram=1) jpeg=0x3c3652a4(psram=1) send=0x3c36fea8(psram=1)

[HOST-DVP-MATRIX 14:11:50] REBUILD-R1 stage=4 visible window begin
I (44462) rc_net: [CAM-PROBE] Video TX seq=0 jpeg_len=8912 crc32=0x1dc581dc chunks=8
I (44509) rc_video: Tank video started (camera source)
W (44510) rc_tank: [DVP-MATRIX] observe stage=4 strategy=direct_cold120 duration_ms=45000 sync_defer=0 under live Q60/UDP load
W (44515) rc_net: Video UDP send failed: seq=0 chunk=4/8 bytes=1208 sent=-1 errno=12 attempts=4
W (44529) rc_video: Video send failed: ESP_FAIL
W (44625) rc_video: Video send failed: ESP_FAIL
W (44722) rc_video: Video send failed: ESP_FAIL
W (44775) rc_video: Video send failed: ESP_FAIL
W (44920) rc_video: Video send failed: ESP_FAIL
W (44972) rc_video: Video send failed: ESP_FAIL
W (45119) rc_video: Video send failed: ESP_FAIL
W (45171) rc_video: Video send failed: ESP_FAIL
W (45566) rc_net: Video UDP send failed: seq=11 chunk=7/8 bytes=1208 sent=-1 errno=12 attempts=4
W (45566) rc_video: Video send failed: ESP_FAIL
W (45709) rc_video: Video send failed: ESP_FAIL
I (45732) wifi:<ba-add>idx:2 (ifx:1, 44:1b:f6:f3:ae:40), tid:0, ssn:0, winSize:64
I (47486) rc_net: [CAM-PROBE] Video TX seq=30 jpeg_len=9191 crc32=0x9ca44e31 chunks=8
I (48338) rc_video: Sent 30 | cap_fps=9.9 send_fps=7.6 capture_size_errors=0 capture_identity_errors=0 | Avg(ms): wait=22.0 cache=0.8 subsample=23.7 encode=44.6 send=7.2 total=98.4 | JPEG=9176B
I (48384) rc_video: [VIDEO-TX] handoff cap=212 get=425 select_fail=0 finished=212 signal=212 acquire=212 acquire_fail=0 release_fail=0 backup=0/0
I (48389) rc_video: [STABLE-CAPTURE] pause=213/213 timeout=0 quiesce=212 resume=212 lifecycle_errors=0 repairs=40 staged_events=2352 copies=2343 fallback=0 errors=0 prepare=213 stale_queue=0 pending_vsync=194 sync=213 complete=213 incomplete=0 incomplete_blocks=0 hold=213/213 hold_timeout=0
I (50430) rc_net: [CAM-PROBE] Video TX seq=60 jpeg_len=9147 crc32=0xce40cf64 chunks=8
I (51374) rc_video: Sent 60 | cap_fps=10.2 send_fps=9.9 capture_size_errors=0 capture_identity_errors=0 | Avg(ms): wait=21.0 cache=0.8 subsample=23.6 encode=44.2 send=7.3 total=96.8 | JPEG=9240B
I (51381) rc_video: [VIDEO-TX] handoff cap=243 get=486 select_fail=0 finished=243 signal=243 acquire=242 acquire_fail=0 release_fail=0 backup=0/0
I (51393) rc_video: [STABLE-CAPTURE] pause=243/243 timeout=0 quiesce=242 resume=242 lifecycle_errors=0 repairs=70 staged_events=2689 copies=2673 fallback=0 errors=0 prepare=243 stale_queue=0 pending_vsync=209 sync=243 complete=243 incomplete=0 incomplete_blocks=0 hold=243/243 hold_timeout=0
I (53436) rc_net: [CAM-PROBE] Video TX seq=90 jpeg_len=9132 crc32=0x2822932f chunks=8
I (54378) rc_video: Sent 90 | cap_fps=10.0 send_fps=10.0 capture_size_errors=0 capture_identity_errors=0 | Avg(ms): wait=22.3 cache=0.9 subsample=23.4 encode=44.4 send=7.0 total=98.1 | JPEG=9197B
I (54386) rc_video: [VIDEO-TX] handoff cap=273 get=546 select_fail=0 finished=273 signal=273 acquire=272 acquire_fail=0 release_fail=0 backup=0/0
I (54398) rc_video: [STABLE-CAPTURE] pause=273/273 timeout=0 quiesce=272 resume=272 lifecycle_errors=0 repairs=100 staged_events=3023 copies=3003 fallback=0 errors=0 prepare=273 stale_queue=0 pending_vsync=224 sync=273 complete=273 incomplete=0 incomplete_blocks=0 hold=273/273 hold_timeout=0
I (56450) rc_net: [CAM-PROBE] Video TX seq=120 jpeg_len=9144 crc32=0xcd7ec1dc chunks=8
I (57389) rc_video: Sent 120 | cap_fps=10.0 send_fps=10.0 capture_size_errors=0 capture_identity_errors=0 | Avg(ms): wait=18.9 cache=0.8 subsample=23.5 encode=44.9 send=8.9 total=96.9 | JPEG=9211B
I (57396) rc_video: [VIDEO-TX] handoff cap=303 get=606 select_fail=0 finished=303 signal=303 acquire=302 acquire_fail=0 release_fail=0 backup=0/0
I (57409) rc_video: [STABLE-CAPTURE] pause=303/303 timeout=0 quiesce=302 resume=302 lifecycle_errors=0 repairs=130 staged_events=3363 copies=3333 fallback=0 errors=0 prepare=303 stale_queue=0 pending_vsync=239 sync=303 complete=303 incomplete=0 incomplete_blocks=0 hold=303/303 hold_timeout=0
I (59455) rc_net: [CAM-PROBE] Video TX seq=150 jpeg_len=8402 crc32=0xc7142c95 chunks=8
I (60394) rc_video: Sent 150 | cap_fps=10.0 send_fps=10.0 capture_size_errors=0 capture_identity_errors=0 | Avg(ms): wait=20.2 cache=0.9 subsample=23.7 encode=44.8 send=8.5 total=98.1 | JPEG=9189B
I (60401) rc_video: [VIDEO-TX] handoff cap=333 get=666 select_fail=0 finished=333 signal=333 acquire=332 acquire_fail=0 release_fail=0 backup=0/0
I (60414) rc_video: [STABLE-CAPTURE] pause=333/333 timeout=0 quiesce=332 resume=332 lifecycle_errors=0 repairs=160 staged_events=3702 copies=3663 fallback=0 errors=0 prepare=333 stale_queue=0 pending_vsync=254 sync=333 complete=333 incomplete=0 incomplete_blocks=0 hold=333/333 hold_timeout=0
I (62466) rc_net: [CAM-PROBE] Video TX seq=180 jpeg_len=9094 crc32=0x0c9fcbcc chunks=8
I (63401) rc_video: Sent 180 | cap_fps=10.0 send_fps=10.0 capture_size_errors=0 capture_identity_errors=0 | Avg(ms): wait=20.1 cache=0.7 subsample=23.9 encode=44.7 send=8.7 total=98.1 | JPEG=9071B
I (63409) rc_video: [VIDEO-TX] handoff cap=363 get=726 select_fail=0 finished=363 signal=363 acquire=362 acquire_fail=0 release_fail=0 backup=0/0
I (63422) rc_video: [STABLE-CAPTURE] pause=363/363 timeout=0 quiesce=362 resume=362 lifecycle_errors=0 repairs=190 staged_events=4040 copies=3993 fallback=0 errors=0 prepare=363 stale_queue=0 pending_vsync=269 sync=363 complete=363 incomplete=0 incomplete_blocks=0 hold=363/363 hold_timeout=0
I (65472) rc_net: [CAM-PROBE] Video TX seq=210 jpeg_len=9147 crc32=0x680e521e chunks=8
I (66413) rc_video: Sent 210 | cap_fps=10.0 send_fps=10.0 capture_size_errors=0 capture_identity_errors=0 | Avg(ms): wait=22.2 cache=0.8 subsample=24.0 encode=44.5 send=6.8 total=98.3 | JPEG=9174B
I (66420) rc_video: [VIDEO-TX] handoff cap=393 get=786 select_fail=0 finished=393 signal=393 acquire=392 acquire_fail=0 release_fail=0 backup=0/0
I (66433) rc_video: [STABLE-CAPTURE] pause=393/393 timeout=0 quiesce=392 resume=392 lifecycle_errors=0 repairs=220 staged_events=4377 copies=4323 fallback=0 errors=0 prepare=393 stale_queue=0 pending_vsync=284 sync=393 complete=393 incomplete=0 incomplete_blocks=0 hold=393/393 hold_timeout=0
I (68475) rc_net: [CAM-PROBE] Video TX seq=240 jpeg_len=9154 crc32=0xc887f194 chunks=8
W (68486) rc_net: Video UDP send failed: seq=240 chunk=6/8 bytes=1208 sent=-1 errno=12 attempts=4
W (68486) rc_video: Video send failed: ESP_FAIL
W (68630) rc_video: Video send failed: ESP_FAIL
W (68883) rc_video: Video send failed: ESP_FAIL
W (69023) rc_video: Video send failed: ESP_FAIL
W (69075) rc_video: Video send failed: ESP_FAIL
W (69219) rc_video: Video send failed: ESP_FAIL
W (69272) rc_video: Video send failed: ESP_FAIL
W (69418) rc_video: Video send failed: ESP_FAIL
W (69470) rc_video: Video send failed: ESP_FAIL
W (69617) rc_net: Video UDP send failed: seq=251 chunk=1/8 bytes=1208 sent=-1 errno=12 attempts=4
W (69617) rc_video: Video send failed: ESP_FAIL
W (69673) rc_video: Video send failed: ESP_FAIL
W (70063) rc_video: Video send failed: ESP_FAIL
W (70215) rc_video: Video send failed: ESP_FAIL
W (70269) rc_video: Video send failed: ESP_FAIL
W (70407) rc_video: Video send failed: ESP_FAIL
W (70459) rc_video: Video send failed: ESP_FAIL
W (70604) rc_video: Video send failed: ESP_FAIL
W (70659) rc_net: Video UDP send failed: seq=262 chunk=7/8 bytes=1208 sent=-1 errno=12 attempts=4
W (70659) rc_video: Video send failed: ESP_FAIL
I (71198) rc_video: Sent 240 | cap_fps=10.0 send_fps=6.3 capture_size_errors=0 capture_identity_errors=0 | Avg(ms): wait=20.9 cache=0.9 subsample=24.0 encode=45.4 send=9.7 total=100.8 | JPEG=9147B
I (71206) rc_video: [VIDEO-TX] handoff cap=441 get=882 select_fail=0 finished=441 signal=441 acquire=440 acquire_fail=0 release_fail=0 backup=0/0
I (71218) rc_video: [STABLE-CAPTURE] pause=441/441 timeout=0 quiesce=440 resume=440 lifecycle_errors=0 repairs=268 staged_events=4918 copies=4851 fallback=0 errors=0 prepare=441 stale_queue=0 pending_vsync=308 sync=441 complete=441 incomplete=0 incomplete_blocks=0 hold=441/441 hold_timeout=0
I (71483) rc_net: [CAM-PROBE] Video TX seq=270 jpeg_len=9162 crc32=0x05c252ca chunks=8
W (71684) rc_net: Video UDP send failed: seq=272 chunk=1/8 bytes=1208 sent=-1 errno=12 attempts=4
W (71684) rc_video: Video send failed: ESP_FAIL
W (72277) rc_video: Video send failed: ESP_FAIL
W (72425) rc_video: Video send failed: ESP_FAIL
W (72477) rc_video: Video send failed: ESP_FAIL
W (72622) rc_video: Video send failed: ESP_FAIL
W (72675) rc_video: Video send failed: ESP_FAIL
W (72822) rc_net: Video UDP send failed: seq=283 chunk=1/8 bytes=1208 sent=-1 errno=12 attempts=4
W (72822) rc_video: Video send failed: ESP_FAIL
W (72877) rc_video: Video send failed: ESP_FAIL
W (73219) rc_video: Video send failed: ESP_FAIL
W (73273) rc_video: Video send failed: ESP_FAIL
W (73415) rc_video: Video send failed: ESP_FAIL
W (73467) rc_video: Video send failed: ESP_FAIL
W (73614) rc_video: Video send failed: ESP_FAIL
W (73666) rc_video: Video send failed: ESP_FAIL
W (73810) rc_video: Video send failed: ESP_FAIL
W (73862) rc_net: Video UDP send failed: seq=294 chunk=1/8 bytes=1208 sent=-1 errno=12 attempts=4
W (73862) rc_video: Video send failed: ESP_FAIL
W (74010) rc_video: Video send failed: ESP_FAIL
W (74063) rc_video: Video send failed: ESP_FAIL
I (74460) rc_net: [CAM-PROBE] Video TX seq=300 jpeg_len=9086 crc32=0xfa251017 chunks=8
I (75990) rc_video: Sent 270 | cap_fps=10.0 send_fps=6.3 capture_size_errors=0 capture_identity_errors=0 | Avg(ms): wait=22.8 cache=0.9 subsample=23.6 encode=45.4 send=8.4 total=101.2 | JPEG=9201B
I (75997) rc_video: [VIDEO-TX] handoff cap=489 get=978 select_fail=0 finished=489 signal=489 acquire=488 acquire_fail=0 release_fail=0 backup=0/0
I (76010) rc_video: [STABLE-CAPTURE] pause=489/489 timeout=0 quiesce=488 resume=488 lifecycle_errors=0 repairs=316 staged_events=5456 copies=5379 fallback=0 errors=0 prepare=489 stale_queue=0 pending_vsync=332 sync=489 complete=489 incomplete=0 incomplete_blocks=0 hold=489/489 hold_timeout=0
I (77464) rc_net: [CAM-PROBE] Video TX seq=330 jpeg_len=8191 crc32=0x567556b1 chunks=7
I (78998) rc_video: Sent 300 | cap_fps=10.0 send_fps=10.0 capture_size_errors=0 capture_identity_errors=0 | Avg(ms): wait=20.4 cache=0.9 subsample=23.4 encode=44.9 send=6.0 total=95.6 | JPEG=8570B
I (79005) rc_video: [VIDEO-TX] handoff cap=519 get=1038 select_fail=0 finished=519 signal=519 acquire=518 acquire_fail=0 release_fail=0 backup=0/0
I (79018) rc_video: [STABLE-CAPTURE] pause=519/519 timeout=0 quiesce=518 resume=518 lifecycle_errors=0 repairs=346 staged_events=5791 copies=5709 fallback=0 errors=0 prepare=519 stale_queue=0 pending_vsync=347 sync=519 complete=519 incomplete=0 incomplete_blocks=0 hold=519/519 hold_timeout=0
I (80475) rc_net: [CAM-PROBE] Video TX seq=360 jpeg_len=9056 crc32=0xef500788 chunks=8
I (82006) rc_video: Sent 330 | cap_fps=10.0 send_fps=10.0 capture_size_errors=0 capture_identity_errors=0 | Avg(ms): wait=18.2 cache=0.8 subsample=23.7 encode=44.7 send=10.7 total=98.1 | JPEG=9083B
I (82013) rc_video: [VIDEO-TX] handoff cap=549 get=1098 select_fail=0 finished=549 signal=549 acquire=548 acquire_fail=0 release_fail=0 backup=0/0
I (82026) rc_video: [STABLE-CAPTURE] pause=549/549 timeout=0 quiesce=548 resume=548 lifecycle_errors=0 repairs=376 staged_events=6129 copies=6039 fallback=0 errors=0 prepare=549 stale_queue=0 pending_vsync=362 sync=549 complete=549 incomplete=0 incomplete_blocks=0 hold=549/549 hold_timeout=0
I (83475) rc_net: [CAM-PROBE] Video TX seq=390 jpeg_len=9077 crc32=0x4b330df0 chunks=8
I (85013) rc_video: Sent 360 | cap_fps=10.0 send_fps=10.0 capture_size_errors=0 capture_identity_errors=0 | Avg(ms): wait=22.0 cache=0.8 subsample=23.6 encode=44.6 send=7.0 total=98.0 | JPEG=9094B
I (85020) rc_video: [VIDEO-TX] handoff cap=579 get=1158 select_fail=0 finished=579 signal=579 acquire=578 acquire_fail=0 release_fail=0 backup=0/0
I (85033) rc_video: [STABLE-CAPTURE] pause=579/579 timeout=0 quiesce=578 resume=578 lifecycle_errors=0 repairs=406 staged_events=6462 copies=6369 fallback=0 errors=0 prepare=579 stale_queue=0 pending_vsync=377 sync=579 complete=579 incomplete=0 incomplete_blocks=0 hold=579/579 hold_timeout=0
I (86486) rc_net: [CAM-PROBE] Video TX seq=420 jpeg_len=9129 crc32=0x87d2875c chunks=8
I (88023) rc_video: Sent 390 | cap_fps=10.0 send_fps=10.0 capture_size_errors=0 capture_identity_errors=0 | Avg(ms): wait=19.8 cache=0.8 subsample=24.1 encode=44.4 send=9.0 total=98.0 | JPEG=9066B
I (88030) rc_video: [VIDEO-TX] handoff cap=609 get=1218 select_fail=0 finished=609 signal=609 acquire=608 acquire_fail=0 release_fail=0 backup=0/0
I (88043) rc_video: [STABLE-CAPTURE] pause=609/609 timeout=0 quiesce=608 resume=608 lifecycle_errors=0 repairs=436 staged_events=6797 copies=6699 fallback=0 errors=0 prepare=609 stale_queue=0 pending_vsync=392 sync=609 complete=609 incomplete=0 incomplete_blocks=0 hold=609/609 hold_timeout=0
I (89495) rc_net: [CAM-PROBE] Video TX seq=450 jpeg_len=9125 crc32=0x634ad600 chunks=8
W (89545) rc_tank: [DVP-MATRIX] result stage=4 strategy=direct_cold120 complete=624 incomplete=0 incomplete_blocks=0 sync_defer=0 released=0 collisions=0 release_errors=0 defer_hist=0,0,0,0,0,0,0,0,0,0,0 mismatch_hist=0,0,0,0,0,0,0,0,12,23,525 prepare=624 pending=400 hold=623/623 hold_timeout=0
W (89565) rc_tank: [DVP-MATRIX] advance stage=5; restart in 1s
I (90568) wifi:station: 44:1b:f6:f3:ae:40 leave, AID = 1, reason = 2, bss_flags is 756835, bss:0x3fcf13c4
I (90569) wifi:new:<1,0>, old:<1,1>, ap:<1,1>, sta:<255,255>, prof:1, snd_ch_cfg:0x0
I (90575) wifi:<ba-del>idx:2, tid:0
I (90578) wifi:new:<1,1>, old:<1,0>, ap:<1,1>, sta:<255,255>, prof:1, snd_ch_cfg:0x0
I (90663) rc_net: STA disconnected, MAC: 44:1b:f6:f3:ae:40
W (90664) rc_control: Network disconnected: motor stop enforced
W (90665) rc_tank: Network disconnected
W (90664) rc_net: Video UDP send failed: seq=461 chunk=1/8 bytes=1208 sent=-1 errno=-1 attempts=4
W (90676) rc_video: Video send failed: ESP_FAIL
W (90730) rc_video: Video send failed: ESP_ERR_INVALID_STATE
W (90868) rc_video: Video send failed: ESP_ERR_INVALID_STATE
I (90895) wifi:flush txq
I (90896) wifi:stop sw txq
I (90896) wifi:lmac stop hw txq
†žESP-ROM:esp32s3-20210327
Build:Mar 27 2021
rst:0xc (RTC_SW_CPU_RST),boot:0x3 (DOWNLOAD(USB/UART0))
Saved PC:0x42015418
waiting for download

[HOST-DVP-MATRIX 14:12:37] REBUILD-R1 Tank restart recovery=6

[HOST-DVP-MATRIX 14:12:37] Tank RAM bootloader start
esptool.py v4.12.dev2
Serial port COM7
Connecting....
Chip is ESP32-S3 (QFN56) (revision v0.2)
Features: WiFi, BLE
Crystal is 40MHz
MAC: 44:1b:f6:f3:ae:78
Uploading stub...
Running stub...
Stub running...
RAM boot...
Downloading 5360 bytes at 3fce2820... done!
Downloading 3364 bytes at 403c8700... done!
Downloading 12016 bytes at 403cb700... done!
All segments done, executing at 403c8924
Exiting immediately.

[HOST-DVP-MATRIX 14:12:40] Tank RAM bootloader complete
ot: chip revision: v0.2
I (2928) boot: efuse block revision: v1.3
I (2931) boot.esp32s3: Boot SPI Speed : 80MHz
I (2935) boot.esp32s3: SPI Mode       : SLOW READ
I (2940) boot.esp32s3: SPI Flash Size : 8MB
I (2944) boot: Enabling RNG early entropy source...
I (2948) boot: Partition Table:
I (2951) boot: ## Label            Usage          Type ST Offset   Length
I (2958) boot:  0 nvs              WiFi data        01 02 00009000 00006000
I (2964) boot:  1 phy_init         RF data          01 01 0000f000 00001000
I (2971) boot:  2 factory          factory app      00 00 00010000 00300000
I (2978) boot:  3 storage          Unknown data     01 82 00310000 00100000
I (2984) boot: End of partition table
I (2988) esp_image: segment 0: paddr=00010020 vaddr=3c0a0020 size=25010h (151568) map
I (3088) esp_image: segment 1: paddr=00035038 vaddr=3fca0d00 size=05560h ( 21856) load
I (3102) esp_image: segment 2: paddr=0003a5a0 vaddr=40374000 size=05a78h ( 23160) load
I (3118) esp_image: segment 3: paddr=00040020 vaddr=42000020 size=9b9fch (637436) map
I (3507) esp_image: segment 4: paddr=000dba24 vaddr=40379a78 size=17240h ( 94784) load
I (3568) esp_image: segment 5: paddr=000f2c6c vaddr=50000000 size=00020h (    32) load
I (3580) boot: Loaded app from partition at offset 0x10000
I (3580) boot: Disabling RNG early entropy source...
I (3592) esp_psram: Found 8MB PSRAM device
I (3592) esp_psram: Speed: 80MHz
I (3593) cpu_start: Multicore app
I (4511) esp_psram: SPI SRAM memory test OK
I (4519) cpu_start: GPIO 44 and 43 are used as console UART I/O pins
I (4520) cpu_start: Pro cpu start user code
I (4520) cpu_start: cpu freq: 240000000 Hz
I (4522) app_init: Application information:
I (4526) app_init: Project name:     rc_tank_demo
I (4530) app_init: App version:      1
I (4533) app_init: Compile time:     Aug 26 2026 14:01:36
I (4539) app_init: ELF file SHA256:  8e8c6f5df...
I (4543) app_init: ESP-IDF:          GIT-NOTFOUND
I (4547) efuse_init: Min chip rev:     v0.0
I (4551) efuse_init: Max chip rev:     v0.99 
I (4555) efuse_init: Chip rev:         v0.2
I (4559) heap_init: Initializing. RAM available for dynamic allocation:
I (4566) heap_init: At 3FCAA3D0 len 0003F340 (252 KiB): RAM
I (4571) heap_init: At 3FCE9710 len 00005724 (21 KiB): RAM
I (4576) heap_init: At 3FCF0000 len 00008000 (32 KiB): DRAM
I (4581) heap_init: At 600FE000 len 00001FE8 (7 KiB): RTCRAM
I (4587) esp_psram: Adding pool of 8192K of PSRAM memory to heap allocator
I (4595) spi_flash: detected chip: generic
I (4597) spi_flash: flash io: dio
I (4601) sleep_gpio: Configure to isolate all GPIO pins in sleep state
I (4607) sleep_gpio: Enable automatic switching of GPIO sleep configuration
I (4614) main_task: Started on CPU0
I (4638) esp_psram: Reserving pool of 64K of internal memory for DMA/internal allocations
I (4639) main_task: Calling app_main()
I (4656) rc_tank: === RC Tank Demo (EX-035) Role: TANK ===
I (4656) rc_tank: Startup delay 10 s (open serial monitor now)...
I (4656) rc_tank:   starting in 10 s
I (5659) rc_tank:   starting in 9 s
I (6659) rc_tank:   starting in 8 s
I (7659) rc_tank:   starting in 7 s
I (8659) rc_tank:   starting in 6 s
I (9659) rc_tank:   starting in 5 s
I (10659) rc_tank:   starting in 4 s
I (11659) rc_tank:   starting in 3 s
I (12659) rc_tank:   starting in 2 s
I (13659) rc_tank:   starting in 1 s
I (14659) rc_tank: Starting Tank role (P1: network, P2: control, P3: video)
I (14659) board_laiwfs300: init board support package
I (14659) board_laiwfs300: init capability registry
I (14664) board_laiwfs300: init I2C bus: SDA=GPIO48 SCL=GPIO47
I (14670) bus_i2c: I2C0 initialized: SDA=GPIO48 SCL=GPIO47 speed=100000Hz
I (14676) board_laiwfs300: --- I2C bus scan (0x08-0x77) ---
I (14683) board_laiwfs300:   I2C device ACK at 0x15
I (14686) board_laiwfs300:   I2C device ACK at 0x18
I (14691) board_laiwfs300:   I2C device ACK at 0x21
I (14695) board_laiwfs300:   I2C device ACK at 0x22
I (14703) board_laiwfs300:   I2C device ACK at 0x40
I (14706) board_laiwfs300:   I2C device ACK at 0x51
I (14712) board_laiwfs300:   I2C device ACK at 0x68
I (14715) board_laiwfs300: --- I2C scan done: 7 device(s) found ---
W (14719) board_laiwfs300: TPT29555A (IOEX) NOT found at 0x20 (NACK)
I (14725) board_laiwfs300: ES8311 (Codec) found at 0x18
I (14730) board_laiwfs300: ES7210 (ADC) found at 0x40
I (14735) board_laiwfs300: AIP8563 (RTC) found at 0x51
I (14740) board_laiwfs300: BMI260 (IMU @0x68) found at 0x68
W (14745) board_laiwfs300: BMI260 (IMU @0x69) NOT found at 0x69 (NACK)
I (14751) board_laiwfs300: SP0A39 (Camera) found at 0x21
I (14758) board_laiwfs300: ES8311 chip ID: 0x83 0x11
I (14762) board_laiwfs300: ES7210 chip ID: 0x72
I (14767) board_laiwfs300: AIP8563 RTC time: 01:45:52 (BCD raw)
I (14771) board_laiwfs300: BMI260 chip ID: 0x27 (expect 0x27)
I (14776) board_laiwfs300: init SPI bus manager
I (14782) board_laiwfs300: init ADC service
I (14785) board_adc: ADC1 oneshot initialized
I (14789) board_laiwfs300: init board power service
I (14794) board_laiwfs300: ADC D0_DETECT (GPIO1): raw=4095 (~3100 mV)
I (14799) board_laiwfs300: ADC BAT_ADC (GPIO7): raw=1640 (~1241 mV)
I (14805) board_laiwfs300: ADC SW_ADC (GPIO8): raw=4095 (~3100 mV)
I (14811) board_laiwfs300: init IO expander: TPT29555A addr=0x22
I (14820) io_expander: TPT29555A initialized at 0x22
I (14822) board_laiwfs300: IO expander initialized OK
I (14826) board_laiwfs300: init module detect
I (14831) board_laiwfs300: register detection rules
I (14835) board_laiwfs300: register default capabilities
I (14840) board_laiwfs300: board init complete (ioex=OK)
I (14845) rc_tank: [STEP] Motor init starting...
I (14850) board_motor: motor input 1 -> GPIO5 / LEDC channel 0
I (14855) board_motor: motor input 2 -> GPIO4 / LEDC channel 1
I (14861) board_motor: motor input 3 -> GPIO37 / LEDC channel 2
I (14866) board_motor: motor input 4 -> GPIO45 / LEDC channel 3
I (14872) rc_control: Motor initialized
I (14875) rc_tank: [STEP] Motor init OK
I (14879) rc_tank: [STEP] Display init starting...
I (14884) rc_video: Initializing Tank display
I (14889) display_hal: init ST7789V3 LCD 240x320 SPI host=1
E (15034) spi: spi_bus_initialize(816): SPI bus already initialized.
I (15155) display_hal: ST7789V3 LCD initialized
I (15155) board_display: display mapped: MOSI=GPIO13 SCK=GPIO12 CS=GPIO10 DC=GPIO16 BL=GPIO17 LCD_RST=IOEX P1_5 pclk=20000000
I (15160) rc_video: Tank display task started (status screen)
I (15161) rc_video: Tank display initialized (status task owns LCD)
I (15171) rc_tank: [STEP] Display init OK
I (15175) rc_tank: [STEP] Camera init starting...
I (15179) rc_video: Initializing camera (SP0A39 640x480 VYUY)
I (15185) board_camera: initializing SP0A39 camera mode=0 640x480
I (15190) camera_hal: init SP0A39 DVP 640x480 (SCCB manual mode)
I (15196) camera_hal: configuring IOEX pins for camera RESET/PWDN
I (15203) camera_hal: PWDN=HIGH (power down)
I (15216) camera_hal: PWDN=LOW (release sensor)
I (15416) camera_hal: RESET=LOW (assert reset)
I (15436) camera_hal: RESET=HIGH (release reset)
I (16436) camera_hal: full I2C scan after camera power-up (diagnostic only)...
I (16438) camera_hal:   post-powerup ACK at 0x15
I (16438) camera_hal:   post-powerup ACK at 0x18
I (16441) camera_hal:   post-powerup ACK at 0x21
I (16445) camera_hal:   post-powerup ACK at 0x22
I (16453) camera_hal:   post-powerup ACK at 0x40
I (16455) camera_hal:   post-powerup ACK at 0x51
I (16461) camera_hal:   post-powerup ACK at 0x68
I (16464) camera_hal: DVP GPIO diagnostics (checking PCLK/VSYNC/HSYNC activity)...
I (16530) camera_hal: DVP diagnostics: PCLK_changes=0 VSYNC_changes=0 HSYNC_changes=0
W (16530) camera_hal: PCLK has no transitions - MCLK likely not reaching sensor or sensor not active
I (16535) camera_hal: using sensor address 0x21
I (16540) camera_hal: SP0A39 I2C device added at 0x21
I (16546) camera_hal: SP0A39 chip ID: 0x0A39
I (16668) camera_hal: SP0A39 register init done: VYUY 640x480 (359 regs)
I (16669) camera_hal: [CAM-PROBE] SP0A39 p0_31 stage=post_table value=0x00 expected=0x01
E (16672) camera_hal: camera_hal_verify_expected_output_p0_31(92): unexpected p0_31=0x00 at post_table
W (16681) camera_hal: [CAM-PROBE] output state differs after table; continuing: ESP_ERR_INVALID_RESPONSE
I (16710) camera_hal: [CAM-PROBE] SP0A39 p0_31 stage=post_delay value=0x01 expected=0x01
I (16711) camera_hal: camera HAL initialized (sensor ready, DVP capture not yet implemented)
I (16715) board_camera: camera ready
I (16723) camera_hal: SP0A39 output regs: P0:1c=0x00 P0:30=0x01 P0:31=0x01 P1:32=0x15 P1:34=0xeb P1:35=0x00 P1:36=0x10
I (16855) rc_video:   3 DMA-capable PSRAM framebuffers allocated (600 KB each)
I (16858) dvp_ext: DVP Extended camera controller driver is initialized
I (16859) dvp_ext: [STABLE-DVP] assembly uses GDMA-EOF direct copy; dma=102400 half=51200 queue_data_events=suppressed eof_desc=probe
I (16869) rc_video: [STABLE-CAPTURE] staged DVP controller created dma=102400 half=51200
I (16877) rc_video: Camera initialized
I (16881) rc_tank: [STEP] Camera init OK
W (16885) rc_tank: [DVP-MATRIX] pre-network stage=5 strategy=direct_control frames=0 sync_defer=0 wifi=off video_tx=not_created
I (16895) rc_tank: [STEP] Network init starting...
I (16901) rc_net: Initializing as SoftAP (Tank)
I (16906) pp: pp rom version: e7ae62f
I (16908) net80211: net80211 rom version: e7ae62f
I (16914) wifi:wifi driver task: 3fce4a38, prio:23, stack:6656, core=0
I (16925) wifi:wifi firmware version: 0947e8b
I (16925) wifi:wifi certification version: v7.0
I (16927) wifi:config NVS flash: enabled
I (16930) wifi:config nano formatting: disabled
I (16935) wifi:Init data frame dynamic rx buffer num: 32
I (16940) wifi:Init static rx mgmt buffer num: 5
I (16944) wifi:Init management short buffer num: 32
I (16948) wifi:Init dynamic tx buffer num: 64
I (16953) wifi:Init static tx FG buffer num: 2
I (16957) wifi:Init static rx buffer size: 1600
I (16961) wifi:Init static rx buffer num: 10
I (16965) wifi:Init dynamic rx buffer num: 32
I (16970) wifi_init: rx ba win: 6
I (16972) wifi_init: accept mbox: 6
I (16975) wifi_init: tcpip mbox: 16
I (16979) wifi_init: udp mbox: 6
I (16981) wifi_init: tcp mbox: 6
I (16984) wifi_init: tcp tx win: 5760
I (16988) wifi_init: tcp rx win: 5760
I (16991) wifi_init: tcp mss: 1440
I (16994) wifi_init: WiFi IRAM OP enabled
I (16998) wifi_init: WiFi RX IRAM OP enabled
I (17003) rc_net: AP set_mode/config, SSID=RC_TANK_F3AE79 ch=1
I (17012) phy_init: phy_version 711,97bcf0a2,Aug 25 2025,19:04:10
I (17056) wifi:mode : softAP (44:1b:f6:f3:ae:79)
I (17061) wifi:Total power save buffer number: 32
I (17062) wifi:Init max length of beacon: 752/752
I (17063) wifi:Init max length of beacon: 752/752
I (17065) rc_net: SoftAP started, SSID: RC_TANK_F3AE79, Password: 12345678
I (17066) esp_netif_lwip: DHCP server started on interface WIFI_AP_DEF with IP: 192.168.4.1
I (17079) rc_tank: [STEP] Network init OK
I (17082) rc_tank: Tank SoftAP ready, waiting for remote...
I (17088) rc_control: Ctrl RX task started
I (17092) rc_control: Tank control started
I (17095) rc_tank: Tank running (video + control; audio disabled)
I (17101) rc_tank: app_main done, idle loop
I (22771) wifi:new:<1,1>, old:<1,1>, ap:<1,1>, sta:<255,255>, prof:1, snd_ch_cfg:0x0
I (22772) wifi:station: 44:1b:f6:f3:ae:40 join, AID=1, bgn, 40U
I (22806) rc_net: STA connected, MAC: 44:1b:f6:f3:ae:40
I (22844) esp_netif_lwip: DHCP server assigned IP to a client, IP is: 192.168.4.2
I (22844) rc_net: STA assigned IP: 192.168.4.2
I (22845) rc_tank: Network connected, peer: 192.168.4.2
W (22851) rc_tank: [DVP-MATRIX] start stage=5 strategy=direct_control preflight_frames=0 rebuild=0 sync_defer=0 video_tx=not_created
I (22862) rc_net: Ctrl UDP socket bound to port 8001
I (22866) rc_net: Video UDP socket bound to port 8002
I (22871) rc_net: Audio TCP listening on port 8003
I (22875) rc_tank: Socket channels started
I (22879) rc_video: No local preview active; formal video handoff skipped
I (22887) camera_hal: [CAM-PROBE] SP0A39 p0_31 stage=dvp_started value=0x01 expected=0x01
I (22899) rc_video: Tank video started (camera source)
W (22901) rc_tank: [DVP-MATRIX] observe stage=5 strategy=direct_control duration_ms=45000 sync_defer=0 under live Q60/UDP load
I (22903) rc_video: Video TX task started (240x180, sensor-driven, Q=60)
I (22916) rc_video: TX theory: raw=614400 B/frame, encoded YUV=86400 B/frame, target10fps raw=0.86 MB/s
I (22959) rc_video: PSRAM TX buffers: subsample=86400B jpeg=43200B send=43208B free_psram=5592524 free_internal=55083
I (22964) rc_video: TX buffer caps: subsample=0x3c350120(psram=1) jpeg=0x3c3652a4(psram=1) send=0x3c36fea8(psram=1)
I (23021) rc_net: [CAM-PROBE] Video TX seq=0 jpeg_len=8686 crc32=0x0c3427d0 chunks=8
W (23031) rc_net: Video UDP send failed: seq=0 chunk=4/8 bytes=1208 sent=-1 errno=12 attempts=4
W (23032) rc_video: Video send failed: ESP_FAIL

[HOST-DVP-MATRIX 14:13:00] REBUILD-R1 stage=5 visible window begin
W (23174) rc_video: Video send failed: ESP_FAIL
W (23226) rc_video: Video send failed: ESP_FAIL
W (23374) rc_video: Video send failed: ESP_FAIL
W (23426) rc_video: Video send failed: ESP_FAIL
W (23569) rc_video: Video send failed: ESP_FAIL
W (23621) rc_video: Video send failed: ESP_FAIL
W (23766) rc_video: Video send failed: ESP_FAIL
W (23817) rc_video: Video send failed: ESP_FAIL
I (23949) wifi:<ba-add>idx:2 (ifx:1, 44:1b:f6:f3:ae:40), tid:0, ssn:0, winSize:64
I (25998) rc_net: [CAM-PROBE] Video TX seq=30 jpeg_len=8703 crc32=0x7d653017 chunks=8
I (26793) rc_video: Sent 30 | cap_fps=10.2 send_fps=7.8 capture_size_errors=0 capture_identity_errors=0 | Avg(ms): wait=21.2 cache=0.9 subsample=24.1 encode=44.4 send=7.9 total=98.6 | JPEG=8632B
I (26801) rc_video: [VIDEO-TX] handoff cap=39 get=79 select_fail=0 finished=39 signal=39 acquire=39 acquire_fail=0 release_fail=0 backup=0/0
I (26838) rc_video: [STABLE-CAPTURE] pause=39/39 timeout=0 quiesce=39 resume=39 lifecycle_errors=0 repairs=39 staged_events=445 copies=440 fallback=0 errors=0 prepare=40 stale_queue=0 pending_vsync=21 sync=40 complete=40 incomplete=0 incomplete_blocks=0 hold=39/39 hold_timeout=0
I (29003) rc_net: [CAM-PROBE] Video TX seq=60 jpeg_len=8713 crc32=0xbb84b636 chunks=8
I (29796) rc_video: Sent 60 | cap_fps=10.0 send_fps=10.0 capture_size_errors=0 capture_identity_errors=0 | Avg(ms): wait=21.7 cache=0.8 subsample=24.2 encode=44.2 send=6.4 total=97.4 | JPEG=8733B
I (29804) rc_video: [VIDEO-TX] handoff cap=69 get=139 select_fail=0 finished=69 signal=69 acquire=69 acquire_fail=0 release_fail=0 backup=0/0
I (29846) rc_video: [STABLE-CAPTURE] pause=69/69 timeout=0 quiesce=69 resume=69 lifecycle_errors=0 repairs=69 staged_events=783 copies=770 fallback=0 errors=0 prepare=70 stale_queue=0 pending_vsync=37 sync=70 complete=70 incomplete=0 incomplete_blocks=0 hold=69/69 hold_timeout=0
I (32038) rc_net: [CAM-PROBE] Video TX seq=90 jpeg_len=8686 crc32=0x0e61052e chunks=8
I (32834) rc_video: Sent 90 | cap_fps=10.2 send_fps=9.9 capture_size_errors=0 capture_identity_errors=0 | Avg(ms): wait=24.1 cache=0.9 subsample=23.6 encode=44.1 send=5.6 total=98.2 | JPEG=8656B
I (32842) rc_video: [VIDEO-TX] handoff cap=100 get=200 select_fail=0 finished=100 signal=100 acquire=99 acquire_fail=0 release_fail=0 backup=0/0
I (32854) rc_video: [STABLE-CAPTURE] pause=100/100 timeout=0 quiesce=99 resume=99 lifecycle_errors=0 repairs=99 staged_events=1117 copies=1100 fallback=0 errors=0 prepare=100 stale_queue=0 pending_vsync=52 sync=100 complete=100 incomplete=0 incomplete_blocks=0 hold=100/100 hold_timeout=0
I (35044) rc_net: [CAM-PROBE] Video TX seq=120 jpeg_len=8766 crc32=0x4329ef79 chunks=8
I (35842) rc_video: Sent 120 | cap_fps=10.0 send_fps=10.0 capture_size_errors=0 capture_identity_errors=0 | Avg(ms): wait=23.6 cache=0.8 subsample=24.2 encode=44.2 send=5.3 total=98.2 | JPEG=8695B
I (35849) rc_video: [VIDEO-TX] handoff cap=130 get=260 select_fail=0 finished=130 signal=130 acquire=129 acquire_fail=0 release_fail=0 backup=0/0
I (35862) rc_video: [STABLE-CAPTURE] pause=130/130 timeout=0 quiesce=129 resume=129 lifecycle_errors=0 repairs=129 staged_events=1453 copies=1430 fallback=0 errors=0 prepare=130 stale_queue=0 pending_vsync=67 sync=130 complete=130 incomplete=0 incomplete_blocks=0 hold=130/130 hold_timeout=0
I (38054) rc_net: [CAM-PROBE] Video TX seq=150 jpeg_len=8687 crc32=0xe7f91a8f chunks=8
I (38822) rc_video: Sent 150 | cap_fps=9.7 send_fps=10.1 capture_size_errors=0 capture_identity_errors=0 | Avg(ms): wait=21.5 cache=0.9 subsample=24.8 encode=42.0 send=8.1 total=97.3 | JPEG=8681B
I (38829) rc_video: [VIDEO-TX] handoff cap=159 get=319 select_fail=0 finished=159 signal=159 acquire=159 acquire_fail=0 release_fail=0 backup=0/0
I (38870) rc_video: [STABLE-CAPTURE] pause=159/159 timeout=0 quiesce=159 resume=159 lifecycle_errors=0 repairs=159 staged_events=1790 copies=1760 fallback=0 errors=0 prepare=160 stale_queue=0 pending_vsync=83 sync=160 complete=160 incomplete=0 incomplete_blocks=0 hold=159/159 hold_timeout=0
I (41063) rc_net: [CAM-PROBE] Video TX seq=180 jpeg_len=8694 crc32=0x4ebee796 chunks=8
I (41857) rc_video: Sent 180 | cap_fps=10.2 send_fps=9.9 capture_size_errors=0 capture_identity_errors=0 | Avg(ms): wait=24.7 cache=0.9 subsample=23.6 encode=43.9 send=5.1 total=98.2 | JPEG=8717B
I (41864) rc_video: [VIDEO-TX] handoff cap=190 get=380 select_fail=0 finished=190 signal=190 acquire=189 acquire_fail=0 release_fail=0 backup=0/0
I (41877) rc_video: [STABLE-CAPTURE] pause=190/190 timeout=0 quiesce=189 resume=189 lifecycle_errors=0 repairs=189 staged_events=2125 copies=2090 fallback=0 errors=0 prepare=190 stale_queue=0 pending_vsync=98 sync=190 complete=190 incomplete=0 incomplete_blocks=0 hold=190/190 hold_timeout=0
W (43085) rc_net: Video UDP send failed: seq=200 chunk=3/8 bytes=1208 sent=-1 errno=12 attempts=4
W (43085) rc_video: Video send failed: ESP_FAIL
W (43600) rc_video: Video send failed: ESP_FAIL
W (43651) rc_video: Video send failed: ESP_FAIL
I (44043) rc_net: [CAM-PROBE] Video TX seq=210 jpeg_len=8674 crc32=0x7e802723 chunks=8
W (44639) rc_net: Video UDP send failed: seq=216 chunk=2/8 bytes=1208 sent=-1 errno=12 attempts=4
W (44639) rc_video: Video send failed: ESP_FAIL
I (45235) rc_video: Sent 210 | cap_fps=9.8 send_fps=8.9 capture_size_errors=0 capture_identity_errors=0 | Avg(ms): wait=23.2 cache=0.9 subsample=23.9 encode=42.1 send=6.9 total=97.0 | JPEG=8777B
I (45245) rc_video: [VIDEO-TX] handoff cap=223 get=447 select_fail=0 finished=223 signal=223 acquire=223 acquire_fail=0 release_fail=0 backup=0/0
I (45286) rc_video: [STABLE-CAPTURE] pause=224/224 timeout=0 quiesce=223 resume=223 lifecycle_errors=0 repairs=223 staged_events=2505 copies=2464 fallback=0 errors=0 prepare=224 stale_queue=0 pending_vsync=116 sync=224 complete=224 incomplete=0 incomplete_blocks=0 hold=224/224 hold_timeout=0
I (47051) rc_net: [CAM-PROBE] Video TX seq=240 jpeg_len=8742 crc32=0xb4e50eb9 chunks=8
I (48244) rc_video: Sent 240 | cap_fps=10.0 send_fps=10.0 capture_size_errors=0 capture_identity_errors=0 | Avg(ms): wait=23.2 cache=0.9 subsample=23.5 encode=42.2 send=7.5 total=97.4 | JPEG=8729B
I (48290) rc_video: [VIDEO-TX] handoff cap=253 get=507 select_fail=0 finished=253 signal=253 acquire=253 acquire_fail=0 release_fail=0 backup=0/0
I (48294) rc_video: [STABLE-CAPTURE] pause=254/254 timeout=0 quiesce=253 resume=253 lifecycle_errors=0 repairs=253 staged_events=2842 copies=2794 fallback=0 errors=0 prepare=254 stale_queue=0 pending_vsync=132 sync=254 complete=254 incomplete=0 incomplete_blocks=0 hold=254/254 hold_timeout=0
W (49387) rc_net: Video UDP send failed: seq=263 chunk=2/8 bytes=1208 sent=-1 errno=12 attempts=4
W (49387) rc_video: Video send failed: ESP_FAIL
W (49588) rc_video: Video send failed: ESP_FAIL
W (49732) rc_video: Video send failed: ESP_FAIL
I (50123) rc_net: [CAM-PROBE] Video TX seq=270 jpeg_len=8788 crc32=0xc609ec6c chunks=8
I (51568) rc_video: Sent 270 | cap_fps=9.9 send_fps=9.0 capture_size_errors=0 capture_identity_errors=0 | Avg(ms): wait=25.8 cache=0.9 subsample=23.8 encode=42.3 send=6.7 total=99.5 | JPEG=8689B
I (51616) rc_video: [VIDEO-TX] handoff cap=286 get=573 select_fail=0 finished=286 signal=286 acquire=286 acquire_fail=0 release_fail=0 backup=0/0
I (51619) rc_video: [STABLE-CAPTURE] pause=286/286 timeout=0 quiesce=286 resume=286 lifecycle_errors=0 repairs=286 staged_events=3212 copies=3157 fallback=0 errors=0 prepare=287 stale_queue=0 pending_vsync=150 sync=287 complete=287 incomplete=0 incomplete_blocks=0 hold=286/286 hold_timeout=0
I (53068) rc_net: [CAM-PROBE] Video TX seq=300 jpeg_len=8680 crc32=0xc1c687e8 chunks=8
I (54577) rc_video: Sent 300 | cap_fps=10.0 send_fps=10.0 capture_size_errors=0 capture_identity_errors=0 | Avg(ms): wait=19.4 cache=0.9 subsample=23.5 encode=42.6 send=10.7 total=97.1 | JPEG=8723B
I (54585) rc_video: [VIDEO-TX] handoff cap=316 get=633 select_fail=0 finished=316 signal=316 acquire=316 acquire_fail=0 release_fail=0 backup=0/0
I (54624) rc_video: [STABLE-CAPTURE] pause=316/316 timeout=0 quiesce=316 resume=316 lifecycle_errors=0 repairs=316 staged_events=3550 copies=3487 fallback=0 errors=0 prepare=317 stale_queue=0 pending_vsync=166 sync=317 complete=317 incomplete=0 incomplete_blocks=0 hold=316/316 hold_timeout=0
I (56075) rc_net: [CAM-PROBE] Video TX seq=330 jpeg_len=8706 crc32=0x93f1cd4e chunks=8
I (57613) rc_video: Sent 330 | cap_fps=10.2 send_fps=9.9 capture_size_errors=0 capture_identity_errors=0 | Avg(ms): wait=23.9 cache=0.9 subsample=23.3 encode=44.0 send=6.0 total=98.1 | JPEG=8700B
I (57620) rc_video: [VIDEO-TX] handoff cap=347 get=694 select_fail=0 finished=347 signal=347 acquire=346 acquire_fail=0 release_fail=0 backup=0/0
I (57633) rc_video: [STABLE-CAPTURE] pause=347/347 timeout=0 quiesce=346 resume=346 lifecycle_errors=0 repairs=346 staged_events=3886 copies=3817 fallback=0 errors=0 prepare=347 stale_queue=0 pending_vsync=181 sync=347 complete=347 incomplete=0 incomplete_blocks=0 hold=347/347 hold_timeout=0
I (59082) rc_net: [CAM-PROBE] Video TX seq=360 jpeg_len=8644 crc32=0xe5193c7f chunks=8
I (60619) rc_video: Sent 360 | cap_fps=10.0 send_fps=10.0 capture_size_errors=0 capture_identity_errors=0 | Avg(ms): wait=23.1 cache=0.8 subsample=23.3 encode=43.8 send=7.1 total=98.2 | JPEG=8680B
I (60626) rc_video: [VIDEO-TX] handoff cap=377 get=754 select_fail=0 finished=377 signal=377 acquire=376 acquire_fail=0 release_fail=0 backup=0/0
I (60639) rc_video: [STABLE-CAPTURE] pause=377/377 timeout=0 quiesce=376 resume=376 lifecycle_errors=0 repairs=376 staged_events=4221 copies=4147 fallback=0 errors=0 prepare=377 stale_queue=0 pending_vsync=196 sync=377 complete=377 incomplete=0 incomplete_blocks=0 hold=377/377 hold_timeout=0
W (60908) rc_net: Video UDP send failed: seq=378 chunk=6/8 bytes=1208 sent=-1 errno=12 attempts=4
W (60908) rc_video: Video send failed: ESP_FAIL
W (61896) rc_video: Video send failed: ESP_FAIL
W (62044) rc_net: Video UDP send failed: seq=389 chunk=6/8 bytes=1208 sent=-1 errno=12 attempts=4
W (62044) rc_video: Video send failed: ESP_FAIL
I (62093) rc_net: [CAM-PROBE] Video TX seq=390 jpeg_len=8704 crc32=0x9da77a32 chunks=8
W (62105) rc_video: Video send failed: ESP_FAIL
W (63030) rc_video: Video send failed: ESP_FAIL
W (63082) rc_net: Video UDP send failed: seq=400 chunk=1/8 bytes=1208 sent=-1 errno=12 attempts=4
W (63082) rc_video: Video send failed: ESP_FAIL
W (63230) rc_video: Video send failed: ESP_FAIL
W (63282) rc_video: Video send failed: ESP_FAIL
W (63626) rc_video: Video send failed: ESP_FAIL
I (64540) rc_video: Sent 390 | cap_fps=9.9 send_fps=7.7 capture_size_errors=0 capture_identity_errors=0 | Avg(ms): wait=24.6 cache=0.9 subsample=24.0 encode=43.9 send=5.0 total=98.5 | JPEG=9338B
I (64547) rc_video: [VIDEO-TX] handoff cap=416 get=832 select_fail=0 finished=416 signal=416 acquire=415 acquire_fail=0 release_fail=0 backup=0/0
I (64560) rc_video: [STABLE-CAPTURE] pause=416/416 timeout=0 quiesce=415 resume=415 lifecycle_errors=0 repairs=415 staged_events=4658 copies=4576 fallback=0 errors=0 prepare=416 stale_queue=0 pending_vsync=216 sync=416 complete=416 incomplete=0 incomplete_blocks=0 hold=416/416 hold_timeout=0
I (65139) rc_net: [CAM-PROBE] Video TX seq=420 jpeg_len=8801 crc32=0xce8439e8 chunks=8
W (67128) rc_net: Video UDP send failed: seq=440 chunk=6/8 bytes=1208 sent=-1 errno=12 attempts=4
W (67128) rc_video: Video send failed: ESP_FAIL
W (67518) rc_video: Video send failed: ESP_FAIL
I (67714) rc_video: Sent 420 | cap_fps=9.8 send_fps=9.5 capture_size_errors=0 capture_identity_errors=0 | Avg(ms): wait=23.4 cache=0.9 subsample=23.7 encode=43.9 send=6.9 total=98.7 | JPEG=9025B
I (67721) rc_video: [VIDEO-TX] handoff cap=447 get=895 select_fail=0 finished=447 signal=447 acquire=447 acquire_fail=0 release_fail=0 backup=0/0
I (67766) rc_video: [STABLE-CAPTURE] pause=448/448 timeout=0 quiesce=447 resume=447 lifecycle_errors=0 repairs=447 staged_events=5017 copies=4928 fallback=0 errors=0 prepare=448 stale_queue=0 pending_vsync=233 sync=448 complete=448 incomplete=0 incomplete_blocks=0 hold=448/448 hold_timeout=0
W (67910) rc_tank: [DVP-MATRIX] result stage=5 strategy=direct_control complete=449 incomplete=0 incomplete_blocks=0 sync_defer=0 released=0 collisions=0 release_errors=0 defer_hist=0,0,0,0,0,0,0,0,0,0,0 mismatch_hist=0,2,1,2,2,1,1,1,2,7,361 prepare=449 pending=234 hold=449/449 hold_timeout=0
W (67970) rc_tank: [DVP-MATRIX] advance stage=6; restart in 1s
I (68178) rc_net: [CAM-PROBE] Video TX seq=450 jpeg_len=9390 crc32=0x730c426a chunks=8
I (68972) wifi:station: 44:1b:f6:f3:ae:40 leave, AID = 1, reason = 2, bss_flags is 756851, bss:0x3fcf1374
I (68973) wifi:new:<1,0>, old:<1,1>, ap:<1,1>, sta:<255,255>, prof:1, snd_ch_cfg:0x0
I (68980) wifi:<ba-del>idx:2, tid:0
I (68982) wifi:new:<1,1>, old:<1,0>, ap:<1,1>, sta:<255,255>, prof:1, snd_ch_cfg:0x0
I (69084) rc_net: STA disconnected, MAC: 44:1b:f6:f3:ae:40
W (69085) rc_control: Network disconnected: motor stop enforced
W (69086) rc_tank: Network disconnected
W (69085) rc_net: Video UDP send failed: seq=459 chunk=1/8 bytes=1208 sent=-1 errno=-1 attempts=4
W (69097) rc_video: Video send failed: ESP_FAIL
W (69196) rc_video: Video send failed: ESP_ERR_INVALID_STATE
W (69259) rc_video: Video send failed: ESP_ERR_INVALID_STATE
I (69262) wifi:flush txq
I (69262) wifi:stop sw txq
I (69263) wifi:lmac stop hw txq
ESP-ROM:esp32s3-20210327
Build:Mar 27 2021
rst:0xc (RTC_SW_CPU_RST),boot:0x3 (DOWNLOAD(USB/UART0))
Saved PC:0x4037e992
waiting for download

[HOST-DVP-MATRIX 14:13:46] REBUILD-R1 Tank restart recovery=7

[HOST-DVP-MATRIX 14:13:46] Tank RAM bootloader start
esptool.py v4.12.dev2
Serial port COM7
Connecting.........
Chip is ESP32-S3 (QFN56) (revision v0.2)
Features: WiFi, BLE
Crystal is 40MHz
MAC: 44:1b:f6:f3:ae:78
Uploading stub...
Running stub...
Stub running...
RAM boot...
Downloading 5360 bytes at 3fce2820... done!
Downloading 3364 bytes at 403c8700... done!
Downloading 12016 bytes at 403cb700... done!
All segments done, executing at 403c8924
Exiting immediately.

[HOST-DVP-MATRIX 14:13:51] Tank RAM bootloader complete

I (3436) boot: chip revision: v0.2
I (3439) boot: efuse block revision: v1.3
I (3442) boot.esp32s3: Boot SPI Speed : 80MHz
I (3446) boot.esp32s3: SPI Mode       : SLOW READ
I (3451) boot.esp32s3: SPI Flash Size : 8MB
I (3455) boot: Enabling RNG early entropy source...
I (3460) boot: Partition Table:
I (3462) boot: ## Label            Usage          Type ST Offset   Length
I (3469) boot:  0 nvs              WiFi data        01 02 00009000 00006000
I (3475) boot:  1 phy_init         RF data          01 01 0000f000 00001000
I (3482) boot:  2 factory          factory app      00 00 00010000 00300000
I (3489) boot:  3 storage          Unknown data     01 82 00310000 00100000
I (3496) boot: End of partition table
I (3499) esp_image: segment 0: paddr=00010020 vaddr=3c0a0020 size=25010h (151568) map
I (3599) esp_image: segment 1: paddr=00035038 vaddr=3fca0d00 size=05560h ( 21856) load
I (3613) esp_image: segment 2: paddr=0003a5a0 vaddr=40374000 size=05a78h ( 23160) load
I (3629) esp_image: segment 3: paddr=00040020 vaddr=42000020 size=9b9fch (637436) map
I (4018) esp_image: segment 4: paddr=000dba24 vaddr=40379a78 size=17240h ( 94784) load
I (4080) esp_image: segment 5: paddr=000f2c6c vaddr=50000000 size=00020h (    32) load
I (4091) boot: Loaded app from partition at offset 0x10000
I (4091) boot: Disabling RNG early entropy source...
I (4103) esp_psram: Found 8MB PSRAM device
I (4103) esp_psram: Speed: 80MHz
I (4104) cpu_start: Multicore app
I (5022) esp_psram: SPI SRAM memory test OK
I (5030) cpu_start: GPIO 44 and 43 are used as console UART I/O pins
I (5031) cpu_start: Pro cpu start user code
I (5031) cpu_start: cpu freq: 240000000 Hz
I (5033) app_init: Application information:
I (5037) app_init: Project name:     rc_tank_demo
I (5041) app_init: App version:      1
I (5044) app_init: Compile time:     Aug 26 2026 14:01:36
I (5050) app_init: ELF file SHA256:  8e8c6f5df...
I (5054) app_init: ESP-IDF:          GIT-NOTFOUND
I (5058) efuse_init: Min chip rev:     v0.0
I (5062) efuse_init: Max chip rev:     v0.99 
I (5066) efuse_init: Chip rev:         v0.2
I (5071) heap_init: Initializing. RAM available for dynamic allocation:
I (5077) heap_init: At 3FCAA3D0 len 0003F340 (252 KiB): RAM
I (5082) heap_init: At 3FCE9710 len 00005724 (21 KiB): RAM
I (5087) heap_init: At 3FCF0000 len 00008000 (32 KiB): DRAM
I (5093) heap_init: At 600FE000 len 00001FE8 (7 KiB): RTCRAM
I (5098) esp_psram: Adding pool of 8192K of PSRAM memory to heap allocator
I (5106) spi_flash: detected chip: generic
I (5108) spi_flash: flash io: dio
I (5112) sleep_gpio: Configure to isolate all GPIO pins in sleep state
I (5118) sleep_gpio: Enable automatic switching of GPIO sleep configuration
I (5125) main_task: Started on CPU0
I (5149) esp_psram: Reserving pool of 64K of internal memory for DMA/internal allocations
I (5150) main_task: Calling app_main()
I (5166) rc_tank: === RC Tank Demo (EX-035) Role: TANK ===
I (5167) rc_tank: Startup delay 10 s (open serial monitor now)...
I (5167) rc_tank:   starting in 10 s
I (6170) rc_tank:   starting in 9 s
I (7170) rc_tank:   starting in 8 s
I (8170) rc_tank:   starting in 7 s
I (9170) rc_tank:   starting in 6 s
I (10170) rc_tank:   starting in 5 s
I (11170) rc_tank:   starting in 4 s
I (12170) rc_tank:   starting in 3 s
I (13170) rc_tank:   starting in 2 s
I (14170) rc_tank:   starting in 1 s
I (15170) rc_tank: Starting Tank role (P1: network, P2: control, P3: video)
I (15170) board_laiwfs300: init board support package
I (15170) board_laiwfs300: init capability registry
I (15175) board_laiwfs300: init I2C bus: SDA=GPIO48 SCL=GPIO47
I (15181) bus_i2c: I2C0 initialized: SDA=GPIO48 SCL=GPIO47 speed=100000Hz
I (15187) board_laiwfs300: --- I2C bus scan (0x08-0x77) ---
I (15194) board_laiwfs300:   I2C device ACK at 0x15
I (15197) board_laiwfs300:   I2C device ACK at 0x18
I (15202) board_laiwfs300:   I2C device ACK at 0x21
I (15206) board_laiwfs300:   I2C device ACK at 0x22
I (15214) board_laiwfs300:   I2C device ACK at 0x40
I (15217) board_laiwfs300:   I2C device ACK at 0x51
I (15223) board_laiwfs300:   I2C device ACK at 0x68
I (15226) board_laiwfs300: --- I2C scan done: 7 device(s) found ---
W (15230) board_laiwfs300: TPT29555A (IOEX) NOT found at 0x20 (NACK)
I (15236) board_laiwfs300: ES8311 (Codec) found at 0x18
I (15241) board_laiwfs300: ES7210 (ADC) found at 0x40
I (15246) board_laiwfs300: AIP8563 (RTC) found at 0x51
I (15251) board_laiwfs300: BMI260 (IMU @0x68) found at 0x68
W (15256) board_laiwfs300: BMI260 (IMU @0x69) NOT found at 0x69 (NACK)
I (15262) board_laiwfs300: SP0A39 (Camera) found at 0x21
I (15269) board_laiwfs300: ES8311 chip ID: 0x83 0x11
I (15273) board_laiwfs300: ES7210 chip ID: 0x72
I (15278) board_laiwfs300: AIP8563 RTC time: 01:47:03 (BCD raw)
I (15282) board_laiwfs300: BMI260 chip ID: 0x27 (expect 0x27)
I (15287) board_laiwfs300: init SPI bus manager
I (15293) board_laiwfs300: init ADC service
I (15296) board_adc: ADC1 oneshot initialized
I (15300) board_laiwfs300: init board power service
I (15305) board_laiwfs300: ADC D0_DETECT (GPIO1): raw=4095 (~3100 mV)
I (15310) board_laiwfs300: ADC BAT_ADC (GPIO7): raw=1639 (~1240 mV)
I (15316) board_laiwfs300: ADC SW_ADC (GPIO8): raw=4095 (~3100 mV)
I (15322) board_laiwfs300: init IO expander: TPT29555A addr=0x22
I (15331) io_expander: TPT29555A initialized at 0x22
I (15333) board_laiwfs300: IO expander initialized OK
I (15337) board_laiwfs300: init module detect
I (15342) board_laiwfs300: register detection rules
I (15346) board_laiwfs300: register default capabilities
I (15351) board_laiwfs300: board init complete (ioex=OK)
I (15356) rc_tank: [STEP] Motor init starting...
I (15361) board_motor: motor input 1 -> GPIO5 / LEDC channel 0
I (15366) board_motor: motor input 2 -> GPIO4 / LEDC channel 1
I (15372) board_motor: motor input 3 -> GPIO37 / LEDC channel 2
I (15377) board_motor: motor input 4 -> GPIO45 / LEDC channel 3
I (15383) rc_control: Motor initialized
I (15386) rc_tank: [STEP] Motor init OK
I (15390) rc_tank: [STEP] Display init starting...
I (15395) rc_video: Initializing Tank display
I (15400) display_hal: init ST7789V3 LCD 240x320 SPI host=1
E (15545) spi: spi_bus_initialize(816): SPI bus already initialized.
I (15666) display_hal: ST7789V3 LCD initialized
I (15666) board_display: display mapped: MOSI=GPIO13 SCK=GPIO12 CS=GPIO10 DC=GPIO16 BL=GPIO17 LCD_RST=IOEX P1_5 pclk=20000000
I (15671) rc_video: Tank display task started (status screen)
I (15672) rc_video: Tank display initialized (status task owns LCD)
I (15682) rc_tank: [STEP] Display init OK
I (15686) rc_tank: [STEP] Camera init starting...
I (15690) rc_video: Initializing camera (SP0A39 640x480 VYUY)
I (15696) board_camera: initializing SP0A39 camera mode=0 640x480
I (15701) camera_hal: init SP0A39 DVP 640x480 (SCCB manual mode)
I (15707) camera_hal: configuring IOEX pins for camera RESET/PWDN
I (15714) camera_hal: PWDN=HIGH (power down)
I (15727) camera_hal: PWDN=LOW (release sensor)
I (15927) camera_hal: RESET=LOW (assert reset)
I (15947) camera_hal: RESET=HIGH (release reset)
I (16947) camera_hal: full I2C scan after camera power-up (diagnostic only)...
I (16949) camera_hal:   post-powerup ACK at 0x15
I (16949) camera_hal:   post-powerup ACK at 0x18
I (16952) camera_hal:   post-powerup ACK at 0x21
I (16956) camera_hal:   post-powerup ACK at 0x22
I (16964) camera_hal:   post-powerup ACK at 0x40
I (16966) camera_hal:   post-powerup ACK at 0x51
I (16972) camera_hal:   post-powerup ACK at 0x68
I (16975) camera_hal: DVP GPIO diagnostics (checking PCLK/VSYNC/HSYNC activity)...
I (17041) camera_hal: DVP diagnostics: PCLK_changes=0 VSYNC_changes=0 HSYNC_changes=0
W (17041) camera_hal: PCLK has no transitions - MCLK likely not reaching sensor or sensor not active
I (17046) camera_hal: using sensor address 0x21
I (17051) camera_hal: SP0A39 I2C device added at 0x21
I (17057) camera_hal: SP0A39 chip ID: 0x0A39
I (17179) camera_hal: SP0A39 register init done: VYUY 640x480 (359 regs)
I (17180) camera_hal: [CAM-PROBE] SP0A39 p0_31 stage=post_table value=0x00 expected=0x01
E (17183) camera_hal: camera_hal_verify_expected_output_p0_31(92): unexpected p0_31=0x00 at post_table
W (17192) camera_hal: [CAM-PROBE] output state differs after table; continuing: ESP_ERR_INVALID_RESPONSE
I (17221) camera_hal: [CAM-PROBE] SP0A39 p0_31 stage=post_delay value=0x01 expected=0x01
I (17222) camera_hal: camera HAL initialized (sensor ready, DVP capture not yet implemented)
I (17226) board_camera: camera ready
I (17234) camera_hal: SP0A39 output regs: P0:1c=0x00 P0:30=0x01 P0:31=0x01 P1:32=0x15 P1:34=0xeb P1:35=0x00 P1:36=0x10
I (17366) rc_video:   3 DMA-capable PSRAM framebuffers allocated (600 KB each)
I (17369) dvp_ext: DVP Extended camera controller driver is initialized
I (17370) dvp_ext: [STABLE-DVP] assembly uses GDMA-EOF direct copy; dma=102400 half=51200 queue_data_events=suppressed eof_desc=probe
I (17380) rc_video: [STABLE-CAPTURE] staged DVP controller created dma=102400 half=51200
I (17388) rc_video: Camera initialized
I (17392) rc_tank: [STEP] Camera init OK
W (17396) rc_tank: [DVP-MATRIX] pre-network stage=6 strategy=direct_rebuild_before_channels frames=0 sync_defer=0 wifi=off video_tx=not_created
I (17408) rc_tank: [STEP] Network init starting...
I (17414) rc_net: Initializing as SoftAP (Tank)
I (17418) pp: pp rom version: e7ae62f
I (17421) net80211: net80211 rom version: e7ae62f
I (17426) wifi:wifi driver task: 3fce4a38, prio:23, stack:6656, core=0
I (17437) wifi:wifi firmware version: 0947e8b
I (17438) wifi:wifi certification version: v7.0
I (17439) wifi:config NVS flash: enabled
I (17443) wifi:config nano formatting: disabled
I (17447) wifi:Init data frame dynamic rx buffer num: 32
I (17452) wifi:Init static rx mgmt buffer num: 5
I (17456) wifi:Init management short buffer num: 32
I (17461) wifi:Init dynamic tx buffer num: 64
I (17465) wifi:Init static tx FG buffer num: 2
I (17469) wifi:Init static rx buffer size: 1600
I (17473) wifi:Init static rx buffer num: 10
I (17477) wifi:Init dynamic rx buffer num: 32
I (17483) wifi_init: rx ba win: 6
I (17484) wifi_init: accept mbox: 6
I (17488) wifi_init: tcpip mbox: 16
I (17491) wifi_init: udp mbox: 6
I (17494) wifi_init: tcp mbox: 6
I (17497) wifi_init: tcp tx win: 5760
I (17500) wifi_init: tcp rx win: 5760
I (17504) wifi_init: tcp mss: 1440
I (17507) wifi_init: WiFi IRAM OP enabled
I (17510) wifi_init: WiFi RX IRAM OP enabled
I (17515) rc_net: AP set_mode/config, SSID=RC_TANK_F3AE79 ch=1
I (17525) phy_init: phy_version 711,97bcf0a2,Aug 25 2025,19:04:10
I (17565) wifi:mode : softAP (44:1b:f6:f3:ae:79)
I (17569) wifi:Total power save buffer number: 32
I (17570) wifi:Init max length of beacon: 752/752
I (17571) wifi:Init max length of beacon: 752/752
I (17573) rc_net: SoftAP started, SSID: RC_TANK_F3AE79, Password: 12345678
I (17575) esp_netif_lwip: DHCP server started on interface WIFI_AP_DEF with IP: 192.168.4.1
I (17587) rc_tank: [STEP] Network init OK
I (17591) rc_tank: Tank SoftAP ready, waiting for remote...
I (17596) rc_control: Ctrl RX task started
I (17600) rc_control: Tank control started
I (17603) rc_tank: Tank running (video + control; audio disabled)
I (17609) rc_tank: app_main done, idle loop
I (22006) wifi:removing station <44:1b:f6:f3:ae:40> after unsuccessful auth/assoc, AID = 0
W (22007) wifi:rm mis
I (22007) wifi:new:<1,0>, old:<1,1>, ap:<1,1>, sta:<255,255>, prof:1, snd_ch_cfg:0x0
I (22014) wifi:new:<1,1>, old:<1,0>, ap:<1,1>, sta:<255,255>, prof:1, snd_ch_cfg:0x0
I (29647) wifi:new:<1,1>, old:<1,1>, ap:<1,1>, sta:<255,255>, prof:1, snd_ch_cfg:0x0
I (29648) wifi:station: 44:1b:f6:f3:ae:40 join, AID=1, bgn, 40U
I (29669) wifi:station: 44:1b:f6:f3:ae:40 leave, AID = 1, reason = 3, bss_flags is 34311266, bss:0x3fcf1374
I (29670) wifi:new:<1,0>, old:<1,1>, ap:<1,1>, sta:<255,255>, prof:1, snd_ch_cfg:0x0
I (29677) wifi:new:<1,1>, old:<1,0>, ap:<1,1>, sta:<255,255>, prof:1, snd_ch_cfg:0x0
I (42106) wifi:new:<1,1>, old:<1,1>, ap:<1,1>, sta:<255,255>, prof:1, snd_ch_cfg:0x0
I (42107) wifi:station: 44:1b:f6:f3:ae:40 join, AID=1, bgn, 40U
I (42144) rc_net: STA connected, MAC: 44:1b:f6:f3:ae:40
I (42182) esp_netif_lwip: DHCP server assigned IP to a client, IP is: 192.168.4.2
I (42183) rc_net: STA assigned IP: 192.168.4.2
I (42183) rc_tank: Network connected, peer: 192.168.4.2
W (42190) rc_tank: [DVP-MATRIX] start stage=6 strategy=direct_rebuild_before_channels preflight_frames=0 rebuild=1 sync_defer=0 video_tx=not_created
W (42201) rc_tank: [DVP-MATRIX] rebuilding complete DVP controller before socket/channel tasks
E (42210) gpio: gpio_install_isr_service(537): GPIO isr service already installed
I (42218) dvp_ext: DVP Extended camera controller driver is initialized
I (42223) dvp_ext: [STABLE-DVP] assembly uses GDMA-EOF direct copy; dma=102400 half=51200 queue_data_events=suppressed eof_desc=probe
W (42234) rc_video: [DVP-REBUILD] complete old=0x3fcebecc new=0x3fcebecc drained=0 internal=88971->88971; GDMA channel/descriptors/event queue/task recreated
I (42249) rc_net: Ctrl UDP socket bound to port 8001
I (42253) rc_net: Video UDP socket bound to port 8002
I (42259) rc_net: Audio TCP listening on port 8003
I (42262) rc_tank: Socket channels started
I (42266) rc_video: No local preview active; formal video handoff skipped
I (42274) camera_hal: [CAM-PROBE] SP0A39 p0_31 stage=dvp_started value=0x01 expected=0x01
I (42286) rc_video: Video TX task started (240x180, sensor-driven, Q=60)
I (42287) rc_video: TX theory: raw=614400 B/frame, encoded YUV=86400 B/frame, target10fps raw=0.86 MB/s
I (42296) rc_video: PSRAM TX buffers: subsample=86400B jpeg=43200B send=43208B free_psram=5592524 free_internal=59659
I (42300) rc_video: Tank video started (camera source)
I (42306) rc_video: TX buffer caps: subsample=0x3c350120(psram=1) jpeg=0x3c3652a4(psram=1) send=0x3c36fea8(psram=1)
W (42351) rc_tank: [DVP-MATRIX] observe stage=6 strategy=direct_rebuild_before_channels duration_ms=45000 sync_defer=0 under live Q60/UDP load

[HOST-DVP-MATRIX 14:14:30] REBUILD-R1 stage=6 visible window begin
I (42444) rc_net: [CAM-PROBE] Video TX seq=0 jpeg_len=8384 crc32=0x258fb438 chunks=7
W (42454) rc_net: Video UDP send failed: seq=0 chunk=4/7 bytes=1208 sent=-1 errno=12 attempts=4
W (42454) rc_video: Video send failed: ESP_FAIL
W (42551) rc_video: Video send failed: ESP_FAIL
W (42647) rc_video: Video send failed: ESP_FAIL
W (42700) rc_video: Video send failed: ESP_FAIL
W (42842) rc_video: Video send failed: ESP_FAIL
W (42894) rc_video: Video send failed: ESP_FAIL
W (43039) rc_video: Video send failed: ESP_FAIL
W (43091) rc_video: Video send failed: ESP_FAIL
I (43244) wifi:<ba-add>idx:2 (ifx:1, 44:1b:f6:f3:ae:40), tid:0, ssn:0, winSize:64
I (45410) rc_net: [CAM-PROBE] Video TX seq=30 jpeg_len=8639 crc32=0x705cb164 chunks=8
I (46062) rc_video: Sent 30 | cap_fps=10.1 send_fps=8.0 capture_size_errors=0 capture_identity_errors=0 | Avg(ms): wait=20.9 cache=1.0 subsample=23.7 encode=43.9 send=9.0 total=98.5 | JPEG=8704B
I (46069) rc_video: [VIDEO-TX] handoff cap=38 get=77 select_fail=0 finished=38 signal=38 acquire=38 acquire_fail=0 release_fail=0 backup=0/0
I (46112) rc_video: [STABLE-CAPTURE] pause=39/39 timeout=0 quiesce=38 resume=38 lifecycle_errors=0 repairs=38 staged_events=435 copies=429 fallback=0 errors=0 prepare=39 stale_queue=0 pending_vsync=20 sync=39 complete=39 incomplete=0 incomplete_blocks=0 hold=39/39 hold_timeout=0
I (48355) rc_net: [CAM-PROBE] Video TX seq=60 jpeg_len=8741 crc32=0xb2b0c5dc chunks=8
I (49094) rc_video: Sent 60 | cap_fps=10.2 send_fps=9.9 capture_size_errors=0 capture_identity_errors=0 | Avg(ms): wait=21.0 cache=0.9 subsample=24.4 encode=43.5 send=8.5 total=98.2 | JPEG=8746B
I (49101) rc_video: [VIDEO-TX] handoff cap=69 get=138 select_fail=0 finished=69 signal=69 acquire=68 acquire_fail=0 release_fail=0 backup=0/0
I (49114) rc_video: [STABLE-CAPTURE] pause=69/69 timeout=0 quiesce=68 resume=68 lifecycle_errors=0 repairs=68 staged_events=775 copies=759 fallback=0 errors=0 prepare=69 stale_queue=0 pending_vsync=35 sync=69 complete=69 incomplete=0 incomplete_blocks=0 hold=69/69 hold_timeout=0
I (51362) rc_net: [CAM-PROBE] Video TX seq=90 jpeg_len=8640 crc32=0x228880ba chunks=8
I (52104) rc_video: Sent 90 | cap_fps=10.0 send_fps=10.0 capture_size_errors=0 capture_identity_errors=0 | Avg(ms): wait=21.5 cache=0.9 subsample=23.8 encode=43.6 send=8.6 total=98.3 | JPEG=8647B
I (52111) rc_video: [VIDEO-TX] handoff cap=99 get=198 select_fail=0 finished=99 signal=99 acquire=98 acquire_fail=0 release_fail=0 backup=0/0
I (52123) rc_video: [STABLE-CAPTURE] pause=99/99 timeout=0 quiesce=98 resume=98 lifecycle_errors=0 repairs=98 staged_events=1110 copies=1089 fallback=0 errors=0 prepare=99 stale_queue=0 pending_vsync=50 sync=99 complete=99 incomplete=0 incomplete_blocks=0 hold=99/99 hold_timeout=0
I (54435) rc_net: [CAM-PROBE] Video TX seq=120 jpeg_len=8699 crc32=0x6591b9fa chunks=8
I (55091) rc_video: Sent 120 | cap_fps=9.7 send_fps=10.0 capture_size_errors=0 capture_identity_errors=0 | Avg(ms): wait=23.1 cache=0.9 subsample=23.8 encode=42.5 send=7.4 total=97.6 | JPEG=8740B
I (55135) rc_video: [VIDEO-TX] handoff cap=128 get=257 select_fail=0 finished=128 signal=128 acquire=128 acquire_fail=0 release_fail=0 backup=0/0
I (55138) rc_video: [STABLE-CAPTURE] pause=129/129 timeout=0 quiesce=128 resume=128 lifecycle_errors=0 repairs=128 staged_events=1448 copies=1419 fallback=0 errors=0 prepare=129 stale_queue=0 pending_vsync=66 sync=129 complete=129 incomplete=0 incomplete_blocks=0 hold=129/129 hold_timeout=0
I (57443) rc_net: [CAM-PROBE] Video TX seq=150 jpeg_len=8708 crc32=0x490ec2cf chunks=8
I (58159) rc_video: Sent 150 | cap_fps=10.1 send_fps=9.8 capture_size_errors=0 capture_identity_errors=0 | Avg(ms): wait=20.4 cache=0.9 subsample=23.3 encode=44.3 send=9.2 total=98.0 | JPEG=8720B
I (58167) rc_video: [VIDEO-TX] handoff cap=159 get=318 select_fail=0 finished=159 signal=159 acquire=158 acquire_fail=0 release_fail=0 backup=0/0
I (58179) rc_video: [STABLE-CAPTURE] pause=159/159 timeout=0 quiesce=158 resume=158 lifecycle_errors=0 repairs=158 staged_events=1783 copies=1749 fallback=0 errors=0 prepare=159 stale_queue=0 pending_vsync=82 sync=159 complete=159 incomplete=0 incomplete_blocks=0 hold=159/159 hold_timeout=0
I (60423) rc_net: [CAM-PROBE] Video TX seq=180 jpeg_len=8682 crc32=0x7d9cea4c chunks=8
I (61168) rc_video: Sent 180 | cap_fps=10.0 send_fps=10.0 capture_size_errors=0 capture_identity_errors=0 | Avg(ms): wait=22.6 cache=0.8 subsample=23.6 encode=44.2 send=6.9 total=98.2 | JPEG=8794B
I (61175) rc_video: [VIDEO-TX] handoff cap=189 get=378 select_fail=0 finished=189 signal=189 acquire=188 acquire_fail=0 release_fail=0 backup=0/0
I (61188) rc_video: [STABLE-CAPTURE] pause=189/189 timeout=0 quiesce=188 resume=188 lifecycle_errors=0 repairs=188 staged_events=2118 copies=2079 fallback=0 errors=0 prepare=189 stale_queue=0 pending_vsync=97 sync=189 complete=189 incomplete=0 incomplete_blocks=0 hold=189/189 hold_timeout=0
I (63498) rc_net: [CAM-PROBE] Video TX seq=210 jpeg_len=8737 crc32=0xd771a105 chunks=8
I (64151) rc_video: Sent 210 | cap_fps=9.7 send_fps=10.1 capture_size_errors=0 capture_identity_errors=0 | Avg(ms): wait=22.2 cache=0.8 subsample=24.6 encode=42.5 send=7.2 total=97.4 | JPEG=8739B
I (64160) rc_video: [VIDEO-TX] handoff cap=218 get=437 select_fail=0 finished=218 signal=218 acquire=218 acquire_fail=0 release_fail=0 backup=0/0
I (64198) rc_video: [STABLE-CAPTURE] pause=218/218 timeout=0 quiesce=218 resume=218 lifecycle_errors=0 repairs=218 staged_events=2452 copies=2409 fallback=0 errors=0 prepare=219 stale_queue=0 pending_vsync=113 sync=219 complete=219 incomplete=0 incomplete_blocks=0 hold=218/218 hold_timeout=0
I (66442) rc_net: [CAM-PROBE] Video TX seq=240 jpeg_len=8670 crc32=0x85f812f0 chunks=8
I (67184) rc_video: Sent 240 | cap_fps=10.2 send_fps=9.9 capture_size_errors=0 capture_identity_errors=0 | Avg(ms): wait=20.7 cache=0.9 subsample=23.8 encode=44.5 send=7.0 total=97.0 | JPEG=8719B
I (67191) rc_video: [VIDEO-TX] handoff cap=249 get=498 select_fail=0 finished=249 signal=249 acquire=248 acquire_fail=0 release_fail=0 backup=0/0
I (67204) rc_video: [STABLE-CAPTURE] pause=249/249 timeout=0 quiesce=248 resume=248 lifecycle_errors=0 repairs=248 staged_events=2792 copies=2739 fallback=0 errors=0 prepare=249 stale_queue=0 pending_vsync=128 sync=249 complete=249 incomplete=0 incomplete_blocks=0 hold=249/249 hold_timeout=0
I (69515) rc_net: [CAM-PROBE] Video TX seq=270 jpeg_len=8810 crc32=0x061d0d71 chunks=8
I (70168) rc_video: Sent 270 | cap_fps=9.7 send_fps=10.1 capture_size_errors=0 capture_identity_errors=0 | Avg(ms): wait=21.1 cache=0.9 subsample=25.1 encode=42.2 send=6.9 total=96.2 | JPEG=8754B
I (70176) rc_video: [VIDEO-TX] handoff cap=278 get=557 select_fail=0 finished=278 signal=278 acquire=278 acquire_fail=0 release_fail=0 backup=0/0
I (70216) rc_video: [STABLE-CAPTURE] pause=278/278 timeout=0 quiesce=278 resume=278 lifecycle_errors=0 repairs=278 staged_events=3132 copies=3069 fallback=0 errors=0 prepare=279 stale_queue=0 pending_vsync=144 sync=279 complete=279 incomplete=0 incomplete_blocks=0 hold=278/278 hold_timeout=0
I (72459) rc_net: [CAM-PROBE] Video TX seq=300 jpeg_len=8796 crc32=0xd5de51d2 chunks=8
I (73206) rc_video: Sent 300 | cap_fps=10.2 send_fps=9.9 capture_size_errors=0 capture_identity_errors=0 | Avg(ms): wait=19.3 cache=0.9 subsample=24.4 encode=43.8 send=9.9 total=98.3 | JPEG=7888B
I (73213) rc_video: [VIDEO-TX] handoff cap=309 get=618 select_fail=0 finished=309 signal=309 acquire=308 acquire_fail=0 release_fail=0 backup=0/0
I (73226) rc_video: [STABLE-CAPTURE] pause=309/309 timeout=0 quiesce=308 resume=308 lifecycle_errors=0 repairs=308 staged_events=3469 copies=3399 fallback=0 errors=0 prepare=309 stale_queue=0 pending_vsync=159 sync=309 complete=309 incomplete=0 incomplete_blocks=0 hold=309/309 hold_timeout=0
I (75469) rc_net: [CAM-PROBE] Video TX seq=330 jpeg_len=8790 crc32=0x43e3ddf5 chunks=8
I (76207) rc_video: Sent 330 | cap_fps=10.0 send_fps=10.0 capture_size_errors=0 capture_identity_errors=0 | Avg(ms): wait=20.5 cache=0.8 subsample=24.3 encode=43.8 send=8.5 total=97.9 | JPEG=8834B
I (76214) rc_video: [VIDEO-TX] handoff cap=339 get=678 select_fail=0 finished=339 signal=339 acquire=338 acquire_fail=0 release_fail=0 backup=0/0
I (76227) rc_video: [STABLE-CAPTURE] pause=339/339 timeout=0 quiesce=338 resume=338 lifecycle_errors=0 repairs=338 staged_events=3806 copies=3729 fallback=0 errors=0 prepare=339 stale_queue=0 pending_vsync=174 sync=339 complete=339 incomplete=0 incomplete_blocks=0 hold=339/339 hold_timeout=0
I (78538) rc_net: [CAM-PROBE] Video TX seq=360 jpeg_len=8828 crc32=0xb5e8e4af chunks=8
I (79190) rc_video: Sent 360 | cap_fps=9.7 send_fps=10.1 capture_size_errors=0 capture_identity_errors=0 | Avg(ms): wait=23.9 cache=0.9 subsample=24.5 encode=42.1 send=5.8 total=97.2 | JPEG=8812B
I (79238) rc_video: [VIDEO-TX] handoff cap=368 get=737 select_fail=0 finished=368 signal=368 acquire=368 acquire_fail=0 release_fail=0 backup=0/0
I (79241) rc_video: [STABLE-CAPTURE] pause=368/368 timeout=0 quiesce=368 resume=368 lifecycle_errors=0 repairs=368 staged_events=4144 copies=4059 fallback=0 errors=0 prepare=369 stale_queue=0 pending_vsync=190 sync=369 complete=369 incomplete=0 incomplete_blocks=0 hold=368/368 hold_timeout=0
I (81547) rc_net: [CAM-PROBE] Video TX seq=390 jpeg_len=8812 crc32=0x28a79338 chunks=8
I (82200) rc_video: Sent 390 | cap_fps=10.0 send_fps=10.0 capture_size_errors=0 capture_identity_errors=0 | Avg(ms): wait=19.8 cache=0.9 subsample=23.3 encode=42.0 send=11.2 total=97.3 | JPEG=8776B
I (82245) rc_video: [VIDEO-TX] handoff cap=398 get=797 select_fail=0 finished=398 signal=398 acquire=398 acquire_fail=0 release_fail=0 backup=0/0
I (82249) rc_video: [STABLE-CAPTURE] pause=399/399 timeout=0 quiesce=398 resume=398 lifecycle_errors=0 repairs=398 staged_events=4483 copies=4389 fallback=0 errors=0 prepare=399 stale_queue=0 pending_vsync=206 sync=399 complete=399 incomplete=0 incomplete_blocks=0 hold=399/399 hold_timeout=0
I (84529) rc_net: [CAM-PROBE] Video TX seq=420 jpeg_len=8809 crc32=0x84f210d4 chunks=8
I (85276) rc_video: Sent 420 | cap_fps=10.1 send_fps=9.8 capture_size_errors=0 capture_identity_errors=0 | Avg(ms): wait=23.3 cache=0.9 subsample=23.8 encode=42.6 send=8.9 total=99.5 | JPEG=8773B
I (85284) rc_video: [VIDEO-TX] handoff cap=429 get=858 select_fail=0 finished=429 signal=429 acquire=428 acquire_fail=0 release_fail=0 backup=0/0
I (85296) rc_video: [STABLE-CAPTURE] pause=429/429 timeout=0 quiesce=428 resume=428 lifecycle_errors=0 repairs=428 staged_events=4824 copies=4719 fallback=0 errors=0 prepare=429 stale_queue=0 pending_vsync=222 sync=429 complete=429 incomplete=0 incomplete_blocks=0 hold=429/429 hold_timeout=0
W (87390) rc_tank: [DVP-MATRIX] result stage=6 strategy=direct_rebuild_before_channels complete=450 incomplete=0 incomplete_blocks=0 sync_defer=0 released=0 collisions=0 release_errors=0 defer_hist=0,0,0,0,0,0,0,0,0,0,0 mismatch_hist=0,1,0,0,0,0,0,1,7,12,342 prepare=450 pending=233 hold=449/449 hold_timeout=0
W (87411) rc_tank: [DVP-MATRIX] advance stage=7; restart in 1s
I (87544) rc_net: [CAM-PROBE] Video TX seq=450 jpeg_len=8808 crc32=0x449a1830 chunks=8
I (88254) rc_video: Sent 450 | cap_fps=9.7 send_fps=10.1 capture_size_errors=0 capture_identity_errors=0 | Avg(ms): wait=19.1 cache=0.8 subsample=23.6 encode=43.2 send=10.3 total=97.1 | JPEG=7808B
I (88304) rc_video: [VIDEO-TX] handoff cap=459 get=918 select_fail=0 finished=459 signal=459 acquire=458 acquire_fail=0 release_fail=0 backup=0/0
I (88306) rc_video: [STABLE-CAPTURE] pause=459/459 timeout=0 quiesce=458 resume=458 lifecycle_errors=0 repairs=458 staged_events=5158 copies=5049 fallback=0 errors=0 prepare=459 stale_queue=0 pending_vsync=238 sync=459 complete=459 incomplete=0 incomplete_blocks=0 hold=459/459 hold_timeout=0
I (88423) wifi:station: 44:1b:f6:f3:ae:40 leave, AID = 1, reason = 2, bss_flags is 756851, bss:0x3fcf1374
I (88425) wifi:new:<1,0>, old:<1,1>, ap:<1,1>, sta:<255,255>, prof:1, snd_ch_cfg:0x0
I (88433) wifi:<ba-del>idx:2, tid:0
I (88434) wifi:new:<1,1>, old:<1,0>, ap:<1,1>, sta:<255,255>, prof:1, snd_ch_cfg:0x0
I (88444) rc_net: STA disconnected, MAC: 44:1b:f6:f3:ae:40
W (88447) rc_control: Network disconnected: motor stop enforced
W (88452) rc_tank: Network disconnected
W (88445) rc_net: Video UDP send failed: seq=458 chunk=1/7 bytes=1208 sent=-1 errno=-1 attempts=4
W (88464) rc_video: Video send failed: ESP_FAIL
W (88523) rc_video: Video send failed: ESP_ERR_INVALID_STATE
W (88675) rc_video: Video send failed: ESP_ERR_INVALID_STATE
W (88723) rc_video: Video send failed: ESP_ERR_INVALID_STATE
I (88859) wifi:flush txq
I (88860) wifi:stop sw txq
I (88860) wifi:lmac stop hw txq
†žESP-ROM:esp32s3-20210327
Build:Mar 27 2021
rst:0xc (RTC_SW_CPU_RST),boot:0x3 (DOWNLOAD(USB/UART0))
Saved PC:0x42015418
waiting for download

[HOST-DVP-MATRIX 14:15:16] REBUILD-R1 Tank restart recovery=8

[HOST-DVP-MATRIX 14:15:16] Tank RAM bootloader start
esptool.py v4.12.dev2
Serial port COM7
Connecting....
Chip is ESP32-S3 (QFN56) (revision v0.2)
Features: WiFi, BLE
Crystal is 40MHz
MAC: 44:1b:f6:f3:ae:78
Uploading stub...
Running stub...
Stub running...
RAM boot...
Downloading 5360 bytes at 3fce2820... done!
Downloading 3364 bytes at 403c8700... done!
Downloading 12016 bytes at 403cb700... done!
All segments done, executing at 403c8924
Exiting immediately.

[HOST-DVP-MATRIX 14:15:20] Tank RAM bootloader complete
efuse block revision: v1.3
I (2944) boot.esp32s3: Boot SPI Speed : 80MHz
I (2948) boot.esp32s3: SPI Mode       : SLOW READ
I (2953) boot.esp32s3: SPI Flash Size : 8MB
I (2957) boot: Enabling RNG early entropy source...
I (2962) boot: Partition Table:
I (2964) boot: ## Label            Usage          Type ST Offset   Length
I (2971) boot:  0 nvs              WiFi data        01 02 00009000 00006000
I (2977) boot:  1 phy_init         RF data          01 01 0000f000 00001000
I (2984) boot:  2 factory          factory app      00 00 00010000 00300000
I (2991) boot:  3 storage          Unknown data     01 82 00310000 00100000
I (2998) boot: End of partition table
I (3001) esp_image: segment 0: paddr=00010020 vaddr=3c0a0020 size=25010h (151568) map
I (3101) esp_image: segment 1: paddr=00035038 vaddr=3fca0d00 size=05560h ( 21856) load
I (3115) esp_image: segment 2: paddr=0003a5a0 vaddr=40374000 size=05a78h ( 23160) load
I (3131) esp_image: segment 3: paddr=00040020 vaddr=42000020 size=9b9fch (637436) map
I (3520) esp_image: segment 4: paddr=000dba24 vaddr=40379a78 size=17240h ( 94784) load
I (3582) esp_image: segment 5: paddr=000f2c6c vaddr=50000000 size=00020h (    32) load
I (3593) boot: Loaded app from partition at offset 0x10000
I (3593) boot: Disabling RNG early entropy source...
I (3605) esp_psram: Found 8MB PSRAM device
I (3605) esp_psram: Speed: 80MHz
I (3606) cpu_start: Multicore app
I (4524) esp_psram: SPI SRAM memory test OK
I (4532) cpu_start: GPIO 44 and 43 are used as console UART I/O pins
I (4533) cpu_start: Pro cpu start user code
I (4533) cpu_start: cpu freq: 240000000 Hz
I (4535) app_init: Application information:
I (4539) app_init: Project name:     rc_tank_demo
I (4543) app_init: App version:      1
I (4547) app_init: Compile time:     Aug 26 2026 14:01:36
I (4552) app_init: ELF file SHA256:  8e8c6f5df...
I (4556) app_init: ESP-IDF:          GIT-NOTFOUND
I (4560) efuse_init: Min chip rev:     v0.0
I (4564) efuse_init: Max chip rev:     v0.99 
I (4568) efuse_init: Chip rev:         v0.2
I (4573) heap_init: Initializing. RAM available for dynamic allocation:
I (4579) heap_init: At 3FCAA3D0 len 0003F340 (252 KiB): RAM
I (4584) heap_init: At 3FCE9710 len 00005724 (21 KiB): RAM
I (4589) heap_init: At 3FCF0000 len 00008000 (32 KiB): DRAM
I (4595) heap_init: At 600FE000 len 00001FE8 (7 KiB): RTCRAM
I (4600) esp_psram: Adding pool of 8192K of PSRAM memory to heap allocator
I (4608) spi_flash: detected chip: generic
I (4610) spi_flash: flash io: dio
I (4614) sleep_gpio: Configure to isolate all GPIO pins in sleep state
I (4620) sleep_gpio: Enable automatic switching of GPIO sleep configuration
I (4627) main_task: Started on CPU0
I (4651) esp_psram: Reserving pool of 64K of internal memory for DMA/internal allocations
I (4652) main_task: Calling app_main()
I (4666) rc_tank: === RC Tank Demo (EX-035) Role: TANK ===
I (4667) rc_tank: Startup delay 10 s (open serial monitor now)...
I (4667) rc_tank:   starting in 10 s
I (5670) rc_tank:   starting in 9 s
I (6670) rc_tank:   starting in 8 s
I (7670) rc_tank:   starting in 7 s
I (8670) rc_tank:   starting in 6 s
I (9670) rc_tank:   starting in 5 s
I (10670) rc_tank:   starting in 4 s
I (11670) rc_tank:   starting in 3 s
I (12670) rc_tank:   starting in 2 s
I (13670) rc_tank:   starting in 1 s
I (14670) rc_tank: Starting Tank role (P1: network, P2: control, P3: video)
I (14670) board_laiwfs300: init board support package
I (14670) board_laiwfs300: init capability registry
I (14675) board_laiwfs300: init I2C bus: SDA=GPIO48 SCL=GPIO47
I (14681) bus_i2c: I2C0 initialized: SDA=GPIO48 SCL=GPIO47 speed=100000Hz
I (14687) board_laiwfs300: --- I2C bus scan (0x08-0x77) ---
I (14694) board_laiwfs300:   I2C device ACK at 0x15
I (14697) board_laiwfs300:   I2C device ACK at 0x18
I (14702) board_laiwfs300:   I2C device ACK at 0x21
I (14706) board_laiwfs300:   I2C device ACK at 0x22
I (14714) board_laiwfs300:   I2C device ACK at 0x40
I (14717) board_laiwfs300:   I2C device ACK at 0x51
I (14723) board_laiwfs300:   I2C device ACK at 0x68
I (14726) board_laiwfs300: --- I2C scan done: 7 device(s) found ---
W (14730) board_laiwfs300: TPT29555A (IOEX) NOT found at 0x20 (NACK)
I (14736) board_laiwfs300: ES8311 (Codec) found at 0x18
I (14741) board_laiwfs300: ES7210 (ADC) found at 0x40
I (14746) board_laiwfs300: AIP8563 (RTC) found at 0x51
I (14751) board_laiwfs300: BMI260 (IMU @0x68) found at 0x68
W (14756) board_laiwfs300: BMI260 (IMU @0x69) NOT found at 0x69 (NACK)
I (14762) board_laiwfs300: SP0A39 (Camera) found at 0x21
I (14769) board_laiwfs300: ES8311 chip ID: 0x83 0x11
I (14773) board_laiwfs300: ES7210 chip ID: 0x72
I (14778) board_laiwfs300: AIP8563 RTC time: 01:48:32 (BCD raw)
I (14782) board_laiwfs300: BMI260 chip ID: 0x27 (expect 0x27)
I (14787) board_laiwfs300: init SPI bus manager
I (14793) board_laiwfs300: init ADC service
I (14796) board_adc: ADC1 oneshot initialized
I (14800) board_laiwfs300: init board power service
I (14805) board_laiwfs300: ADC D0_DETECT (GPIO1): raw=4095 (~3100 mV)
I (14810) board_laiwfs300: ADC BAT_ADC (GPIO7): raw=1643 (~1243 mV)
I (14816) board_laiwfs300: ADC SW_ADC (GPIO8): raw=4095 (~3100 mV)
I (14822) board_laiwfs300: init IO expander: TPT29555A addr=0x22
I (14831) io_expander: TPT29555A initialized at 0x22
I (14833) board_laiwfs300: IO expander initialized OK
I (14837) board_laiwfs300: init module detect
I (14842) board_laiwfs300: register detection rules
I (14846) board_laiwfs300: register default capabilities
I (14851) board_laiwfs300: board init complete (ioex=OK)
I (14856) rc_tank: [STEP] Motor init starting...
I (14861) board_motor: motor input 1 -> GPIO5 / LEDC channel 0
I (14866) board_motor: motor input 2 -> GPIO4 / LEDC channel 1
I (14872) board_motor: motor input 3 -> GPIO37 / LEDC channel 2
I (14877) board_motor: motor input 4 -> GPIO45 / LEDC channel 3
I (14883) rc_control: Motor initialized
I (14886) rc_tank: [STEP] Motor init OK
I (14890) rc_tank: [STEP] Display init starting...
I (14895) rc_video: Initializing Tank display
I (14900) display_hal: init ST7789V3 LCD 240x320 SPI host=1
E (15045) spi: spi_bus_initialize(816): SPI bus already initialized.
I (15166) display_hal: ST7789V3 LCD initialized
I (15166) board_display: display mapped: MOSI=GPIO13 SCK=GPIO12 CS=GPIO10 DC=GPIO16 BL=GPIO17 LCD_RST=IOEX P1_5 pclk=20000000
I (15171) rc_video: Tank display task started (status screen)
I (15172) rc_video: Tank display initialized (status task owns LCD)
I (15182) rc_tank: [STEP] Display init OK
I (15186) rc_tank: [STEP] Camera init starting...
I (15190) rc_video: Initializing camera (SP0A39 640x480 VYUY)
I (15196) board_camera: initializing SP0A39 camera mode=0 640x480
I (15201) camera_hal: init SP0A39 DVP 640x480 (SCCB manual mode)
I (15207) camera_hal: configuring IOEX pins for camera RESET/PWDN
I (15214) camera_hal: PWDN=HIGH (power down)
I (15227) camera_hal: PWDN=LOW (release sensor)
I (15427) camera_hal: RESET=LOW (assert reset)
I (15447) camera_hal: RESET=HIGH (release reset)
I (16447) camera_hal: full I2C scan after camera power-up (diagnostic only)...
I (16449) camera_hal:   post-powerup ACK at 0x15
I (16449) camera_hal:   post-powerup ACK at 0x18
I (16452) camera_hal:   post-powerup ACK at 0x21
I (16456) camera_hal:   post-powerup ACK at 0x22
I (16464) camera_hal:   post-powerup ACK at 0x40
I (16466) camera_hal:   post-powerup ACK at 0x51
I (16472) camera_hal:   post-powerup ACK at 0x68
I (16475) camera_hal: DVP GPIO diagnostics (checking PCLK/VSYNC/HSYNC activity)...
I (16541) camera_hal: DVP diagnostics: PCLK_changes=0 VSYNC_changes=0 HSYNC_changes=0
W (16541) camera_hal: PCLK has no transitions - MCLK likely not reaching sensor or sensor not active
I (16546) camera_hal: using sensor address 0x21
I (16551) camera_hal: SP0A39 I2C device added at 0x21
I (16557) camera_hal: SP0A39 chip ID: 0x0A39
I (16679) camera_hal: SP0A39 register init done: VYUY 640x480 (359 regs)
I (16680) camera_hal: [CAM-PROBE] SP0A39 p0_31 stage=post_table value=0x00 expected=0x01
E (16683) camera_hal: camera_hal_verify_expected_output_p0_31(92): unexpected p0_31=0x00 at post_table
W (16692) camera_hal: [CAM-PROBE] output state differs after table; continuing: ESP_ERR_INVALID_RESPONSE
I (16721) camera_hal: [CAM-PROBE] SP0A39 p0_31 stage=post_delay value=0x01 expected=0x01
I (16722) camera_hal: camera HAL initialized (sensor ready, DVP capture not yet implemented)
I (16726) board_camera: camera ready
I (16734) camera_hal: SP0A39 output regs: P0:1c=0x00 P0:30=0x01 P0:31=0x01 P1:32=0x15 P1:34=0xeb P1:35=0x00 P1:36=0x10
I (16866) rc_video:   3 DMA-capable PSRAM framebuffers allocated (600 KB each)
I (16869) dvp_ext: DVP Extended camera controller driver is initialized
I (16870) dvp_ext: [STABLE-DVP] assembly uses GDMA-EOF direct copy; dma=102400 half=51200 queue_data_events=suppressed eof_desc=probe
I (16880) rc_video: [STABLE-CAPTURE] staged DVP controller created dma=102400 half=51200
I (16888) rc_video: Camera initialized
I (16892) rc_tank: [STEP] Camera init OK
W (16896) rc_tank: [DVP-MATRIX] pre-network stage=7 strategy=direct_rebuild_before_channels frames=0 sync_defer=0 wifi=off video_tx=not_created
I (16908) rc_tank: [STEP] Network init starting...
I (16914) rc_net: Initializing as SoftAP (Tank)
I (16918) pp: pp rom version: e7ae62f
I (16921) net80211: net80211 rom version: e7ae62f
I (16926) wifi:wifi driver task: 3fce4a90, prio:23, stack:6656, core=0
I (16937) wifi:wifi firmware version: 0947e8b
I (16938) wifi:wifi certification version: v7.0
I (16939) wifi:config NVS flash: enabled
I (16943) wifi:config nano formatting: disabled
I (16947) wifi:Init data frame dynamic rx buffer num: 32
I (16952) wifi:Init static rx mgmt buffer num: 5
I (16956) wifi:Init management short buffer num: 32
I (16961) wifi:Init dynamic tx buffer num: 64
I (16965) wifi:Init static tx FG buffer num: 2
I (16969) wifi:Init static rx buffer size: 1600
I (16973) wifi:Init static rx buffer num: 10
I (16977) wifi:Init dynamic rx buffer num: 32
I (16983) wifi_init: rx ba win: 6
I (16984) wifi_init: accept mbox: 6
I (16988) wifi_init: tcpip mbox: 16
I (16991) wifi_init: udp mbox: 6
I (16994) wifi_init: tcp mbox: 6
I (16997) wifi_init: tcp tx win: 5760
I (17000) wifi_init: tcp rx win: 5760
I (17004) wifi_init: tcp mss: 1440
I (17007) wifi_init: WiFi IRAM OP enabled
I (17010) wifi_init: WiFi RX IRAM OP enabled
I (17015) rc_net: AP set_mode/config, SSID=RC_TANK_F3AE79 ch=1
I (17025) phy_init: phy_version 711,97bcf0a2,Aug 25 2025,19:04:10
I (17071) wifi:mode : softAP (44:1b:f6:f3:ae:79)
I (17076) wifi:Total power save buffer number: 32
I (17077) wifi:Init max length of beacon: 752/752
I (17077) wifi:Init max length of beacon: 752/752
I (17080) rc_net: SoftAP started, SSID: RC_TANK_F3AE79, Password: 12345678
I (17081) esp_netif_lwip: DHCP server started on interface WIFI_AP_DEF with IP: 192.168.4.1
I (17093) rc_tank: [STEP] Network init OK
I (17097) rc_tank: Tank SoftAP ready, waiting for remote...
I (17102) rc_control: Ctrl RX task started
I (17106) rc_control: Tank control started
I (17110) rc_tank: Tank running (video + control; audio disabled)
I (17116) rc_tank: app_main done, idle loop
I (22555) wifi:new:<1,1>, old:<1,1>, ap:<1,1>, sta:<255,255>, prof:1, snd_ch_cfg:0x0
I (22556) wifi:station: 44:1b:f6:f3:ae:40 join, AID=1, bgn, 40U
I (22680) rc_net: STA connected, MAC: 44:1b:f6:f3:ae:40
I (22805) esp_netif_lwip: DHCP server assigned IP to a client, IP is: 192.168.4.2
I (22806) rc_net: STA assigned IP: 192.168.4.2
I (22806) rc_tank: Network connected, peer: 192.168.4.2
W (22813) rc_tank: [DVP-MATRIX] start stage=7 strategy=direct_rebuild_before_channels preflight_frames=0 rebuild=1 sync_defer=0 video_tx=not_created
W (22824) rc_tank: [DVP-MATRIX] rebuilding complete DVP controller before socket/channel tasks
E (22833) gpio: gpio_install_isr_service(537): GPIO isr service already installed
I (22841) dvp_ext: DVP Extended camera controller driver is initialized
I (22846) dvp_ext: [STABLE-DVP] assembly uses GDMA-EOF direct copy; dma=102400 half=51200 queue_data_events=suppressed eof_desc=probe
W (22857) rc_video: [DVP-REBUILD] complete old=0x3fcebf50 new=0x3fcebf50 drained=0 internal=88879->88879; GDMA channel/descriptors/event queue/task recreated
I (22872) rc_net: Ctrl UDP socket bound to port 8001
I (22876) rc_net: Video UDP socket bound to port 8002
I (22881) rc_net: Audio TCP listening on port 8003
I (22885) rc_tank: Socket channels started
I (22889) rc_video: No local preview active; formal video handoff skipped
I (22897) camera_hal: [CAM-PROBE] SP0A39 p0_31 stage=dvp_started value=0x01 expected=0x01
I (22906) rc_video: Tank video started (camera source)
W (22909) rc_tank: [DVP-MATRIX] observe stage=7 strategy=direct_rebuild_before_channels duration_ms=90000 sync_defer=0 under live Q60/UDP load
I (22910) rc_video: Video TX task started (240x180, sensor-driven, Q=60)
I (22927) rc_video: TX theory: raw=614400 B/frame, encoded YUV=86400 B/frame, target10fps raw=0.86 MB/s
I (22930) rc_video: PSRAM TX buffers: subsample=86400B jpeg=43200B send=43208B free_psram=5592524 free_internal=54991
I (22930) rc_video: TX buffer caps: subsample=0x3c350120(psram=1) jpeg=0x3c3652a4(psram=1) send=0x3c36fea8(psram=1)

[HOST-DVP-MATRIX 14:15:40] REBUILD-R1 stage=7 visible window begin
I (23063) rc_net: [CAM-PROBE] Video TX seq=0 jpeg_len=7968 crc32=0x509b5738 chunks=7
W (23073) rc_net: Video UDP send failed: seq=0 chunk=4/7 bytes=1208 sent=-1 errno=12 attempts=4
W (23073) rc_video: Video send failed: ESP_FAIL
W (23169) rc_video: Video send failed: ESP_FAIL
W (23265) rc_video: Video send failed: ESP_FAIL
W (23316) rc_video: Video send failed: ESP_FAIL
W (23463) rc_video: Video send failed: ESP_FAIL
W (23514) rc_video: Video send failed: ESP_FAIL
W (23660) rc_video: Video send failed: ESP_FAIL
W (23711) rc_video: Video send failed: ESP_FAIL
I (23874) wifi:<ba-add>idx:2 (ifx:1, 44:1b:f6:f3:ae:40), tid:0, ssn:0, winSize:64
I (26034) rc_net: [CAM-PROBE] Video TX seq=30 jpeg_len=8773 crc32=0x87765dfa chunks=8
I (26681) rc_video: Sent 30 | cap_fps=10.1 send_fps=8.0 capture_size_errors=0 capture_identity_errors=0 | Avg(ms): wait=22.5 cache=0.8 subsample=24.2 encode=44.2 send=6.8 total=98.5 | JPEG=8871B
I (26689) rc_video: [VIDEO-TX] handoff cap=38 get=77 select_fail=0 finished=38 signal=38 acquire=38 acquire_fail=0 release_fail=0 backup=0/0
I (26730) rc_video: [STABLE-CAPTURE] pause=38/38 timeout=0 quiesce=38 resume=38 lifecycle_errors=0 repairs=38 staged_events=435 copies=429 fallback=0 errors=0 prepare=39 stale_queue=0 pending_vsync=20 sync=39 complete=39 incomplete=0 incomplete_blocks=0 hold=38/38 hold_timeout=0
I (28976) rc_net: [CAM-PROBE] Video TX seq=60 jpeg_len=9658 crc32=0x2144d185 chunks=9
W (29179) rc_net: Video UDP send failed: seq=62 chunk=8/8 bytes=968 sent=-1 errno=12 attempts=4
W (29180) rc_video: Video send failed: ESP_FAIL
I (29770) rc_video: Sent 60 | cap_fps=10.0 send_fps=9.7 capture_size_errors=0 capture_identity_errors=0 | Avg(ms): wait=19.5 cache=0.9 subsample=23.9 encode=44.4 send=9.5 total=98.2 | JPEG=8827B
I (29780) rc_video: [VIDEO-TX] handoff cap=69 get=139 select_fail=0 finished=69 signal=69 acquire=69 acquire_fail=0 release_fail=0 backup=0/0
I (29820) rc_video: [STABLE-CAPTURE] pause=69/69 timeout=0 quiesce=69 resume=69 lifecycle_errors=0 repairs=69 staged_events=782 copies=770 fallback=0 errors=0 prepare=70 stale_queue=0 pending_vsync=36 sync=70 complete=70 incomplete=0 incomplete_blocks=0 hold=69/69 hold_timeout=0
I (32007) rc_net: [CAM-PROBE] Video TX seq=90 jpeg_len=8795 crc32=0x7c99ae79 chunks=8
I (32804) rc_video: Sent 90 | cap_fps=10.2 send_fps=9.9 capture_size_errors=0 capture_identity_errors=0 | Avg(ms): wait=20.0 cache=0.9 subsample=23.3 encode=44.2 send=9.5 total=98.0 | JPEG=8822B
I (32811) rc_video: [VIDEO-TX] handoff cap=100 get=200 select_fail=0 finished=100 signal=100 acquire=99 acquire_fail=0 release_fail=0 backup=0/0
I (32823) rc_video: [STABLE-CAPTURE] pause=100/100 timeout=0 quiesce=99 resume=99 lifecycle_errors=0 repairs=99 staged_events=1119 copies=1100 fallback=0 errors=0 prepare=100 stale_queue=0 pending_vsync=51 sync=100 complete=100 incomplete=0 incomplete_blocks=0 hold=100/100 hold_timeout=0
I (35019) rc_net: [CAM-PROBE] Video TX seq=120 jpeg_len=8720 crc32=0xfe93f0cd chunks=8
I (35813) rc_video: Sent 120 | cap_fps=10.0 send_fps=10.0 capture_size_errors=0 capture_identity_errors=0 | Avg(ms): wait=20.8 cache=0.9 subsample=23.9 encode=44.7 send=8.1 total=98.3 | JPEG=8768B
I (35820) rc_video: [VIDEO-TX] handoff cap=130 get=260 select_fail=0 finished=130 signal=130 acquire=129 acquire_fail=0 release_fail=0 backup=0/0
I (35833) rc_video: [STABLE-CAPTURE] pause=130/130 timeout=0 quiesce=129 resume=129 lifecycle_errors=0 repairs=129 staged_events=1455 copies=1430 fallback=0 errors=0 prepare=130 stale_queue=0 pending_vsync=66 sync=130 complete=130 incomplete=0 incomplete_blocks=0 hold=130/130 hold_timeout=0
I (38025) rc_net: [CAM-PROBE] Video TX seq=150 jpeg_len=8826 crc32=0x9260ade8 chunks=8
I (38860) rc_video: Sent 150 | cap_fps=9.8 send_fps=9.8 capture_size_errors=0 capture_identity_errors=0 | Avg(ms): wait=17.7 cache=0.8 subsample=24.4 encode=45.4 send=11.2 total=99.5 | JPEG=8859B
I (38868) rc_video: [VIDEO-TX] handoff cap=160 get=320 select_fail=0 finished=160 signal=160 acquire=159 acquire_fail=0 release_fail=0 backup=0/0
I (38880) rc_video: [STABLE-CAPTURE] pause=160/160 timeout=0 quiesce=159 resume=159 lifecycle_errors=0 repairs=159 staged_events=1801 copies=1769 fallback=0 errors=0 prepare=160 stale_queue=0 pending_vsync=81 sync=161 complete=160 incomplete=1 incomplete_blocks=8 hold=160/160 hold_timeout=0
I (41074) rc_net: [CAM-PROBE] Video TX seq=180 jpeg_len=8866 crc32=0x83f71660 chunks=8
I (41868) rc_video: Sent 180 | cap_fps=10.0 send_fps=10.0 capture_size_errors=0 capture_identity_errors=0 | Avg(ms): wait=24.3 cache=0.9 subsample=23.4 encode=43.8 send=5.8 total=98.1 | JPEG=8765B
I (41876) rc_video: [VIDEO-TX] handoff cap=190 get=380 select_fail=0 finished=190 signal=190 acquire=189 acquire_fail=0 release_fail=0 backup=0/0
I (41889) rc_video: [STABLE-CAPTURE] pause=190/190 timeout=0 quiesce=189 resume=189 lifecycle_errors=0 repairs=189 staged_events=2137 copies=2099 fallback=0 errors=0 prepare=190 stale_queue=0 pending_vsync=96 sync=191 complete=190 incomplete=1 incomplete_blocks=8 hold=190/190 hold_timeout=0
I (44083) rc_net: [CAM-PROBE] Video TX seq=210 jpeg_len=9329 crc32=0x738e49ac chunks=8
I (44877) rc_video: Sent 210 | cap_fps=10.0 send_fps=10.0 capture_size_errors=0 capture_identity_errors=0 | Avg(ms): wait=21.4 cache=0.9 subsample=23.6 encode=44.0 send=6.8 total=96.7 | JPEG=8899B
I (44884) rc_video: [VIDEO-TX] handoff cap=220 get=440 select_fail=0 finished=220 signal=220 acquire=219 acquire_fail=0 release_fail=0 backup=0/0
I (44897) rc_video: [STABLE-CAPTURE] pause=220/220 timeout=0 quiesce=219 resume=219 lifecycle_errors=0 repairs=219 staged_events=2471 copies=2429 fallback=0 errors=0 prepare=220 stale_queue=0 pending_vsync=111 sync=221 complete=220 incomplete=1 incomplete_blocks=8 hold=220/220 hold_timeout=0
I (47089) rc_net: [CAM-PROBE] Video TX seq=240 jpeg_len=8849 crc32=0xd8e8691c chunks=8
I (47885) rc_video: Sent 240 | cap_fps=10.0 send_fps=10.0 capture_size_errors=0 capture_identity_errors=0 | Avg(ms): wait=22.8 cache=0.8 subsample=23.3 encode=44.0 send=7.2 total=98.2 | JPEG=9197B
I (47892) rc_video: [VIDEO-TX] handoff cap=250 get=500 select_fail=0 finished=250 signal=250 acquire=249 acquire_fail=0 release_fail=0 backup=0/0
I (47905) rc_video: [STABLE-CAPTURE] pause=250/250 timeout=0 quiesce=249 resume=249 lifecycle_errors=0 repairs=249 staged_events=2806 copies=2759 fallback=0 errors=0 prepare=250 stale_queue=0 pending_vsync=126 sync=251 complete=250 incomplete=1 incomplete_blocks=8 hold=250/250 hold_timeout=0
I (50098) rc_net: [CAM-PROBE] Video TX seq=270 jpeg_len=9646 crc32=0x58d3f4cb chunks=9
I (50868) rc_video: Sent 270 | cap_fps=9.7 send_fps=10.1 capture_size_errors=0 capture_identity_errors=0 | Avg(ms): wait=20.7 cache=0.8 subsample=23.6 encode=42.9 send=9.4 total=97.4 | JPEG=9774B
I (50876) rc_video: [VIDEO-TX] handoff cap=279 get=559 select_fail=0 finished=279 signal=279 acquire=279 acquire_fail=0 release_fail=0 backup=0/0
I (50916) rc_video: [STABLE-CAPTURE] pause=279/279 timeout=0 quiesce=279 resume=279 lifecycle_errors=0 repairs=279 staged_events=3141 copies=3089 fallback=0 errors=0 prepare=280 stale_queue=0 pending_vsync=142 sync=281 complete=280 incomplete=1 incomplete_blocks=8 hold=279/279 hold_timeout=0
I (53105) rc_net: [CAM-PROBE] Video TX seq=300 jpeg_len=8821 crc32=0x2130d4d1 chunks=8
I (53901) rc_video: Sent 300 | cap_fps=10.2 send_fps=9.9 capture_size_errors=0 capture_identity_errors=0 | Avg(ms): wait=19.1 cache=0.9 subsample=23.3 encode=44.1 send=9.4 total=96.9 | JPEG=8629B
I (53908) rc_video: [VIDEO-TX] handoff cap=310 get=620 select_fail=0 finished=310 signal=310 acquire=309 acquire_fail=0 release_fail=0 backup=0/0
I (53921) rc_video: [STABLE-CAPTURE] pause=310/310 timeout=0 quiesce=309 resume=309 lifecycle_errors=0 repairs=309 staged_events=3477 copies=3419 fallback=0 errors=0 prepare=310 stale_queue=0 pending_vsync=157 sync=311 complete=310 incomplete=1 incomplete_blocks=8 hold=310/310 hold_timeout=0
I (56113) rc_net: [CAM-PROBE] Video TX seq=330 jpeg_len=8791 crc32=0x1408310b chunks=8
I (56910) rc_video: Sent 330 | cap_fps=10.0 send_fps=10.0 capture_size_errors=0 capture_identity_errors=0 | Avg(ms): wait=24.7 cache=0.8 subsample=23.4 encode=43.9 send=5.4 total=98.2 | JPEG=8748B
I (56918) rc_video: [VIDEO-TX] handoff cap=340 get=680 select_fail=0 finished=340 signal=340 acquire=339 acquire_fail=0 release_fail=0 backup=0/0
I (56930) rc_video: [STABLE-CAPTURE] pause=340/340 timeout=0 quiesce=339 resume=339 lifecycle_errors=0 repairs=339 staged_events=3814 copies=3749 fallback=0 errors=0 prepare=340 stale_queue=0 pending_vsync=172 sync=341 complete=340 incomplete=1 incomplete_blocks=8 hold=340/340 hold_timeout=0
I (59120) rc_net: [CAM-PROBE] Video TX seq=360 jpeg_len=8778 crc32=0x15363154 chunks=8
I (59917) rc_video: Sent 360 | cap_fps=10.0 send_fps=10.0 capture_size_errors=0 capture_identity_errors=0 | Avg(ms): wait=21.8 cache=0.8 subsample=23.5 encode=44.3 send=7.5 total=98.0 | JPEG=8779B
I (59924) rc_video: [VIDEO-TX] handoff cap=370 get=740 select_fail=0 finished=370 signal=370 acquire=369 acquire_fail=0 release_fail=0 backup=0/0
I (59937) rc_video: [STABLE-CAPTURE] pause=370/370 timeout=0 quiesce=369 resume=369 lifecycle_errors=0 repairs=369 staged_events=4151 copies=4079 fallback=0 errors=0 prepare=370 stale_queue=0 pending_vsync=187 sync=371 complete=370 incomplete=1 incomplete_blocks=8 hold=370/370 hold_timeout=0
I (62126) rc_net: [CAM-PROBE] Video TX seq=390 jpeg_len=9728 crc32=0xd62048e8 chunks=9
W (62334) rc_net: Video UDP send failed: seq=392 chunk=3/9 bytes=1208 sent=-1 errno=12 attempts=4
W (62335) rc_video: Video send failed: ESP_FAIL
I (62980) rc_video: Sent 390 | cap_fps=9.8 send_fps=9.8 capture_size_errors=0 capture_identity_errors=0 | Avg(ms): wait=19.5 cache=0.8 subsample=23.5 encode=42.9 send=9.9 total=96.7 | JPEG=9832B
I (63024) rc_video: [VIDEO-TX] handoff cap=400 get=801 select_fail=0 finished=400 signal=400 acquire=400 acquire_fail=0 release_fail=0 backup=0/0
I (63029) rc_video: [STABLE-CAPTURE] pause=401/401 timeout=0 quiesce=400 resume=400 lifecycle_errors=0 repairs=400 staged_events=4497 copies=4420 fallback=0 errors=0 prepare=401 stale_queue=0 pending_vsync=203 sync=402 complete=401 incomplete=1 incomplete_blocks=8 hold=401/401 hold_timeout=0
W (64800) rc_net: Video UDP send failed: seq=417 chunk=2/9 bytes=1208 sent=-1 errno=12 attempts=4
W (64801) rc_video: Video send failed: ESP_FAIL
W (64943) rc_video: Video send failed: ESP_FAIL
W (64994) rc_video: Video send failed: ESP_FAIL
I (65135) rc_net: [CAM-PROBE] Video TX seq=420 jpeg_len=9542 crc32=0x7473b764 chunks=8
W (65788) rc_video: Video send failed: ESP_FAIL
W (65936) rc_net: Video UDP send failed: seq=428 chunk=6/8 bytes=1208 sent=-1 errno=12 attempts=4
W (65936) rc_video: Video send failed: ESP_FAIL
W (65989) rc_video: Video send failed: ESP_FAIL
W (66586) rc_video: Video send failed: ESP_FAIL
W (66727) rc_video: Video send failed: ESP_FAIL
I (66779) rc_video: Sent 420 | cap_fps=10.0 send_fps=7.9 capture_size_errors=0 capture_identity_errors=0 | Avg(ms): wait=21.3 cache=1.0 subsample=23.4 encode=45.8 send=8.7 total=100.2 | JPEG=9020B
I (66787) rc_video: [VIDEO-TX] handoff cap=438 get=877 select_fail=0 finished=438 signal=438 acquire=438 acquire_fail=0 release_fail=0 backup=0/0
I (66824) rc_video: [STABLE-CAPTURE] pause=438/438 timeout=0 quiesce=438 resume=438 lifecycle_errors=0 repairs=438 staged_events=4920 copies=4838 fallback=0 errors=0 prepare=439 stale_queue=0 pending_vsync=223 sync=440 complete=439 incomplete=1 incomplete_blocks=8 hold=438/438 hold_timeout=0
W (66906) rc_video: Video send failed: ESP_FAIL
I (68079) rc_net: [CAM-PROBE] Video TX seq=450 jpeg_len=8957 crc32=0xb057767f chunks=8
I (70063) rc_video: Sent 450 | cap_fps=9.4 send_fps=9.1 capture_size_errors=0 capture_identity_errors=0 | Avg(ms): wait=28.1 cache=0.9 subsample=23.3 encode=43.9 send=7.2 total=103.4 | JPEG=8416B
I (70109) rc_video: [VIDEO-TX] handoff cap=469 get=939 select_fail=0 finished=469 signal=469 acquire=469 acquire_fail=0 release_fail=0 backup=0/0
I (70112) rc_video: [STABLE-CAPTURE] pause=469/469 timeout=0 quiesce=469 resume=469 lifecycle_errors=0 repairs=469 staged_events=5297 copies=5208 fallback=0 errors=0 prepare=470 stale_queue=0 pending_vsync=239 sync=476 complete=470 incomplete=6 incomplete_blocks=37 hold=469/469 hold_timeout=0
I (71311) rc_net: [CAM-PROBE] Video TX seq=480 jpeg_len=8490 crc32=0x615ccd71 chunks=8
W (72363) rc_net: Video UDP send failed: seq=491 chunk=6/8 bytes=1208 sent=-1 errno=12 attempts=4
W (72363) rc_video: Video send failed: ESP_FAIL
I (73153) rc_video: Sent 480 | cap_fps=10.0 send_fps=9.7 capture_size_errors=0 capture_identity_errors=0 | Avg(ms): wait=21.6 cache=0.9 subsample=23.2 encode=43.9 send=8.4 total=98.0 | JPEG=8580B
I (73198) rc_video: [VIDEO-TX] handoff cap=500 get=1001 select_fail=0 finished=500 signal=500 acquire=500 acquire_fail=0 release_fail=0 backup=0/0
I (73200) rc_video: [STABLE-CAPTURE] pause=500/500 timeout=0 quiesce=500 resume=500 lifecycle_errors=0 repairs=500 staged_events=5642 copies=5549 fallback=0 errors=0 prepare=501 stale_queue=0 pending_vsync=255 sync=507 complete=501 incomplete=6 incomplete_blocks=37 hold=500/500 hold_timeout=0
I (74264) rc_net: [CAM-PROBE] Video TX seq=510 jpeg_len=8582 crc32=0x3b594ba8 chunks=8
W (76155) rc_net: Video UDP send failed: seq=529 chunk=5/8 bytes=1208 sent=-1 errno=12 attempts=4
W (76155) rc_video: Video send failed: ESP_FAIL
I (76308) rc_video: Sent 510 | cap_fps=10.1 send_fps=9.5 capture_size_errors=0 capture_identity_errors=0 | Avg(ms): wait=23.3 cache=0.9 subsample=23.9 encode=43.6 send=8.8 total=100.4 | JPEG=8885B
I (76315) rc_video: [VIDEO-TX] handoff cap=532 get=1064 select_fail=0 finished=532 signal=532 acquire=531 acquire_fail=0 release_fail=0 backup=0/0
I (76328) rc_video: [STABLE-CAPTURE] pause=532/532 timeout=0 quiesce=531 resume=531 lifecycle_errors=0 repairs=531 staged_events=5989 copies=5890 fallback=0 errors=0 prepare=532 stale_queue=0 pending_vsync=271 sync=538 complete=532 incomplete=6 incomplete_blocks=37 hold=532/532 hold_timeout=0
I (77327) rc_net: [CAM-PROBE] Video TX seq=540 jpeg_len=8798 crc32=0x9109f7b8 chunks=8
I (79311) rc_video: Sent 540 | cap_fps=10.0 send_fps=10.0 capture_size_errors=0 capture_identity_errors=0 | Avg(ms): wait=22.4 cache=0.9 subsample=23.5 encode=43.9 send=7.4 total=98.1 | JPEG=8949B
I (79318) rc_video: [VIDEO-TX] handoff cap=562 get=1124 select_fail=0 finished=562 signal=562 acquire=561 acquire_fail=0 release_fail=0 backup=0/0
I (79331) rc_video: [STABLE-CAPTURE] pause=562/562 timeout=0 quiesce=561 resume=561 lifecycle_errors=0 repairs=561 staged_events=6325 copies=6220 fallback=0 errors=0 prepare=562 stale_queue=0 pending_vsync=286 sync=568 complete=562 incomplete=6 incomplete_blocks=37 hold=562/562 hold_timeout=0
I (80310) rc_net: [CAM-PROBE] Video TX seq=570 jpeg_len=9098 crc32=0x0f5a3873 chunks=8
I (82294) rc_video: Sent 570 | cap_fps=9.7 send_fps=10.1 capture_size_errors=0 capture_identity_errors=0 | Avg(ms): wait=19.4 cache=0.8 subsample=23.7 encode=44.6 send=8.9 total=97.3 | JPEG=8897B
I (82342) rc_video: [VIDEO-TX] handoff cap=592 get=1184 select_fail=0 finished=592 signal=592 acquire=591 acquire_fail=0 release_fail=0 backup=0/0
I (82346) rc_video: [STABLE-CAPTURE] pause=592/592 timeout=0 quiesce=591 resume=591 lifecycle_errors=0 repairs=591 staged_events=6660 copies=6550 fallback=0 errors=0 prepare=592 stale_queue=0 pending_vsync=302 sync=598 complete=592 incomplete=6 incomplete_blocks=37 hold=592/592 hold_timeout=0
I (83343) rc_net: [CAM-PROBE] Video TX seq=600 jpeg_len=8934 crc32=0x7cc15329 chunks=8
I (85299) rc_video: Sent 600 | cap_fps=10.0 send_fps=10.0 capture_size_errors=0 capture_identity_errors=0 | Avg(ms): wait=19.4 cache=0.8 subsample=23.5 encode=45.4 send=7.8 total=96.9 | JPEG=8809B
I (85306) rc_video: [VIDEO-TX] handoff cap=621 get=1243 select_fail=0 finished=621 signal=621 acquire=621 acquire_fail=0 release_fail=0 backup=0/0
I (85347) rc_video: [STABLE-CAPTURE] pause=621/621 timeout=0 quiesce=621 resume=621 lifecycle_errors=0 repairs=621 staged_events=6998 copies=6880 fallback=0 errors=0 prepare=622 stale_queue=0 pending_vsync=317 sync=628 complete=622 incomplete=6 incomplete_blocks=37 hold=621/621 hold_timeout=0
I (86352) rc_net: [CAM-PROBE] Video TX seq=630 jpeg_len=8769 crc32=0x80ade109 chunks=8
I (88335) rc_video: Sent 630 | cap_fps=10.2 send_fps=9.9 capture_size_errors=0 capture_identity_errors=0 | Avg(ms): wait=20.3 cache=0.9 subsample=23.3 encode=44.2 send=9.4 total=98.1 | JPEG=8892B
I (88343) rc_video: [VIDEO-TX] handoff cap=652 get=1304 select_fail=0 finished=652 signal=652 acquire=651 acquire_fail=0 release_fail=0 backup=0/0
I (88356) rc_video: [STABLE-CAPTURE] pause=652/652 timeout=0 quiesce=651 resume=651 lifecycle_errors=0 repairs=651 staged_events=7332 copies=7210 fallback=0 errors=0 prepare=652 stale_queue=0 pending_vsync=332 sync=658 complete=652 incomplete=6 incomplete_blocks=37 hold=652/652 hold_timeout=0
I (89360) rc_net: [CAM-PROBE] Video TX seq=660 jpeg_len=8774 crc32=0x0b12d0b6 chunks=8
W (91263) rc_net: Video UDP send failed: seq=679 chunk=3/8 bytes=1208 sent=-1 errno=12 attempts=4
W (91263) rc_video: Video send failed: ESP_FAIL
W (91320) rc_video: Video send failed: ESP_FAIL
W (91462) rc_video: Video send failed: ESP_FAIL
W (91514) rc_video: Video send failed: ESP_FAIL
I (91717) rc_video: Sent 660 | cap_fps=9.8 send_fps=8.9 capture_size_errors=0 capture_identity_errors=0 | Avg(ms): wait=23.8 cache=0.8 subsample=23.8 encode=43.4 send=5.5 total=97.3 | JPEG=8834B
I (91762) rc_video: [VIDEO-TX] handoff cap=686 get=1372 select_fail=0 finished=686 signal=686 acquire=685 acquire_fail=0 release_fail=0 backup=0/0
I (91766) rc_video: [STABLE-CAPTURE] pause=686/686 timeout=0 quiesce=685 resume=685 lifecycle_errors=0 repairs=685 staged_events=7710 copies=7584 fallback=0 errors=0 prepare=686 stale_queue=0 pending_vsync=350 sync=692 complete=686 incomplete=6 incomplete_blocks=37 hold=686/686 hold_timeout=0
I (92340) rc_net: [CAM-PROBE] Video TX seq=690 jpeg_len=8826 crc32=0x821ec694 chunks=8
I (94721) rc_video: Sent 690 | cap_fps=10.0 send_fps=10.0 capture_size_errors=0 capture_identity_errors=0 | Avg(ms): wait=22.6 cache=0.8 subsample=23.8 encode=44.7 send=5.2 total=97.1 | JPEG=8778B
I (94730) rc_video: [VIDEO-TX] handoff cap=715 get=1431 select_fail=0 finished=715 signal=715 acquire=715 acquire_fail=0 release_fail=0 backup=0/0
I (94768) rc_video: [STABLE-CAPTURE] pause=715/715 timeout=0 quiesce=715 resume=715 lifecycle_errors=0 repairs=715 staged_events=8043 copies=7914 fallback=0 errors=0 prepare=716 stale_queue=0 pending_vsync=366 sync=722 complete=716 incomplete=6 incomplete_blocks=37 hold=715/715 hold_timeout=0
I (95349) rc_net: [CAM-PROBE] Video TX seq=720 jpeg_len=9073 crc32=0x7a24462d chunks=8
I (97731) rc_video: Sent 720 | cap_fps=10.0 send_fps=10.0 capture_size_errors=0 capture_identity_errors=0 | Avg(ms): wait=21.2 cache=0.8 subsample=24.2 encode=43.3 send=7.9 total=97.4 | JPEG=8768B
I (97738) rc_video: [VIDEO-TX] handoff cap=745 get=1491 select_fail=0 finished=745 signal=745 acquire=745 acquire_fail=0 release_fail=0 backup=0/0
I (97777) rc_video: [STABLE-CAPTURE] pause=745/745 timeout=0 quiesce=745 resume=745 lifecycle_errors=0 repairs=745 staged_events=8380 copies=8244 fallback=0 errors=0 prepare=746 stale_queue=0 pending_vsync=382 sync=752 complete=746 incomplete=6 incomplete_blocks=37 hold=745/745 hold_timeout=0
I (98382) rc_net: [CAM-PROBE] Video TX seq=750 jpeg_len=8851 crc32=0x85b6bf27 chunks=8
I (100762) rc_video: Sent 750 | cap_fps=10.2 send_fps=9.9 capture_size_errors=0 capture_identity_errors=0 | Avg(ms): wait=20.3 cache=0.9 subsample=23.6 encode=46.3 send=6.8 total=97.9 | JPEG=8925B
I (100769) rc_video: [VIDEO-TX] handoff cap=776 get=1552 select_fail=0 finished=776 signal=776 acquire=775 acquire_fail=0 release_fail=0 backup=0/0
I (100782) rc_video: [STABLE-CAPTURE] pause=776/776 timeout=0 quiesce=775 resume=775 lifecycle_errors=0 repairs=775 staged_events=8712 copies=8574 fallback=0 errors=0 prepare=776 stale_queue=0 pending_vsync=397 sync=782 complete=776 incomplete=6 incomplete_blocks=37 hold=776/776 hold_timeout=0
I (101390) rc_net: [CAM-PROBE] Video TX seq=780 jpeg_len=8834 crc32=0x81a4ffbd chunks=8
I (103771) rc_video: Sent 780 | cap_fps=10.0 send_fps=10.0 capture_size_errors=0 capture_identity_errors=0 | Avg(ms): wait=23.5 cache=0.8 subsample=23.6 encode=44.8 send=5.4 total=98.1 | JPEG=8820B
I (103779) rc_video: [VIDEO-TX] handoff cap=806 get=1612 select_fail=0 finished=806 signal=806 acquire=805 acquire_fail=0 release_fail=0 backup=0/0
I (103792) rc_video: [STABLE-CAPTURE] pause=806/806 timeout=0 quiesce=805 resume=805 lifecycle_errors=0 repairs=805 staged_events=9048 copies=8904 fallback=0 errors=0 prepare=806 stale_queue=0 pending_vsync=412 sync=812 complete=806 incomplete=6 incomplete_blocks=37 hold=806/806 hold_timeout=0
I (104398) rc_net: [CAM-PROBE] Video TX seq=810 jpeg_len=8867 crc32=0x9d48fca3 chunks=8
I (106755) rc_video: Sent 810 | cap_fps=9.7 send_fps=10.1 capture_size_errors=0 capture_identity_errors=0 | Avg(ms): wait=22.5 cache=0.8 subsample=24.7 encode=42.5 send=6.8 total=97.4 | JPEG=8783B
I (106762) rc_video: [VIDEO-TX] handoff cap=835 get=1671 select_fail=0 finished=835 signal=835 acquire=835 acquire_fail=0 release_fail=0 backup=0/0
I (106801) rc_video: [STABLE-CAPTURE] pause=835/835 timeout=0 quiesce=835 resume=835 lifecycle_errors=0 repairs=835 staged_events=9388 copies=9234 fallback=0 errors=0 prepare=836 stale_queue=0 pending_vsync=428 sync=842 complete=836 incomplete=6 incomplete_blocks=37 hold=835/835 hold_timeout=0
I (107407) rc_net: [CAM-PROBE] Video TX seq=840 jpeg_len=8897 crc32=0x18dabcfc chunks=8
I (109789) rc_video: Sent 840 | cap_fps=10.2 send_fps=9.9 capture_size_errors=0 capture_identity_errors=0 | Avg(ms): wait=20.4 cache=0.9 subsample=24.3 encode=44.4 send=8.2 total=98.1 | JPEG=8764B
I (109796) rc_video: [VIDEO-TX] handoff cap=866 get=1732 select_fail=0 finished=866 signal=866 acquire=865 acquire_fail=0 release_fail=0 backup=0/0
I (109809) rc_video: [STABLE-CAPTURE] pause=866/866 timeout=0 quiesce=865 resume=865 lifecycle_errors=0 repairs=865 staged_events=9720 copies=9564 fallback=0 errors=0 prepare=866 stale_queue=0 pending_vsync=443 sync=872 complete=866 incomplete=6 incomplete_blocks=37 hold=866/866 hold_timeout=0
I (110384) rc_net: [CAM-PROBE] Video TX seq=870 jpeg_len=8785 crc32=0x7ca21445 chunks=8
I (112769) rc_video: Sent 870 | cap_fps=9.7 send_fps=10.1 capture_size_errors=0 capture_identity_errors=0 | Avg(ms): wait=19.3 cache=0.8 subsample=24.1 encode=43.9 send=9.2 total=97.3 | JPEG=9003B
I (112778) rc_video: [VIDEO-TX] handoff cap=895 get=1791 select_fail=0 finished=895 signal=895 acquire=895 acquire_fail=0 release_fail=0 backup=0/0
I (112817) rc_video: [STABLE-CAPTURE] pause=895/895 timeout=0 quiesce=895 resume=895 lifecycle_errors=0 repairs=895 staged_events=10060 copies=9894 fallback=0 errors=0 prepare=896 stale_queue=0 pending_vsync=459 sync=902 complete=896 incomplete=6 incomplete_blocks=37 hold=895/895 hold_timeout=0
W (112933) rc_tank: [DVP-MATRIX] result stage=7 strategy=direct_rebuild_before_channels complete=897 incomplete=6 incomplete_blocks=37 sync_defer=0 released=0 collisions=0 release_errors=0 defer_hist=0,0,0,0,0,0,0,0,0,0,0 mismatch_hist=0,3,2,3,2,0,1,2,19,25,732 prepare=897 pending=460 hold=896/896 hold_timeout=0
W (112955) rc_tank: [DVP-MATRIX] confirmation complete strategy=direct_rebuild_before_channels; automatic restarts stopped

[HOST-DVP-MATRIX 14:17:10] REBUILD-R1 confirmation complete; hold 30s
I (113398) rc_net: [CAM-PROBE] Video TX seq=900 jpeg_len=9038 crc32=0x0b3f85fd chunks=8
I (115778) rc_video: Sent 900 | cap_fps=10.0 send_fps=10.0 capture_size_errors=0 capture_identity_errors=0 | Avg(ms): wait=21.5 cache=0.9 subsample=24.1 encode=42.3 send=8.5 total=97.2 | JPEG=8567B
I (115826) rc_video: [VIDEO-TX] handoff cap=926 get=1852 select_fail=0 finished=926 signal=926 acquire=925 acquire_fail=0 release_fail=0 backup=0/0
I (115828) rc_video: [STABLE-CAPTURE] pause=926/926 timeout=0 quiesce=925 resume=925 lifecycle_errors=0 repairs=925 staged_events=10395 copies=10224 fallback=0 errors=0 prepare=926 stale_queue=0 pending_vsync=475 sync=932 complete=926 incomplete=6 incomplete_blocks=37 hold=926/926 hold_timeout=0
I (116404) rc_net: [CAM-PROBE] Video TX seq=930 jpeg_len=8705 crc32=0x3054f50e chunks=8
I (118783) rc_video: Sent 930 | cap_fps=10.0 send_fps=10.0 capture_size_errors=0 capture_identity_errors=0 | Avg(ms): wait=23.0 cache=0.9 subsample=23.6 encode=43.9 send=5.7 total=97.0 | JPEG=8641B
I (118791) rc_video: [VIDEO-TX] handoff cap=955 get=1911 select_fail=0 finished=955 signal=955 acquire=955 acquire_fail=0 release_fail=0 backup=0/0
I (118834) rc_video: [STABLE-CAPTURE] pause=956/956 timeout=0 quiesce=955 resume=955 lifecycle_errors=0 repairs=955 staged_events=10731 copies=10554 fallback=0 errors=0 prepare=956 stale_queue=0 pending_vsync=491 sync=962 complete=956 incomplete=6 incomplete_blocks=37 hold=956/956 hold_timeout=0
I (119439) rc_net: [CAM-PROBE] Video TX seq=960 jpeg_len=8515 crc32=0xbef2a0d3 chunks=8
I (121793) rc_video: Sent 960 | cap_fps=10.0 send_fps=10.0 capture_size_errors=0 capture_identity_errors=0 | Avg(ms): wait=23.5 cache=0.9 subsample=24.1 encode=41.8 send=7.0 total=97.2 | JPEG=8328B
I (121841) rc_video: [VIDEO-TX] handoff cap=985 get=1971 select_fail=0 finished=985 signal=985 acquire=985 acquire_fail=0 release_fail=0 backup=0/0
I (121843) rc_video: [STABLE-CAPTURE] pause=986/986 timeout=0 quiesce=985 resume=985 lifecycle_errors=0 repairs=985 staged_events=11070 copies=10884 fallback=0 errors=0 prepare=986 stale_queue=0 pending_vsync=507 sync=992 complete=986 incomplete=6 incomplete_blocks=37 hold=986/986 hold_timeout=0
I (122449) rc_net: [CAM-PROBE] Video TX seq=990 jpeg_len=8488 crc32=0x06680900 chunks=8
I (124827) rc_video: Sent 990 | cap_fps=10.2 send_fps=9.9 capture_size_errors=0 capture_identity_errors=0 | Avg(ms): wait=21.3 cache=0.9 subsample=23.6 encode=43.7 send=8.6 total=98.0 | JPEG=8709B
I (124834) rc_video: [VIDEO-TX] handoff cap=1016 get=2032 select_fail=0 finished=1016 signal=1016 acquire=1015 acquire_fail=0 release_fail=0 backup=0/0
I (124847) rc_video: [STABLE-CAPTURE] pause=1016/1016 timeout=0 quiesce=1015 resume=1015 lifecycle_errors=0 repairs=1015 staged_events=11405 copies=11214 fallback=0 errors=0 prepare=1016 stale_queue=0 pending_vsync=522 sync=1022 complete=1016 incomplete=6 incomplete_blocks=37 hold=1016/1016 hold_timeout=0
I (125455) rc_net: [CAM-PROBE] Video TX seq=1020 jpeg_len=8735 crc32=0x53d05bdb chunks=8
I (127813) rc_video: Sent 1020 | cap_fps=9.7 send_fps=10.0 capture_size_errors=0 capture_identity_errors=0 | Avg(ms): wait=21.7 cache=0.9 subsample=23.7 encode=43.7 send=6.1 total=96.1 | JPEG=9017B
I (127856) rc_video: [VIDEO-TX] handoff cap=1045 get=2091 select_fail=0 finished=1045 signal=1045 acquire=1045 acquire_fail=0 release_fail=0 backup=0/0
I (127860) rc_video: [STABLE-CAPTURE] pause=1046/1046 timeout=0 quiesce=1045 resume=1045 lifecycle_errors=0 repairs=1045 staged_events=11741 copies=11544 fallback=0 errors=0 prepare=1046 stale_queue=0 pending_vsync=538 sync=1052 complete=1046 incomplete=6 incomplete_blocks=37 hold=1046/1046 hold_timeout=0
I (128437) rc_net: [CAM-PROBE] Video TX seq=1050 jpeg_len=8977 crc32=0xe288c619 chunks=8
I (130823) rc_video: Sent 1050 | cap_fps=10.0 send_fps=10.0 capture_size_errors=0 capture_identity_errors=0 | Avg(ms): wait=23.2 cache=0.9 subsample=23.4 encode=43.7 send=6.1 total=97.3 | JPEG=8824B
I (130873) rc_video: [VIDEO-TX] handoff cap=1076 get=2152 select_fail=0 finished=1076 signal=1076 acquire=1075 acquire_fail=0 release_fail=0 backup=0/0
I (130887) rc_video: [STABLE-CAPTURE] pause=1076/1076 timeout=0 quiesce=1075 resume=1075 lifecycle_errors=0 repairs=1075 staged_events=12078 copies=11874 fallback=0 errors=0 prepare=1076 stale_queue=0 pending_vsync=554 sync=1082 complete=1076 incomplete=6 incomplete_blocks=37 hold=1076/1076 hold_timeout=0
I (131510) rc_net: [CAM-PROBE] Video TX seq=1080 jpeg_len=8803 crc32=0xd966dd9c chunks=8
I (133889) rc_video: Sent 1080 | cap_fps=10.1 send_fps=9.8 capture_size_errors=0 capture_identity_errors=0 | Avg(ms): wait=22.9 cache=0.8 subsample=23.5 encode=44.4 send=7.0 total=98.6 | JPEG=8805B
I (133897) rc_video: [VIDEO-TX] handoff cap=1106 get=2212 select_fail=0 finished=1106 signal=1106 acquire=1105 acquire_fail=0 release_fail=0 backup=0/0
I (133910) rc_video: [STABLE-CAPTURE] pause=1106/1106 timeout=0 quiesce=1105 resume=1105 lifecycle_errors=0 repairs=1105 staged_events=12413 copies=12204 fallback=0 errors=0 prepare=1106 stale_queue=0 pending_vsync=569 sync=1112 complete=1106 incomplete=6 incomplete_blocks=37 hold=1106/1106 hold_timeout=0
I (134520) rc_net: [CAM-PROBE] Video TX seq=1110 jpeg_len=8746 crc32=0x8cadc13e chunks=8
I (136900) rc_video: Sent 1110 | cap_fps=10.0 send_fps=10.0 capture_size_errors=0 capture_identity_errors=0 | Avg(ms): wait=20.3 cache=0.8 subsample=24.0 encode=44.8 send=8.4 total=98.2 | JPEG=8795B
I (136907) rc_video: [VIDEO-TX] handoff cap=1136 get=2272 select_fail=0 finished=1136 signal=1136 acquire=1135 acquire_fail=0 release_fail=0 backup=0/0
I (136920) rc_video: [STABLE-CAPTURE] pause=1136/1136 timeout=0 quiesce=1135 resume=1135 lifecycle_errors=0 repairs=1135 staged_events=12747 copies=12534 fallback=0 errors=0 prepare=1136 stale_queue=0 pending_vsync=584 sync=1142 complete=1136 incomplete=6 incomplete_blocks=37 hold=1136/1136 hold_timeout=0
I (137529) rc_net: [CAM-PROBE] Video TX seq=1140 jpeg_len=8820 crc32=0x0587ad8f chunks=8
I (139905) rc_video: Sent 1140 | cap_fps=10.0 send_fps=10.0 capture_size_errors=0 capture_identity_errors=0 | Avg(ms): wait=19.2 cache=0.9 subsample=24.1 encode=44.3 send=9.5 total=98.0 | JPEG=8815B
I (139912) rc_video: [VIDEO-TX] handoff cap=1166 get=2332 select_fail=0 finished=1166 signal=1166 acquire=1165 acquire_fail=0 release_fail=0 backup=0/0
I (139926) rc_video: [STABLE-CAPTURE] pause=1166/1166 timeout=0 quiesce=1165 resume=1165 lifecycle_errors=0 repairs=1165 staged_events=13082 copies=12864 fallback=0 errors=0 prepare=1166 stale_queue=0 pending_vsync=599 sync=1172 complete=1166 incomplete=6 incomplete_blocks=37 hold=1166/1166 hold_timeout=0
I (140534) rc_net: [CAM-PROBE] Video TX seq=1170 jpeg_len=8811 crc32=0x648b2050 chunks=8
I (142916) rc_video: Sent 1170 | cap_fps=10.0 send_fps=10.0 capture_size_errors=0 capture_identity_errors=0 | Avg(ms): wait=19.2 cache=0.9 subsample=24.4 encode=44.1 send=8.2 total=96.9 | JPEG=8786B
I (142924) rc_video: [VIDEO-TX] handoff cap=1196 get=2392 select_fail=0 finished=1196 signal=1196 acquire=1195 acquire_fail=0 release_fail=0 backup=0/0
I (142937) rc_video: [STABLE-CAPTURE] pause=1196/1196 timeout=0 quiesce=1195 resume=1195 lifecycle_errors=0 repairs=1195 staged_events=13419 copies=13194 fallback=0 errors=0 prepare=1196 stale_queue=0 pending_vsync=614 sync=1202 complete=1196 incomplete=6 incomplete_blocks=37 hold=1196/1196 hold_timeout=0

[HOST-DVP-MATRIX 14:17:40] REBUILD-R1 capture end stages=[0, 1, 2, 3, 4, 5, 6, 7] recoveries=8 complete=True
