
[HOST-DVP-MATRIX 10:54:04] MATRIX-R3 capture begin

[HOST-DVP-MATRIX 10:54:04] Tank RAM bootloader start
esptool.py v4.12.dev2
Serial port COM7
Connecting....
Chip is ESP32-S3 (QFN56) (revision v0.2)
Features: WiFi, BLE
Crystal is 40MHz
MAC: 44:1b:f6:f3:ae:78
Uploading stub...
Running stub...
Stub running...
RAM boot...
Downloading 5360 bytes at 3fce2820... done!
Downloading 3364 bytes at 403c8700... done!
Downloading 12016 bytes at 403cb700... done!
All segments done, executing at 403c8924
Exiting immediately.

[HOST-DVP-MATRIX 10:54:07] Tank RAM bootloader complete
p revision: v0.2
I (2937) boot: efuse block revision: v1.3
I (2941) boot.esp32s3: Boot SPI Speed : 80MHz
I (2945) boot.esp32s3: SPI Mode       : SLOW READ
I (2949) boot.esp32s3: SPI Flash Size : 8MB
I (2953) boot: Enabling RNG early entropy source...
I (2958) boot: Partition Table:
I (2961) boot: ## Label            Usage          Type ST Offset   Length
I (2967) boot:  0 nvs              WiFi data        01 02 00009000 00006000
I (2974) boot:  1 phy_init         RF data          01 01 0000f000 00001000
I (2981) boot:  2 factory          factory app      00 00 00010000 00300000
I (2987) boot:  3 storage          Unknown data     01 82 00310000 00100000
I (2994) boot: End of partition table
I (2998) esp_image: segment 0: paddr=00010020 vaddr=3c0a0020 size=24c30h (150576) map
I (3097) esp_image: segment 1: paddr=00034c58 vaddr=3fca0c00 size=05560h ( 21856) load
I (3111) esp_image: segment 2: paddr=0003a1c0 vaddr=40374000 size=05e58h ( 24152) load
I (3127) esp_image: segment 3: paddr=00040020 vaddr=42000020 size=9b61ch (636444) map
I (3516) esp_image: segment 4: paddr=000db644 vaddr=40379e58 size=16d04h ( 93444) load
I (3577) esp_image: segment 5: paddr=000f2350 vaddr=50000000 size=00020h (    32) load
I (3588) boot: Loaded app from partition at offset 0x10000
I (3588) boot: Disabling RNG early entropy source...
I (3600) esp_psram: Found 8MB PSRAM device
I (3600) esp_psram: Speed: 80MHz
I (3601) cpu_start: Multicore app
I (4519) esp_psram: SPI SRAM memory test OK
I (4527) cpu_start: GPIO 44 and 43 are used as console UART I/O pins
I (4528) cpu_start: Pro cpu start user code
I (4528) cpu_start: cpu freq: 240000000 Hz
I (4530) app_init: Application information:
I (4534) app_init: Project name:     rc_tank_demo
I (4538) app_init: App version:      1
I (4542) app_init: Compile time:     Aug 26 2026 10:51:10
I (4547) app_init: ELF file SHA256:  802891069...
I (4551) app_init: ESP-IDF:          GIT-NOTFOUND
I (4556) efuse_init: Min chip rev:     v0.0
I (4559) efuse_init: Max chip rev:     v0.99 
I (4564) efuse_init: Chip rev:         v0.2
I (4568) heap_init: Initializing. RAM available for dynamic allocation:
I (4574) heap_init: At 3FCAA290 len 0003F480 (253 KiB): RAM
I (4579) heap_init: At 3FCE9710 len 00005724 (21 KiB): RAM
I (4584) heap_init: At 3FCF0000 len 00008000 (32 KiB): DRAM
I (4590) heap_init: At 600FE000 len 00001FE8 (7 KiB): RTCRAM
I (4595) esp_psram: Adding pool of 8192K of PSRAM memory to heap allocator
I (4603) spi_flash: detected chip: generic
I (4605) spi_flash: flash io: dio
I (4609) sleep_gpio: Configure to isolate all GPIO pins in sleep state
I (4615) sleep_gpio: Enable automatic switching of GPIO sleep configuration
I (4622) main_task: Started on CPU0
I (4646) esp_psram: Reserving pool of 64K of internal memory for DMA/internal allocations
I (4647) main_task: Calling app_main()
I (4653) rc_tank: === RC Tank Demo (EX-035) Role: TANK ===
I (4654) rc_tank: Startup delay 10 s (open serial monitor now)...
I (4657) rc_tank:   starting in 10 s
I (5661) rc_tank:   starting in 9 s
I (6661) rc_tank:   starting in 8 s
I (7661) rc_tank:   starting in 7 s
I (8661) rc_tank:   starting in 6 s
I (9661) rc_tank:   starting in 5 s
I (10661) rc_tank:   starting in 4 s
I (11661) rc_tank:   starting in 3 s
I (12661) rc_tank:   starting in 2 s
I (13661) rc_tank:   starting in 1 s
I (14661) rc_tank: Starting Tank role (P1: network, P2: control, P3: video)
I (14661) board_laiwfs300: init board support package
I (14661) board_laiwfs300: init capability registry
I (14666) board_laiwfs300: init I2C bus: SDA=GPIO48 SCL=GPIO47
I (14672) bus_i2c: I2C0 initialized: SDA=GPIO48 SCL=GPIO47 speed=100000Hz
I (14678) board_laiwfs300: --- I2C bus scan (0x08-0x77) ---
I (14685) board_laiwfs300:   I2C device ACK at 0x15
I (14688) board_laiwfs300:   I2C device ACK at 0x18
I (14693) board_laiwfs300:   I2C device ACK at 0x21
I (14697) board_laiwfs300:   I2C device ACK at 0x22
I (14705) board_laiwfs300:   I2C device ACK at 0x40
I (14708) board_laiwfs300:   I2C device ACK at 0x51
I (14714) board_laiwfs300:   I2C device ACK at 0x68
I (14717) board_laiwfs300: --- I2C scan done: 7 device(s) found ---
W (14721) board_laiwfs300: TPT29555A (IOEX) NOT found at 0x20 (NACK)
I (14727) board_laiwfs300: ES8311 (Codec) found at 0x18
I (14732) board_laiwfs300: ES7210 (ADC) found at 0x40
I (14737) board_laiwfs300: AIP8563 (RTC) found at 0x51
I (14742) board_laiwfs300: BMI260 (IMU @0x68) found at 0x68
W (14747) board_laiwfs300: BMI260 (IMU @0x69) NOT found at 0x69 (NACK)
I (14753) board_laiwfs300: SP0A39 (Camera) found at 0x21
I (14760) board_laiwfs300: ES8311 chip ID: 0x83 0x11
I (14764) board_laiwfs300: ES7210 chip ID: 0x72
I (14769) board_laiwfs300: AIP8563 RTC time: 22:27:20 (BCD raw)
I (14773) board_laiwfs300: BMI260 chip ID: 0x27 (expect 0x27)
I (14778) board_laiwfs300: init SPI bus manager
I (14784) board_laiwfs300: init ADC service
I (14787) board_adc: ADC1 oneshot initialized
I (14791) board_laiwfs300: init board power service
I (14796) board_laiwfs300: ADC D0_DETECT (GPIO1): raw=4095 (~3100 mV)
I (14801) board_laiwfs300: ADC BAT_ADC (GPIO7): raw=1654 (~1252 mV)
I (14807) board_laiwfs300: ADC SW_ADC (GPIO8): raw=4095 (~3100 mV)
I (14813) board_laiwfs300: init IO expander: TPT29555A addr=0x22
I (14822) io_expander: TPT29555A initialized at 0x22
I (14824) board_laiwfs300: IO expander initialized OK
I (14828) board_laiwfs300: init module detect
I (14833) board_laiwfs300: register detection rules
I (14837) board_laiwfs300: register default capabilities
I (14842) board_laiwfs300: board init complete (ioex=OK)
I (14847) rc_tank: [STEP] Motor init starting...
I (14852) board_motor: motor input 1 -> GPIO5 / LEDC channel 0
I (14857) board_motor: motor input 2 -> GPIO4 / LEDC channel 1
I (14863) board_motor: motor input 3 -> GPIO37 / LEDC channel 2
I (14868) board_motor: motor input 4 -> GPIO45 / LEDC channel 3
I (14874) rc_control: Motor initialized
I (14877) rc_tank: [STEP] Motor init OK
I (14881) rc_tank: [STEP] Display init starting...
I (14886) rc_video: Initializing Tank display
I (14891) display_hal: init ST7789V3 LCD 240x320 SPI host=1
E (15036) spi: spi_bus_initialize(816): SPI bus already initialized.
I (15157) display_hal: ST7789V3 LCD initialized
I (15157) board_display: display mapped: MOSI=GPIO13 SCK=GPIO12 CS=GPIO10 DC=GPIO16 BL=GPIO17 LCD_RST=IOEX P1_5 pclk=20000000
I (15162) rc_video: Tank display task started (status screen)
I (15163) rc_video: Tank display initialized (status task owns LCD)
I (15173) rc_tank: [STEP] Display init OK
I (15177) rc_tank: [STEP] Camera init starting...
I (15181) rc_video: Initializing camera (SP0A39 640x480 VYUY)
I (15187) board_camera: initializing SP0A39 camera mode=0 640x480
I (15192) camera_hal: init SP0A39 DVP 640x480 (SCCB manual mode)
I (15198) camera_hal: configuring IOEX pins for camera RESET/PWDN
I (15205) camera_hal: PWDN=HIGH (power down)
I (15218) camera_hal: PWDN=LOW (release sensor)
I (15418) camera_hal: RESET=LOW (assert reset)
I (15438) camera_hal: RESET=HIGH (release reset)
I (16438) camera_hal: full I2C scan after camera power-up (diagnostic only)...
I (16440) camera_hal:   post-powerup ACK at 0x15
I (16440) camera_hal:   post-powerup ACK at 0x18
I (16443) camera_hal:   post-powerup ACK at 0x21
I (16447) camera_hal:   post-powerup ACK at 0x22
I (16455) camera_hal:   post-powerup ACK at 0x40
I (16458) camera_hal:   post-powerup ACK at 0x51
I (16463) camera_hal:   post-powerup ACK at 0x68
I (16466) camera_hal: DVP GPIO diagnostics (checking PCLK/VSYNC/HSYNC activity)...
I (16532) camera_hal: DVP diagnostics: PCLK_changes=0 VSYNC_changes=0 HSYNC_changes=0
W (16532) camera_hal: PCLK has no transitions - MCLK likely not reaching sensor or sensor not active
I (16537) camera_hal: using sensor address 0x21
I (16542) camera_hal: SP0A39 I2C device added at 0x21
I (16548) camera_hal: SP0A39 chip ID: 0x0A39
I (16670) camera_hal: SP0A39 register init done: VYUY 640x480 (359 regs)
I (16671) camera_hal: [CAM-PROBE] SP0A39 p0_31 stage=post_table value=0x00 expected=0x01
E (16674) camera_hal: camera_hal_verify_expected_output_p0_31(92): unexpected p0_31=0x00 at post_table
W (16683) camera_hal: [CAM-PROBE] output state differs after table; continuing: ESP_ERR_INVALID_RESPONSE
I (16712) camera_hal: [CAM-PROBE] SP0A39 p0_31 stage=post_delay value=0x01 expected=0x01
I (16713) camera_hal: camera HAL initialized (sensor ready, DVP capture not yet implemented)
I (16717) board_camera: camera ready
I (16725) camera_hal: SP0A39 output regs: P0:1c=0x00 P0:30=0x01 P0:31=0x01 P1:32=0x15 P1:34=0xeb P1:35=0x00 P1:36=0x10
I (16857) rc_video:   3 DMA-capable PSRAM framebuffers allocated (600 KB each)
I (16860) dvp_ext: DVP Extended camera controller driver is initialized
I (16861) dvp_ext: [STABLE-DVP] assembly uses GDMA-EOF direct copy; dma=102400 half=51200 queue_data_events=suppressed eof_desc=probe
I (16872) rc_video: [STABLE-CAPTURE] staged DVP controller created dma=102400 half=51200
I (16879) rc_video: Camera initialized
I (16883) rc_tank: [STEP] Camera init OK
I (16886) rc_tank: [STEP] Network init starting...
I (16892) rc_net: Initializing as SoftAP (Tank)
I (16897) pp: pp rom version: e7ae62f
I (16899) net80211: net80211 rom version: e7ae62f
I (16906) wifi:wifi driver task: 3fce47a0, prio:23, stack:6656, core=0
I (16914) wifi:wifi firmware version: 0947e8b
I (16914) wifi:wifi certification version: v7.0
I (16918) wifi:config NVS flash: enabled
I (16921) wifi:config nano formatting: disabled
I (16926) wifi:Init data frame dynamic rx buffer num: 32
I (16931) wifi:Init static rx mgmt buffer num: 5
I (16935) wifi:Init management short buffer num: 32
I (16939) wifi:Init dynamic tx buffer num: 64
I (16944) wifi:Init static tx FG buffer num: 2
I (16948) wifi:Init static rx buffer size: 1600
I (16952) wifi:Init static rx buffer num: 10
I (16956) wifi:Init dynamic rx buffer num: 32
I (16961) wifi_init: rx ba win: 6
I (16963) wifi_init: accept mbox: 6
I (16966) wifi_init: tcpip mbox: 16
I (16969) wifi_init: udp mbox: 6
I (16972) wifi_init: tcp mbox: 6
I (16975) wifi_init: tcp tx win: 5760
I (16979) wifi_init: tcp rx win: 5760
I (16982) wifi_init: tcp mss: 1440
I (16985) wifi_init: WiFi IRAM OP enabled
I (16989) wifi_init: WiFi RX IRAM OP enabled
I (16994) rc_net: AP set_mode/config, SSID=RC_TANK_F3AE79 ch=1
I (17074) phy_init: phy_version 711,97bcf0a2,Aug 25 2025,19:04:10
W (17075) phy_init: failed to load RF calibration data (0x1102), falling back to full calibration
I (17122) phy_init: Saving new calibration data due to checksum failure or outdated calibration data, mode(2)
I (17131) wifi:mode : softAP (44:1b:f6:f3:ae:79)
I (17136) wifi:Total power save buffer number: 32
I (17137) wifi:Init max length of beacon: 752/752
I (17138) wifi:Init max length of beacon: 752/752
I (17140) rc_net: SoftAP started, SSID: RC_TANK_F3AE79, Password: 12345678
I (17141) esp_netif_lwip: DHCP server started on interface WIFI_AP_DEF with IP: 192.168.4.1
I (17154) rc_tank: [STEP] Network init OK
I (17157) rc_tank: Tank SoftAP ready, waiting for remote...
I (17163) rc_control: Ctrl RX task started
I (17166) rc_control: Tank control started
I (17170) rc_tank: Tank running (video + control; audio disabled)
I (17176) rc_tank: app_main done, idle loop
I (20336) wifi:new:<1,1>, old:<1,1>, ap:<1,1>, sta:<255,255>, prof:1, snd_ch_cfg:0x0
I (20337) wifi:station: 44:1b:f6:f3:ae:40 join, AID=1, bgn, 40U
I (20397) rc_net: STA connected, MAC: 44:1b:f6:f3:ae:40
I (20447) esp_netif_lwip: DHCP server assigned IP to a client, IP is: 192.168.4.2
I (20448) rc_net: STA assigned IP: 192.168.4.2
I (20448) rc_tank: Network connected, peer: 192.168.4.2
W (20457) rc_tank: [DVP-MATRIX] start stage=0 strategy=baseline_no_rebuild video_tx=not_created capture=not_started
I (20464) rc_net: Ctrl UDP socket bound to port 8001
I (20468) rc_net: Video UDP socket bound to port 8002
I (20474) rc_net: Audio TCP listening on port 8003
I (20477) rc_tank: Socket channels started
I (20481) rc_video: No local preview active; formal video handoff skipped
I (20489) camera_hal: [CAM-PROBE] SP0A39 p0_31 stage=dvp_started value=0x01 expected=0x01
I (20503) rc_video: Video TX task started (240x180, sensor-driven, Q=60)
I (20503) rc_video: TX theory: raw=614400 B/frame, encoded YUV=86400 B/frame, target10fps raw=0.86 MB/s
I (20547) rc_video: PSRAM TX buffers: subsample=86400B jpeg=43200B send=43208B free_psram=5592524 free_internal=59835
I (20548) rc_video: TX buffer caps: subsample=0x3c350120(psram=1) jpeg=0x3c3652a4(psram=1) send=0x3c36fea8(psram=1)
I (20604) rc_net: [CAM-PROBE] Video TX seq=0 jpeg_len=8242 crc32=0x6865e764 chunks=7
I (20609) rc_video: Tank video started (camera source)
W (20610) rc_tank: [DVP-MATRIX] observe stage=0 strategy=baseline_no_rebuild duration_ms=45000 under live Q60/UDP load
W (20614) rc_net: Video UDP send failed: seq=0 chunk=4/7 bytes=1208 sent=-1 errno=12 attempts=4
W (20668) rc_video: Video send failed: ESP_FAIL

[HOST-DVP-MATRIX 10:54:25] MATRIX-R3 stage=0 visible window begin
W (20763) rc_video: Video send failed: ESP_FAIL
W (20813) rc_video: Video send failed: ESP_FAIL
W (20962) rc_video: Video send failed: ESP_FAIL
W (21013) rc_video: Video send failed: ESP_FAIL
W (21159) rc_video: Video send failed: ESP_FAIL
W (21209) rc_video: Video send failed: ESP_FAIL
W (21354) rc_video: Video send failed: ESP_FAIL
W (21405) rc_video: Video send failed: ESP_FAIL
I (21683) wifi:<ba-add>idx:2 (ifx:1, 44:1b:f6:f3:ae:40), tid:0, ssn:0, winSize:64
I (23578) rc_net: [CAM-PROBE] Video TX seq=30 jpeg_len=8189 crc32=0x170159e3 chunks=7
I (24379) rc_video: Sent 30 | cap_fps=10.2 send_fps=7.8 capture_size_errors=0 capture_identity_errors=0 | Avg(ms): wait=25.7 cache=0.8 subsample=23.6 encode=44.1 send=4.2 total=98.5 | JPEG=8150B
I (24388) rc_video: [VIDEO-TX] handoff cap=39 get=79 select_fail=0 finished=39 signal=39 acquire=39 acquire_fail=0 release_fail=0 backup=0/0
I (24426) rc_video: [STABLE-CAPTURE] pause=39/39 timeout=0 quiesce=39 resume=39 lifecycle_errors=0 repairs=39 staged_events=450 copies=440 fallback=0 errors=0 prepare=40 stale_queue=0 pending_vsync=21 sync=40 complete=40 incomplete=0 incomplete_blocks=0 hold=39/39 hold_timeout=0
I (26618) rc_net: [CAM-PROBE] Video TX seq=60 jpeg_len=8182 crc32=0x8cd1b556 chunks=7
I (27413) rc_video: Sent 60 | cap_fps=10.2 send_fps=9.9 capture_size_errors=0 capture_identity_errors=0 | Avg(ms): wait=23.8 cache=0.9 subsample=23.3 encode=45.1 send=5.1 total=98.2 | JPEG=8260B
I (27420) rc_video: [VIDEO-TX] handoff cap=70 get=140 select_fail=0 finished=70 signal=70 acquire=69 acquire_fail=0 release_fail=0 backup=0/0
I (27433) rc_video: [STABLE-CAPTURE] pause=70/70 timeout=0 quiesce=69 resume=69 lifecycle_errors=0 repairs=69 staged_events=787 copies=770 fallback=0 errors=0 prepare=70 stale_queue=0 pending_vsync=36 sync=70 complete=70 incomplete=0 incomplete_blocks=0 hold=70/70 hold_timeout=0
W (29285) rc_net: Video UDP send failed: seq=87 chunk=4/8 bytes=1208 sent=-1 errno=12 attempts=4
W (29285) rc_video: Video send failed: ESP_FAIL
I (29625) rc_net: [CAM-PROBE] Video TX seq=90 jpeg_len=9030 crc32=0x990fc85d chunks=8
I (30475) rc_video: Sent 90 | cap_fps=9.8 send_fps=9.8 capture_size_errors=0 capture_identity_errors=0 | Avg(ms): wait=23.4 cache=0.9 subsample=23.4 encode=44.0 send=6.4 total=98.2 | JPEG=9089B
I (30483) rc_video: [VIDEO-TX] handoff cap=100 get=201 select_fail=0 finished=100 signal=100 acquire=100 acquire_fail=0 release_fail=0 backup=0/0
I (30522) rc_video: [STABLE-CAPTURE] pause=100/100 timeout=0 quiesce=100 resume=100 lifecycle_errors=0 repairs=100 staged_events=1138 copies=1111 fallback=0 errors=0 prepare=101 stale_queue=0 pending_vsync=52 sync=101 complete=101 incomplete=0 incomplete_blocks=0 hold=100/100 hold_timeout=0
I (32632) rc_net: [CAM-PROBE] Video TX seq=120 jpeg_len=8963 crc32=0xc3078c76 chunks=8
I (33484) rc_video: Sent 120 | cap_fps=10.0 send_fps=10.0 capture_size_errors=0 capture_identity_errors=0 | Avg(ms): wait=19.4 cache=0.9 subsample=23.7 encode=44.4 send=9.0 total=97.4 | JPEG=8940B
I (33491) rc_video: [VIDEO-TX] handoff cap=130 get=261 select_fail=0 finished=130 signal=130 acquire=130 acquire_fail=0 release_fail=0 backup=0/0
I (33531) rc_video: [STABLE-CAPTURE] pause=130/130 timeout=0 quiesce=130 resume=130 lifecycle_errors=0 repairs=130 staged_events=1472 copies=1441 fallback=0 errors=0 prepare=131 stale_queue=0 pending_vsync=68 sync=131 complete=131 incomplete=0 incomplete_blocks=0 hold=130/130 hold_timeout=0
I (35574) rc_net: [CAM-PROBE] Video TX seq=150 jpeg_len=8400 crc32=0x793f8d78 chunks=7
I (36518) rc_video: Sent 150 | cap_fps=10.2 send_fps=9.9 capture_size_errors=0 capture_identity_errors=0 | Avg(ms): wait=23.1 cache=0.9 subsample=23.7 encode=43.8 send=6.7 total=98.2 | JPEG=8346B
I (36525) rc_video: [VIDEO-TX] handoff cap=161 get=322 select_fail=0 finished=161 signal=161 acquire=160 acquire_fail=0 release_fail=0 backup=0/0
I (36538) rc_video: [STABLE-CAPTURE] pause=161/161 timeout=0 quiesce=160 resume=160 lifecycle_errors=0 repairs=160 staged_events=1807 copies=1771 fallback=0 errors=0 prepare=161 stale_queue=0 pending_vsync=83 sync=161 complete=161 incomplete=0 incomplete_blocks=0 hold=161/161 hold_timeout=0
I (38584) rc_net: [CAM-PROBE] Video TX seq=180 jpeg_len=8281 crc32=0xc3eec3e2 chunks=7
I (39523) rc_video: Sent 180 | cap_fps=10.0 send_fps=10.0 capture_size_errors=0 capture_identity_errors=0 | Avg(ms): wait=24.2 cache=0.9 subsample=23.3 encode=43.5 send=6.2 total=98.1 | JPEG=8225B
I (39531) rc_video: [VIDEO-TX] handoff cap=191 get=382 select_fail=0 finished=191 signal=191 acquire=190 acquire_fail=0 release_fail=0 backup=0/0
I (39544) rc_video: [STABLE-CAPTURE] pause=191/191 timeout=0 quiesce=190 resume=190 lifecycle_errors=0 repairs=190 staged_events=2145 copies=2101 fallback=0 errors=0 prepare=191 stale_queue=0 pending_vsync=98 sync=191 complete=191 incomplete=0 incomplete_blocks=0 hold=191/191 hold_timeout=0
I (41658) rc_net: [CAM-PROBE] Video TX seq=210 jpeg_len=8391 crc32=0x57b9b4e9 chunks=7
I (42501) rc_video: Sent 210 | cap_fps=9.7 send_fps=10.1 capture_size_errors=0 capture_identity_errors=0 | Avg(ms): wait=24.9 cache=0.8 subsample=23.5 encode=42.7 send=5.3 total=97.2 | JPEG=8362B
I (42509) rc_video: [VIDEO-TX] handoff cap=220 get=441 select_fail=0 finished=220 signal=220 acquire=220 acquire_fail=0 release_fail=0 backup=0/0
I (42553) rc_video: [STABLE-CAPTURE] pause=220/220 timeout=0 quiesce=220 resume=220 lifecycle_errors=0 repairs=220 staged_events=2481 copies=2431 fallback=0 errors=0 prepare=221 stale_queue=0 pending_vsync=114 sync=221 complete=221 incomplete=0 incomplete_blocks=0 hold=220/220 hold_timeout=0
I (44596) rc_net: [CAM-PROBE] Video TX seq=240 jpeg_len=8328 crc32=0x7b8663e0 chunks=7
I (45540) rc_video: Sent 240 | cap_fps=10.2 send_fps=9.9 capture_size_errors=0 capture_identity_errors=0 | Avg(ms): wait=25.7 cache=0.9 subsample=23.3 encode=43.9 send=4.6 total=98.5 | JPEG=8394B
I (45548) rc_video: [VIDEO-TX] handoff cap=251 get=502 select_fail=0 finished=251 signal=251 acquire=250 acquire_fail=0 release_fail=0 backup=0/0
I (45560) rc_video: [STABLE-CAPTURE] pause=251/251 timeout=0 quiesce=250 resume=250 lifecycle_errors=0 repairs=250 staged_events=2816 copies=2761 fallback=0 errors=0 prepare=251 stale_queue=0 pending_vsync=129 sync=251 complete=251 incomplete=0 incomplete_blocks=0 hold=251/251 hold_timeout=0
I (47603) rc_net: [CAM-PROBE] Video TX seq=270 jpeg_len=8184 crc32=0x8b21699b chunks=7
I (48546) rc_video: Sent 270 | cap_fps=10.0 send_fps=10.0 capture_size_errors=0 capture_identity_errors=0 | Avg(ms): wait=23.5 cache=0.9 subsample=23.9 encode=43.8 send=6.0 total=98.1 | JPEG=8374B
I (48553) rc_video: [VIDEO-TX] handoff cap=281 get=562 select_fail=0 finished=281 signal=281 acquire=280 acquire_fail=0 release_fail=0 backup=0/0
I (48566) rc_video: [STABLE-CAPTURE] pause=281/281 timeout=0 quiesce=280 resume=280 lifecycle_errors=0 repairs=280 staged_events=3150 copies=3091 fallback=0 errors=0 prepare=281 stale_queue=0 pending_vsync=144 sync=281 complete=281 incomplete=0 incomplete_blocks=0 hold=281/281 hold_timeout=0
I (50613) rc_net: [CAM-PROBE] Video TX seq=300 jpeg_len=8957 crc32=0x1fe0ef97 chunks=8
I (51594) rc_video: Sent 300 | cap_fps=9.8 send_fps=9.8 capture_size_errors=0 capture_identity_errors=0 | Avg(ms): wait=24.3 cache=0.9 subsample=23.5 encode=45.9 send=4.9 total=99.5 | JPEG=9053B
I (51601) rc_video: [VIDEO-TX] handoff cap=311 get=622 select_fail=0 finished=311 signal=311 acquire=310 acquire_fail=0 release_fail=0 backup=0/0
I (51614) rc_video: [STABLE-CAPTURE] pause=311/311 timeout=0 quiesce=310 resume=310 lifecycle_errors=0 repairs=310 staged_events=3494 copies=3429 fallback=0 errors=0 prepare=311 stale_queue=0 pending_vsync=159 sync=312 complete=311 incomplete=1 incomplete_blocks=8 hold=311/311 hold_timeout=0
I (53664) rc_net: [CAM-PROBE] Video TX seq=330 jpeg_len=8950 crc32=0x3eb98967 chunks=8
I (54600) rc_video: Sent 330 | cap_fps=10.0 send_fps=10.0 capture_size_errors=0 capture_identity_errors=0 | Avg(ms): wait=24.8 cache=0.9 subsample=24.0 encode=43.6 send=4.9 total=98.2 | JPEG=8697B
I (54607) rc_video: [VIDEO-TX] handoff cap=341 get=682 select_fail=0 finished=341 signal=341 acquire=340 acquire_fail=0 release_fail=0 backup=0/0
I (54620) rc_video: [STABLE-CAPTURE] pause=341/341 timeout=0 quiesce=340 resume=340 lifecycle_errors=0 repairs=340 staged_events=3831 copies=3759 fallback=0 errors=0 prepare=341 stale_queue=0 pending_vsync=174 sync=342 complete=341 incomplete=1 incomplete_blocks=8 hold=341/341 hold_timeout=0
I (56736) rc_net: [CAM-PROBE] Video TX seq=360 jpeg_len=8729 crc32=0x0ffff695 chunks=8
I (57586) rc_video: Sent 360 | cap_fps=9.7 send_fps=10.0 capture_size_errors=0 capture_identity_errors=0 | Avg(ms): wait=23.4 cache=0.9 subsample=23.8 encode=43.9 send=5.8 total=97.7 | JPEG=8786B
I (57595) rc_video: [VIDEO-TX] handoff cap=370 get=741 select_fail=0 finished=370 signal=370 acquire=370 acquire_fail=0 release_fail=0 backup=0/0
I (57635) rc_video: [STABLE-CAPTURE] pause=370/370 timeout=0 quiesce=370 resume=370 lifecycle_errors=0 repairs=370 staged_events=4167 copies=4089 fallback=0 errors=0 prepare=371 stale_queue=0 pending_vsync=190 sync=372 complete=371 incomplete=1 incomplete_blocks=8 hold=370/370 hold_timeout=0
I (59681) rc_net: [CAM-PROBE] Video TX seq=390 jpeg_len=8717 crc32=0x6c8e233f chunks=8
I (60616) rc_video: Sent 390 | cap_fps=10.2 send_fps=9.9 capture_size_errors=0 capture_identity_errors=0 | Avg(ms): wait=21.7 cache=0.9 subsample=23.5 encode=43.6 send=8.2 total=98.0 | JPEG=8710B
I (60624) rc_video: [VIDEO-TX] handoff cap=401 get=802 select_fail=0 finished=401 signal=401 acquire=400 acquire_fail=0 release_fail=0 backup=0/0
I (60636) rc_video: [STABLE-CAPTURE] pause=401/401 timeout=0 quiesce=400 resume=400 lifecycle_errors=0 repairs=400 staged_events=4503 copies=4419 fallback=0 errors=0 prepare=401 stale_queue=0 pending_vsync=205 sync=402 complete=401 incomplete=1 incomplete_blocks=8 hold=401/401 hold_timeout=0
I (62752) rc_net: [CAM-PROBE] Video TX seq=420 jpeg_len=8816 crc32=0x047facaf chunks=8
I (63600) rc_video: Sent 420 | cap_fps=9.7 send_fps=10.1 capture_size_errors=0 capture_identity_errors=0 | Avg(ms): wait=23.7 cache=0.9 subsample=23.5 encode=44.2 send=5.2 total=97.4 | JPEG=8786B
I (63608) rc_video: [VIDEO-TX] handoff cap=430 get=861 select_fail=0 finished=430 signal=430 acquire=430 acquire_fail=0 release_fail=0 backup=0/0
I (63650) rc_video: [STABLE-CAPTURE] pause=430/430 timeout=0 quiesce=430 resume=430 lifecycle_errors=0 repairs=430 staged_events=4842 copies=4749 fallback=0 errors=0 prepare=431 stale_queue=0 pending_vsync=220 sync=432 complete=431 incomplete=1 incomplete_blocks=8 hold=430/430 hold_timeout=0
W (65632) rc_tank: [DVP-MATRIX] result stage=0 strategy=baseline_no_rebuild complete=451 incomplete=1 incomplete_blocks=8 mismatch_hist=0,3,1,3,3,2,2,1,13,17,354 prepare=451 pending=230 hold=451/451 hold_timeout=0
W (65645) rc_tank: [DVP-MATRIX] advance stage=1; restart in 1s
I (65697) rc_net: [CAM-PROBE] Video TX seq=450 jpeg_len=7824 crc32=0x072df67c chunks=7
I (66631) rc_video: Sent 450 | cap_fps=10.2 send_fps=9.9 capture_size_errors=0 capture_identity_errors=0 | Avg(ms): wait=24.3 cache=0.9 subsample=23.3 encode=43.5 send=6.1 total=98.1 | JPEG=7805B
I (66640) rc_video: [VIDEO-TX] handoff cap=461 get=922 select_fail=0 finished=461 signal=461 acquire=460 acquire_fail=0 release_fail=0 backup=0/0
I (66647) wifi:station: 44:1b:f6:f3:ae:40 leave, AID = 1, reason = 2, bss_flags is 756835, bss:0x3fcf12f4
I (66661) wifi:new:<1,0>, old:<1,1>, ap:<1,1>, sta:<255,255>, prof:1, snd_ch_cfg:0x0
I (66669) wifi:<ba-del>idx:2, tid:0
I (66671) wifi:new:<1,1>, old:<1,0>, ap:<1,1>, sta:<255,255>, prof:1, snd_ch_cfg:0x0
I (66680) rc_video: [STABLE-CAPTURE] pause=461/461 timeout=0 quiesce=460 resume=460 lifecycle_errors=0 repairs=460 staged_events=5179 copies=5079 fallback=0 errors=0 prepare=461 stale_queue=0 pending_vsync=235 sync=462 complete=461 incomplete=1 incomplete_blocks=8 hold=461/461 hold_timeout=0
I (66704) rc_net: STA disconnected, MAC: 44:1b:f6:f3:ae:40
W (66765) rc_net: Video UDP send failed: seq=460 chunk=1/7 bytes=1208 sent=-1 errno=-1 attempts=4
W (66768) rc_video: Video send failed: ESP_FAIL
W (66772) rc_control: Network disconnected: motor stop enforced
W (66778) rc_tank: Network disconnected
W (66877) rc_video: Video send failed: ESP_ERR_INVALID_STATE
W (67026) rc_video: Video send failed: ESP_ERR_INVALID_STATE
W (67074) rc_video: Video send failed: ESP_ERR_INVALID_STATE
W (67222) rc_video: Video send failed: ESP_ERR_INVALID_STATE
W (67270) rc_video: Video send failed: ESP_ERR_INVALID_STATE
W (67420) rc_video: Video send failed: ESP_ERR_INVALID_STATE
W (67468) rc_video: Video send failed: ESP_ERR_INVALID_STATE
W (67618) rc_video: Video send failed: ESP_ERR_INVALID_STATE
W (67666) rc_video: Video send failed: ESP_ERR_INVALID_STATE
W (67816) rc_video: Video send failed: ESP_ERR_INVALID_STATE
W (67863) rc_video: Video send failed: ESP_ERR_INVALID_STATE
W (68014) rc_video: Video send failed: ESP_ERR_INVALID_STATE
W (68061) rc_video: Video send failed: ESP_ERR_INVALID_STATE
I (68120) wifi:flush txq
I (68121) wifi:stop sw txq
I (68122) wifi:lmac stop hw txq
ESP-ROM:esp32s3-20210327
Build:Mar 27 2021
rst:0xc (RTC_SW_CPU_RST),boot:0x3 (DOWNLOAD(USB/UART0))
Saved PC:0x40381169
waiting for download

[HOST-DVP-MATRIX 10:55:13] MATRIX-R3 Tank restart recovery=2

[HOST-DVP-MATRIX 10:55:13] Tank RAM bootloader start
esptool.py v4.12.dev2
Serial port COM7
Connecting.........
Chip is ESP32-S3 (QFN56) (revision v0.2)
Features: WiFi, BLE
Crystal is 40MHz
MAC: 44:1b:f6:f3:ae:78
Uploading stub...
Running stub...
Stub running...
RAM boot...
Downloading 5360 bytes at 3fce2820... done!
Downloading 3364 bytes at 403c8700... done!
Downloading 12016 bytes at 403cb700... done!
All segments done, executing at 403c8924
Exiting immediately.

[HOST-DVP-MATRIX 10:55:17] Tank RAM bootloader complete
I (3428) boot: chip revision: v0.2
I (3431) boot: efuse block revision: v1.3
I (3435) boot.esp32s3: Boot SPI Speed : 80MHz
I (3439) boot.esp32s3: SPI Mode       : SLOW READ
I (3443) boot.esp32s3: SPI Flash Size : 8MB
I (3447) boot: Enabling RNG early entropy source...
I (3452) boot: Partition Table:
I (3454) boot: ## Label            Usage          Type ST Offset   Length
I (3461) boot:  0 nvs              WiFi data        01 02 00009000 00006000
I (3468) boot:  1 phy_init         RF data          01 01 0000f000 00001000
I (3474) boot:  2 factory          factory app      00 00 00010000 00300000
I (3481) boot:  3 storage          Unknown data     01 82 00310000 00100000
I (3488) boot: End of partition table
I (3491) esp_image: segment 0: paddr=00010020 vaddr=3c0a0020 size=24c30h (150576) map
I (3591) esp_image: segment 1: paddr=00034c58 vaddr=3fca0c00 size=05560h ( 21856) load
I (3605) esp_image: segment 2: paddr=0003a1c0 vaddr=40374000 size=05e58h ( 24152) load
I (3621) esp_image: segment 3: paddr=00040020 vaddr=42000020 size=9b61ch (636444) map
I (4010) esp_image: segment 4: paddr=000db644 vaddr=40379e58 size=16d04h ( 93444) load
I (4070) esp_image: segment 5: paddr=000f2350 vaddr=50000000 size=00020h (    32) load
I (4082) boot: Loaded app from partition at offset 0x10000
I (4082) boot: Disabling RNG early entropy source...
I (4094) esp_psram: Found 8MB PSRAM device
I (4094) esp_psram: Speed: 80MHz
I (4094) cpu_start: Multicore app
I (5012) esp_psram: SPI SRAM memory test OK
I (5021) cpu_start: GPIO 44 and 43 are used as console UART I/O pins
I (5022) cpu_start: Pro cpu start user code
I (5022) cpu_start: cpu freq: 240000000 Hz
I (5023) app_init: Application information:
I (5027) app_init: Project name:     rc_tank_demo
I (5032) app_init: App version:      1
I (5035) app_init: Compile time:     Aug 26 2026 10:51:10
I (5040) app_init: ELF file SHA256:  802891069...
I (5045) app_init: ESP-IDF:          GIT-NOTFOUND
I (5049) efuse_init: Min chip rev:     v0.0
I (5053) efuse_init: Max chip rev:     v0.99 
I (5057) efuse_init: Chip rev:         v0.2
I (5061) heap_init: Initializing. RAM available for dynamic allocation:
I (5068) heap_init: At 3FCAA290 len 0003F480 (253 KiB): RAM
I (5073) heap_init: At 3FCE9710 len 00005724 (21 KiB): RAM
I (5078) heap_init: At 3FCF0000 len 00008000 (32 KiB): DRAM
I (5083) heap_init: At 600FE000 len 00001FE8 (7 KiB): RTCRAM
I (5089) esp_psram: Adding pool of 8192K of PSRAM memory to heap allocator
I (5097) spi_flash: detected chip: generic
I (5099) spi_flash: flash io: dio
I (5103) sleep_gpio: Configure to isolate all GPIO pins in sleep state
I (5109) sleep_gpio: Enable automatic switching of GPIO sleep configuration
I (5116) main_task: Started on CPU0
I (5140) esp_psram: Reserving pool of 64K of internal memory for DMA/internal allocations
I (5141) main_task: Calling app_main()
I (5158) rc_tank: === RC Tank Demo (EX-035) Role: TANK ===
I (5158) rc_tank: Startup delay 10 s (open serial monitor now)...
I (5158) rc_tank:   starting in 10 s
I (6161) rc_tank:   starting in 9 s
I (7161) rc_tank:   starting in 8 s
I (8161) rc_tank:   starting in 7 s
I (9161) rc_tank:   starting in 6 s
I (10161) rc_tank:   starting in 5 s
I (11161) rc_tank:   starting in 4 s
I (12161) rc_tank:   starting in 3 s
I (13161) rc_tank:   starting in 2 s
I (14161) rc_tank:   starting in 1 s
I (15161) rc_tank: Starting Tank role (P1: network, P2: control, P3: video)
I (15161) board_laiwfs300: init board support package
I (15161) board_laiwfs300: init capability registry
I (15166) board_laiwfs300: init I2C bus: SDA=GPIO48 SCL=GPIO47
I (15172) bus_i2c: I2C0 initialized: SDA=GPIO48 SCL=GPIO47 speed=100000Hz
I (15178) board_laiwfs300: --- I2C bus scan (0x08-0x77) ---
I (15185) board_laiwfs300:   I2C device ACK at 0x15
I (15188) board_laiwfs300:   I2C device ACK at 0x18
I (15193) board_laiwfs300:   I2C device ACK at 0x21
I (15197) board_laiwfs300:   I2C device ACK at 0x22
I (15205) board_laiwfs300:   I2C device ACK at 0x40
I (15208) board_laiwfs300:   I2C device ACK at 0x51
I (15214) board_laiwfs300:   I2C device ACK at 0x68
I (15217) board_laiwfs300: --- I2C scan done: 7 device(s) found ---
W (15221) board_laiwfs300: TPT29555A (IOEX) NOT found at 0x20 (NACK)
I (15227) board_laiwfs300: ES8311 (Codec) found at 0x18
I (15232) board_laiwfs300: ES7210 (ADC) found at 0x40
I (15237) board_laiwfs300: AIP8563 (RTC) found at 0x51
I (15242) board_laiwfs300: BMI260 (IMU @0x68) found at 0x68
W (15247) board_laiwfs300: BMI260 (IMU @0x69) NOT found at 0x69 (NACK)
I (15253) board_laiwfs300: SP0A39 (Camera) found at 0x21
I (15260) board_laiwfs300: ES8311 chip ID: 0x83 0x11
I (15264) board_laiwfs300: ES7210 chip ID: 0x72
I (15269) board_laiwfs300: AIP8563 RTC time: 22:28:29 (BCD raw)
I (15273) board_laiwfs300: BMI260 chip ID: 0x27 (expect 0x27)
I (15278) board_laiwfs300: init SPI bus manager
I (15284) board_laiwfs300: init ADC service
I (15287) board_adc: ADC1 oneshot initialized
I (15291) board_laiwfs300: init board power service
I (15296) board_laiwfs300: ADC D0_DETECT (GPIO1): raw=4095 (~3100 mV)
I (15301) board_laiwfs300: ADC BAT_ADC (GPIO7): raw=1653 (~1251 mV)
I (15307) board_laiwfs300: ADC SW_ADC (GPIO8): raw=4095 (~3100 mV)
I (15313) board_laiwfs300: init IO expander: TPT29555A addr=0x22
I (15322) io_expander: TPT29555A initialized at 0x22
I (15324) board_laiwfs300: IO expander initialized OK
I (15328) board_laiwfs300: init module detect
I (15333) board_laiwfs300: register detection rules
I (15337) board_laiwfs300: register default capabilities
I (15342) board_laiwfs300: board init complete (ioex=OK)
I (15347) rc_tank: [STEP] Motor init starting...
I (15352) board_motor: motor input 1 -> GPIO5 / LEDC channel 0
I (15357) board_motor: motor input 2 -> GPIO4 / LEDC channel 1
I (15363) board_motor: motor input 3 -> GPIO37 / LEDC channel 2
I (15368) board_motor: motor input 4 -> GPIO45 / LEDC channel 3
I (15374) rc_control: Motor initialized
I (15377) rc_tank: [STEP] Motor init OK
I (15381) rc_tank: [STEP] Display init starting...
I (15386) rc_video: Initializing Tank display
I (15391) display_hal: init ST7789V3 LCD 240x320 SPI host=1
E (15536) spi: spi_bus_initialize(816): SPI bus already initialized.
I (15657) display_hal: ST7789V3 LCD initialized
I (15657) board_display: display mapped: MOSI=GPIO13 SCK=GPIO12 CS=GPIO10 DC=GPIO16 BL=GPIO17 LCD_RST=IOEX P1_5 pclk=20000000
I (15662) rc_video: Tank display task started (status screen)
I (15663) rc_video: Tank display initialized (status task owns LCD)
I (15673) rc_tank: [STEP] Display init OK
I (15677) rc_tank: [STEP] Camera init starting...
I (15681) rc_video: Initializing camera (SP0A39 640x480 VYUY)
I (15687) board_camera: initializing SP0A39 camera mode=0 640x480
I (15692) camera_hal: init SP0A39 DVP 640x480 (SCCB manual mode)
I (15698) camera_hal: configuring IOEX pins for camera RESET/PWDN
I (15705) camera_hal: PWDN=HIGH (power down)
I (15718) camera_hal: PWDN=LOW (release sensor)
I (15918) camera_hal: RESET=LOW (assert reset)
I (15938) camera_hal: RESET=HIGH (release reset)
I (16938) camera_hal: full I2C scan after camera power-up (diagnostic only)...
I (16940) camera_hal:   post-powerup ACK at 0x15
I (16940) camera_hal:   post-powerup ACK at 0x18
I (16943) camera_hal:   post-powerup ACK at 0x21
I (16947) camera_hal:   post-powerup ACK at 0x22
I (16955) camera_hal:   post-powerup ACK at 0x40
I (16958) camera_hal:   post-powerup ACK at 0x51
I (16963) camera_hal:   post-powerup ACK at 0x68
I (16966) camera_hal: DVP GPIO diagnostics (checking PCLK/VSYNC/HSYNC activity)...
I (17032) camera_hal: DVP diagnostics: PCLK_changes=0 VSYNC_changes=0 HSYNC_changes=0
W (17032) camera_hal: PCLK has no transitions - MCLK likely not reaching sensor or sensor not active
I (17037) camera_hal: using sensor address 0x21
I (17042) camera_hal: SP0A39 I2C device added at 0x21
I (17048) camera_hal: SP0A39 chip ID: 0x0A39
I (17170) camera_hal: SP0A39 register init done: VYUY 640x480 (359 regs)
I (17171) camera_hal: [CAM-PROBE] SP0A39 p0_31 stage=post_table value=0x00 expected=0x01
E (17174) camera_hal: camera_hal_verify_expected_output_p0_31(92): unexpected p0_31=0x00 at post_table
W (17183) camera_hal: [CAM-PROBE] output state differs after table; continuing: ESP_ERR_INVALID_RESPONSE
I (17212) camera_hal: [CAM-PROBE] SP0A39 p0_31 stage=post_delay value=0x01 expected=0x01
I (17213) camera_hal: camera HAL initialized (sensor ready, DVP capture not yet implemented)
I (17217) board_camera: camera ready
I (17225) camera_hal: SP0A39 output regs: P0:1c=0x00 P0:30=0x01 P0:31=0x01 P1:32=0x15 P1:34=0xeb P1:35=0x00 P1:36=0x10
I (17357) rc_video:   3 DMA-capable PSRAM framebuffers allocated (600 KB each)
I (17360) dvp_ext: DVP Extended camera controller driver is initialized
I (17361) dvp_ext: [STABLE-DVP] assembly uses GDMA-EOF direct copy; dma=102400 half=51200 queue_data_events=suppressed eof_desc=probe
I (17372) rc_video: [STABLE-CAPTURE] staged DVP controller created dma=102400 half=51200
I (17379) rc_video: Camera initialized
I (17383) rc_tank: [STEP] Camera init OK
I (17386) rc_tank: [STEP] Network init starting...
I (17392) rc_net: Initializing as SoftAP (Tank)
I (17397) pp: pp rom version: e7ae62f
I (17399) net80211: net80211 rom version: e7ae62f
I (17405) wifi:wifi driver task: 3fce48f8, prio:23, stack:6656, core=0
I (17416) wifi:wifi firmware version: 0947e8b
I (17416) wifi:wifi certification version: v7.0
I (17418) wifi:config NVS flash: enabled
I (17421) wifi:config nano formatting: disabled
I (17426) wifi:Init data frame dynamic rx buffer num: 32
I (17431) wifi:Init static rx mgmt buffer num: 5
I (17435) wifi:Init management short buffer num: 32
I (17439) wifi:Init dynamic tx buffer num: 64
I (17444) wifi:Init static tx FG buffer num: 2
I (17448) wifi:Init static rx buffer size: 1600
I (17452) wifi:Init static rx buffer num: 10
I (17456) wifi:Init dynamic rx buffer num: 32
I (17461) wifi_init: rx ba win: 6
I (17463) wifi_init: accept mbox: 6
I (17466) wifi_init: tcpip mbox: 16
I (17469) wifi_init: udp mbox: 6
I (17472) wifi_init: tcp mbox: 6
I (17475) wifi_init: tcp tx win: 5760
I (17479) wifi_init: tcp rx win: 5760
I (17482) wifi_init: tcp mss: 1440
I (17485) wifi_init: WiFi IRAM OP enabled
I (17489) wifi_init: WiFi RX IRAM OP enabled
I (17494) rc_net: AP set_mode/config, SSID=RC_TANK_F3AE79 ch=1
I (17503) phy_init: phy_version 711,97bcf0a2,Aug 25 2025,19:04:10
I (17542) wifi:mode : softAP (44:1b:f6:f3:ae:79)
I (17546) wifi:Total power save buffer number: 32
I (17547) wifi:Init max length of beacon: 752/752
I (17548) wifi:Init max length of beacon: 752/752
I (17550) rc_net: SoftAP started, SSID: RC_TANK_F3AE79, Password: 12345678
I (17551) esp_netif_lwip: DHCP server started on interface WIFI_AP_DEF with IP: 192.168.4.1
I (17564) rc_tank: [STEP] Network init OK
I (17568) rc_tank: Tank SoftAP ready, waiting for remote...
I (17573) rc_control: Ctrl RX task started
I (17577) rc_control: Tank control started
I (17580) rc_tank: Tank running (video + control; audio disabled)
I (17586) rc_tank: app_main done, idle loop
I (20868) wifi:new:<1,1>, old:<1,1>, ap:<1,1>, sta:<255,255>, prof:1, snd_ch_cfg:0x0
I (20870) wifi:station: 44:1b:f6:f3:ae:40 join, AID=1, bgn, 40U
I (20898) rc_net: STA connected, MAC: 44:1b:f6:f3:ae:40
I (20941) esp_netif_lwip: DHCP server assigned IP to a client, IP is: 192.168.4.2
I (20942) rc_net: STA assigned IP: 192.168.4.2
I (20942) rc_tank: Network connected, peer: 192.168.4.2
W (20948) rc_tank: [DVP-MATRIX] start stage=1 strategy=rebuild_before_udp video_tx=not_created capture=not_started
E (20959) gpio: gpio_install_isr_service(537): GPIO isr service already installed
I (20965) dvp_ext: DVP Extended camera controller driver is initialized
I (20971) dvp_ext: [STABLE-DVP] assembly uses GDMA-EOF direct copy; dma=102400 half=51200 queue_data_events=suppressed eof_desc=probe
W (20982) rc_video: [DVP-REBUILD] complete old=0x3fcebecc new=0x3fcebecc drained=0 internal=89327->89327; GDMA channel/descriptors/event queue/task recreated
I (20997) rc_net: Ctrl UDP socket bound to port 8001
I (21001) rc_net: Video UDP socket bound to port 8002
I (21006) rc_net: Audio TCP listening on port 8003
I (21010) rc_tank: Socket channels started
I (21014) rc_video: No local preview active; formal video handoff skipped
I (21022) camera_hal: [CAM-PROBE] SP0A39 p0_31 stage=dvp_started value=0x01 expected=0x01
I (21032) rc_video: Tank video started (camera source)
W (21033) rc_tank: [DVP-MATRIX] observe stage=1 strategy=rebuild_before_udp duration_ms=45000 under live Q60/UDP load
I (21035) rc_video: Video TX task started (240x180, sensor-driven, Q=60)
I (21046) rc_video: TX theory: raw=614400 B/frame, encoded YUV=86400 B/frame, target10fps raw=0.86 MB/s
I (21046) rc_video: PSRAM TX buffers: subsample=86400B jpeg=43200B send=43208B free_psram=5592524 free_internal=55571
I (21046) rc_video: TX buffer caps: subsample=0x3c350120(psram=1) jpeg=0x3c3652a4(psram=1) send=0x3c36fea8(psram=1)

[HOST-DVP-MATRIX 10:55:35] MATRIX-R3 stage=1 visible window begin
I (21128) rc_net: [CAM-PROBE] Video TX seq=0 jpeg_len=9490 crc32=0x97e23416 chunks=8
W (21178) rc_net: Video UDP send failed: seq=0 chunk=4/8 bytes=1208 sent=-1 errno=12 attempts=4
W (21179) rc_video: Video send failed: ESP_FAIL
W (21232) rc_video: Video send failed: ESP_FAIL
W (21368) rc_video: Video send failed: ESP_FAIL
W (21445) rc_video: Video send failed: ESP_FAIL
W (21922) rc_video: Video send failed: ESP_FAIL
I (22084) wifi:<ba-add>idx:2 (ifx:1, 44:1b:f6:f3:ae:40), tid:0, ssn:0, winSize:64
I (25004) rc_net: [CAM-PROBE] Video TX seq=30 jpeg_len=9247 crc32=0xd0b7746b chunks=8
I (25439) rc_video: Sent 30 | cap_fps=7.9 send_fps=6.8 capture_size_errors=0 capture_identity_errors=0 | Avg(ms): wait=48.8 cache=1.5 subsample=23.2 encode=24.8 send=7.6 total=106.0 | JPEG=9353B
I (25439) rc_video: [VIDEO-TX] handoff cap=35 get=71 select_fail=0 finished=35 signal=35 acquire=35 acquire_fail=0 release_fail=0 backup=0/0
I (25439) rc_video: [STABLE-CAPTURE] pause=35/35 timeout=0 quiesce=35 resume=35 lifecycle_errors=0 repairs=35 staged_events=614 copies=593 fallback=0 errors=0 prepare=36 stale_queue=0 pending_vsync=15 sync=61 complete=35 incomplete=26 incomplete_blocks=198 hold=35/35 hold_timeout=0
I (28664) rc_net: [CAM-PROBE] Video TX seq=60 jpeg_len=8961 crc32=0xb78b3928 chunks=8
I (29160) rc_video: Sent 60 | cap_fps=8.1 send_fps=8.1 capture_size_errors=0 capture_identity_errors=0 | Avg(ms): wait=55.3 cache=1.5 subsample=23.4 encode=24.4 send=5.6 total=110.1 | JPEG=8237B
I (29160) rc_video: [VIDEO-TX] handoff cap=65 get=131 select_fail=0 finished=65 signal=65 acquire=65 acquire_fail=0 release_fail=0 backup=0/0
I (29160) rc_video: [STABLE-CAPTURE] pause=65/65 timeout=0 quiesce=65 resume=65 lifecycle_errors=0 repairs=65 staged_events=1110 copies=1072 fallback=0 errors=0 prepare=66 stale_queue=0 pending_vsync=27 sync=112 complete=65 incomplete=47 incomplete_blocks=348 hold=65/65 hold_timeout=0
I (32307) rc_net: [CAM-PROBE] Video TX seq=90 jpeg_len=9187 crc32=0xeaa77f67 chunks=8
I (32787) rc_video: Sent 90 | cap_fps=8.3 send_fps=8.3 capture_size_errors=0 capture_identity_errors=0 | Avg(ms): wait=52.9 cache=1.4 subsample=23.4 encode=24.2 send=5.2 total=107.2 | JPEG=9195B
I (32794) rc_video: [VIDEO-TX] handoff cap=95 get=190 select_fail=0 finished=95 signal=95 acquire=95 acquire_fail=0 release_fail=0 backup=0/0
I (32804) rc_video: [STABLE-CAPTURE] pause=95/95 timeout=0 quiesce=95 resume=95 lifecycle_errors=0 repairs=95 staged_events=1600 copies=1544 fallback=0 errors=0 prepare=96 stale_queue=0 pending_vsync=41 sync=160 complete=95 incomplete=65 incomplete_blocks=498 hold=95/95 hold_timeout=0
I (35947) rc_net: [CAM-PROBE] Video TX seq=120 jpeg_len=8677 crc32=0x9162def7 chunks=8
I (36465) rc_video: Sent 120 | cap_fps=8.2 send_fps=8.2 capture_size_errors=0 capture_identity_errors=0 | Avg(ms): wait=54.7 cache=1.4 subsample=23.6 encode=24.0 send=5.1 total=108.7 | JPEG=8178B
I (36472) rc_video: [VIDEO-TX] handoff cap=125 get=250 select_fail=0 finished=125 signal=125 acquire=125 acquire_fail=0 release_fail=0 backup=0/0
I (36482) rc_video: [STABLE-CAPTURE] pause=125/125 timeout=0 quiesce=125 resume=125 lifecycle_errors=0 repairs=125 staged_events=2105 copies=2033 fallback=0 errors=0 prepare=126 stale_queue=0 pending_vsync=55 sync=209 complete=125 incomplete=84 incomplete_blocks=658 hold=125/125 hold_timeout=0
I (39509) rc_net: [CAM-PROBE] Video TX seq=150 jpeg_len=8856 crc32=0x809a7033 chunks=8
I (39989) rc_video: Sent 150 | cap_fps=8.5 send_fps=8.5 capture_size_errors=0 capture_identity_errors=0 | Avg(ms): wait=48.7 cache=1.5 subsample=23.5 encode=24.5 send=5.7 total=103.9 | JPEG=9488B
I (39997) rc_video: [VIDEO-TX] handoff cap=155 get=310 select_fail=0 finished=155 signal=155 acquire=155 acquire_fail=0 release_fail=0 backup=0/0
I (40008) rc_video: [STABLE-CAPTURE] pause=155/155 timeout=0 quiesce=155 resume=155 lifecycle_errors=0 repairs=155 staged_events=2601 copies=2513 fallback=0 errors=0 prepare=156 stale_queue=0 pending_vsync=69 sync=254 complete=155 incomplete=99 incomplete_blocks=806 hold=155/155 hold_timeout=0
I (43250) rc_net: [CAM-PROBE] Video TX seq=180 jpeg_len=9066 crc32=0x0161c428 chunks=8
I (43685) rc_video: Sent 180 | cap_fps=8.1 send_fps=8.1 capture_size_errors=0 capture_identity_errors=0 | Avg(ms): wait=55.7 cache=1.6 subsample=23.5 encode=24.7 send=5.8 total=111.3 | JPEG=9103B
I (43685) rc_video: [VIDEO-TX] handoff cap=185 get=371 select_fail=0 finished=185 signal=185 acquire=185 acquire_fail=0 release_fail=0 backup=0/0
I (43685) rc_video: [STABLE-CAPTURE] pause=185/185 timeout=0 quiesce=185 resume=185 lifecycle_errors=0 repairs=185 staged_events=3105 copies=3002 fallback=0 errors=0 prepare=186 stale_queue=0 pending_vsync=83 sync=303 complete=185 incomplete=118 incomplete_blocks=956 hold=185/185 hold_timeout=0
I (46776) rc_net: [CAM-PROBE] Video TX seq=210 jpeg_len=9074 crc32=0xcacc59fe chunks=8
I (47211) rc_video: Sent 210 | cap_fps=8.5 send_fps=8.5 capture_size_errors=0 capture_identity_errors=0 | Avg(ms): wait=49.5 cache=1.5 subsample=23.3 encode=24.7 send=5.8 total=104.9 | JPEG=9094B
I (47211) rc_video: [VIDEO-TX] handoff cap=215 get=431 select_fail=0 finished=215 signal=215 acquire=215 acquire_fail=0 release_fail=0 backup=0/0
I (47211) rc_video: [STABLE-CAPTURE] pause=215/215 timeout=0 quiesce=215 resume=215 lifecycle_errors=0 repairs=215 staged_events=3581 copies=3462 fallback=0 errors=0 prepare=216 stale_queue=0 pending_vsync=97 sync=348 complete=215 incomplete=133 incomplete_blocks=1086 hold=215/215 hold_timeout=0
I (50316) rc_net: [CAM-PROBE] Video TX seq=240 jpeg_len=10210 crc32=0xcb15ee6a chunks=9
I (50795) rc_video: Sent 240 | cap_fps=8.4 send_fps=8.4 capture_size_errors=0 capture_identity_errors=0 | Avg(ms): wait=49.8 cache=1.5 subsample=23.4 encode=24.4 send=6.0 total=105.0 | JPEG=10025B
I (50802) rc_video: [VIDEO-TX] handoff cap=245 get=490 select_fail=0 finished=245 signal=245 acquire=245 acquire_fail=0 release_fail=0 backup=0/0
I (50813) rc_video: [STABLE-CAPTURE] pause=245/245 timeout=0 quiesce=245 resume=245 lifecycle_errors=0 repairs=245 staged_events=4068 copies=3933 fallback=0 errors=0 prepare=246 stale_queue=0 pending_vsync=111 sync=394 complete=245 incomplete=149 incomplete_blocks=1236 hold=245/245 hold_timeout=0
I (54036) rc_net: [CAM-PROBE] Video TX seq=270 jpeg_len=9226 crc32=0x754611c3 chunks=8
I (54594) rc_video: Sent 270 | cap_fps=7.9 send_fps=7.9 capture_size_errors=0 capture_identity_errors=0 | Avg(ms): wait=57.5 cache=1.4 subsample=23.4 encode=24.7 send=5.7 total=112.6 | JPEG=9219B
I (54601) rc_video: [VIDEO-TX] handoff cap=275 get=550 select_fail=0 finished=275 signal=275 acquire=275 acquire_fail=0 release_fail=0 backup=0/0
I (54613) rc_video: [STABLE-CAPTURE] pause=275/275 timeout=0 quiesce=275 resume=275 lifecycle_errors=0 repairs=275 staged_events=4584 copies=4433 fallback=0 errors=0 prepare=276 stale_queue=0 pending_vsync=125 sync=446 complete=275 incomplete=171 incomplete_blocks=1406 hold=275/275 hold_timeout=0
I (57915) rc_net: [CAM-PROBE] Video TX seq=300 jpeg_len=9308 crc32=0x1844dc6a chunks=8
I (58395) rc_video: Sent 300 | cap_fps=7.9 send_fps=7.9 capture_size_errors=0 capture_identity_errors=0 | Avg(ms): wait=56.4 cache=1.5 subsample=23.8 encode=25.0 send=5.7 total=112.5 | JPEG=9263B
I (58403) rc_video: [VIDEO-TX] handoff cap=305 get=610 select_fail=0 finished=305 signal=305 acquire=305 acquire_fail=0 release_fail=0 backup=0/0
I (58412) rc_video: [STABLE-CAPTURE] pause=305/305 timeout=0 quiesce=305 resume=305 lifecycle_errors=0 repairs=305 staged_events=5102 copies=4933 fallback=0 errors=0 prepare=306 stale_queue=0 pending_vsync=137 sync=500 complete=305 incomplete=195 incomplete_blocks=1576 hold=305/305 hold_timeout=0
I (61654) rc_net: [CAM-PROBE] Video TX seq=330 jpeg_len=9161 crc32=0x5978a4de chunks=8
I (62090) rc_video: Sent 330 | cap_fps=8.1 send_fps=8.1 capture_size_errors=0 capture_identity_errors=0 | Avg(ms): wait=53.4 cache=1.4 subsample=23.2 encode=25.1 send=5.8 total=109.0 | JPEG=9028B
I (62090) rc_video: [VIDEO-TX] handoff cap=335 get=671 select_fail=0 finished=335 signal=335 acquire=335 acquire_fail=0 release_fail=0 backup=0/0
I (62090) rc_video: [STABLE-CAPTURE] pause=335/335 timeout=0 quiesce=335 resume=335 lifecycle_errors=0 repairs=335 staged_events=5619 copies=5432 fallback=0 errors=0 prepare=336 stale_queue=0 pending_vsync=148 sync=552 complete=335 incomplete=217 incomplete_blocks=1736 hold=335/335 hold_timeout=0
I (65180) rc_net: [CAM-PROBE] Video TX seq=360 jpeg_len=9023 crc32=0xf36a3d0d chunks=8
I (65596) rc_video: Sent 360 | cap_fps=8.6 send_fps=8.6 capture_size_errors=0 capture_identity_errors=0 | Avg(ms): wait=45.4 cache=1.4 subsample=23.2 encode=24.9 send=7.3 total=102.2 | JPEG=9524B
I (65603) rc_video: [VIDEO-TX] handoff cap=365 get=730 select_fail=0 finished=365 signal=365 acquire=365 acquire_fail=0 release_fail=0 backup=0/0
I (65616) rc_video: [STABLE-CAPTURE] pause=365/365 timeout=0 quiesce=365 resume=365 lifecycle_errors=0 repairs=365 staged_events=6079 copies=5873 fallback=0 errors=0 prepare=366 stale_queue=0 pending_vsync=161 sync=598 complete=365 incomplete=233 incomplete_blocks=1856 hold=365/365 hold_timeout=0
W (66044) rc_tank: [DVP-MATRIX] result stage=1 strategy=rebuild_before_udp complete=368 incomplete=237 incomplete_blocks=1876 mismatch_hist=0,1,0,0,106,202,162,125,41,50,168 prepare=369 pending=162 hold=368/368 hold_timeout=0
W (66090) rc_tank: [DVP-MATRIX] advance stage=2; restart in 1s
I (67121) wifi:station: 44:1b:f6:f3:ae:40 leave, AID = 1, reason = 2, bss_flags is 756835, bss:0x3fcf1298
I (67123) wifi:new:<1,0>, old:<1,1>, ap:<1,1>, sta:<255,255>, prof:1, snd_ch_cfg:0x0
I (67167) wifi:<ba-del>idx:2, tid:0
I (67168) wifi:new:<1,1>, old:<1,0>, ap:<1,1>, sta:<255,255>, prof:1, snd_ch_cfg:0x0
I (67172) rc_net: STA disconnected, MAC: 44:1b:f6:f3:ae:40
W (67173) rc_control: Network disconnected: motor stop enforced
W (67178) rc_tank: Network disconnected
W (67235) rc_video: Video send failed: ESP_ERR_INVALID_STATE
W (67314) rc_video: Video send failed: ESP_ERR_INVALID_STATE
W (67452) rc_video: Video send failed: ESP_ERR_INVALID_STATE
W (67552) rc_video: Video send failed: ESP_ERR_INVALID_STATE
W (67631) rc_video: Video send failed: ESP_ERR_INVALID_STATE
W (67750) rc_video: Video send failed: ESP_ERR_INVALID_STATE
W (67829) rc_video: Video send failed: ESP_ERR_INVALID_STATE
W (67948) rc_video: Video send failed: ESP_ERR_INVALID_STATE
W (68066) rc_video: Video send failed: ESP_ERR_INVALID_STATE
W (68307) rc_video: Video send failed: ESP_ERR_INVALID_STATE
W (68660) rc_video: Video send failed: ESP_ERR_INVALID_STATE
W (68779) rc_video: Video send failed: ESP_ERR_INVALID_STATE
W (68898) rc_video: Video send failed: ESP_ERR_INVALID_STATE
W (69333) rc_video: Video send failed: ESP_ERR_INVALID_STATE
W (69452) rc_video: Video send failed: ESP_ERR_INVALID_STATE
W (69589) rc_video: Video send failed: ESP_ERR_INVALID_STATE
W (69689) rc_video: Video send failed: ESP_ERR_INVALID_STATE
W (69771) rc_video: Video send failed: ESP_ERR_INVALID_STATE
W (69847) rc_video: Video send failed: ESP_ERR_INVALID_STATE
W (69930) rc_video: Video send failed: ESP_ERR_INVALID_STATE
W (70204) rc_video: Video send failed: ESP_ERR_INVALID_STATE
W (70402) rc_video: Video send failed: ESP_ERR_INVALID_STATE
W (70520) rc_video: Video send failed: ESP_ERR_INVALID_STATE
W (70599) rc_video: Video send failed: ESP_ERR_INVALID_STATE
W (70718) rc_video: Video send failed: ESP_ERR_INVALID_STATE
W (70837) rc_video: Video send failed: ESP_ERR_INVALID_STATE
W (70974) rc_video: Video send failed: ESP_ERR_INVALID_STATE
W (71074) rc_video: Video send failed: ESP_ERR_INVALID_STATE
I (71117) wifi:flush txq
I (71118) wifi:stop sw txq
I (71118) wifi:lmac stop hw txq
ESP-ROM:esp32s3-20210327
Build:Mar 27 2021
rst:0xc (RTC_SW_CPU_RST),boot:0x3 (DOWNLOAD(USB/UART0))
Saved PC:0x40381169
waiting for download

[HOST-DVP-MATRIX 10:56:25] MATRIX-R3 Tank restart recovery=3

[HOST-DVP-MATRIX 10:56:25] Tank RAM bootloader start
esptool.py v4.12.dev2
Serial port COM7
Connecting.........
Chip is ESP32-S3 (QFN56) (revision v0.2)
Features: WiFi, BLE
Crystal is 40MHz
MAC: 44:1b:f6:f3:ae:78
Uploading stub...
Running stub...
Stub running...
RAM boot...
Downloading 5360 bytes at 3fce2820... done!
Downloading 3364 bytes at 403c8700... done!
Downloading 12016 bytes at 403cb700... done!
All segments done, executing at 403c8924
Exiting immediately.

[HOST-DVP-MATRIX 10:56:29] Tank RAM bootloader complete
chip revision: v0.2
I (3430) boot: efuse block revision: v1.3
I (3434) boot.esp32s3: Boot SPI Speed : 80MHz
I (3438) boot.esp32s3: SPI Mode       : SLOW READ
I (3442) boot.esp32s3: SPI Flash Size : 8MB
I (3446) boot: Enabling RNG early entropy source...
I (3451) boot: Partition Table:
I (3454) boot: ## Label            Usage          Type ST Offset   Length
I (3460) boot:  0 nvs              WiFi data        01 02 00009000 00006000
I (3467) boot:  1 phy_init         RF data          01 01 0000f000 00001000
I (3474) boot:  2 factory          factory app      00 00 00010000 00300000
I (3480) boot:  3 storage          Unknown data     01 82 00310000 00100000
I (3487) boot: End of partition table
I (3491) esp_image: segment 0: paddr=00010020 vaddr=3c0a0020 size=24c30h (150576) map
I (3590) esp_image: segment 1: paddr=00034c58 vaddr=3fca0c00 size=05560h ( 21856) load
I (3604) esp_image: segment 2: paddr=0003a1c0 vaddr=40374000 size=05e58h ( 24152) load
I (3620) esp_image: segment 3: paddr=00040020 vaddr=42000020 size=9b61ch (636444) map
I (4009) esp_image: segment 4: paddr=000db644 vaddr=40379e58 size=16d04h ( 93444) load
I (4070) esp_image: segment 5: paddr=000f2350 vaddr=50000000 size=00020h (    32) load
I (4081) boot: Loaded app from partition at offset 0x10000
I (4081) boot: Disabling RNG early entropy source...
I (4093) esp_psram: Found 8MB PSRAM device
I (4093) esp_psram: Speed: 80MHz
I (4094) cpu_start: Multicore app
I (5012) esp_psram: SPI SRAM memory test OK
I (5020) cpu_start: GPIO 44 and 43 are used as console UART I/O pins
I (5021) cpu_start: Pro cpu start user code
I (5021) cpu_start: cpu freq: 240000000 Hz
I (5023) app_init: Application information:
I (5027) app_init: Project name:     rc_tank_demo
I (5031) app_init: App version:      1
I (5035) app_init: Compile time:     Aug 26 2026 10:51:10
I (5040) app_init: ELF file SHA256:  802891069...
I (5044) app_init: ESP-IDF:          GIT-NOTFOUND
I (5049) efuse_init: Min chip rev:     v0.0
I (5053) efuse_init: Max chip rev:     v0.99 
I (5057) efuse_init: Chip rev:         v0.2
I (5061) heap_init: Initializing. RAM available for dynamic allocation:
I (5067) heap_init: At 3FCAA290 len 0003F480 (253 KiB): RAM
I (5072) heap_init: At 3FCE9710 len 00005724 (21 KiB): RAM
I (5077) heap_init: At 3FCF0000 len 00008000 (32 KiB): DRAM
I (5083) heap_init: At 600FE000 len 00001FE8 (7 KiB): RTCRAM
I (5088) esp_psram: Adding pool of 8192K of PSRAM memory to heap allocator
I (5096) spi_flash: detected chip: generic
I (5098) spi_flash: flash io: dio
I (5102) sleep_gpio: Configure to isolate all GPIO pins in sleep state
I (5108) sleep_gpio: Enable automatic switching of GPIO sleep configuration
I (5115) main_task: Started on CPU0
I (5139) esp_psram: Reserving pool of 64K of internal memory for DMA/internal allocations
I (5140) main_task: Calling app_main()
I (5157) rc_tank: === RC Tank Demo (EX-035) Role: TANK ===
I (5157) rc_tank: Startup delay 10 s (open serial monitor now)...
I (5157) rc_tank:   starting in 10 s
I (6160) rc_tank:   starting in 9 s
I (7160) rc_tank:   starting in 8 s
I (8160) rc_tank:   starting in 7 s
I (9160) rc_tank:   starting in 6 s
I (10160) rc_tank:   starting in 5 s
I (11160) rc_tank:   starting in 4 s
I (12160) rc_tank:   starting in 3 s
I (13160) rc_tank:   starting in 2 s
I (14160) rc_tank:   starting in 1 s
I (15160) rc_tank: Starting Tank role (P1: network, P2: control, P3: video)
I (15160) board_laiwfs300: init board support package
I (15160) board_laiwfs300: init capability registry
I (15165) board_laiwfs300: init I2C bus: SDA=GPIO48 SCL=GPIO47
I (15171) bus_i2c: I2C0 initialized: SDA=GPIO48 SCL=GPIO47 speed=100000Hz
I (15177) board_laiwfs300: --- I2C bus scan (0x08-0x77) ---
I (15184) board_laiwfs300:   I2C device ACK at 0x15
I (15187) board_laiwfs300:   I2C device ACK at 0x18
I (15192) board_laiwfs300:   I2C device ACK at 0x21
I (15196) board_laiwfs300:   I2C device ACK at 0x22
I (15204) board_laiwfs300:   I2C device ACK at 0x40
I (15207) board_laiwfs300:   I2C device ACK at 0x51
I (15213) board_laiwfs300:   I2C device ACK at 0x68
I (15216) board_laiwfs300: --- I2C scan done: 7 device(s) found ---
W (15220) board_laiwfs300: TPT29555A (IOEX) NOT found at 0x20 (NACK)
I (15226) board_laiwfs300: ES8311 (Codec) found at 0x18
I (15231) board_laiwfs300: ES7210 (ADC) found at 0x40
I (15236) board_laiwfs300: AIP8563 (RTC) found at 0x51
I (15241) board_laiwfs300: BMI260 (IMU @0x68) found at 0x68
W (15246) board_laiwfs300: BMI260 (IMU @0x69) NOT found at 0x69 (NACK)
I (15252) board_laiwfs300: SP0A39 (Camera) found at 0x21
I (15259) board_laiwfs300: ES8311 chip ID: 0x83 0x11
I (15263) board_laiwfs300: ES7210 chip ID: 0x72
I (15268) board_laiwfs300: AIP8563 RTC time: 22:29:41 (BCD raw)
I (15272) board_laiwfs300: BMI260 chip ID: 0x27 (expect 0x27)
I (15277) board_laiwfs300: init SPI bus manager
I (15283) board_laiwfs300: init ADC service
I (15286) board_adc: ADC1 oneshot initialized
I (15290) board_laiwfs300: init board power service
I (15295) board_laiwfs300: ADC D0_DETECT (GPIO1): raw=4095 (~3100 mV)
I (15300) board_laiwfs300: ADC BAT_ADC (GPIO7): raw=1639 (~1240 mV)
I (15306) board_laiwfs300: ADC SW_ADC (GPIO8): raw=4095 (~3100 mV)
I (15312) board_laiwfs300: init IO expander: TPT29555A addr=0x22
I (15321) io_expander: TPT29555A initialized at 0x22
I (15323) board_laiwfs300: IO expander initialized OK
I (15327) board_laiwfs300: init module detect
I (15332) board_laiwfs300: register detection rules
I (15336) board_laiwfs300: register default capabilities
I (15341) board_laiwfs300: board init complete (ioex=OK)
I (15346) rc_tank: [STEP] Motor init starting...
I (15351) board_motor: motor input 1 -> GPIO5 / LEDC channel 0
I (15356) board_motor: motor input 2 -> GPIO4 / LEDC channel 1
I (15362) board_motor: motor input 3 -> GPIO37 / LEDC channel 2
I (15367) board_motor: motor input 4 -> GPIO45 / LEDC channel 3
I (15373) rc_control: Motor initialized
I (15376) rc_tank: [STEP] Motor init OK
I (15380) rc_tank: [STEP] Display init starting...
I (15385) rc_video: Initializing Tank display
I (15390) display_hal: init ST7789V3 LCD 240x320 SPI host=1
E (15535) spi: spi_bus_initialize(816): SPI bus already initialized.
I (15656) display_hal: ST7789V3 LCD initialized
I (15656) board_display: display mapped: MOSI=GPIO13 SCK=GPIO12 CS=GPIO10 DC=GPIO16 BL=GPIO17 LCD_RST=IOEX P1_5 pclk=20000000
I (15661) rc_video: Tank display task started (status screen)
I (15662) rc_video: Tank display initialized (status task owns LCD)
I (15672) rc_tank: [STEP] Display init OK
I (15676) rc_tank: [STEP] Camera init starting...
I (15680) rc_video: Initializing camera (SP0A39 640x480 VYUY)
I (15686) board_camera: initializing SP0A39 camera mode=0 640x480
I (15691) camera_hal: init SP0A39 DVP 640x480 (SCCB manual mode)
I (15697) camera_hal: configuring IOEX pins for camera RESET/PWDN
I (15704) camera_hal: PWDN=HIGH (power down)
I (15717) camera_hal: PWDN=LOW (release sensor)
I (15917) camera_hal: RESET=LOW (assert reset)
I (15937) camera_hal: RESET=HIGH (release reset)
I (16937) camera_hal: full I2C scan after camera power-up (diagnostic only)...
I (16939) camera_hal:   post-powerup ACK at 0x15
I (16939) camera_hal:   post-powerup ACK at 0x18
I (16942) camera_hal:   post-powerup ACK at 0x21
I (16946) camera_hal:   post-powerup ACK at 0x22
I (16954) camera_hal:   post-powerup ACK at 0x40
I (16957) camera_hal:   post-powerup ACK at 0x51
I (16962) camera_hal:   post-powerup ACK at 0x68
I (16965) camera_hal: DVP GPIO diagnostics (checking PCLK/VSYNC/HSYNC activity)...
I (17031) camera_hal: DVP diagnostics: PCLK_changes=0 VSYNC_changes=0 HSYNC_changes=0
W (17031) camera_hal: PCLK has no transitions - MCLK likely not reaching sensor or sensor not active
I (17036) camera_hal: using sensor address 0x21
I (17041) camera_hal: SP0A39 I2C device added at 0x21
I (17047) camera_hal: SP0A39 chip ID: 0x0A39
I (17169) camera_hal: SP0A39 register init done: VYUY 640x480 (359 regs)
I (17170) camera_hal: [CAM-PROBE] SP0A39 p0_31 stage=post_table value=0x00 expected=0x01
E (17173) camera_hal: camera_hal_verify_expected_output_p0_31(92): unexpected p0_31=0x00 at post_table
W (17182) camera_hal: [CAM-PROBE] output state differs after table; continuing: ESP_ERR_INVALID_RESPONSE
I (17211) camera_hal: [CAM-PROBE] SP0A39 p0_31 stage=post_delay value=0x01 expected=0x01
I (17212) camera_hal: camera HAL initialized (sensor ready, DVP capture not yet implemented)
I (17216) board_camera: camera ready
I (17224) camera_hal: SP0A39 output regs: P0:1c=0x00 P0:30=0x01 P0:31=0x01 P1:32=0x15 P1:34=0xeb P1:35=0x00 P1:36=0x10
I (17356) rc_video:   3 DMA-capable PSRAM framebuffers allocated (600 KB each)
I (17359) dvp_ext: DVP Extended camera controller driver is initialized
I (17360) dvp_ext: [STABLE-DVP] assembly uses GDMA-EOF direct copy; dma=102400 half=51200 queue_data_events=suppressed eof_desc=probe
I (17371) rc_video: [STABLE-CAPTURE] staged DVP controller created dma=102400 half=51200
I (17378) rc_video: Camera initialized
I (17382) rc_tank: [STEP] Camera init OK
I (17385) rc_tank: [STEP] Network init starting...
I (17391) rc_net: Initializing as SoftAP (Tank)
I (17396) pp: pp rom version: e7ae62f
I (17398) net80211: net80211 rom version: e7ae62f
I (17404) wifi:wifi driver task: 3fce48f8, prio:23, stack:6656, core=0
I (17415) wifi:wifi firmware version: 0947e8b
I (17415) wifi:wifi certification version: v7.0
I (17417) wifi:config NVS flash: enabled
I (17420) wifi:config nano formatting: disabled
I (17425) wifi:Init data frame dynamic rx buffer num: 32
I (17430) wifi:Init static rx mgmt buffer num: 5
I (17434) wifi:Init management short buffer num: 32
I (17438) wifi:Init dynamic tx buffer num: 64
I (17443) wifi:Init static tx FG buffer num: 2
I (17447) wifi:Init static rx buffer size: 1600
I (17451) wifi:Init static rx buffer num: 10
I (17455) wifi:Init dynamic rx buffer num: 32
I (17460) wifi_init: rx ba win: 6
I (17462) wifi_init: accept mbox: 6
I (17465) wifi_init: tcpip mbox: 16
I (17468) wifi_init: udp mbox: 6
I (17471) wifi_init: tcp mbox: 6
I (17474) wifi_init: tcp tx win: 5760
I (17478) wifi_init: tcp rx win: 5760
I (17481) wifi_init: tcp mss: 1440
I (17484) wifi_init: WiFi IRAM OP enabled
I (17488) wifi_init: WiFi RX IRAM OP enabled
I (17493) rc_net: AP set_mode/config, SSID=RC_TANK_F3AE79 ch=1
I (17502) phy_init: phy_version 711,97bcf0a2,Aug 25 2025,19:04:10
I (17553) wifi:mode : softAP (44:1b:f6:f3:ae:79)
I (17557) wifi:Total power save buffer number: 32
I (17558) wifi:Init max length of beacon: 752/752
I (17559) wifi:Init max length of beacon: 752/752
I (17561) rc_net: SoftAP started, SSID: RC_TANK_F3AE79, Password: 12345678
I (17562) esp_netif_lwip: DHCP server started on interface WIFI_AP_DEF with IP: 192.168.4.1
I (17575) rc_tank: [STEP] Network init OK
I (17578) rc_tank: Tank SoftAP ready, waiting for remote...
I (17584) rc_control: Ctrl RX task started
I (17588) rc_control: Tank control started
I (17591) rc_tank: Tank running (video + control; audio disabled)
I (17597) rc_tank: app_main done, idle loop
I (18397) wifi:new:<1,1>, old:<1,1>, ap:<1,1>, sta:<255,255>, prof:1, snd_ch_cfg:0x0
I (18398) wifi:station: 44:1b:f6:f3:ae:40 join, AID=1, bgn, 40U
I (18421) wifi:station: 44:1b:f6:f3:ae:40 leave, AID = 1, reason = 3, bss_flags is 34311266, bss:0x3fcf1298
I (18422) wifi:new:<1,0>, old:<1,1>, ap:<1,1>, sta:<255,255>, prof:1, snd_ch_cfg:0x0
I (18429) wifi:new:<1,1>, old:<1,0>, ap:<1,1>, sta:<255,255>, prof:1, snd_ch_cfg:0x0
I (26052) wifi:new:<1,1>, old:<1,1>, ap:<1,1>, sta:<255,255>, prof:1, snd_ch_cfg:0x0
I (26053) wifi:station: 44:1b:f6:f3:ae:40 join, AID=1, bgn, 40U
I (26072) rc_net: STA connected, MAC: 44:1b:f6:f3:ae:40
I (26103) esp_netif_lwip: DHCP server assigned IP to a client, IP is: 192.168.4.2
I (26104) rc_net: STA assigned IP: 192.168.4.2
I (26104) rc_tank: Network connected, peer: 192.168.4.2
W (26112) rc_tank: [DVP-MATRIX] start stage=2 strategy=rebuild_after_udp video_tx=not_created capture=not_started
I (26120) rc_net: Ctrl UDP socket bound to port 8001
I (26124) rc_net: Video UDP socket bound to port 8002
I (26130) rc_net: Audio TCP listening on port 8003
I (26133) rc_tank: Socket channels started
E (26138) gpio: gpio_install_isr_service(537): GPIO isr service already installed
I (26145) dvp_ext: DVP Extended camera controller driver is initialized
I (26151) dvp_ext: [STABLE-DVP] assembly uses GDMA-EOF direct copy; dma=102400 half=51200 queue_data_events=suppressed eof_desc=probe
W (26163) rc_video: [DVP-REBUILD] complete old=0x3fcebecc new=0x3fcebecc drained=0 internal=88367->88367; GDMA channel/descriptors/event queue/task recreated
I (26176) rc_video: No local preview active; formal video handoff skipped
I (26184) camera_hal: [CAM-PROBE] SP0A39 p0_31 stage=dvp_started value=0x01 expected=0x01
I (26236) rc_video: Tank video started (camera source)
W (26237) rc_tank: [DVP-MATRIX] observe stage=2 strategy=rebuild_after_udp duration_ms=45000 under live Q60/UDP load
I (26240) rc_video: Video TX task started (240x180, sensor-driven, Q=60)
I (26247) rc_video: TX theory: raw=614400 B/frame, encoded YUV=86400 B/frame, target10fps raw=0.86 MB/s
I (26256) rc_video: PSRAM TX buffers: subsample=86400B jpeg=43200B send=43208B free_psram=5592524 free_internal=55403
I (26266) rc_video: TX buffer caps: subsample=0x3c350120(psram=1) jpeg=0x3c3652a4(psram=1) send=0x3c36fea8(psram=1)
I (26309) rc_net: [CAM-PROBE] Video TX seq=0 jpeg_len=8999 crc32=0xdff7d272 chunks=8
W (26360) rc_net: Video UDP send failed: seq=0 chunk=4/8 bytes=1208 sent=-1 errno=12 attempts=4
W (26361) rc_video: Video send failed: ESP_FAIL
W (26415) rc_video: Video send failed: ESP_FAIL

[HOST-DVP-MATRIX 10:56:52] MATRIX-R3 stage=2 visible window begin
W (26552) rc_video: Video send failed: ESP_FAIL
W (26634) rc_video: Video send failed: ESP_FAIL
W (26948) rc_video: Video send failed: ESP_FAIL
W (27044) rc_video: Video send failed: ESP_FAIL
I (27233) wifi:<ba-add>idx:2 (ifx:1, 44:1b:f6:f3:ae:40), tid:0, ssn:0, winSize:64
I (30247) rc_net: [CAM-PROBE] Video TX seq=30 jpeg_len=9227 crc32=0x48fd62fc chunks=8
I (30821) rc_video: Sent 30 | cap_fps=7.6 send_fps=6.5 capture_size_errors=0 capture_identity_errors=0 | Avg(ms): wait=60.4 cache=1.6 subsample=23.3 encode=24.5 send=5.9 total=115.7 | JPEG=8957B
I (30821) rc_video: [VIDEO-TX] handoff cap=36 get=73 select_fail=0 finished=36 signal=36 acquire=36 acquire_fail=0 release_fail=0 backup=0/0
I (30821) rc_video: [STABLE-CAPTURE] pause=36/36 timeout=0 quiesce=36 resume=36 lifecycle_errors=0 repairs=36 staged_events=643 copies=623 fallback=0 errors=0 prepare=37 stale_queue=0 pending_vsync=17 sync=64 complete=36 incomplete=28 incomplete_blocks=218 hold=36/36 hold_timeout=0
I (33988) rc_net: [CAM-PROBE] Video TX seq=60 jpeg_len=8141 crc32=0xe92ef954 chunks=7
I (34569) rc_video: Sent 60 | cap_fps=8.0 send_fps=8.0 capture_size_errors=0 capture_identity_errors=0 | Avg(ms): wait=57.0 cache=1.5 subsample=23.6 encode=24.1 send=5.6 total=111.9 | JPEG=8742B
I (34576) rc_video: [VIDEO-TX] handoff cap=66 get=132 select_fail=0 finished=66 signal=66 acquire=66 acquire_fail=0 release_fail=0 backup=0/0
I (34584) rc_video: [STABLE-CAPTURE] pause=66/66 timeout=0 quiesce=66 resume=66 lifecycle_errors=0 repairs=66 staged_events=1133 copies=1096 fallback=0 errors=0 prepare=67 stale_queue=0 pending_vsync=32 sync=114 complete=66 incomplete=48 incomplete_blocks=368 hold=66/66 hold_timeout=0
I (37668) rc_net: [CAM-PROBE] Video TX seq=90 jpeg_len=8437 crc32=0x8116b6e8 chunks=8
I (38326) rc_video: Sent 90 | cap_fps=8.0 send_fps=8.0 capture_size_errors=0 capture_identity_errors=0 | Avg(ms): wait=56.3 cache=1.4 subsample=23.8 encode=24.3 send=5.3 total=111.0 | JPEG=8890B
I (38334) rc_video: [VIDEO-TX] handoff cap=96 get=192 select_fail=0 finished=96 signal=96 acquire=96 acquire_fail=0 release_fail=0 backup=0/0
I (38344) rc_video: [STABLE-CAPTURE] pause=96/96 timeout=0 quiesce=96 resume=96 lifecycle_errors=0 repairs=96 staged_events=1649 copies=1595 fallback=0 errors=0 prepare=97 stale_queue=0 pending_vsync=44 sync=166 complete=96 incomplete=70 incomplete_blocks=538 hold=96/96 hold_timeout=0
I (41579) rc_net: [CAM-PROBE] Video TX seq=120 jpeg_len=8752 crc32=0xefdee9ed chunks=8
I (42180) rc_video: Sent 120 | cap_fps=7.7 send_fps=7.7 capture_size_errors=0 capture_identity_errors=0 | Avg(ms): wait=59.1 cache=1.4 subsample=23.7 encode=24.5 send=5.4 total=114.0 | JPEG=8087B
I (42180) rc_video: [VIDEO-TX] handoff cap=126 get=253 select_fail=0 finished=126 signal=126 acquire=126 acquire_fail=0 release_fail=0 backup=0/0
I (42228) rc_video: [STABLE-CAPTURE] pause=126/126 timeout=0 quiesce=126 resume=126 lifecycle_errors=0 repairs=126 staged_events=2196 copies=2125 fallback=0 errors=0 prepare=127 stale_queue=0 pending_vsync=56 sync=222 complete=127 incomplete=95 incomplete_blocks=728 hold=126/126 hold_timeout=0
I (45130) rc_net: [CAM-PROBE] Video TX seq=150 jpeg_len=9186 crc32=0xe2730585 chunks=8
I (45703) rc_video: Sent 150 | cap_fps=8.5 send_fps=8.5 capture_size_errors=0 capture_identity_errors=0 | Avg(ms): wait=49.9 cache=1.5 subsample=23.3 encode=23.9 send=5.3 total=104.0 | JPEG=8402B
I (45703) rc_video: [VIDEO-TX] handoff cap=156 get=313 select_fail=0 finished=156 signal=156 acquire=156 acquire_fail=0 release_fail=0 backup=0/0
I (45703) rc_video: [STABLE-CAPTURE] pause=156/156 timeout=0 quiesce=156 resume=156 lifecycle_errors=0 repairs=156 staged_events=2681 copies=2594 fallback=0 errors=0 prepare=157 stale_queue=0 pending_vsync=71 sync=265 complete=156 incomplete=109 incomplete_blocks=868 hold=156/156 hold_timeout=0
I (49244) rc_net: [CAM-PROBE] Video TX seq=180 jpeg_len=9069 crc32=0x78cacade chunks=8
I (49802) rc_video: Sent 180 | cap_fps=7.4 send_fps=7.4 capture_size_errors=0 capture_identity_errors=0 | Avg(ms): wait=67.2 cache=1.5 subsample=23.4 encode=24.6 send=5.6 total=122.3 | JPEG=8537B
I (49809) rc_video: [VIDEO-TX] handoff cap=186 get=372 select_fail=0 finished=186 signal=186 acquire=186 acquire_fail=0 release_fail=0 backup=0/0
I (49819) rc_video: [STABLE-CAPTURE] pause=186/186 timeout=0 quiesce=186 resume=186 lifecycle_errors=0 repairs=186 staged_events=3206 copies=3101 fallback=0 errors=0 prepare=187 stale_queue=0 pending_vsync=83 sync=326 complete=186 incomplete=140 incomplete_blocks=1055 hold=186/186 hold_timeout=0
I (52848) rc_net: [CAM-PROBE] Video TX seq=210 jpeg_len=8806 crc32=0xf7919b09 chunks=8
I (53777) rc_video: Sent 210 | cap_fps=7.5 send_fps=7.5 capture_size_errors=0 capture_identity_errors=0 | Avg(ms): wait=64.7 cache=1.4 subsample=23.7 encode=24.3 send=5.3 total=119.5 | JPEG=8242B
I (53777) rc_video: [VIDEO-TX] handoff cap=216 get=433 select_fail=0 finished=216 signal=216 acquire=216 acquire_fail=0 release_fail=0 backup=0/0
I (53777) rc_video: [STABLE-CAPTURE] pause=216/216 timeout=0 quiesce=216 resume=216 lifecycle_errors=0 repairs=216 staged_events=3742 copies=3621 fallback=0 errors=0 prepare=217 stale_queue=0 pending_vsync=96 sync=383 complete=216 incomplete=167 incomplete_blocks=1235 hold=216/216 hold_timeout=0
I (56706) rc_net: [CAM-PROBE] Video TX seq=240 jpeg_len=10175 crc32=0x994c5de9 chunks=9
I (57285) rc_video: Sent 240 | cap_fps=8.6 send_fps=8.6 capture_size_errors=0 capture_identity_errors=0 | Avg(ms): wait=46.5 cache=1.4 subsample=23.5 encode=24.8 send=5.6 total=101.8 | JPEG=9317B
I (57293) rc_video: [VIDEO-TX] handoff cap=246 get=492 select_fail=0 finished=246 signal=246 acquire=246 acquire_fail=0 release_fail=0 backup=0/0
I (57303) rc_video: [STABLE-CAPTURE] pause=246/246 timeout=0 quiesce=246 resume=246 lifecycle_errors=0 repairs=246 staged_events=4213 copies=4073 fallback=0 errors=0 prepare=247 stale_queue=0 pending_vsync=108 sync=430 complete=246 incomplete=184 incomplete_blocks=1365 hold=246/246 hold_timeout=0
I (60229) rc_net: [CAM-PROBE] Video TX seq=270 jpeg_len=9020 crc32=0x047b0a52 chunks=8
I (60807) rc_video: Sent 270 | cap_fps=8.5 send_fps=8.5 capture_size_errors=0 capture_identity_errors=0 | Avg(ms): wait=49.8 cache=1.4 subsample=23.3 encode=24.4 send=5.9 total=104.8 | JPEG=9253B
I (60814) rc_video: [VIDEO-TX] handoff cap=276 get=552 select_fail=0 finished=276 signal=276 acquire=276 acquire_fail=0 release_fail=0 backup=0/0
I (60825) rc_video: [STABLE-CAPTURE] pause=276/276 timeout=0 quiesce=276 resume=276 lifecycle_errors=0 repairs=276 staged_events=4698 copies=4543 fallback=0 errors=0 prepare=277 stale_queue=0 pending_vsync=123 sync=474 complete=276 incomplete=198 incomplete_blocks=1505 hold=276/276 hold_timeout=0
I (63751) rc_net: [CAM-PROBE] Video TX seq=300 jpeg_len=9094 crc32=0x691fe084 chunks=8
I (64384) rc_video: Sent 300 | cap_fps=8.3 send_fps=8.3 capture_size_errors=0 capture_identity_errors=0 | Avg(ms): wait=51.3 cache=1.5 subsample=23.4 encode=24.8 send=5.9 total=106.8 | JPEG=10253B
I (64384) rc_video: [VIDEO-TX] handoff cap=306 get=613 select_fail=0 finished=306 signal=306 acquire=306 acquire_fail=0 release_fail=0 backup=0/0
I (64434) rc_video: [STABLE-CAPTURE] pause=306/306 timeout=0 quiesce=306 resume=306 lifecycle_errors=0 repairs=306 staged_events=5205 copies=5033 fallback=0 errors=0 prepare=307 stale_queue=0 pending_vsync=136 sync=522 complete=307 incomplete=215 incomplete_blocks=1655 hold=306/306 hold_timeout=0
I (67176) rc_net: [CAM-PROBE] Video TX seq=330 jpeg_len=9359 crc32=0x817038ee chunks=8
I (67749) rc_video: Sent 330 | cap_fps=8.9 send_fps=8.9 capture_size_errors=0 capture_identity_errors=0 | Avg(ms): wait=41.0 cache=1.6 subsample=23.4 encode=25.0 send=5.9 total=96.9 | JPEG=9065B
I (67749) rc_video: [VIDEO-TX] handoff cap=336 get=673 select_fail=0 finished=336 signal=336 acquire=336 acquire_fail=0 release_fail=0 backup=0/0
I (67749) rc_video: [STABLE-CAPTURE] pause=336/336 timeout=0 quiesce=336 resume=336 lifecycle_errors=0 repairs=336 staged_events=5662 copies=5471 fallback=0 errors=0 prepare=337 stale_queue=0 pending_vsync=147 sync=564 complete=336 incomplete=228 incomplete_blocks=1765 hold=336/336 hold_timeout=0
I (70955) rc_net: [CAM-PROBE] Video TX seq=360 jpeg_len=9088 crc32=0x33c7786f chunks=8
W (71281) rc_tank: [DVP-MATRIX] result stage=2 strategy=rebuild_after_udp complete=364 incomplete=252 incomplete_blocks=1935 mismatch_hist=0,2,0,1,112,202,164,123,44,56,161 prepare=364 pending=157 hold=363/363 hold_timeout=0
W (71295) rc_tank: [DVP-MATRIX] advance stage=3; restart in 1s
I (71574) rc_video: Sent 360 | cap_fps=7.9 send_fps=7.9 capture_size_errors=0 capture_identity_errors=0 | Avg(ms): wait=54.3 cache=1.6 subsample=23.5 encode=25.0 send=8.1 total=112.6 | JPEG=9272B
I (71581) rc_video: [VIDEO-TX] handoff cap=366 get=732 select_fail=0 finished=366 signal=366 acquire=366 acquire_fail=0 release_fail=0 backup=0/0
I (71591) rc_video: [STABLE-CAPTURE] pause=366/366 timeout=0 quiesce=366 resume=366 lifecycle_errors=0 repairs=366 staged_events=6184 copies=5974 fallback=0 errors=0 prepare=367 stale_queue=0 pending_vsync=159 sync=619 complete=366 incomplete=253 incomplete_blocks=1945 hold=366/366 hold_timeout=0
I (72296) wifi:station: 44:1b:f6:f3:ae:40 leave, AID = 1, reason = 2, bss_flags is 756835, bss:0x3fcf1298
I (72298) wifi:new:<1,0>, old:<1,1>, ap:<1,1>, sta:<255,255>, prof:1, snd_ch_cfg:0x0
I (72341) wifi:<ba-del>idx:2, tid:0
I (72342) wifi:new:<1,1>, old:<1,0>, ap:<1,1>, sta:<255,255>, prof:1, snd_ch_cfg:0x0
I (72345) rc_net: STA disconnected, MAC: 44:1b:f6:f3:ae:40
W (72347) rc_control: Network disconnected: motor stop enforced
W (72352) rc_tank: Network disconnected
W (72408) rc_video: Video send failed: ESP_ERR_INVALID_STATE
W (72498) rc_video: Video send failed: ESP_ERR_INVALID_STATE
W (72577) rc_video: Video send failed: ESP_ERR_INVALID_STATE
W (72696) rc_video: Video send failed: ESP_ERR_INVALID_STATE
W (72775) rc_video: Video send failed: ESP_ERR_INVALID_STATE
W (72912) rc_video: Video send failed: ESP_ERR_INVALID_STATE
W (73013) rc_video: Video send failed: ESP_ERR_INVALID_STATE
W (73095) rc_video: Video send failed: ESP_ERR_INVALID_STATE
W (73290) rc_video: Video send failed: ESP_ERR_INVALID_STATE
I (73331) wifi:flush txq
I (73331) wifi:stop sw txq
I (73332) wifi:lmac stop hw txq
†žESP-ROM:esp32s3-20210327
Build:Mar 27 2021
rst:0xc (RTC_SW_CPU_RST),boot:0x3 (DOWNLOAD(USB/UART0))
Saved PC:0x40381169
waiting for download

[HOST-DVP-MATRIX 10:57:39] MATRIX-R3 Tank restart recovery=4

[HOST-DVP-MATRIX 10:57:39] Tank RAM bootloader start
esptool.py v4.12.dev2
Serial port COM7
Connecting.........
Chip is ESP32-S3 (QFN56) (revision v0.2)
Features: WiFi, BLE
Crystal is 40MHz
MAC: 44:1b:f6:f3:ae:78
Uploading stub...
Running stub...
Stub running...
RAM boot...
Downloading 5360 bytes at 3fce2820... done!
Downloading 3364 bytes at 403c8700... done!
Downloading 12016 bytes at 403cb700... done!
All segments done, executing at 403c8924
Exiting immediately.

[HOST-DVP-MATRIX 10:57:43] Tank RAM bootloader complete
efuse block revision: v1.3
I (3440) boot.esp32s3: Boot SPI Speed : 80MHz
I (3444) boot.esp32s3: SPI Mode       : SLOW READ
I (3449) boot.esp32s3: SPI Flash Size : 8MB
I (3453) boot: Enabling RNG early entropy source...
I (3458) boot: Partition Table:
I (3460) boot: ## Label            Usage          Type ST Offset   Length
I (3467) boot:  0 nvs              WiFi data        01 02 00009000 00006000
I (3473) boot:  1 phy_init         RF data          01 01 0000f000 00001000
I (3480) boot:  2 factory          factory app      00 00 00010000 00300000
I (3487) boot:  3 storage          Unknown data     01 82 00310000 00100000
I (3494) boot: End of partition table
I (3497) esp_image: segment 0: paddr=00010020 vaddr=3c0a0020 size=24c30h (150576) map
I (3596) esp_image: segment 1: paddr=00034c58 vaddr=3fca0c00 size=05560h ( 21856) load
I (3611) esp_image: segment 2: paddr=0003a1c0 vaddr=40374000 size=05e58h ( 24152) load
I (3627) esp_image: segment 3: paddr=00040020 vaddr=42000020 size=9b61ch (636444) map
I (4015) esp_image: segment 4: paddr=000db644 vaddr=40379e58 size=16d04h ( 93444) load
I (4076) esp_image: segment 5: paddr=000f2350 vaddr=50000000 size=00020h (    32) load
I (4088) boot: Loaded app from partition at offset 0x10000
I (4088) boot: Disabling RNG early entropy source...
I (4100) esp_psram: Found 8MB PSRAM device
I (4100) esp_psram: Speed: 80MHz
I (4100) cpu_start: Multicore app
I (5018) esp_psram: SPI SRAM memory test OK
I (5027) cpu_start: GPIO 44 and 43 are used as console UART I/O pins
I (5028) cpu_start: Pro cpu start user code
I (5028) cpu_start: cpu freq: 240000000 Hz
I (5029) app_init: Application information:
I (5033) app_init: Project name:     rc_tank_demo
I (5038) app_init: App version:      1
I (5041) app_init: Compile time:     Aug 26 2026 10:51:10
I (5046) app_init: ELF file SHA256:  802891069...
I (5051) app_init: ESP-IDF:          GIT-NOTFOUND
I (5055) efuse_init: Min chip rev:     v0.0
I (5059) efuse_init: Max chip rev:     v0.99 
I (5063) efuse_init: Chip rev:         v0.2
I (5067) heap_init: Initializing. RAM available for dynamic allocation:
I (5073) heap_init: At 3FCAA290 len 0003F480 (253 KiB): RAM
I (5079) heap_init: At 3FCE9710 len 00005724 (21 KiB): RAM
I (5084) heap_init: At 3FCF0000 len 00008000 (32 KiB): DRAM
I (5089) heap_init: At 600FE000 len 00001FE8 (7 KiB): RTCRAM
I (5095) esp_psram: Adding pool of 8192K of PSRAM memory to heap allocator
I (5103) spi_flash: detected chip: generic
I (5105) spi_flash: flash io: dio
I (5109) sleep_gpio: Configure to isolate all GPIO pins in sleep state
I (5114) sleep_gpio: Enable automatic switching of GPIO sleep configuration
I (5121) main_task: Started on CPU0
I (5145) esp_psram: Reserving pool of 64K of internal memory for DMA/internal allocations
I (5146) main_task: Calling app_main()
I (5163) rc_tank: === RC Tank Demo (EX-035) Role: TANK ===
I (5163) rc_tank: Startup delay 10 s (open serial monitor now)...
I (5163) rc_tank:   starting in 10 s
I (6166) rc_tank:   starting in 9 s
I (7166) rc_tank:   starting in 8 s
I (8166) rc_tank:   starting in 7 s
I (9166) rc_tank:   starting in 6 s
I (10166) rc_tank:   starting in 5 s
I (11166) rc_tank:   starting in 4 s
I (12166) rc_tank:   starting in 3 s
I (13166) rc_tank:   starting in 2 s
I (14166) rc_tank:   starting in 1 s
I (15166) rc_tank: Starting Tank role (P1: network, P2: control, P3: video)
I (15166) board_laiwfs300: init board support package
I (15166) board_laiwfs300: init capability registry
I (15171) board_laiwfs300: init I2C bus: SDA=GPIO48 SCL=GPIO47
I (15177) bus_i2c: I2C0 initialized: SDA=GPIO48 SCL=GPIO47 speed=100000Hz
I (15183) board_laiwfs300: --- I2C bus scan (0x08-0x77) ---
I (15190) board_laiwfs300:   I2C device ACK at 0x15
I (15193) board_laiwfs300:   I2C device ACK at 0x18
I (15198) board_laiwfs300:   I2C device ACK at 0x21
I (15202) board_laiwfs300:   I2C device ACK at 0x22
I (15210) board_laiwfs300:   I2C device ACK at 0x40
I (15213) board_laiwfs300:   I2C device ACK at 0x51
I (15219) board_laiwfs300:   I2C device ACK at 0x68
I (15222) board_laiwfs300: --- I2C scan done: 7 device(s) found ---
W (15226) board_laiwfs300: TPT29555A (IOEX) NOT found at 0x20 (NACK)
I (15232) board_laiwfs300: ES8311 (Codec) found at 0x18
I (15237) board_laiwfs300: ES7210 (ADC) found at 0x40
I (15242) board_laiwfs300: AIP8563 (RTC) found at 0x51
I (15247) board_laiwfs300: BMI260 (IMU @0x68) found at 0x68
W (15252) board_laiwfs300: BMI260 (IMU @0x69) NOT found at 0x69 (NACK)
I (15258) board_laiwfs300: SP0A39 (Camera) found at 0x21
I (15265) board_laiwfs300: ES8311 chip ID: 0x83 0x11
I (15269) board_laiwfs300: ES7210 chip ID: 0x72
I (15274) board_laiwfs300: AIP8563 RTC time: 22:30:56 (BCD raw)
I (15278) board_laiwfs300: BMI260 chip ID: 0x27 (expect 0x27)
I (15283) board_laiwfs300: init SPI bus manager
I (15289) board_laiwfs300: init ADC service
I (15292) board_adc: ADC1 oneshot initialized
I (15296) board_laiwfs300: init board power service
I (15301) board_laiwfs300: ADC D0_DETECT (GPIO1): raw=4095 (~3100 mV)
I (15306) board_laiwfs300: ADC BAT_ADC (GPIO7): raw=1647 (~1246 mV)
I (15312) board_laiwfs300: ADC SW_ADC (GPIO8): raw=4095 (~3100 mV)
I (15318) board_laiwfs300: init IO expander: TPT29555A addr=0x22
I (15327) io_expander: TPT29555A initialized at 0x22
I (15329) board_laiwfs300: IO expander initialized OK
I (15333) board_laiwfs300: init module detect
I (15338) board_laiwfs300: register detection rules
I (15342) board_laiwfs300: register default capabilities
I (15347) board_laiwfs300: board init complete (ioex=OK)
I (15352) rc_tank: [STEP] Motor init starting...
I (15357) board_motor: motor input 1 -> GPIO5 / LEDC channel 0
I (15362) board_motor: motor input 2 -> GPIO4 / LEDC channel 1
I (15368) board_motor: motor input 3 -> GPIO37 / LEDC channel 2
I (15373) board_motor: motor input 4 -> GPIO45 / LEDC channel 3
I (15379) rc_control: Motor initialized
I (15382) rc_tank: [STEP] Motor init OK
I (15386) rc_tank: [STEP] Display init starting...
I (15391) rc_video: Initializing Tank display
I (15396) display_hal: init ST7789V3 LCD 240x320 SPI host=1
E (15541) spi: spi_bus_initialize(816): SPI bus already initialized.
I (15662) display_hal: ST7789V3 LCD initialized
I (15662) board_display: display mapped: MOSI=GPIO13 SCK=GPIO12 CS=GPIO10 DC=GPIO16 BL=GPIO17 LCD_RST=IOEX P1_5 pclk=20000000
I (15667) rc_video: Tank display task started (status screen)
I (15668) rc_video: Tank display initialized (status task owns LCD)
I (15678) rc_tank: [STEP] Display init OK
I (15682) rc_tank: [STEP] Camera init starting...
I (15686) rc_video: Initializing camera (SP0A39 640x480 VYUY)
I (15692) board_camera: initializing SP0A39 camera mode=0 640x480
I (15697) camera_hal: init SP0A39 DVP 640x480 (SCCB manual mode)
I (15703) camera_hal: configuring IOEX pins for camera RESET/PWDN
I (15710) camera_hal: PWDN=HIGH (power down)
I (15723) camera_hal: PWDN=LOW (release sensor)
I (15923) camera_hal: RESET=LOW (assert reset)
I (15943) camera_hal: RESET=HIGH (release reset)
I (16943) camera_hal: full I2C scan after camera power-up (diagnostic only)...
I (16945) camera_hal:   post-powerup ACK at 0x15
I (16945) camera_hal:   post-powerup ACK at 0x18
I (16948) camera_hal:   post-powerup ACK at 0x21
I (16952) camera_hal:   post-powerup ACK at 0x22
I (16960) camera_hal:   post-powerup ACK at 0x40
I (16963) camera_hal:   post-powerup ACK at 0x51
I (16968) camera_hal:   post-powerup ACK at 0x68
I (16971) camera_hal: DVP GPIO diagnostics (checking PCLK/VSYNC/HSYNC activity)...
I (17037) camera_hal: DVP diagnostics: PCLK_changes=0 VSYNC_changes=0 HSYNC_changes=0
W (17037) camera_hal: PCLK has no transitions - MCLK likely not reaching sensor or sensor not active
I (17042) camera_hal: using sensor address 0x21
I (17047) camera_hal: SP0A39 I2C device added at 0x21
I (17053) camera_hal: SP0A39 chip ID: 0x0A39
I (17175) camera_hal: SP0A39 register init done: VYUY 640x480 (359 regs)
I (17176) camera_hal: [CAM-PROBE] SP0A39 p0_31 stage=post_table value=0x00 expected=0x01
E (17179) camera_hal: camera_hal_verify_expected_output_p0_31(92): unexpected p0_31=0x00 at post_table
W (17188) camera_hal: [CAM-PROBE] output state differs after table; continuing: ESP_ERR_INVALID_RESPONSE
I (17217) camera_hal: [CAM-PROBE] SP0A39 p0_31 stage=post_delay value=0x01 expected=0x01
I (17218) camera_hal: camera HAL initialized (sensor ready, DVP capture not yet implemented)
I (17222) board_camera: camera ready
I (17230) camera_hal: SP0A39 output regs: P0:1c=0x00 P0:30=0x01 P0:31=0x01 P1:32=0x15 P1:34=0xeb P1:35=0x00 P1:36=0x10
I (17362) rc_video:   3 DMA-capable PSRAM framebuffers allocated (600 KB each)
I (17365) dvp_ext: DVP Extended camera controller driver is initialized
I (17366) dvp_ext: [STABLE-DVP] assembly uses GDMA-EOF direct copy; dma=102400 half=51200 queue_data_events=suppressed eof_desc=probe
I (17377) rc_video: [STABLE-CAPTURE] staged DVP controller created dma=102400 half=51200
I (17384) rc_video: Camera initialized
I (17388) rc_tank: [STEP] Camera init OK
I (17391) rc_tank: [STEP] Network init starting...
I (17397) rc_net: Initializing as SoftAP (Tank)
I (17402) pp: pp rom version: e7ae62f
I (17404) net80211: net80211 rom version: e7ae62f
I (17410) wifi:wifi driver task: 3fce48f8, prio:23, stack:6656, core=0
I (17421) wifi:wifi firmware version: 0947e8b
I (17421) wifi:wifi certification version: v7.0
I (17423) wifi:config NVS flash: enabled
I (17426) wifi:config nano formatting: disabled
I (17431) wifi:Init data frame dynamic rx buffer num: 32
I (17436) wifi:Init static rx mgmt buffer num: 5
I (17440) wifi:Init management short buffer num: 32
I (17444) wifi:Init dynamic tx buffer num: 64
I (17449) wifi:Init static tx FG buffer num: 2
I (17453) wifi:Init static rx buffer size: 1600
I (17457) wifi:Init static rx buffer num: 10
I (17461) wifi:Init dynamic rx buffer num: 32
I (17466) wifi_init: rx ba win: 6
I (17468) wifi_init: accept mbox: 6
I (17471) wifi_init: tcpip mbox: 16
I (17474) wifi_init: udp mbox: 6
I (17477) wifi_init: tcp mbox: 6
I (17480) wifi_init: tcp tx win: 5760
I (17484) wifi_init: tcp rx win: 5760
I (17487) wifi_init: tcp mss: 1440
I (17490) wifi_init: WiFi IRAM OP enabled
I (17494) wifi_init: WiFi RX IRAM OP enabled
I (17499) rc_net: AP set_mode/config, SSID=RC_TANK_F3AE79 ch=1
I (17508) phy_init: phy_version 711,97bcf0a2,Aug 25 2025,19:04:10
I (17551) wifi:mode : softAP (44:1b:f6:f3:ae:79)
I (17555) wifi:Total power save buffer number: 32
I (17556) wifi:Init max length of beacon: 752/752
I (17557) wifi:Init max length of beacon: 752/752
I (17559) rc_net: SoftAP started, SSID: RC_TANK_F3AE79, Password: 12345678
I (17561) esp_netif_lwip: DHCP server started on interface WIFI_AP_DEF with IP: 192.168.4.1
I (17573) rc_tank: [STEP] Network init OK
I (17577) rc_tank: Tank SoftAP ready, waiting for remote...
I (17582) rc_control: Ctrl RX task started
I (17586) rc_control: Tank control started
I (17590) rc_tank: Tank running (video + control; audio disabled)
I (17595) rc_tank: app_main done, idle loop
I (21272) wifi:new:<1,1>, old:<1,1>, ap:<1,1>, sta:<255,255>, prof:1, snd_ch_cfg:0x0
I (21273) wifi:station: 44:1b:f6:f3:ae:40 join, AID=1, bgn, 40U
I (21297) rc_net: STA connected, MAC: 44:1b:f6:f3:ae:40
I (21329) esp_netif_lwip: DHCP server assigned IP to a client, IP is: 192.168.4.2
I (21330) rc_net: STA assigned IP: 192.168.4.2
I (21330) rc_tank: Network connected, peer: 192.168.4.2
W (21336) rc_tank: [DVP-MATRIX] start stage=3 strategy=rebuild_before_and_after_udp video_tx=not_created capture=not_started
E (21347) gpio: gpio_install_isr_service(537): GPIO isr service already installed
I (21354) dvp_ext: DVP Extended camera controller driver is initialized
I (21359) dvp_ext: [STABLE-DVP] assembly uses GDMA-EOF direct copy; dma=102400 half=51200 queue_data_events=suppressed eof_desc=probe
W (21371) rc_video: [DVP-REBUILD] complete old=0x3fcebecc new=0x3fcebecc drained=0 internal=88799->88799; GDMA channel/descriptors/event queue/task recreated
I (21385) rc_net: Ctrl UDP socket bound to port 8001
I (21390) rc_net: Video UDP socket bound to port 8002
I (21395) rc_net: Audio TCP listening on port 8003
I (21399) rc_tank: Socket channels started
E (21403) gpio: gpio_install_isr_service(537): GPIO isr service already installed
I (21411) dvp_ext: DVP Extended camera controller driver is initialized
I (21416) dvp_ext: [STABLE-DVP] assembly uses GDMA-EOF direct copy; dma=102400 half=51200 queue_data_events=suppressed eof_desc=probe
W (21428) rc_video: [DVP-REBUILD] complete old=0x3fcebecc new=0x3fcebecc drained=0 internal=88259->88259; GDMA channel/descriptors/event queue/task recreated
I (21441) rc_video: No local preview active; formal video handoff skipped
I (21449) camera_hal: [CAM-PROBE] SP0A39 p0_31 stage=dvp_started value=0x01 expected=0x01
I (21462) rc_video: Video TX task started (240x180, sensor-driven, Q=60)
I (21462) rc_video: TX theory: raw=614400 B/frame, encoded YUV=86400 B/frame, target10fps raw=0.86 MB/s
I (21465) rc_video: Tank video started (camera source)
I (21471) rc_video: PSRAM TX buffers: subsample=86400B jpeg=43200B send=43208B free_psram=5592524 free_internal=59871
I (21486) rc_video: TX buffer caps: subsample=0x3c350120(psram=1) jpeg=0x3c3652a4(psram=1) send=0x3c36fea8(psram=1)
W (21476) rc_tank: [DVP-MATRIX] observe stage=3 strategy=rebuild_before_and_after_udp duration_ms=45000 under live Q60/UDP load

[HOST-DVP-MATRIX 10:58:02] MATRIX-R3 stage=3 visible window begin
I (21566) rc_net: [CAM-PROBE] Video TX seq=0 jpeg_len=5941 crc32=0x0f4ce565 chunks=5
W (21612) rc_net: Video UDP send failed: seq=0 chunk=4/5 bytes=1208 sent=-1 errno=12 attempts=4
W (21613) rc_video: Video send failed: ESP_FAIL
W (21708) rc_video: Video send failed: ESP_FAIL
W (21854) rc_video: Video send failed: ESP_FAIL
W (21906) rc_video: Video send failed: ESP_FAIL
W (22048) rc_video: Video send failed: ESP_FAIL
W (22125) rc_video: Video send failed: ESP_FAIL
W (22246) rc_video: Video send failed: ESP_FAIL
I (22424) wifi:<ba-add>idx:2 (ifx:1, 44:1b:f6:f3:ae:40), tid:0, ssn:0, winSize:64
I (25246) rc_net: [CAM-PROBE] Video TX seq=30 jpeg_len=8496 crc32=0x29c3235e chunks=8
I (25906) rc_video: Sent 30 | cap_fps=8.3 send_fps=6.8 capture_size_errors=0 capture_identity_errors=0 | Avg(ms): wait=56.2 cache=1.5 subsample=23.3 encode=23.9 send=5.6 total=110.6 | JPEG=8954B
I (25913) rc_video: [VIDEO-TX] handoff cap=37 get=74 select_fail=0 finished=37 signal=37 acquire=37 acquire_fail=0 release_fail=0 backup=0/0
I (25922) rc_video: [STABLE-CAPTURE] pause=37/37 timeout=0 quiesce=37 resume=37 lifecycle_errors=0 repairs=37 staged_events=609 copies=588 fallback=0 errors=0 prepare=38 stale_queue=0 pending_vsync=18 sync=58 complete=37 incomplete=21 incomplete_blocks=180 hold=37/37 hold_timeout=0
I (29104) rc_net: [CAM-PROBE] Video TX seq=60 jpeg_len=9028 crc32=0x92a7bb7f chunks=8
I (29823) rc_video: Sent 60 | cap_fps=7.7 send_fps=7.7 capture_size_errors=0 capture_identity_errors=0 | Avg(ms): wait=62.1 cache=1.5 subsample=23.5 encode=24.3 send=5.7 total=117.1 | JPEG=9046B
I (29830) rc_video: [VIDEO-TX] handoff cap=67 get=134 select_fail=0 finished=67 signal=67 acquire=67 acquire_fail=0 release_fail=0 backup=0/0
I (29841) rc_video: [STABLE-CAPTURE] pause=67/67 timeout=0 quiesce=67 resume=67 lifecycle_errors=0 repairs=67 staged_events=1145 copies=1108 fallback=0 errors=0 prepare=68 stale_queue=0 pending_vsync=31 sync=113 complete=67 incomplete=46 incomplete_blocks=370 hold=67/67 hold_timeout=0
I (32687) rc_net: [CAM-PROBE] Video TX seq=90 jpeg_len=8694 crc32=0xd5c882b5 chunks=8
I (33344) rc_video: Sent 90 | cap_fps=8.5 send_fps=8.5 capture_size_errors=0 capture_identity_errors=0 | Avg(ms): wait=48.7 cache=1.5 subsample=23.8 encode=24.5 send=5.7 total=104.2 | JPEG=8924B
I (33351) rc_video: [VIDEO-TX] handoff cap=97 get=194 select_fail=0 finished=97 signal=97 acquire=97 acquire_fail=0 release_fail=0 backup=0/0
I (33363) rc_video: [STABLE-CAPTURE] pause=97/97 timeout=0 quiesce=97 resume=97 lifecycle_errors=0 repairs=97 staged_events=1631 copies=1578 fallback=0 errors=0 prepare=98 stale_queue=0 pending_vsync=45 sync=158 complete=97 incomplete=61 incomplete_blocks=510 hold=97/97 hold_timeout=0
I (36210) rc_net: [CAM-PROBE] Video TX seq=120 jpeg_len=8296 crc32=0x82de23c1 chunks=7
I (36883) rc_video: Sent 120 | cap_fps=8.4 send_fps=8.4 capture_size_errors=0 capture_identity_errors=0 | Avg(ms): wait=50.0 cache=1.5 subsample=23.8 encode=24.5 send=5.5 total=105.3 | JPEG=8495B
I (36883) rc_video: [VIDEO-TX] handoff cap=127 get=255 select_fail=0 finished=127 signal=127 acquire=127 acquire_fail=0 release_fail=0 backup=0/0
I (36883) rc_video: [STABLE-CAPTURE] pause=127/127 timeout=0 quiesce=127 resume=127 lifecycle_errors=0 repairs=127 staged_events=2126 copies=2057 fallback=0 errors=0 prepare=128 stale_queue=0 pending_vsync=58 sync=204 complete=127 incomplete=77 incomplete_blocks=650 hold=127/127 hold_timeout=0
I (39772) rc_net: [CAM-PROBE] Video TX seq=150 jpeg_len=8766 crc32=0x67a88897 chunks=8
I (40527) rc_video: Sent 150 | cap_fps=8.2 send_fps=8.2 capture_size_errors=0 capture_identity_errors=0 | Avg(ms): wait=53.1 cache=1.4 subsample=23.2 encode=24.2 send=5.7 total=107.6 | JPEG=8778B
I (40527) rc_video: [VIDEO-TX] handoff cap=157 get=315 select_fail=0 finished=157 signal=157 acquire=157 acquire_fail=0 release_fail=0 backup=0/0
I (40527) rc_video: [STABLE-CAPTURE] pause=157/157 timeout=0 quiesce=157 resume=157 lifecycle_errors=0 repairs=157 staged_events=2612 copies=2527 fallback=0 errors=0 prepare=158 stale_queue=0 pending_vsync=72 sync=252 complete=157 incomplete=95 incomplete_blocks=790 hold=157/157 hold_timeout=0
I (43453) rc_net: [CAM-PROBE] Video TX seq=180 jpeg_len=8837 crc32=0xa254c1ce chunks=8
I (44129) rc_video: Sent 180 | cap_fps=8.3 send_fps=8.3 capture_size_errors=0 capture_identity_errors=0 | Avg(ms): wait=51.1 cache=1.5 subsample=23.5 encode=24.4 send=6.4 total=106.9 | JPEG=9410B
I (44129) rc_video: [VIDEO-TX] handoff cap=187 get=375 select_fail=0 finished=187 signal=187 acquire=187 acquire_fail=0 release_fail=0 backup=0/0
I (44129) rc_video: [STABLE-CAPTURE] pause=187/187 timeout=0 quiesce=187 resume=187 lifecycle_errors=0 repairs=187 staged_events=3108 copies=3007 fallback=0 errors=0 prepare=188 stale_queue=0 pending_vsync=86 sync=299 complete=187 incomplete=112 incomplete_blocks=940 hold=187/187 hold_timeout=0
I (46936) rc_net: [CAM-PROBE] Video TX seq=210 jpeg_len=8450 crc32=0x10181a6c chunks=8
I (47711) rc_video: Sent 210 | cap_fps=8.4 send_fps=8.4 capture_size_errors=0 capture_identity_errors=0 | Avg(ms): wait=51.3 cache=1.5 subsample=23.6 encode=24.1 send=5.3 total=105.9 | JPEG=9246B
I (47719) rc_video: [VIDEO-TX] handoff cap=217 get=434 select_fail=0 finished=217 signal=217 acquire=217 acquire_fail=0 release_fail=0 backup=0/0
I (47731) rc_video: [STABLE-CAPTURE] pause=217/217 timeout=0 quiesce=217 resume=217 lifecycle_errors=0 repairs=217 staged_events=3585 copies=3468 fallback=0 errors=0 prepare=218 stale_queue=0 pending_vsync=101 sync=345 complete=217 incomplete=128 incomplete_blocks=1080 hold=217/217 hold_timeout=0
I (50716) rc_net: [CAM-PROBE] Video TX seq=240 jpeg_len=9486 crc32=0xdb48bfaa chunks=8
I (51434) rc_video: Sent 240 | cap_fps=8.1 send_fps=8.1 capture_size_errors=0 capture_identity_errors=0 | Avg(ms): wait=53.6 cache=1.5 subsample=23.3 encode=24.4 send=6.8 total=109.6 | JPEG=9199B
I (51441) rc_video: [VIDEO-TX] handoff cap=247 get=494 select_fail=0 finished=247 signal=247 acquire=247 acquire_fail=0 release_fail=0 backup=0/0
I (51451) rc_video: [STABLE-CAPTURE] pause=247/247 timeout=0 quiesce=247 resume=247 lifecycle_errors=0 repairs=247 staged_events=4092 copies=3958 fallback=0 errors=0 prepare=248 stale_queue=0 pending_vsync=114 sync=396 complete=247 incomplete=149 incomplete_blocks=1240 hold=247/247 hold_timeout=0
I (54416) rc_net: [CAM-PROBE] Video TX seq=270 jpeg_len=9695 crc32=0xacd7607f chunks=9
I (55089) rc_video: Sent 270 | cap_fps=8.2 send_fps=8.2 capture_size_errors=0 capture_identity_errors=0 | Avg(ms): wait=54.9 cache=1.4 subsample=23.6 encode=24.2 send=5.5 total=109.7 | JPEG=7247B
I (55089) rc_video: [VIDEO-TX] handoff cap=277 get=555 select_fail=0 finished=277 signal=277 acquire=277 acquire_fail=0 release_fail=0 backup=0/0
I (55089) rc_video: [STABLE-CAPTURE] pause=277/277 timeout=0 quiesce=277 resume=277 lifecycle_errors=0 repairs=277 staged_events=4596 copies=4446 fallback=0 errors=0 prepare=278 stale_queue=0 pending_vsync=128 sync=444 complete=277 incomplete=167 incomplete_blocks=1390 hold=277/277 hold_timeout=0
I (57998) rc_net: [CAM-PROBE] Video TX seq=300 jpeg_len=8755 crc32=0x02f7ee7a chunks=8
I (58717) rc_video: Sent 300 | cap_fps=8.3 send_fps=8.3 capture_size_errors=0 capture_identity_errors=0 | Avg(ms): wait=52.5 cache=1.5 subsample=23.2 encode=23.8 send=6.3 total=107.3 | JPEG=9866B
I (58725) rc_video: [VIDEO-TX] handoff cap=307 get=614 select_fail=0 finished=307 signal=307 acquire=307 acquire_fail=0 release_fail=0 backup=0/0
I (58734) rc_video: [STABLE-CAPTURE] pause=307/307 timeout=0 quiesce=307 resume=307 lifecycle_errors=0 repairs=307 staged_events=5093 copies=4926 fallback=0 errors=0 prepare=308 stale_queue=0 pending_vsync=142 sync=492 complete=307 incomplete=185 incomplete_blocks=1548 hold=307/307 hold_timeout=0
I (61699) rc_net: [CAM-PROBE] Video TX seq=330 jpeg_len=8757 crc32=0xa10e9fe6 chunks=8
I (62491) rc_video: Sent 330 | cap_fps=7.9 send_fps=7.9 capture_size_errors=0 capture_identity_errors=0 | Avg(ms): wait=57.6 cache=1.5 subsample=23.2 encode=24.7 send=5.5 total=112.4 | JPEG=8607B
I (62491) rc_video: [VIDEO-TX] handoff cap=337 get=675 select_fail=0 finished=337 signal=337 acquire=337 acquire_fail=0 release_fail=0 backup=0/0
I (62491) rc_video: [STABLE-CAPTURE] pause=337/337 timeout=0 quiesce=337 resume=337 lifecycle_errors=0 repairs=337 staged_events=5608 copies=5424 fallback=0 errors=0 prepare=338 stale_queue=0 pending_vsync=154 sync=545 complete=337 incomplete=208 incomplete_blocks=1708 hold=337/337 hold_timeout=0
I (65657) rc_net: [CAM-PROBE] Video TX seq=360 jpeg_len=8771 crc32=0x2295c83d chunks=8
I (66274) rc_video: Sent 360 | cap_fps=8.0 send_fps=8.0 capture_size_errors=0 capture_identity_errors=0 | Avg(ms): wait=54.1 cache=1.3 subsample=23.2 encode=24.9 send=6.8 total=110.3 | JPEG=8882B
I (66281) rc_video: [VIDEO-TX] handoff cap=367 get=734 select_fail=0 finished=367 signal=367 acquire=367 acquire_fail=0 release_fail=0 backup=0/0
I (66293) rc_video: [STABLE-CAPTURE] pause=367/367 timeout=0 quiesce=367 resume=367 lifecycle_errors=0 repairs=367 staged_events=6100 copies=5896 fallback=0 errors=0 prepare=368 stale_queue=0 pending_vsync=166 sync=599 complete=367 incomplete=232 incomplete_blocks=1858 hold=367/367 hold_timeout=0
W (66486) rc_tank: [DVP-MATRIX] result stage=3 strategy=rebuild_before_and_after_udp complete=369 incomplete=233 incomplete_blocks=1868 mismatch_hist=0,2,0,0,137,202,170,142,60,51,175 prepare=370 pending=167 hold=369/369 hold_timeout=0
W (66499) rc_tank: [DVP-MATRIX] advance stage=4; restart in 1s
I (67520) wifi:station: 44:1b:f6:f3:ae:40 leave, AID = 1, reason = 2, bss_flags is 756835, bss:0x3fcf1298
I (67522) wifi:new:<1,0>, old:<1,1>, ap:<1,1>, sta:<255,255>, prof:1, snd_ch_cfg:0x0
I (67528) wifi:<ba-del>idx:2, tid:0
I (67530) wifi:new:<1,1>, old:<1,0>, ap:<1,1>, sta:<255,255>, prof:1, snd_ch_cfg:0x0
I (67540) rc_net: STA disconnected, MAC: 44:1b:f6:f3:ae:40
W (67543) rc_control: Network disconnected: motor stop enforced
W (67548) rc_tank: Network disconnected
W (67581) rc_video: Video send failed: ESP_ERR_INVALID_STATE
W (67676) rc_video: Video send failed: ESP_ERR_INVALID_STATE
W (67794) rc_video: Video send failed: ESP_ERR_INVALID_STATE
W (67873) rc_video: Video send failed: ESP_ERR_INVALID_STATE
W (68071) rc_video: Video send failed: ESP_ERR_INVALID_STATE
W (68209) rc_video: Video send failed: ESP_ERR_INVALID_STATE
W (68309) rc_video: Video send failed: ESP_ERR_INVALID_STATE
W (68391) rc_video: Video send failed: ESP_ERR_INVALID_STATE
W (68586) rc_video: Video send failed: ESP_ERR_INVALID_STATE
W (68723) rc_video: Video send failed: ESP_ERR_INVALID_STATE
W (68823) rc_video: Video send failed: ESP_ERR_INVALID_STATE
I (68897) wifi:flush txq
I (68898) wifi:stop sw txq
I (68898) wifi:lmac stop hw txq
†žESP-ROM:esp32s3-20210327
Build:Mar 27 2021
rst:0xc (RTC_SW_CPU_RST),boot:0x3 (DOWNLOAD(USB/UART0))
Saved PC:0x40381169
waiting for download

[HOST-DVP-MATRIX 10:58:49] MATRIX-R3 Tank restart recovery=5

[HOST-DVP-MATRIX 10:58:49] Tank RAM bootloader start
esptool.py v4.12.dev2
Serial port COM7
Connecting....
Chip is ESP32-S3 (QFN56) (revision v0.2)
Features: WiFi, BLE
Crystal is 40MHz
MAC: 44:1b:f6:f3:ae:78
Uploading stub...
Running stub...
Stub running...
RAM boot...
Downloading 5360 bytes at 3fce2820... done!
Downloading 3364 bytes at 403c8700... done!
Downloading 12016 bytes at 403cb700... done!
All segments done, executing at 403c8924
Exiting immediately.

[HOST-DVP-MATRIX 10:58:52] Tank RAM bootloader complete
 (2923) boot: chip revision: v0.2
I (2926) boot: efuse block revision: v1.3
I (2929) boot.esp32s3: Boot SPI Speed : 80MHz
I (2933) boot.esp32s3: SPI Mode       : SLOW READ
I (2938) boot.esp32s3: SPI Flash Size : 8MB
I (2942) boot: Enabling RNG early entropy source...
I (2947) boot: Partition Table:
I (2949) boot: ## Label            Usage          Type ST Offset   Length
I (2956) boot:  0 nvs              WiFi data        01 02 00009000 00006000
I (2962) boot:  1 phy_init         RF data          01 01 0000f000 00001000
I (2969) boot:  2 factory          factory app      00 00 00010000 00300000
I (2976) boot:  3 storage          Unknown data     01 82 00310000 00100000
I (2983) boot: End of partition table
I (2986) esp_image: segment 0: paddr=00010020 vaddr=3c0a0020 size=24c30h (150576) map
I (3085) esp_image: segment 1: paddr=00034c58 vaddr=3fca0c00 size=05560h ( 21856) load
I (3100) esp_image: segment 2: paddr=0003a1c0 vaddr=40374000 size=05e58h ( 24152) load
I (3116) esp_image: segment 3: paddr=00040020 vaddr=42000020 size=9b61ch (636444) map
I (3504) esp_image: segment 4: paddr=000db644 vaddr=40379e58 size=16d04h ( 93444) load
I (3565) esp_image: segment 5: paddr=000f2350 vaddr=50000000 size=00020h (    32) load
I (3577) boot: Loaded app from partition at offset 0x10000
I (3577) boot: Disabling RNG early entropy source...
I (3589) esp_psram: Found 8MB PSRAM device
I (3589) esp_psram: Speed: 80MHz
I (3589) cpu_start: Multicore app
I (4507) esp_psram: SPI SRAM memory test OK
I (4516) cpu_start: GPIO 44 and 43 are used as console UART I/O pins
I (4517) cpu_start: Pro cpu start user code
I (4517) cpu_start: cpu freq: 240000000 Hz
I (4518) app_init: Application information:
I (4522) app_init: Project name:     rc_tank_demo
I (4527) app_init: App version:      1
I (4530) app_init: Compile time:     Aug 26 2026 10:51:10
I (4535) app_init: ELF file SHA256:  802891069...
I (4540) app_init: ESP-IDF:          GIT-NOTFOUND
I (4544) efuse_init: Min chip rev:     v0.0
I (4548) efuse_init: Max chip rev:     v0.99 
I (4552) efuse_init: Chip rev:         v0.2
I (4556) heap_init: Initializing. RAM available for dynamic allocation:
I (4563) heap_init: At 3FCAA290 len 0003F480 (253 KiB): RAM
I (4568) heap_init: At 3FCE9710 len 00005724 (21 KiB): RAM
I (4573) heap_init: At 3FCF0000 len 00008000 (32 KiB): DRAM
I (4578) heap_init: At 600FE000 len 00001FE8 (7 KiB): RTCRAM
I (4584) esp_psram: Adding pool of 8192K of PSRAM memory to heap allocator
I (4592) spi_flash: detected chip: generic
I (4594) spi_flash: flash io: dio
I (4598) sleep_gpio: Configure to isolate all GPIO pins in sleep state
I (4604) sleep_gpio: Enable automatic switching of GPIO sleep configuration
I (4610) main_task: Started on CPU0
I (4634) esp_psram: Reserving pool of 64K of internal memory for DMA/internal allocations
I (4635) main_task: Calling app_main()
I (4652) rc_tank: === RC Tank Demo (EX-035) Role: TANK ===
I (4652) rc_tank: Startup delay 10 s (open serial monitor now)...
I (4652) rc_tank:   starting in 10 s
I (5655) rc_tank:   starting in 9 s
I (6655) rc_tank:   starting in 8 s
I (7655) rc_tank:   starting in 7 s
I (8655) rc_tank:   starting in 6 s
I (9655) rc_tank:   starting in 5 s
I (10655) rc_tank:   starting in 4 s
I (11655) rc_tank:   starting in 3 s
I (12655) rc_tank:   starting in 2 s
I (13655) rc_tank:   starting in 1 s
I (14655) rc_tank: Starting Tank role (P1: network, P2: control, P3: video)
I (14655) board_laiwfs300: init board support package
I (14655) board_laiwfs300: init capability registry
I (14660) board_laiwfs300: init I2C bus: SDA=GPIO48 SCL=GPIO47
I (14666) bus_i2c: I2C0 initialized: SDA=GPIO48 SCL=GPIO47 speed=100000Hz
I (14672) board_laiwfs300: --- I2C bus scan (0x08-0x77) ---
I (14679) board_laiwfs300:   I2C device ACK at 0x15
I (14682) board_laiwfs300:   I2C device ACK at 0x18
I (14687) board_laiwfs300:   I2C device ACK at 0x21
I (14691) board_laiwfs300:   I2C device ACK at 0x22
I (14699) board_laiwfs300:   I2C device ACK at 0x40
I (14702) board_laiwfs300:   I2C device ACK at 0x51
I (14708) board_laiwfs300:   I2C device ACK at 0x68
I (14711) board_laiwfs300: --- I2C scan done: 7 device(s) found ---
W (14715) board_laiwfs300: TPT29555A (IOEX) NOT found at 0x20 (NACK)
I (14721) board_laiwfs300: ES8311 (Codec) found at 0x18
I (14726) board_laiwfs300: ES7210 (ADC) found at 0x40
I (14731) board_laiwfs300: AIP8563 (RTC) found at 0x51
I (14736) board_laiwfs300: BMI260 (IMU @0x68) found at 0x68
W (14741) board_laiwfs300: BMI260 (IMU @0x69) NOT found at 0x69 (NACK)
I (14747) board_laiwfs300: SP0A39 (Camera) found at 0x21
I (14754) board_laiwfs300: ES8311 chip ID: 0x83 0x11
I (14758) board_laiwfs300: ES7210 chip ID: 0x72
I (14763) board_laiwfs300: AIP8563 RTC time: 22:32:04 (BCD raw)
I (14767) board_laiwfs300: BMI260 chip ID: 0x27 (expect 0x27)
I (14772) board_laiwfs300: init SPI bus manager
I (14778) board_laiwfs300: init ADC service
I (14781) board_adc: ADC1 oneshot initialized
I (14785) board_laiwfs300: init board power service
I (14790) board_laiwfs300: ADC D0_DETECT (GPIO1): raw=4095 (~3100 mV)
I (14795) board_laiwfs300: ADC BAT_ADC (GPIO7): raw=1645 (~1245 mV)
I (14801) board_laiwfs300: ADC SW_ADC (GPIO8): raw=4095 (~3100 mV)
I (14807) board_laiwfs300: init IO expander: TPT29555A addr=0x22
I (14816) io_expander: TPT29555A initialized at 0x22
I (14818) board_laiwfs300: IO expander initialized OK
I (14822) board_laiwfs300: init module detect
I (14827) board_laiwfs300: register detection rules
I (14831) board_laiwfs300: register default capabilities
I (14836) board_laiwfs300: board init complete (ioex=OK)
I (14841) rc_tank: [STEP] Motor init starting...
I (14846) board_motor: motor input 1 -> GPIO5 / LEDC channel 0
I (14851) board_motor: motor input 2 -> GPIO4 / LEDC channel 1
I (14857) board_motor: motor input 3 -> GPIO37 / LEDC channel 2
I (14862) board_motor: motor input 4 -> GPIO45 / LEDC channel 3
I (14868) rc_control: Motor initialized
I (14871) rc_tank: [STEP] Motor init OK
I (14875) rc_tank: [STEP] Display init starting...
I (14880) rc_video: Initializing Tank display
I (14885) display_hal: init ST7789V3 LCD 240x320 SPI host=1
E (15030) spi: spi_bus_initialize(816): SPI bus already initialized.
I (15151) display_hal: ST7789V3 LCD initialized
I (15151) board_display: display mapped: MOSI=GPIO13 SCK=GPIO12 CS=GPIO10 DC=GPIO16 BL=GPIO17 LCD_RST=IOEX P1_5 pclk=20000000
I (15156) rc_video: Tank display task started (status screen)
I (15157) rc_video: Tank display initialized (status task owns LCD)
I (15167) rc_tank: [STEP] Display init OK
I (15171) rc_tank: [STEP] Camera init starting...
I (15175) rc_video: Initializing camera (SP0A39 640x480 VYUY)
I (15181) board_camera: initializing SP0A39 camera mode=0 640x480
I (15186) camera_hal: init SP0A39 DVP 640x480 (SCCB manual mode)
I (15192) camera_hal: configuring IOEX pins for camera RESET/PWDN
I (15199) camera_hal: PWDN=HIGH (power down)
I (15212) camera_hal: PWDN=LOW (release sensor)
I (15412) camera_hal: RESET=LOW (assert reset)
I (15432) camera_hal: RESET=HIGH (release reset)
I (16432) camera_hal: full I2C scan after camera power-up (diagnostic only)...
I (16434) camera_hal:   post-powerup ACK at 0x15
I (16434) camera_hal:   post-powerup ACK at 0x18
I (16437) camera_hal:   post-powerup ACK at 0x21
I (16441) camera_hal:   post-powerup ACK at 0x22
I (16449) camera_hal:   post-powerup ACK at 0x40
I (16452) camera_hal:   post-powerup ACK at 0x51
I (16457) camera_hal:   post-powerup ACK at 0x68
I (16460) camera_hal: DVP GPIO diagnostics (checking PCLK/VSYNC/HSYNC activity)...
I (16526) camera_hal: DVP diagnostics: PCLK_changes=0 VSYNC_changes=0 HSYNC_changes=0
W (16526) camera_hal: PCLK has no transitions - MCLK likely not reaching sensor or sensor not active
I (16531) camera_hal: using sensor address 0x21
I (16536) camera_hal: SP0A39 I2C device added at 0x21
I (16542) camera_hal: SP0A39 chip ID: 0x0A39
I (16664) camera_hal: SP0A39 register init done: VYUY 640x480 (359 regs)
I (16665) camera_hal: [CAM-PROBE] SP0A39 p0_31 stage=post_table value=0x00 expected=0x01
E (16668) camera_hal: camera_hal_verify_expected_output_p0_31(92): unexpected p0_31=0x00 at post_table
W (16677) camera_hal: [CAM-PROBE] output state differs after table; continuing: ESP_ERR_INVALID_RESPONSE
I (16706) camera_hal: [CAM-PROBE] SP0A39 p0_31 stage=post_delay value=0x01 expected=0x01
I (16707) camera_hal: camera HAL initialized (sensor ready, DVP capture not yet implemented)
I (16711) board_camera: camera ready
I (16719) camera_hal: SP0A39 output regs: P0:1c=0x00 P0:30=0x01 P0:31=0x01 P1:32=0x15 P1:34=0xeb P1:35=0x00 P1:36=0x10
I (16851) rc_video:   3 DMA-capable PSRAM framebuffers allocated (600 KB each)
I (16854) dvp_ext: DVP Extended camera controller driver is initialized
I (16855) dvp_ext: [STABLE-DVP] assembly uses GDMA-EOF direct copy; dma=102400 half=51200 queue_data_events=suppressed eof_desc=probe
I (16866) rc_video: [STABLE-CAPTURE] staged DVP controller created dma=102400 half=51200
I (16873) rc_video: Camera initialized
I (16877) rc_tank: [STEP] Camera init OK
I (16880) rc_tank: [STEP] Network init starting...
I (16886) rc_net: Initializing as SoftAP (Tank)
I (16891) pp: pp rom version: e7ae62f
I (16893) net80211: net80211 rom version: e7ae62f
I (16899) wifi:wifi driver task: 3fce48f8, prio:23, stack:6656, core=0
I (16910) wifi:wifi firmware version: 0947e8b
I (16910) wifi:wifi certification version: v7.0
I (16912) wifi:config NVS flash: enabled
I (16915) wifi:config nano formatting: disabled
I (16920) wifi:Init data frame dynamic rx buffer num: 32
I (16925) wifi:Init static rx mgmt buffer num: 5
I (16929) wifi:Init management short buffer num: 32
I (16933) wifi:Init dynamic tx buffer num: 64
I (16938) wifi:Init static tx FG buffer num: 2
I (16942) wifi:Init static rx buffer size: 1600
I (16946) wifi:Init static rx buffer num: 10
I (16950) wifi:Init dynamic rx buffer num: 32
I (16955) wifi_init: rx ba win: 6
I (16957) wifi_init: accept mbox: 6
I (16960) wifi_init: tcpip mbox: 16
I (16963) wifi_init: udp mbox: 6
I (16966) wifi_init: tcp mbox: 6
I (16969) wifi_init: tcp tx win: 5760
I (16973) wifi_init: tcp rx win: 5760
I (16976) wifi_init: tcp mss: 1440
I (16979) wifi_init: WiFi IRAM OP enabled
I (16983) wifi_init: WiFi RX IRAM OP enabled
I (16988) rc_net: AP set_mode/config, SSID=RC_TANK_F3AE79 ch=1
I (16997) phy_init: phy_version 711,97bcf0a2,Aug 25 2025,19:04:10
I (17036) wifi:mode : softAP (44:1b:f6:f3:ae:79)
I (17040) wifi:Total power save buffer number: 32
I (17041) wifi:Init max length of beacon: 752/752
I (17042) wifi:Init max length of beacon: 752/752
I (17044) rc_net: SoftAP started, SSID: RC_TANK_F3AE79, Password: 12345678
I (17046) esp_netif_lwip: DHCP server started on interface WIFI_AP_DEF with IP: 192.168.4.1
I (17058) rc_tank: [STEP] Network init OK
I (17062) rc_tank: Tank SoftAP ready, waiting for remote...
I (17067) rc_control: Ctrl RX task started
I (17071) rc_control: Tank control started
I (17075) rc_tank: Tank running (video + control; audio disabled)
I (17080) rc_tank: app_main done, idle loop
I (21670) wifi:new:<1,1>, old:<1,1>, ap:<1,1>, sta:<255,255>, prof:1, snd_ch_cfg:0x0
I (21671) wifi:station: 44:1b:f6:f3:ae:40 join, AID=1, bgn, 40U
I (21694) rc_net: STA connected, MAC: 44:1b:f6:f3:ae:40
I (21724) esp_netif_lwip: DHCP server assigned IP to a client, IP is: 192.168.4.2
I (21724) rc_net: STA assigned IP: 192.168.4.2
I (21725) rc_tank: Network connected, peer: 192.168.4.2
W (21731) rc_tank: [DVP-MATRIX] start stage=4 strategy=baseline_no_rebuild video_tx=not_created capture=not_started
I (21741) rc_net: Ctrl UDP socket bound to port 8001
I (21745) rc_net: Video UDP socket bound to port 8002
I (21750) rc_net: Audio TCP listening on port 8003
I (21754) rc_tank: Socket channels started
I (21757) rc_video: No local preview active; formal video handoff skipped
I (21765) camera_hal: [CAM-PROBE] SP0A39 p0_31 stage=dvp_started value=0x01 expected=0x01
I (21779) rc_video: Video TX task started (240x180, sensor-driven, Q=60)
I (21780) rc_video: TX theory: raw=614400 B/frame, encoded YUV=86400 B/frame, target10fps raw=0.86 MB/s
I (21782) rc_video: Tank video started (camera source)
I (21787) rc_video: PSRAM TX buffers: subsample=86400B jpeg=43200B send=43208B free_psram=5592524 free_internal=59867
W (21792) rc_tank: [DVP-MATRIX] observe stage=4 strategy=baseline_no_rebuild duration_ms=45000 under live Q60/UDP load
I (21802) rc_video: TX buffer caps: subsample=0x3c350120(psram=1) jpeg=0x3c3652a4(psram=1) send=0x3c36fea8(psram=1)
I (21886) rc_net: [CAM-PROBE] Video TX seq=0 jpeg_len=8626 crc32=0x3190f48e chunks=8
W (21932) rc_net: Video UDP send failed: seq=0 chunk=4/8 bytes=1208 sent=-1 errno=12 attempts=4
W (21933) rc_video: Video send failed: ESP_FAIL

[HOST-DVP-MATRIX 10:59:11] MATRIX-R3 stage=4 visible window begin
W (22106) rc_video: Video send failed: ESP_FAIL
W (22253) rc_video: Video send failed: ESP_FAIL
W (22306) rc_video: Video send failed: ESP_FAIL
W (22448) rc_video: Video send failed: ESP_FAIL
W (22501) rc_video: Video send failed: ESP_FAIL
W (22646) rc_video: Video send failed: ESP_FAIL
W (22728) rc_video: Video send failed: ESP_FAIL
I (22776) wifi:<ba-add>idx:2 (ifx:1, 44:1b:f6:f3:ae:40), tid:0, ssn:0, winSize:64
I (25408) rc_net: [CAM-PROBE] Video TX seq=30 jpeg_len=8681 crc32=0x4926d0be chunks=8
I (26303) rc_video: Sent 30 | cap_fps=8.4 send_fps=6.6 capture_size_errors=0 capture_identity_errors=0 | Avg(ms): wait=52.4 cache=1.5 subsample=23.4 encode=24.5 send=5.7 total=107.5 | JPEG=9154B
I (26310) rc_video: [VIDEO-TX] handoff cap=38 get=76 select_fail=0 finished=38 signal=38 acquire=38 acquire_fail=0 release_fail=0 backup=0/0
I (26322) rc_video: [STABLE-CAPTURE] pause=38/38 timeout=0 quiesce=38 resume=38 lifecycle_errors=0 repairs=38 staged_events=611 copies=589 fallback=0 errors=0 prepare=39 stale_queue=0 pending_vsync=17 sync=59 complete=38 incomplete=21 incomplete_blocks=170 hold=38/38 hold_timeout=0
I (29369) rc_net: [CAM-PROBE] Video TX seq=60 jpeg_len=8800 crc32=0x5a7e175b chunks=8
I (30277) rc_video: Sent 60 | cap_fps=7.5 send_fps=7.5 capture_size_errors=0 capture_identity_errors=0 | Avg(ms): wait=65.4 cache=1.5 subsample=23.8 encode=24.5 send=5.6 total=120.7 | JPEG=8701B
I (30277) rc_video: [VIDEO-TX] handoff cap=68 get=137 select_fail=0 finished=68 signal=68 acquire=68 acquire_fail=0 release_fail=0 backup=0/0
I (30277) rc_video: [STABLE-CAPTURE] pause=68/68 timeout=0 quiesce=68 resume=68 lifecycle_errors=0 repairs=68 staged_events=1145 copies=1108 fallback=0 errors=0 prepare=69 stale_queue=0 pending_vsync=31 sync=115 complete=68 incomplete=47 incomplete_blocks=350 hold=68/68 hold_timeout=0
I (33008) rc_net: [CAM-PROBE] Video TX seq=90 jpeg_len=8744 crc32=0xba68550c chunks=8
I (33842) rc_video: Sent 90 | cap_fps=8.4 send_fps=8.4 capture_size_errors=0 capture_identity_errors=0 | Avg(ms): wait=48.8 cache=1.4 subsample=23.7 encode=24.5 send=5.9 total=104.3 | JPEG=8659B
I (33842) rc_video: [VIDEO-TX] handoff cap=98 get=197 select_fail=0 finished=98 signal=98 acquire=98 acquire_fail=0 release_fail=0 backup=0/0
I (33842) rc_video: [STABLE-CAPTURE] pause=98/98 timeout=0 quiesce=98 resume=98 lifecycle_errors=0 repairs=98 staged_events=1632 copies=1578 fallback=0 errors=0 prepare=99 stale_queue=0 pending_vsync=43 sync=162 complete=98 incomplete=64 incomplete_blocks=490 hold=98/98 hold_timeout=0
I (36511) rc_net: [CAM-PROBE] Video TX seq=120 jpeg_len=9141 crc32=0x7e09e312 chunks=8
I (37322) rc_video: Sent 120 | cap_fps=8.6 send_fps=8.6 capture_size_errors=0 capture_identity_errors=0 | Avg(ms): wait=46.8 cache=1.5 subsample=23.4 encode=24.5 send=7.2 total=103.4 | JPEG=8758B
I (37322) rc_video: [VIDEO-TX] handoff cap=128 get=257 select_fail=0 finished=128 signal=128 acquire=128 acquire_fail=0 release_fail=0 backup=0/0
I (37366) rc_video: [STABLE-CAPTURE] pause=128/128 timeout=0 quiesce=128 resume=128 lifecycle_errors=0 repairs=128 staged_events=2109 copies=2039 fallback=0 errors=0 prepare=129 stale_queue=0 pending_vsync=57 sync=207 complete=129 incomplete=78 incomplete_blocks=620 hold=128/128 hold_timeout=0
I (40016) rc_net: [CAM-PROBE] Video TX seq=150 jpeg_len=8728 crc32=0xf4c9b652 chunks=8
I (40844) rc_video: Sent 150 | cap_fps=8.5 send_fps=8.5 capture_size_errors=0 capture_identity_errors=0 | Avg(ms): wait=48.0 cache=1.4 subsample=23.2 encode=24.6 send=5.7 total=102.8 | JPEG=8762B
I (40844) rc_video: [VIDEO-TX] handoff cap=158 get=317 select_fail=0 finished=158 signal=158 acquire=158 acquire_fail=0 release_fail=0 backup=0/0
I (40844) rc_video: [STABLE-CAPTURE] pause=158/158 timeout=0 quiesce=158 resume=158 lifecycle_errors=0 repairs=158 staged_events=2584 copies=2497 fallback=0 errors=0 prepare=159 stale_queue=0 pending_vsync=70 sync=252 complete=158 incomplete=94 incomplete_blocks=750 hold=158/158 hold_timeout=0
I (43697) rc_net: [CAM-PROBE] Video TX seq=180 jpeg_len=8778 crc32=0x81eb243b chunks=8
I (44430) rc_video: Sent 180 | cap_fps=8.4 send_fps=8.4 capture_size_errors=0 capture_identity_errors=0 | Avg(ms): wait=50.8 cache=1.5 subsample=23.6 encode=24.3 send=6.1 total=106.3 | JPEG=9298B
I (44437) rc_video: [VIDEO-TX] handoff cap=188 get=376 select_fail=0 finished=188 signal=188 acquire=188 acquire_fail=0 release_fail=0 backup=0/0
I (44449) rc_video: [STABLE-CAPTURE] pause=188/188 timeout=0 quiesce=188 resume=188 lifecycle_errors=0 repairs=188 staged_events=3064 copies=2960 fallback=0 errors=0 prepare=189 stale_queue=0 pending_vsync=84 sync=299 complete=188 incomplete=111 incomplete_blocks=890 hold=188/188 hold_timeout=0
I (47217) rc_net: [CAM-PROBE] Video TX seq=210 jpeg_len=8778 crc32=0x28fc2730 chunks=8
I (48034) rc_video: Sent 210 | cap_fps=8.3 send_fps=8.3 capture_size_errors=0 capture_identity_errors=0 | Avg(ms): wait=51.0 cache=1.5 subsample=23.9 encode=24.5 send=5.7 total=106.4 | JPEG=9321B
I (48042) rc_video: [VIDEO-TX] handoff cap=218 get=436 select_fail=0 finished=218 signal=218 acquire=218 acquire_fail=0 release_fail=0 backup=0/0
I (48051) rc_video: [STABLE-CAPTURE] pause=218/218 timeout=0 quiesce=218 resume=218 lifecycle_errors=0 repairs=218 staged_events=3561 copies=3441 fallback=0 errors=0 prepare=219 stale_queue=0 pending_vsync=98 sync=346 complete=218 incomplete=128 incomplete_blocks=1040 hold=218/218 hold_timeout=0
I (50760) rc_net: [CAM-PROBE] Video TX seq=240 jpeg_len=9746 crc32=0x373cbf4b chunks=9
I (51570) rc_video: Sent 240 | cap_fps=8.4 send_fps=8.4 capture_size_errors=0 capture_identity_errors=0 | Avg(ms): wait=49.5 cache=1.5 subsample=23.3 encode=24.7 send=5.7 total=104.7 | JPEG=8779B
I (51570) rc_video: [VIDEO-TX] handoff cap=248 get=497 select_fail=0 finished=248 signal=248 acquire=248 acquire_fail=0 release_fail=0 backup=0/0
I (51570) rc_video: [STABLE-CAPTURE] pause=248/248 timeout=0 quiesce=248 resume=248 lifecycle_errors=0 repairs=248 staged_events=4055 copies=3919 fallback=0 errors=0 prepare=249 stale_queue=0 pending_vsync=111 sync=392 complete=248 incomplete=144 incomplete_blocks=1180 hold=248/248 hold_timeout=0
I (54499) rc_net: [CAM-PROBE] Video TX seq=270 jpeg_len=8567 crc32=0x9496024a chunks=8
I (55477) rc_video: Sent 270 | cap_fps=7.7 send_fps=7.7 capture_size_errors=0 capture_identity_errors=0 | Avg(ms): wait=59.7 cache=1.5 subsample=23.5 encode=24.8 send=5.7 total=115.3 | JPEG=9173B
I (55484) rc_video: [VIDEO-TX] handoff cap=278 get=557 select_fail=0 finished=278 signal=278 acquire=278 acquire_fail=0 release_fail=0 backup=0/0
I (55492) rc_video: [STABLE-CAPTURE] pause=278/278 timeout=0 quiesce=278 resume=278 lifecycle_errors=0 repairs=278 staged_events=4565 copies=4411 fallback=0 errors=0 prepare=279 stale_queue=0 pending_vsync=124 sync=448 complete=278 incomplete=170 incomplete_blocks=1350 hold=278/278 hold_timeout=0
I (58436) rc_net: [CAM-PROBE] Video TX seq=300 jpeg_len=8575 crc32=0x769d8d23 chunks=8
I (59312) rc_video: Sent 300 | cap_fps=7.8 send_fps=7.8 capture_size_errors=0 capture_identity_errors=0 | Avg(ms): wait=58.0 cache=1.4 subsample=23.7 encode=24.8 send=5.9 total=113.8 | JPEG=9974B
I (59320) rc_video: [VIDEO-TX] handoff cap=308 get=616 select_fail=0 finished=308 signal=308 acquire=308 acquire_fail=0 release_fail=0 backup=0/0
I (59331) rc_video: [STABLE-CAPTURE] pause=308/308 timeout=0 quiesce=308 resume=308 lifecycle_errors=0 repairs=308 staged_events=5092 copies=4921 fallback=0 errors=0 prepare=309 stale_queue=0 pending_vsync=137 sync=502 complete=308 incomplete=194 incomplete_blocks=1530 hold=308/308 hold_timeout=0
I (62257) rc_net: [CAM-PROBE] Video TX seq=330 jpeg_len=8902 crc32=0x1f03385d chunks=8
I (63091) rc_video: Sent 330 | cap_fps=7.9 send_fps=7.9 capture_size_errors=0 capture_identity_errors=0 | Avg(ms): wait=56.9 cache=1.5 subsample=23.6 encode=24.7 send=5.7 total=112.5 | JPEG=8888B
I (63091) rc_video: [VIDEO-TX] handoff cap=338 get=677 select_fail=0 finished=338 signal=338 acquire=338 acquire_fail=0 release_fail=0 backup=0/0
I (63133) rc_video: [STABLE-CAPTURE] pause=338/338 timeout=0 quiesce=338 resume=338 lifecycle_errors=0 repairs=338 staged_events=5609 copies=5421 fallback=0 errors=0 prepare=339 stale_queue=0 pending_vsync=149 sync=555 complete=339 incomplete=216 incomplete_blocks=1690 hold=338/338 hold_timeout=0
I (65802) rc_net: [CAM-PROBE] Video TX seq=360 jpeg_len=9815 crc32=0xe53aff30 chunks=9
I (66610) rc_video: Sent 360 | cap_fps=8.5 send_fps=8.5 capture_size_errors=0 capture_identity_errors=0 | Avg(ms): wait=49.2 cache=1.4 subsample=23.5 encode=24.4 send=5.8 total=104.2 | JPEG=8981B
I (66610) rc_video: [VIDEO-TX] handoff cap=368 get=737 select_fail=0 finished=368 signal=368 acquire=368 acquire_fail=0 release_fail=0 backup=0/0
I (66610) rc_video: [STABLE-CAPTURE] pause=368/368 timeout=0 quiesce=368 resume=368 lifecycle_errors=0 repairs=368 staged_events=6094 copies=5890 fallback=0 errors=0 prepare=369 stale_queue=0 pending_vsync=164 sync=598 complete=368 incomplete=230 incomplete_blocks=1830 hold=368/368 hold_timeout=0
W (66855) rc_tank: [DVP-MATRIX] result stage=4 strategy=baseline_no_rebuild complete=371 incomplete=230 incomplete_blocks=1830 mismatch_hist=0,0,0,0,118,199,162,120,34,49,170 prepare=371 pending=165 hold=370/370 hold_timeout=0
W (66868) rc_tank: [DVP-MATRIX] advance stage=5; restart in 1s
I (67871) wifi:station: 44:1b:f6:f3:ae:40 leave, AID = 1, reason = 2, bss_flags is 756835, bss:0x3fcf1298
I (67873) wifi:new:<1,0>, old:<1,1>, ap:<1,1>, sta:<255,255>, prof:1, snd_ch_cfg:0x0
I (67917) wifi:<ba-del>idx:2, tid:0
I (67918) wifi:new:<1,1>, old:<1,0>, ap:<1,1>, sta:<255,255>, prof:1, snd_ch_cfg:0x0
I (67920) rc_net: STA disconnected, MAC: 44:1b:f6:f3:ae:40
W (67923) rc_control: Network disconnected: motor stop enforced
W (67928) rc_tank: Network disconnected
W (67985) rc_video: Video send failed: ESP_ERR_INVALID_STATE
W (68075) rc_video: Video send failed: ESP_ERR_INVALID_STATE
W (68154) rc_video: Video send failed: ESP_ERR_INVALID_STATE
W (68273) rc_video: Video send failed: ESP_ERR_INVALID_STATE
W (68410) rc_video: Video send failed: ESP_ERR_INVALID_STATE
W (68510) rc_video: Video send failed: ESP_ERR_INVALID_STATE
W (68593) rc_video: Video send failed: ESP_ERR_INVALID_STATE
W (68708) rc_video: Video send failed: ESP_ERR_INVALID_STATE
W (68827) rc_video: Video send failed: ESP_ERR_INVALID_STATE
W (68965) rc_video: Video send failed: ESP_ERR_INVALID_STATE
W (69064) rc_video: Video send failed: ESP_ERR_INVALID_STATE
W (69147) rc_video: Video send failed: ESP_ERR_INVALID_STATE
W (69223) rc_video: Video send failed: ESP_ERR_INVALID_STATE
I (69263) wifi:flush txq
I (69263) wifi:stop sw txq
I (69263) wifi:lmac stop hw txq
†žESP-ROM:esp32s3-20210327
Build:Mar 27 2021
rst:0xc (RTC_SW_CPU_RST),boot:0x3 (DOWNLOAD(USB/UART0))
Saved PC:0x40381169
waiting for download

[HOST-DVP-MATRIX 10:59:59] MATRIX-R3 Tank restart recovery=6

[HOST-DVP-MATRIX 10:59:59] Tank RAM bootloader start
esptool.py v4.12.dev2
Serial port COM7
Connecting....
Chip is ESP32-S3 (QFN56) (revision v0.2)
Features: WiFi, BLE
Crystal is 40MHz
MAC: 44:1b:f6:f3:ae:78
Uploading stub...
Running stub...
Stub running...
RAM boot...
Downloading 5360 bytes at 3fce2820... done!
Downloading 3364 bytes at 403c8700... done!
Downloading 12016 bytes at 403cb700... done!
All segments done, executing at 403c8924
Exiting immediately.

[HOST-DVP-MATRIX 11:00:02] Tank RAM bootloader complete
ip revision: v0.2
I (2931) boot: efuse block revision: v1.3
I (2935) boot.esp32s3: Boot SPI Speed : 80MHz
I (2939) boot.esp32s3: SPI Mode       : SLOW READ
I (2944) boot.esp32s3: SPI Flash Size : 8MB
I (2948) boot: Enabling RNG early entropy source...
I (2952) boot: Partition Table:
I (2955) boot: ## Label            Usage          Type ST Offset   Length
I (2962) boot:  0 nvs              WiFi data        01 02 00009000 00006000
I (2968) boot:  1 phy_init         RF data          01 01 0000f000 00001000
I (2975) boot:  2 factory          factory app      00 00 00010000 00300000
I (2982) boot:  3 storage          Unknown data     01 82 00310000 00100000
I (2988) boot: End of partition table
I (2992) esp_image: segment 0: paddr=00010020 vaddr=3c0a0020 size=24c30h (150576) map
I (3091) esp_image: segment 1: paddr=00034c58 vaddr=3fca0c00 size=05560h ( 21856) load
I (3106) esp_image: segment 2: paddr=0003a1c0 vaddr=40374000 size=05e58h ( 24152) load
I (3122) esp_image: segment 3: paddr=00040020 vaddr=42000020 size=9b61ch (636444) map
I (3510) esp_image: segment 4: paddr=000db644 vaddr=40379e58 size=16d04h ( 93444) load
I (3571) esp_image: segment 5: paddr=000f2350 vaddr=50000000 size=00020h (    32) load
I (3582) boot: Loaded app from partition at offset 0x10000
I (3583) boot: Disabling RNG early entropy source...
I (3595) esp_psram: Found 8MB PSRAM device
I (3595) esp_psram: Speed: 80MHz
I (3595) cpu_start: Multicore app
I (4513) esp_psram: SPI SRAM memory test OK
I (4522) cpu_start: GPIO 44 and 43 are used as console UART I/O pins
I (4523) cpu_start: Pro cpu start user code
I (4523) cpu_start: cpu freq: 240000000 Hz
I (4524) app_init: Application information:
I (4528) app_init: Project name:     rc_tank_demo
I (4532) app_init: App version:      1
I (4536) app_init: Compile time:     Aug 26 2026 10:51:10
I (4541) app_init: ELF file SHA256:  802891069...
I (4545) app_init: ESP-IDF:          GIT-NOTFOUND
I (4550) efuse_init: Min chip rev:     v0.0
I (4554) efuse_init: Max chip rev:     v0.99 
I (4558) efuse_init: Chip rev:         v0.2
I (4562) heap_init: Initializing. RAM available for dynamic allocation:
I (4568) heap_init: At 3FCAA290 len 0003F480 (253 KiB): RAM
I (4573) heap_init: At 3FCE9710 len 00005724 (21 KiB): RAM
I (4579) heap_init: At 3FCF0000 len 00008000 (32 KiB): DRAM
I (4584) heap_init: At 600FE000 len 00001FE8 (7 KiB): RTCRAM
I (4590) esp_psram: Adding pool of 8192K of PSRAM memory to heap allocator
I (4597) spi_flash: detected chip: generic
I (4600) spi_flash: flash io: dio
I (4604) sleep_gpio: Configure to isolate all GPIO pins in sleep state
I (4609) sleep_gpio: Enable automatic switching of GPIO sleep configuration
I (4616) main_task: Started on CPU0
I (4640) esp_psram: Reserving pool of 64K of internal memory for DMA/internal allocations
I (4641) main_task: Calling app_main()
I (4658) rc_tank: === RC Tank Demo (EX-035) Role: TANK ===
I (4658) rc_tank: Startup delay 10 s (open serial monitor now)...
I (4658) rc_tank:   starting in 10 s
I (5661) rc_tank:   starting in 9 s
I (6661) rc_tank:   starting in 8 s
I (7661) rc_tank:   starting in 7 s
I (8661) rc_tank:   starting in 6 s
I (9661) rc_tank:   starting in 5 s
I (10661) rc_tank:   starting in 4 s
I (11661) rc_tank:   starting in 3 s
I (12661) rc_tank:   starting in 2 s
I (13661) rc_tank:   starting in 1 s
I (14661) rc_tank: Starting Tank role (P1: network, P2: control, P3: video)
I (14661) board_laiwfs300: init board support package
I (14661) board_laiwfs300: init capability registry
I (14666) board_laiwfs300: init I2C bus: SDA=GPIO48 SCL=GPIO47
I (14672) bus_i2c: I2C0 initialized: SDA=GPIO48 SCL=GPIO47 speed=100000Hz
I (14678) board_laiwfs300: --- I2C bus scan (0x08-0x77) ---
I (14685) board_laiwfs300:   I2C device ACK at 0x15
I (14688) board_laiwfs300:   I2C device ACK at 0x18
I (14693) board_laiwfs300:   I2C device ACK at 0x21
I (14697) board_laiwfs300:   I2C device ACK at 0x22
I (14705) board_laiwfs300:   I2C device ACK at 0x40
I (14708) board_laiwfs300:   I2C device ACK at 0x51
I (14714) board_laiwfs300:   I2C device ACK at 0x68
I (14717) board_laiwfs300: --- I2C scan done: 7 device(s) found ---
W (14721) board_laiwfs300: TPT29555A (IOEX) NOT found at 0x20 (NACK)
I (14727) board_laiwfs300: ES8311 (Codec) found at 0x18
I (14732) board_laiwfs300: ES7210 (ADC) found at 0x40
I (14737) board_laiwfs300: AIP8563 (RTC) found at 0x51
I (14742) board_laiwfs300: BMI260 (IMU @0x68) found at 0x68
W (14747) board_laiwfs300: BMI260 (IMU @0x69) NOT found at 0x69 (NACK)
I (14753) board_laiwfs300: SP0A39 (Camera) found at 0x21
I (14760) board_laiwfs300: ES8311 chip ID: 0x83 0x11
I (14764) board_laiwfs300: ES7210 chip ID: 0x72
I (14769) board_laiwfs300: AIP8563 RTC time: 22:33:14 (BCD raw)
I (14773) board_laiwfs300: BMI260 chip ID: 0x27 (expect 0x27)
I (14778) board_laiwfs300: init SPI bus manager
I (14784) board_laiwfs300: init ADC service
I (14787) board_adc: ADC1 oneshot initialized
I (14791) board_laiwfs300: init board power service
I (14796) board_laiwfs300: ADC D0_DETECT (GPIO1): raw=4095 (~3100 mV)
I (14801) board_laiwfs300: ADC BAT_ADC (GPIO7): raw=1643 (~1243 mV)
I (14807) board_laiwfs300: ADC SW_ADC (GPIO8): raw=4095 (~3100 mV)
I (14813) board_laiwfs300: init IO expander: TPT29555A addr=0x22
I (14822) io_expander: TPT29555A initialized at 0x22
I (14824) board_laiwfs300: IO expander initialized OK
I (14828) board_laiwfs300: init module detect
I (14833) board_laiwfs300: register detection rules
I (14837) board_laiwfs300: register default capabilities
I (14842) board_laiwfs300: board init complete (ioex=OK)
I (14847) rc_tank: [STEP] Motor init starting...
I (14852) board_motor: motor input 1 -> GPIO5 / LEDC channel 0
I (14857) board_motor: motor input 2 -> GPIO4 / LEDC channel 1
I (14863) board_motor: motor input 3 -> GPIO37 / LEDC channel 2
I (14868) board_motor: motor input 4 -> GPIO45 / LEDC channel 3
I (14874) rc_control: Motor initialized
I (14877) rc_tank: [STEP] Motor init OK
I (14881) rc_tank: [STEP] Display init starting...
I (14886) rc_video: Initializing Tank display
I (14891) display_hal: init ST7789V3 LCD 240x320 SPI host=1
E (15036) spi: spi_bus_initialize(816): SPI bus already initialized.
I (15157) display_hal: ST7789V3 LCD initialized
I (15157) board_display: display mapped: MOSI=GPIO13 SCK=GPIO12 CS=GPIO10 DC=GPIO16 BL=GPIO17 LCD_RST=IOEX P1_5 pclk=20000000
I (15162) rc_video: Tank display task started (status screen)
I (15163) rc_video: Tank display initialized (status task owns LCD)
I (15173) rc_tank: [STEP] Display init OK
I (15177) rc_tank: [STEP] Camera init starting...
I (15181) rc_video: Initializing camera (SP0A39 640x480 VYUY)
I (15187) board_camera: initializing SP0A39 camera mode=0 640x480
I (15192) camera_hal: init SP0A39 DVP 640x480 (SCCB manual mode)
I (15198) camera_hal: configuring IOEX pins for camera RESET/PWDN
I (15205) camera_hal: PWDN=HIGH (power down)
I (15218) camera_hal: PWDN=LOW (release sensor)
I (15418) camera_hal: RESET=LOW (assert reset)
I (15438) camera_hal: RESET=HIGH (release reset)
I (16438) camera_hal: full I2C scan after camera power-up (diagnostic only)...
I (16440) camera_hal:   post-powerup ACK at 0x15
I (16440) camera_hal:   post-powerup ACK at 0x18
I (16443) camera_hal:   post-powerup ACK at 0x21
I (16447) camera_hal:   post-powerup ACK at 0x22
I (16455) camera_hal:   post-powerup ACK at 0x40
I (16458) camera_hal:   post-powerup ACK at 0x51
I (16463) camera_hal:   post-powerup ACK at 0x68
I (16466) camera_hal: DVP GPIO diagnostics (checking PCLK/VSYNC/HSYNC activity)...
I (16532) camera_hal: DVP diagnostics: PCLK_changes=0 VSYNC_changes=0 HSYNC_changes=0
W (16532) camera_hal: PCLK has no transitions - MCLK likely not reaching sensor or sensor not active
I (16537) camera_hal: using sensor address 0x21
I (16542) camera_hal: SP0A39 I2C device added at 0x21
I (16548) camera_hal: SP0A39 chip ID: 0x0A39
I (16670) camera_hal: SP0A39 register init done: VYUY 640x480 (359 regs)
I (16671) camera_hal: [CAM-PROBE] SP0A39 p0_31 stage=post_table value=0x00 expected=0x01
E (16674) camera_hal: camera_hal_verify_expected_output_p0_31(92): unexpected p0_31=0x00 at post_table
W (16683) camera_hal: [CAM-PROBE] output state differs after table; continuing: ESP_ERR_INVALID_RESPONSE
I (16712) camera_hal: [CAM-PROBE] SP0A39 p0_31 stage=post_delay value=0x01 expected=0x01
I (16713) camera_hal: camera HAL initialized (sensor ready, DVP capture not yet implemented)
I (16717) board_camera: camera ready
I (16725) camera_hal: SP0A39 output regs: P0:1c=0x00 P0:30=0x01 P0:31=0x01 P1:32=0x15 P1:34=0xeb P1:35=0x00 P1:36=0x10
I (16857) rc_video:   3 DMA-capable PSRAM framebuffers allocated (600 KB each)
I (16860) dvp_ext: DVP Extended camera controller driver is initialized
I (16861) dvp_ext: [STABLE-DVP] assembly uses GDMA-EOF direct copy; dma=102400 half=51200 queue_data_events=suppressed eof_desc=probe
I (16872) rc_video: [STABLE-CAPTURE] staged DVP controller created dma=102400 half=51200
I (16879) rc_video: Camera initialized
I (16883) rc_tank: [STEP] Camera init OK
I (16886) rc_tank: [STEP] Network init starting...
I (16892) rc_net: Initializing as SoftAP (Tank)
I (16897) pp: pp rom version: e7ae62f
I (16899) net80211: net80211 rom version: e7ae62f
I (16905) wifi:wifi driver task: 3fce48f8, prio:23, stack:6656, core=0
I (16916) wifi:wifi firmware version: 0947e8b
I (16916) wifi:wifi certification version: v7.0
I (16918) wifi:config NVS flash: enabled
I (16921) wifi:config nano formatting: disabled
I (16926) wifi:Init data frame dynamic rx buffer num: 32
I (16931) wifi:Init static rx mgmt buffer num: 5
I (16935) wifi:Init management short buffer num: 32
I (16939) wifi:Init dynamic tx buffer num: 64
I (16944) wifi:Init static tx FG buffer num: 2
I (16948) wifi:Init static rx buffer size: 1600
I (16952) wifi:Init static rx buffer num: 10
I (16956) wifi:Init dynamic rx buffer num: 32
I (16961) wifi_init: rx ba win: 6
I (16963) wifi_init: accept mbox: 6
I (16966) wifi_init: tcpip mbox: 16
I (16969) wifi_init: udp mbox: 6
I (16972) wifi_init: tcp mbox: 6
I (16975) wifi_init: tcp tx win: 5760
I (16979) wifi_init: tcp rx win: 5760
I (16982) wifi_init: tcp mss: 1440
I (16985) wifi_init: WiFi IRAM OP enabled
I (16989) wifi_init: WiFi RX IRAM OP enabled
I (16994) rc_net: AP set_mode/config, SSID=RC_TANK_F3AE79 ch=1
I (17003) phy_init: phy_version 711,97bcf0a2,Aug 25 2025,19:04:10
I (17046) wifi:mode : softAP (44:1b:f6:f3:ae:79)
I (17051) wifi:Total power save buffer number: 32
I (17052) wifi:Init max length of beacon: 752/752
I (17052) wifi:Init max length of beacon: 752/752
I (17055) rc_net: SoftAP started, SSID: RC_TANK_F3AE79, Password: 12345678
I (17056) esp_netif_lwip: DHCP server started on interface WIFI_AP_DEF with IP: 192.168.4.1
I (17068) rc_tank: [STEP] Network init OK
I (17072) rc_tank: Tank SoftAP ready, waiting for remote...
I (17077) rc_control: Ctrl RX task started
I (17081) rc_control: Tank control started
I (17085) rc_tank: Tank running (video + control; audio disabled)
I (17091) rc_tank: app_main done, idle loop
I (21668) wifi:new:<1,1>, old:<1,1>, ap:<1,1>, sta:<255,255>, prof:1, snd_ch_cfg:0x0
I (21670) wifi:station: 44:1b:f6:f3:ae:40 join, AID=1, bgn, 40U
I (21693) rc_net: STA connected, MAC: 44:1b:f6:f3:ae:40
I (21723) esp_netif_lwip: DHCP server assigned IP to a client, IP is: 192.168.4.2
I (21724) rc_net: STA assigned IP: 192.168.4.2
I (21724) rc_tank: Network connected, peer: 192.168.4.2
W (21731) rc_tank: [DVP-MATRIX] start stage=5 strategy=rebuild_before_udp video_tx=not_created capture=not_started
E (21740) gpio: gpio_install_isr_service(537): GPIO isr service already installed
I (21747) dvp_ext: DVP Extended camera controller driver is initialized
I (21752) dvp_ext: [STABLE-DVP] assembly uses GDMA-EOF direct copy; dma=102400 half=51200 queue_data_events=suppressed eof_desc=probe
W (21764) rc_video: [DVP-REBUILD] complete old=0x3fcebecc new=0x3fcebecc drained=0 internal=89327->89327; GDMA channel/descriptors/event queue/task recreated
I (21779) rc_net: Ctrl UDP socket bound to port 8001
I (21783) rc_net: Video UDP socket bound to port 8002
I (21788) rc_net: Audio TCP listening on port 8003
I (21792) rc_tank: Socket channels started
I (21796) rc_video: No local preview active; formal video handoff skipped
I (21804) camera_hal: [CAM-PROBE] SP0A39 p0_31 stage=dvp_started value=0x01 expected=0x01
I (21858) rc_video: Video TX task started (240x180, sensor-driven, Q=60)
I (21859) rc_video: TX theory: raw=614400 B/frame, encoded YUV=86400 B/frame, target10fps raw=0.86 MB/s
I (21863) rc_video: PSRAM TX buffers: subsample=86400B jpeg=43200B send=43208B free_psram=5592524 free_internal=59871
I (21868) rc_video: Tank video started (camera source)
I (21873) rc_video: TX buffer caps: subsample=0x3c350120(psram=1) jpeg=0x3c3652a4(psram=1) send=0x3c36fea8(psram=1)
W (21878) rc_tank: [DVP-MATRIX] observe stage=5 strategy=rebuild_before_udp duration_ms=45000 under live Q60/UDP load
I (21931) rc_net: [CAM-PROBE] Video TX seq=0 jpeg_len=8849 crc32=0xc4e4353c chunks=8
W (21978) rc_net: Video UDP send failed: seq=0 chunk=4/8 bytes=1208 sent=-1 errno=12 attempts=4
W (21978) rc_video: Video send failed: ESP_FAIL

[HOST-DVP-MATRIX 11:00:21] MATRIX-R3 stage=5 visible window begin
W (22135) rc_video: Video send failed: ESP_FAIL
W (22414) rc_video: Video send failed: ESP_FAIL
W (22511) rc_video: Video send failed: ESP_FAIL
W (22652) rc_video: Video send failed: ESP_FAIL
W (22734) rc_video: Video send failed: ESP_FAIL
I (22795) wifi:<ba-add>idx:2 (ifx:1, 44:1b:f6:f3:ae:40), tid:0, ssn:0, winSize:64
W (23265) rc_net: Video UDP send failed: seq=10 chunk=8/8 bytes=955 sent=-1 errno=12 attempts=4
W (23266) rc_video: Video send failed: ESP_FAIL
I (25712) rc_net: [CAM-PROBE] Video TX seq=30 jpeg_len=9314 crc32=0x962c3807 chunks=8
I (26429) rc_video: Sent 30 | cap_fps=7.9 send_fps=6.6 capture_size_errors=0 capture_identity_errors=0 | Avg(ms): wait=53.6 cache=1.4 subsample=23.3 encode=24.3 send=5.5 total=108.3 | JPEG=9618B
I (26437) rc_video: [VIDEO-TX] handoff cap=37 get=74 select_fail=0 finished=37 signal=37 acquire=37 acquire_fail=0 release_fail=0 backup=0/0
I (26447) rc_video: [STABLE-CAPTURE] pause=37/37 timeout=0 quiesce=37 resume=37 lifecycle_errors=0 repairs=37 staged_events=647 copies=626 fallback=0 errors=0 prepare=38 stale_queue=0 pending_vsync=18 sync=62 complete=37 incomplete=25 incomplete_blocks=218 hold=37/37 hold_timeout=0
I (29610) rc_net: [CAM-PROBE] Video TX seq=60 jpeg_len=8837 crc32=0x6ecc602f chunks=8
I (30283) rc_video: Sent 60 | cap_fps=7.7 send_fps=7.7 capture_size_errors=0 capture_identity_errors=0 | Avg(ms): wait=61.2 cache=1.6 subsample=23.8 encode=24.4 send=5.8 total=116.8 | JPEG=8590B
I (30283) rc_video: [VIDEO-TX] handoff cap=67 get=135 select_fail=0 finished=67 signal=67 acquire=67 acquire_fail=0 release_fail=0 backup=0/0
I (30283) rc_video: [STABLE-CAPTURE] pause=67/67 timeout=0 quiesce=67 resume=67 lifecycle_errors=0 repairs=67 staged_events=1171 copies=1135 fallback=0 errors=0 prepare=68 stale_queue=0 pending_vsync=32 sync=115 complete=67 incomplete=48 incomplete_blocks=388 hold=67/67 hold_timeout=0
I (33053) rc_net: [CAM-PROBE] Video TX seq=90 jpeg_len=8738 crc32=0xaf5ec4b1 chunks=8
I (33790) rc_video: Sent 90 | cap_fps=8.6 send_fps=8.6 capture_size_errors=0 capture_identity_errors=0 | Avg(ms): wait=46.9 cache=1.5 subsample=23.3 encode=24.4 send=7.0 total=103.1 | JPEG=8821B
I (33797) rc_video: [VIDEO-TX] handoff cap=97 get=194 select_fail=0 finished=97 signal=97 acquire=97 acquire_fail=0 release_fail=0 backup=0/0
I (33808) rc_video: [STABLE-CAPTURE] pause=97/97 timeout=0 quiesce=97 resume=97 lifecycle_errors=0 repairs=97 staged_events=1638 copies=1586 fallback=0 errors=0 prepare=98 stale_queue=0 pending_vsync=45 sync=159 complete=97 incomplete=62 incomplete_blocks=518 hold=97/97 hold_timeout=0
I (36793) rc_net: [CAM-PROBE] Video TX seq=120 jpeg_len=8436 crc32=0x63707094 chunks=8
I (37668) rc_video: Sent 120 | cap_fps=7.7 send_fps=7.7 capture_size_errors=0 capture_identity_errors=0 | Avg(ms): wait=60.4 cache=1.4 subsample=23.5 encode=24.3 send=5.5 total=115.1 | JPEG=9634B
I (37676) rc_video: [VIDEO-TX] handoff cap=127 get=254 select_fail=0 finished=127 signal=127 acquire=127 acquire_fail=0 release_fail=0 backup=0/0
I (37687) rc_video: [STABLE-CAPTURE] pause=127/127 timeout=0 quiesce=127 resume=127 lifecycle_errors=0 repairs=127 staged_events=2169 copies=2101 fallback=0 errors=0 prepare=128 stale_queue=0 pending_vsync=59 sync=213 complete=127 incomplete=86 incomplete_blocks=703 hold=127/127 hold_timeout=0
I (40435) rc_net: [CAM-PROBE] Video TX seq=150 jpeg_len=9348 crc32=0x1030f3de chunks=8
I (41153) rc_video: Sent 150 | cap_fps=8.6 send_fps=8.6 capture_size_errors=0 capture_identity_errors=0 | Avg(ms): wait=47.0 cache=1.5 subsample=23.3 encode=24.4 send=5.7 total=101.8 | JPEG=9824B
I (41160) rc_video: [VIDEO-TX] handoff cap=157 get=314 select_fail=0 finished=157 signal=157 acquire=157 acquire_fail=0 release_fail=0 backup=0/0
I (41170) rc_video: [STABLE-CAPTURE] pause=157/157 timeout=0 quiesce=157 resume=157 lifecycle_errors=0 repairs=157 staged_events=2656 copies=2571 fallback=0 errors=0 prepare=158 stale_queue=0 pending_vsync=71 sync=258 complete=157 incomplete=101 incomplete_blocks=843 hold=157/157 hold_timeout=0
I (44118) rc_net: [CAM-PROBE] Video TX seq=180 jpeg_len=9451 crc32=0x791f0643 chunks=8
I (44834) rc_video: Sent 180 | cap_fps=8.2 send_fps=8.2 capture_size_errors=0 capture_identity_errors=0 | Avg(ms): wait=54.5 cache=1.5 subsample=23.5 encode=24.2 send=5.4 total=109.1 | JPEG=8913B
I (44841) rc_video: [VIDEO-TX] handoff cap=187 get=374 select_fail=0 finished=187 signal=187 acquire=187 acquire_fail=0 release_fail=0 backup=0/0
I (44851) rc_video: [STABLE-CAPTURE] pause=187/187 timeout=0 quiesce=187 resume=187 lifecycle_errors=0 repairs=187 staged_events=3162 copies=3061 fallback=0 errors=0 prepare=188 stale_queue=0 pending_vsync=85 sync=307 complete=187 incomplete=120 incomplete_blocks=1003 hold=187/187 hold_timeout=0
I (47895) rc_net: [CAM-PROBE] Video TX seq=210 jpeg_len=8984 crc32=0x8463e270 chunks=8
I (48568) rc_video: Sent 210 | cap_fps=8.0 send_fps=8.0 capture_size_errors=0 capture_identity_errors=0 | Avg(ms): wait=56.3 cache=1.5 subsample=23.5 encode=24.6 send=5.6 total=111.5 | JPEG=8822B
I (48568) rc_video: [VIDEO-TX] handoff cap=217 get=435 select_fail=0 finished=217 signal=217 acquire=217 acquire_fail=0 release_fail=0 backup=0/0
I (48568) rc_video: [STABLE-CAPTURE] pause=217/217 timeout=0 quiesce=217 resume=217 lifecycle_errors=0 repairs=217 staged_events=3688 copies=3570 fallback=0 errors=0 prepare=218 stale_queue=0 pending_vsync=98 sync=358 complete=217 incomplete=141 incomplete_blocks=1173 hold=217/217 hold_timeout=0
I (51738) rc_net: [CAM-PROBE] Video TX seq=240 jpeg_len=8787 crc32=0x6eb3daa4 chunks=8
I (52487) rc_video: Sent 240 | cap_fps=7.7 send_fps=7.7 capture_size_errors=0 capture_identity_errors=0 | Avg(ms): wait=60.3 cache=1.5 subsample=23.2 encode=24.5 send=9.2 total=118.7 | JPEG=8737B
I (52487) rc_video: [VIDEO-TX] handoff cap=247 get=495 select_fail=0 finished=247 signal=247 acquire=247 acquire_fail=0 release_fail=0 backup=0/0
I (52487) rc_video: [STABLE-CAPTURE] pause=247/247 timeout=0 quiesce=247 resume=247 lifecycle_errors=0 repairs=247 staged_events=4215 copies=4081 fallback=0 errors=0 prepare=248 stale_queue=0 pending_vsync=112 sync=413 complete=247 incomplete=166 incomplete_blocks=1353 hold=247/247 hold_timeout=0
I (55455) rc_net: [CAM-PROBE] Video TX seq=270 jpeg_len=9009 crc32=0x9b5a04ec chunks=8
I (56193) rc_video: Sent 270 | cap_fps=8.1 send_fps=8.1 capture_size_errors=0 capture_identity_errors=0 | Avg(ms): wait=53.3 cache=1.6 subsample=23.5 encode=24.3 send=5.7 total=108.4 | JPEG=8959B
I (56200) rc_video: [VIDEO-TX] handoff cap=277 get=554 select_fail=0 finished=277 signal=277 acquire=277 acquire_fail=0 release_fail=0 backup=0/0
I (56210) rc_video: [STABLE-CAPTURE] pause=277/277 timeout=0 quiesce=277 resume=277 lifecycle_errors=0 repairs=277 staged_events=4703 copies=4552 fallback=0 errors=0 prepare=278 stale_queue=0 pending_vsync=126 sync=463 complete=277 incomplete=186 incomplete_blocks=1503 hold=277/277 hold_timeout=0
I (59176) rc_net: [CAM-PROBE] Video TX seq=300 jpeg_len=8466 crc32=0xd377cf5e chunks=8
I (59848) rc_video: Sent 300 | cap_fps=8.2 send_fps=8.2 capture_size_errors=0 capture_identity_errors=0 | Avg(ms): wait=53.3 cache=1.6 subsample=23.8 encode=24.5 send=6.6 total=109.8 | JPEG=8634B
I (59848) rc_video: [VIDEO-TX] handoff cap=307 get=615 select_fail=0 finished=307 signal=307 acquire=307 acquire_fail=0 release_fail=0 backup=0/0
I (59848) rc_video: [STABLE-CAPTURE] pause=307/307 timeout=0 quiesce=307 resume=307 lifecycle_errors=0 repairs=307 staged_events=5208 copies=5041 fallback=0 errors=0 prepare=308 stale_queue=0 pending_vsync=139 sync=512 complete=307 incomplete=205 incomplete_blocks=1653 hold=307/307 hold_timeout=0
I (62877) rc_net: [CAM-PROBE] Video TX seq=330 jpeg_len=9169 crc32=0xa4ee3ac6 chunks=8
I (63593) rc_video: Sent 330 | cap_fps=8.1 send_fps=8.1 capture_size_errors=0 capture_identity_errors=0 | Avg(ms): wait=56.4 cache=1.4 subsample=23.5 encode=24.2 send=5.5 total=111.0 | JPEG=9139B
I (63600) rc_video: [VIDEO-TX] handoff cap=337 get=674 select_fail=0 finished=337 signal=337 acquire=337 acquire_fail=0 release_fail=0 backup=0/0
I (63612) rc_video: [STABLE-CAPTURE] pause=337/337 timeout=0 quiesce=337 resume=337 lifecycle_errors=0 repairs=337 staged_events=5715 copies=5532 fallback=0 errors=0 prepare=338 stale_queue=0 pending_vsync=154 sync=562 complete=337 incomplete=225 incomplete_blocks=1823 hold=337/337 hold_timeout=0
I (66537) rc_net: [CAM-PROBE] Video TX seq=360 jpeg_len=8699 crc32=0x58f98d7f chunks=8
W (66933) rc_tank: [DVP-MATRIX] result stage=5 strategy=rebuild_before_udp complete=365 incomplete=241 incomplete_blocks=1963 mismatch_hist=0,1,0,1,122,194,168,143,40,48,173 prepare=365 pending=167 hold=364/364 hold_timeout=0
W (66946) rc_tank: [DVP-MATRIX] advance stage=6; restart in 1s
I (67210) rc_video: Sent 360 | cap_fps=8.2 send_fps=8.2 capture_size_errors=0 capture_identity_errors=0 | Avg(ms): wait=53.3 cache=1.6 subsample=23.6 encode=24.3 send=5.6 total=108.5 | JPEG=8711B
I (67210) rc_video: [VIDEO-TX] handoff cap=367 get=735 select_fail=0 finished=367 signal=367 acquire=367 acquire_fail=0 release_fail=0 backup=0/0
I (67210) rc_video: [STABLE-CAPTURE] pause=367/367 timeout=0 quiesce=367 resume=367 lifecycle_errors=0 repairs=367 staged_events=6219 copies=6021 fallback=0 errors=0 prepare=368 stale_queue=0 pending_vsync=168 sync=609 complete=367 incomplete=242 incomplete_blocks=1973 hold=367/367 hold_timeout=0
I (67948) wifi:station: 44:1b:f6:f3:ae:40 leave, AID = 1, reason = 2, bss_flags is 756851, bss:0x3fcf1298
I (67950) wifi:new:<1,0>, old:<1,1>, ap:<1,1>, sta:<255,255>, prof:1, snd_ch_cfg:0x0
I (67956) wifi:<ba-del>idx:2, tid:0
I (67958) wifi:new:<1,1>, old:<1,0>, ap:<1,1>, sta:<255,255>, prof:1, snd_ch_cfg:0x0
I (68004) rc_net: STA disconnected, MAC: 44:1b:f6:f3:ae:40
W (68006) rc_control: Network disconnected: motor stop enforced
W (68006) rc_tank: Network disconnected
W (68069) rc_video: Video send failed: ESP_ERR_INVALID_STATE
W (68160) rc_video: Video send failed: ESP_ERR_INVALID_STATE
W (68239) rc_video: Video send failed: ESP_ERR_INVALID_STATE
W (68556) rc_video: Video send failed: ESP_ERR_INVALID_STATE
W (68675) rc_video: Video send failed: ESP_ERR_INVALID_STATE
W (68793) rc_video: Video send failed: ESP_ERR_INVALID_STATE
W (68912) rc_video: Video send failed: ESP_ERR_INVALID_STATE
W (69049) rc_video: Video send failed: ESP_ERR_INVALID_STATE
W (69150) rc_video: Video send failed: ESP_ERR_INVALID_STATE
W (69229) rc_video: Video send failed: ESP_ERR_INVALID_STATE
W (69308) rc_video: Video send failed: ESP_ERR_INVALID_STATE
W (69387) rc_video: Video send failed: ESP_ERR_INVALID_STATE
W (69469) rc_video: Video send failed: ESP_ERR_INVALID_STATE
W (69585) rc_video: Video send failed: ESP_ERR_INVALID_STATE
W (69783) rc_video: Video send failed: ESP_ERR_INVALID_STATE
W (69902) rc_video: Video send failed: ESP_ERR_INVALID_STATE
W (70020) rc_video: Video send failed: ESP_ERR_INVALID_STATE
W (70157) rc_video: Video send failed: ESP_ERR_INVALID_STATE
W (70258) rc_video: Video send failed: ESP_ERR_INVALID_STATE
W (70337) rc_video: Video send failed: ESP_ERR_INVALID_STATE
W (70416) rc_video: Video send failed: ESP_ERR_INVALID_STATE
W (70495) rc_video: Video send failed: ESP_ERR_INVALID_STATE
W (70578) rc_video: Video send failed: ESP_ERR_INVALID_STATE
W (70693) rc_video: Video send failed: ESP_ERR_INVALID_STATE
W (70830) rc_video: Video send failed: ESP_ERR_INVALID_STATE
W (70931) rc_video: Video send failed: ESP_ERR_INVALID_STATE
W (71010) rc_video: Video send failed: ESP_ERR_INVALID_STATE
W (71089) rc_video: Video send failed: ESP_ERR_INVALID_STATE
W (71168) rc_video: Video send failed: ESP_ERR_INVALID_STATE
W (71247) rc_video: Video send failed: ESP_ERR_INVALID_STATE
W (71326) rc_video: Video send failed: ESP_ERR_INVALID_STATE
W (71406) rc_video: Video send failed: ESP_ERR_INVALID_STATE
W (71485) rc_video: Video send failed: ESP_ERR_INVALID_STATE
W (71603) rc_video: Video send failed: ESP_ERR_INVALID_STATE
W (71722) rc_video: Video send failed: ESP_ERR_INVALID_STATE
I (71834) wifi:flush txq
I (71834) wifi:stop sw txq
I (71834) wifi:lmac stop hw txq
ESP-ROM:esp32s3-20210327
Build:Mar 27 2021
rst:0xc (RTC_SW_CPU_RST),boot:0x3 (DOWNLOAD(USB/UART0))
Saved PC:0x4037e836
waiting for download

[HOST-DVP-MATRIX 11:01:11] MATRIX-R3 Tank restart recovery=7

[HOST-DVP-MATRIX 11:01:11] Tank RAM bootloader start
esptool.py v4.12.dev2
Serial port COM7
Connecting....
Chip is ESP32-S3 (QFN56) (revision v0.2)
Features: WiFi, BLE
Crystal is 40MHz
MAC: 44:1b:f6:f3:ae:78
Uploading stub...
Running stub...
Stub running...
RAM boot...
Downloading 5360 bytes at 3fce2820... done!
Downloading 3364 bytes at 403c8700... done!
Downloading 12016 bytes at 403cb700... done!
All segments done, executing at 403c8924
Exiting immediately.

[HOST-DVP-MATRIX 11:01:14] Tank RAM bootloader complete
sion: v0.2
I (2926) boot: efuse block revision: v1.3
I (2929) boot.esp32s3: Boot SPI Speed : 80MHz
I (2933) boot.esp32s3: SPI Mode       : SLOW READ
I (2938) boot.esp32s3: SPI Flash Size : 8MB
I (2942) boot: Enabling RNG early entropy source...
I (2946) boot: Partition Table:
I (2949) boot: ## Label            Usage          Type ST Offset   Length
I (2956) boot:  0 nvs              WiFi data        01 02 00009000 00006000
I (2962) boot:  1 phy_init         RF data          01 01 0000f000 00001000
I (2969) boot:  2 factory          factory app      00 00 00010000 00300000
I (2976) boot:  3 storage          Unknown data     01 82 00310000 00100000
I (2982) boot: End of partition table
I (2986) esp_image: segment 0: paddr=00010020 vaddr=3c0a0020 size=24c30h (150576) map
I (3085) esp_image: segment 1: paddr=00034c58 vaddr=3fca0c00 size=05560h ( 21856) load
I (3100) esp_image: segment 2: paddr=0003a1c0 vaddr=40374000 size=05e58h ( 24152) load
I (3116) esp_image: segment 3: paddr=00040020 vaddr=42000020 size=9b61ch (636444) map
I (3504) esp_image: segment 4: paddr=000db644 vaddr=40379e58 size=16d04h ( 93444) load
I (3565) esp_image: segment 5: paddr=000f2350 vaddr=50000000 size=00020h (    32) load
I (3577) boot: Loaded app from partition at offset 0x10000
I (3577) boot: Disabling RNG early entropy source...
I (3589) esp_psram: Found 8MB PSRAM device
I (3589) esp_psram: Speed: 80MHz
I (3589) cpu_start: Multicore app
I (4507) esp_psram: SPI SRAM memory test OK
I (4516) cpu_start: GPIO 44 and 43 are used as console UART I/O pins
I (4517) cpu_start: Pro cpu start user code
I (4517) cpu_start: cpu freq: 240000000 Hz
I (4518) app_init: Application information:
I (4522) app_init: Project name:     rc_tank_demo
I (4527) app_init: App version:      1
I (4530) app_init: Compile time:     Aug 26 2026 10:51:10
I (4535) app_init: ELF file SHA256:  802891069...
I (4540) app_init: ESP-IDF:          GIT-NOTFOUND
I (4544) efuse_init: Min chip rev:     v0.0
I (4548) efuse_init: Max chip rev:     v0.99 
I (4552) efuse_init: Chip rev:         v0.2
I (4556) heap_init: Initializing. RAM available for dynamic allocation:
I (4562) heap_init: At 3FCAA290 len 0003F480 (253 KiB): RAM
I (4568) heap_init: At 3FCE9710 len 00005724 (21 KiB): RAM
I (4573) heap_init: At 3FCF0000 len 00008000 (32 KiB): DRAM
I (4578) heap_init: At 600FE000 len 00001FE8 (7 KiB): RTCRAM
I (4584) esp_psram: Adding pool of 8192K of PSRAM memory to heap allocator
I (4591) spi_flash: detected chip: generic
I (4594) spi_flash: flash io: dio
I (4598) sleep_gpio: Configure to isolate all GPIO pins in sleep state
I (4603) sleep_gpio: Enable automatic switching of GPIO sleep configuration
I (4610) main_task: Started on CPU0
I (4634) esp_psram: Reserving pool of 64K of internal memory for DMA/internal allocations
I (4635) main_task: Calling app_main()
I (4651) rc_tank: === RC Tank Demo (EX-035) Role: TANK ===
I (4652) rc_tank: Startup delay 10 s (open serial monitor now)...
I (4652) rc_tank:   starting in 10 s
I (5655) rc_tank:   starting in 9 s
I (6655) rc_tank:   starting in 8 s
I (7655) rc_tank:   starting in 7 s
I (8655) rc_tank:   starting in 6 s
I (9655) rc_tank:   starting in 5 s
I (10655) rc_tank:   starting in 4 s
I (11655) rc_tank:   starting in 3 s
I (12655) rc_tank:   starting in 2 s
I (13655) rc_tank:   starting in 1 s
I (14655) rc_tank: Starting Tank role (P1: network, P2: control, P3: video)
I (14655) board_laiwfs300: init board support package
I (14655) board_laiwfs300: init capability registry
I (14660) board_laiwfs300: init I2C bus: SDA=GPIO48 SCL=GPIO47
I (14666) bus_i2c: I2C0 initialized: SDA=GPIO48 SCL=GPIO47 speed=100000Hz
I (14672) board_laiwfs300: --- I2C bus scan (0x08-0x77) ---
I (14679) board_laiwfs300:   I2C device ACK at 0x15
I (14682) board_laiwfs300:   I2C device ACK at 0x18
I (14687) board_laiwfs300:   I2C device ACK at 0x21
I (14691) board_laiwfs300:   I2C device ACK at 0x22
I (14699) board_laiwfs300:   I2C device ACK at 0x40
I (14702) board_laiwfs300:   I2C device ACK at 0x51
I (14708) board_laiwfs300:   I2C device ACK at 0x68
I (14711) board_laiwfs300: --- I2C scan done: 7 device(s) found ---
W (14715) board_laiwfs300: TPT29555A (IOEX) NOT found at 0x20 (NACK)
I (14721) board_laiwfs300: ES8311 (Codec) found at 0x18
I (14726) board_laiwfs300: ES7210 (ADC) found at 0x40
I (14731) board_laiwfs300: AIP8563 (RTC) found at 0x51
I (14736) board_laiwfs300: BMI260 (IMU @0x68) found at 0x68
W (14741) board_laiwfs300: BMI260 (IMU @0x69) NOT found at 0x69 (NACK)
I (14747) board_laiwfs300: SP0A39 (Camera) found at 0x21
I (14754) board_laiwfs300: ES8311 chip ID: 0x83 0x11
I (14758) board_laiwfs300: ES7210 chip ID: 0x72
I (14763) board_laiwfs300: AIP8563 RTC time: 22:34:26 (BCD raw)
I (14767) board_laiwfs300: BMI260 chip ID: 0x27 (expect 0x27)
I (14772) board_laiwfs300: init SPI bus manager
I (14778) board_laiwfs300: init ADC service
I (14781) board_adc: ADC1 oneshot initialized
I (14785) board_laiwfs300: init board power service
I (14790) board_laiwfs300: ADC D0_DETECT (GPIO1): raw=4095 (~3100 mV)
I (14795) board_laiwfs300: ADC BAT_ADC (GPIO7): raw=1643 (~1243 mV)
I (14801) board_laiwfs300: ADC SW_ADC (GPIO8): raw=4095 (~3100 mV)
I (14807) board_laiwfs300: init IO expander: TPT29555A addr=0x22
I (14816) io_expander: TPT29555A initialized at 0x22
I (14818) board_laiwfs300: IO expander initialized OK
I (14822) board_laiwfs300: init module detect
I (14827) board_laiwfs300: register detection rules
I (14831) board_laiwfs300: register default capabilities
I (14836) board_laiwfs300: board init complete (ioex=OK)
I (14841) rc_tank: [STEP] Motor init starting...
I (14846) board_motor: motor input 1 -> GPIO5 / LEDC channel 0
I (14851) board_motor: motor input 2 -> GPIO4 / LEDC channel 1
I (14857) board_motor: motor input 3 -> GPIO37 / LEDC channel 2
I (14862) board_motor: motor input 4 -> GPIO45 / LEDC channel 3
I (14868) rc_control: Motor initialized
I (14871) rc_tank: [STEP] Motor init OK
I (14875) rc_tank: [STEP] Display init starting...
I (14880) rc_video: Initializing Tank display
I (14885) display_hal: init ST7789V3 LCD 240x320 SPI host=1
E (15030) spi: spi_bus_initialize(816): SPI bus already initialized.
I (15151) display_hal: ST7789V3 LCD initialized
I (15151) board_display: display mapped: MOSI=GPIO13 SCK=GPIO12 CS=GPIO10 DC=GPIO16 BL=GPIO17 LCD_RST=IOEX P1_5 pclk=20000000
I (15156) rc_video: Tank display task started (status screen)
I (15157) rc_video: Tank display initialized (status task owns LCD)
I (15167) rc_tank: [STEP] Display init OK
I (15171) rc_tank: [STEP] Camera init starting...
I (15175) rc_video: Initializing camera (SP0A39 640x480 VYUY)
I (15181) board_camera: initializing SP0A39 camera mode=0 640x480
I (15186) camera_hal: init SP0A39 DVP 640x480 (SCCB manual mode)
I (15192) camera_hal: configuring IOEX pins for camera RESET/PWDN
I (15199) camera_hal: PWDN=HIGH (power down)
I (15212) camera_hal: PWDN=LOW (release sensor)
I (15412) camera_hal: RESET=LOW (assert reset)
I (15432) camera_hal: RESET=HIGH (release reset)
I (16432) camera_hal: full I2C scan after camera power-up (diagnostic only)...
I (16434) camera_hal:   post-powerup ACK at 0x15
I (16434) camera_hal:   post-powerup ACK at 0x18
I (16437) camera_hal:   post-powerup ACK at 0x21
I (16441) camera_hal:   post-powerup ACK at 0x22
I (16449) camera_hal:   post-powerup ACK at 0x40
I (16452) camera_hal:   post-powerup ACK at 0x51
I (16457) camera_hal:   post-powerup ACK at 0x68
I (16460) camera_hal: DVP GPIO diagnostics (checking PCLK/VSYNC/HSYNC activity)...
I (16526) camera_hal: DVP diagnostics: PCLK_changes=0 VSYNC_changes=0 HSYNC_changes=0
W (16526) camera_hal: PCLK has no transitions - MCLK likely not reaching sensor or sensor not active
I (16531) camera_hal: using sensor address 0x21
I (16536) camera_hal: SP0A39 I2C device added at 0x21
I (16542) camera_hal: SP0A39 chip ID: 0x0A39
I (16664) camera_hal: SP0A39 register init done: VYUY 640x480 (359 regs)
I (16665) camera_hal: [CAM-PROBE] SP0A39 p0_31 stage=post_table value=0x00 expected=0x01
E (16668) camera_hal: camera_hal_verify_expected_output_p0_31(92): unexpected p0_31=0x00 at post_table
W (16677) camera_hal: [CAM-PROBE] output state differs after table; continuing: ESP_ERR_INVALID_RESPONSE
I (16706) camera_hal: [CAM-PROBE] SP0A39 p0_31 stage=post_delay value=0x01 expected=0x01
I (16707) camera_hal: camera HAL initialized (sensor ready, DVP capture not yet implemented)
I (16711) board_camera: camera ready
I (16719) camera_hal: SP0A39 output regs: P0:1c=0x00 P0:30=0x01 P0:31=0x01 P1:32=0x15 P1:34=0xeb P1:35=0x00 P1:36=0x10
I (16851) rc_video:   3 DMA-capable PSRAM framebuffers allocated (600 KB each)
I (16854) dvp_ext: DVP Extended camera controller driver is initialized
I (16855) dvp_ext: [STABLE-DVP] assembly uses GDMA-EOF direct copy; dma=102400 half=51200 queue_data_events=suppressed eof_desc=probe
I (16866) rc_video: [STABLE-CAPTURE] staged DVP controller created dma=102400 half=51200
I (16873) rc_video: Camera initialized
I (16877) rc_tank: [STEP] Camera init OK
I (16880) rc_tank: [STEP] Network init starting...
I (16886) rc_net: Initializing as SoftAP (Tank)
I (16891) pp: pp rom version: e7ae62f
I (16893) net80211: net80211 rom version: e7ae62f
I (16899) wifi:wifi driver task: 3fce48f8, prio:23, stack:6656, core=0
I (16910) wifi:wifi firmware version: 0947e8b
I (16910) wifi:wifi certification version: v7.0
I (16912) wifi:config NVS flash: enabled
I (16915) wifi:config nano formatting: disabled
I (16920) wifi:Init data frame dynamic rx buffer num: 32
I (16925) wifi:Init static rx mgmt buffer num: 5
I (16929) wifi:Init management short buffer num: 32
I (16933) wifi:Init dynamic tx buffer num: 64
I (16938) wifi:Init static tx FG buffer num: 2
I (16942) wifi:Init static rx buffer size: 1600
I (16946) wifi:Init static rx buffer num: 10
I (16950) wifi:Init dynamic rx buffer num: 32
I (16955) wifi_init: rx ba win: 6
I (16957) wifi_init: accept mbox: 6
I (16960) wifi_init: tcpip mbox: 16
I (16963) wifi_init: udp mbox: 6
I (16966) wifi_init: tcp mbox: 6
I (16969) wifi_init: tcp tx win: 5760
I (16973) wifi_init: tcp rx win: 5760
I (16976) wifi_init: tcp mss: 1440
I (16979) wifi_init: WiFi IRAM OP enabled
I (16983) wifi_init: WiFi RX IRAM OP enabled
I (16988) rc_net: AP set_mode/config, SSID=RC_TANK_F3AE79 ch=1
I (16997) phy_init: phy_version 711,97bcf0a2,Aug 25 2025,19:04:10
I (17037) wifi:mode : softAP (44:1b:f6:f3:ae:79)
I (17042) wifi:Total power save buffer number: 32
I (17043) wifi:Init max length of beacon: 752/752
I (17044) wifi:Init max length of beacon: 752/752
I (17046) rc_net: SoftAP started, SSID: RC_TANK_F3AE79, Password: 12345678
I (17047) esp_netif_lwip: DHCP server started on interface WIFI_AP_DEF with IP: 192.168.4.1
I (17060) rc_tank: [STEP] Network init OK
I (17063) rc_tank: Tank SoftAP ready, waiting for remote...
I (17069) rc_control: Ctrl RX task started
I (17072) rc_control: Tank control started
I (17076) rc_tank: Tank running (video + control; audio disabled)
I (17082) rc_tank: app_main done, idle loop
I (19320) wifi:new:<1,1>, old:<1,1>, ap:<1,1>, sta:<255,255>, prof:1, snd_ch_cfg:0x0
I (19321) wifi:station: 44:1b:f6:f3:ae:40 join, AID=1, bgn, 40U
I (19357) wifi:station: 44:1b:f6:f3:ae:40 leave, AID = 1, reason = 3, bss_flags is 34311266, bss:0x3fcf1298
I (19358) wifi:new:<1,0>, old:<1,1>, ap:<1,1>, sta:<255,255>, prof:1, snd_ch_cfg:0x0
I (19364) wifi:new:<1,1>, old:<1,0>, ap:<1,1>, sta:<255,255>, prof:1, snd_ch_cfg:0x0
I (28052) wifi:new:<1,1>, old:<1,1>, ap:<1,1>, sta:<255,255>, prof:1, snd_ch_cfg:0x0
I (28053) wifi:station: 44:1b:f6:f3:ae:40 join, AID=1, bgn, 40U
I (28081) rc_net: STA connected, MAC: 44:1b:f6:f3:ae:40
I (28118) esp_netif_lwip: DHCP server assigned IP to a client, IP is: 192.168.4.2
I (28119) rc_net: STA assigned IP: 192.168.4.2
I (28119) rc_tank: Network connected, peer: 192.168.4.2
W (28125) rc_tank: [DVP-MATRIX] start stage=6 strategy=rebuild_after_udp video_tx=not_created capture=not_started
I (28135) rc_net: Ctrl UDP socket bound to port 8001
I (28139) rc_net: Video UDP socket bound to port 8002
I (28144) rc_net: Audio TCP listening on port 8003
I (28148) rc_tank: Socket channels started
E (28153) gpio: gpio_install_isr_service(537): GPIO isr service already installed
I (28160) dvp_ext: DVP Extended camera controller driver is initialized
I (28165) dvp_ext: [STABLE-DVP] assembly uses GDMA-EOF direct copy; dma=102400 half=51200 queue_data_events=suppressed eof_desc=probe
W (28177) rc_video: [DVP-REBUILD] complete old=0x3fcebecc new=0x3fcebecc drained=0 internal=88379->88243; GDMA channel/descriptors/event queue/task recreated
I (28191) rc_video: No local preview active; formal video handoff skipped
I (28199) camera_hal: [CAM-PROBE] SP0A39 p0_31 stage=dvp_started value=0x01 expected=0x01
I (28208) rc_video: Tank video started (camera source)
W (28210) rc_tank: [DVP-MATRIX] observe stage=6 strategy=rebuild_after_udp duration_ms=45000 under live Q60/UDP load
I (28212) rc_video: Video TX task started (240x180, sensor-driven, Q=60)
I (28259) rc_video: TX theory: raw=614400 B/frame, encoded YUV=86400 B/frame, target10fps raw=0.86 MB/s
I (28264) rc_video: PSRAM TX buffers: subsample=86400B jpeg=43200B send=43208B free_psram=5592524 free_internal=55419
I (28274) rc_video: TX buffer caps: subsample=0x3c350120(psram=1) jpeg=0x3c3652a4(psram=1) send=0x3c36fea8(psram=1)

[HOST-DVP-MATRIX 11:01:39] MATRIX-R3 stage=6 visible window begin
I (28334) rc_net: [CAM-PROBE] Video TX seq=0 jpeg_len=8455 crc32=0xaed36394 chunks=8
W (28385) rc_net: Video UDP send failed: seq=0 chunk=4/8 bytes=1208 sent=-1 errno=12 attempts=4
W (28385) rc_video: Video send failed: ESP_FAIL
W (28440) rc_video: Video send failed: ESP_FAIL
W (28593) rc_video: Video send failed: ESP_FAIL
W (28646) rc_video: Video send failed: ESP_FAIL
W (28788) rc_video: Video send failed: ESP_FAIL
W (28839) rc_video: Video send failed: ESP_FAIL
W (28987) rc_video: Video send failed: ESP_FAIL
W (29039) rc_video: Video send failed: ESP_FAIL
I (29191) wifi:<ba-add>idx:2 (ifx:1, 44:1b:f6:f3:ae:40), tid:0, ssn:0, winSize:64
I (31360) rc_net: [CAM-PROBE] Video TX seq=30 jpeg_len=8614 crc32=0x41e99709 chunks=8
I (32013) rc_video: Sent 30 | cap_fps=9.9 send_fps=8.0 capture_size_errors=0 capture_identity_errors=0 | Avg(ms): wait=23.6 cache=0.8 subsample=23.5 encode=43.6 send=7.0 total=98.5 | JPEG=8539B
I (32059) rc_video: [VIDEO-TX] handoff cap=38 get=77 select_fail=0 finished=38 signal=38 acquire=38 acquire_fail=0 release_fail=0 backup=0/0
I (32062) rc_video: [STABLE-CAPTURE] pause=38/38 timeout=0 quiesce=38 resume=38 lifecycle_errors=0 repairs=38 staged_events=439 copies=429 fallback=0 errors=0 prepare=39 stale_queue=0 pending_vsync=21 sync=39 complete=39 incomplete=0 incomplete_blocks=0 hold=38/38 hold_timeout=0
I (34369) rc_net: [CAM-PROBE] Video TX seq=60 jpeg_len=8564 crc32=0x4c6adffc chunks=8
I (35023) rc_video: Sent 60 | cap_fps=10.0 send_fps=10.0 capture_size_errors=0 capture_identity_errors=0 | Avg(ms): wait=22.3 cache=0.9 subsample=23.4 encode=44.3 send=6.6 total=97.4 | JPEG=8588B
I (35067) rc_video: [VIDEO-TX] handoff cap=68 get=137 select_fail=0 finished=68 signal=68 acquire=68 acquire_fail=0 release_fail=0 backup=0/0
I (35070) rc_video: [STABLE-CAPTURE] pause=68/68 timeout=0 quiesce=68 resume=68 lifecycle_errors=0 repairs=68 staged_events=778 copies=759 fallback=0 errors=0 prepare=69 stale_queue=0 pending_vsync=37 sync=69 complete=69 incomplete=0 incomplete_blocks=0 hold=68/68 hold_timeout=0
I (37309) rc_net: [CAM-PROBE] Video TX seq=90 jpeg_len=8553 crc32=0xc459264f chunks=8
I (38055) rc_video: Sent 90 | cap_fps=10.2 send_fps=9.9 capture_size_errors=0 capture_identity_errors=0 | Avg(ms): wait=23.1 cache=0.9 subsample=23.5 encode=43.8 send=6.7 total=98.0 | JPEG=8571B
I (38062) rc_video: [VIDEO-TX] handoff cap=99 get=198 select_fail=0 finished=99 signal=99 acquire=98 acquire_fail=0 release_fail=0 backup=0/0
I (38074) rc_video: [STABLE-CAPTURE] pause=99/99 timeout=0 quiesce=98 resume=98 lifecycle_errors=0 repairs=98 staged_events=1113 copies=1089 fallback=0 errors=0 prepare=99 stale_queue=0 pending_vsync=52 sync=99 complete=99 incomplete=0 incomplete_blocks=0 hold=99/99 hold_timeout=0
I (40384) rc_net: [CAM-PROBE] Video TX seq=120 jpeg_len=8592 crc32=0xa9280777 chunks=8
I (41033) rc_video: Sent 120 | cap_fps=9.7 send_fps=10.1 capture_size_errors=0 capture_identity_errors=0 | Avg(ms): wait=24.0 cache=0.9 subsample=23.7 encode=42.5 send=6.0 total=97.2 | JPEG=8577B
I (41040) rc_video: [VIDEO-TX] handoff cap=128 get=257 select_fail=0 finished=128 signal=128 acquire=128 acquire_fail=0 release_fail=0 backup=0/0
I (41084) rc_video: [STABLE-CAPTURE] pause=128/128 timeout=0 quiesce=128 resume=128 lifecycle_errors=0 repairs=128 staged_events=1449 copies=1419 fallback=0 errors=0 prepare=129 stale_queue=0 pending_vsync=68 sync=129 complete=129 incomplete=0 incomplete_blocks=0 hold=128/128 hold_timeout=0
I (43328) rc_net: [CAM-PROBE] Video TX seq=150 jpeg_len=8564 crc32=0xbcf48e67 chunks=8
I (44188) rc_video: Sent 150 | cap_fps=9.8 send_fps=9.5 capture_size_errors=0 capture_identity_errors=0 | Avg(ms): wait=29.1 cache=0.9 subsample=23.5 encode=43.7 send=4.8 total=102.2 | JPEG=8545B
I (44195) rc_video: [VIDEO-TX] handoff cap=159 get=318 select_fail=0 finished=159 signal=159 acquire=158 acquire_fail=0 release_fail=0 backup=0/0
I (44208) rc_video: [STABLE-CAPTURE] pause=159/159 timeout=0 quiesce=158 resume=158 lifecycle_errors=0 repairs=158 staged_events=1804 copies=1769 fallback=0 errors=0 prepare=159 stale_queue=0 pending_vsync=83 sync=162 complete=159 incomplete=3 incomplete_blocks=20 hold=159/159 hold_timeout=0
I (46452) rc_net: [CAM-PROBE] Video TX seq=180 jpeg_len=8491 crc32=0x3db77b2b chunks=8
I (47195) rc_video: Sent 180 | cap_fps=10.0 send_fps=10.0 capture_size_errors=0 capture_identity_errors=0 | Avg(ms): wait=24.9 cache=0.9 subsample=23.5 encode=43.9 send=5.0 total=98.2 | JPEG=8516B
I (47202) rc_video: [VIDEO-TX] handoff cap=189 get=378 select_fail=0 finished=189 signal=189 acquire=188 acquire_fail=0 release_fail=0 backup=0/0
I (47215) rc_video: [STABLE-CAPTURE] pause=189/189 timeout=0 quiesce=188 resume=188 lifecycle_errors=0 repairs=188 staged_events=2142 copies=2099 fallback=0 errors=0 prepare=189 stale_queue=0 pending_vsync=98 sync=192 complete=189 incomplete=3 incomplete_blocks=20 hold=189/189 hold_timeout=0
I (49529) rc_net: [CAM-PROBE] Video TX seq=210 jpeg_len=8521 crc32=0xa489c470 chunks=8
I (50177) rc_video: Sent 210 | cap_fps=9.7 send_fps=10.1 capture_size_errors=0 capture_identity_errors=0 | Avg(ms): wait=24.8 cache=0.8 subsample=24.2 encode=42.9 send=4.5 total=97.3 | JPEG=8520B
I (50185) rc_video: [VIDEO-TX] handoff cap=218 get=437 select_fail=0 finished=218 signal=218 acquire=218 acquire_fail=0 release_fail=0 backup=0/0
I (50225) rc_video: [STABLE-CAPTURE] pause=218/218 timeout=0 quiesce=218 resume=218 lifecycle_errors=0 repairs=218 staged_events=2477 copies=2429 fallback=0 errors=0 prepare=219 stale_queue=0 pending_vsync=114 sync=222 complete=219 incomplete=3 incomplete_blocks=20 hold=218/218 hold_timeout=0
I (52467) rc_net: [CAM-PROBE] Video TX seq=240 jpeg_len=8510 crc32=0x21801d76 chunks=8
I (53212) rc_video: Sent 240 | cap_fps=10.2 send_fps=9.9 capture_size_errors=0 capture_identity_errors=0 | Avg(ms): wait=24.8 cache=0.9 subsample=23.7 encode=44.1 send=4.8 total=98.2 | JPEG=8515B
I (53219) rc_video: [VIDEO-TX] handoff cap=249 get=498 select_fail=0 finished=249 signal=249 acquire=248 acquire_fail=0 release_fail=0 backup=0/0
I (53232) rc_video: [STABLE-CAPTURE] pause=249/249 timeout=0 quiesce=248 resume=248 lifecycle_errors=0 repairs=248 staged_events=2815 copies=2759 fallback=0 errors=0 prepare=249 stale_queue=0 pending_vsync=129 sync=252 complete=249 incomplete=3 incomplete_blocks=20 hold=249/249 hold_timeout=0
I (55541) rc_net: [CAM-PROBE] Video TX seq=270 jpeg_len=8500 crc32=0xbf0e812e chunks=8
I (56193) rc_video: Sent 270 | cap_fps=9.7 send_fps=10.1 capture_size_errors=0 capture_identity_errors=0 | Avg(ms): wait=22.2 cache=0.8 subsample=25.0 encode=41.8 send=7.4 total=97.3 | JPEG=8493B
I (56200) rc_video: [VIDEO-TX] handoff cap=278 get=557 select_fail=0 finished=278 signal=278 acquire=278 acquire_fail=0 release_fail=0 backup=0/0
I (56241) rc_video: [STABLE-CAPTURE] pause=278/278 timeout=0 quiesce=278 resume=278 lifecycle_errors=0 repairs=278 staged_events=3152 copies=3089 fallback=0 errors=0 prepare=279 stale_queue=0 pending_vsync=145 sync=282 complete=279 incomplete=3 incomplete_blocks=20 hold=278/278 hold_timeout=0
I (58484) rc_net: [CAM-PROBE] Video TX seq=300 jpeg_len=8432 crc32=0xeb6f5d07 chunks=8
I (59230) rc_video: Sent 300 | cap_fps=10.2 send_fps=9.9 capture_size_errors=0 capture_identity_errors=0 | Avg(ms): wait=23.6 cache=0.9 subsample=23.9 encode=44.1 send=4.5 total=97.0 | JPEG=8663B
I (59237) rc_video: [VIDEO-TX] handoff cap=309 get=618 select_fail=0 finished=309 signal=309 acquire=308 acquire_fail=0 release_fail=0 backup=0/0
I (59250) rc_video: [STABLE-CAPTURE] pause=309/309 timeout=0 quiesce=308 resume=308 lifecycle_errors=0 repairs=308 staged_events=3486 copies=3419 fallback=0 errors=0 prepare=309 stale_queue=0 pending_vsync=160 sync=312 complete=309 incomplete=3 incomplete_blocks=20 hold=309/309 hold_timeout=0
I (61493) rc_net: [CAM-PROBE] Video TX seq=330 jpeg_len=8794 crc32=0x8f7f5280 chunks=8
I (62238) rc_video: Sent 330 | cap_fps=10.0 send_fps=10.0 capture_size_errors=0 capture_identity_errors=0 | Avg(ms): wait=24.5 cache=0.9 subsample=24.0 encode=43.7 send=5.1 total=98.2 | JPEG=8782B
I (62245) rc_video: [VIDEO-TX] handoff cap=339 get=678 select_fail=0 finished=339 signal=339 acquire=338 acquire_fail=0 release_fail=0 backup=0/0
I (62258) rc_video: [STABLE-CAPTURE] pause=339/339 timeout=0 quiesce=338 resume=338 lifecycle_errors=0 repairs=338 staged_events=3825 copies=3749 fallback=0 errors=0 prepare=339 stale_queue=0 pending_vsync=175 sync=342 complete=339 incomplete=3 incomplete_blocks=20 hold=339/339 hold_timeout=0
I (64569) rc_net: [CAM-PROBE] Video TX seq=360 jpeg_len=8737 crc32=0x71602555 chunks=8
I (65217) rc_video: Sent 360 | cap_fps=9.7 send_fps=10.1 capture_size_errors=0 capture_identity_errors=0 | Avg(ms): wait=23.1 cache=1.1 subsample=24.3 encode=42.7 send=6.0 total=97.1 | JPEG=8509B
I (65224) rc_video: [VIDEO-TX] handoff cap=368 get=737 select_fail=0 finished=368 signal=368 acquire=368 acquire_fail=0 release_fail=0 backup=0/0
I (65265) rc_video: [STABLE-CAPTURE] pause=368/368 timeout=0 quiesce=368 resume=368 lifecycle_errors=0 repairs=368 staged_events=4158 copies=4079 fallback=0 errors=0 prepare=369 stale_queue=0 pending_vsync=191 sync=372 complete=369 incomplete=3 incomplete_blocks=20 hold=368/368 hold_timeout=0
I (67507) rc_net: [CAM-PROBE] Video TX seq=390 jpeg_len=8474 crc32=0xd3a63c3a chunks=8
I (68250) rc_video: Sent 390 | cap_fps=10.2 send_fps=9.9 capture_size_errors=0 capture_identity_errors=0 | Avg(ms): wait=24.8 cache=0.9 subsample=24.0 encode=43.4 send=5.1 total=98.1 | JPEG=8605B
I (68257) rc_video: [VIDEO-TX] handoff cap=399 get=798 select_fail=0 finished=399 signal=399 acquire=398 acquire_fail=0 release_fail=0 backup=0/0
I (68271) rc_video: [STABLE-CAPTURE] pause=399/399 timeout=0 quiesce=398 resume=398 lifecycle_errors=0 repairs=398 staged_events=4493 copies=4409 fallback=0 errors=0 prepare=399 stale_queue=0 pending_vsync=206 sync=402 complete=399 incomplete=3 incomplete_blocks=20 hold=399/399 hold_timeout=0
I (70516) rc_net: [CAM-PROBE] Video TX seq=420 jpeg_len=8659 crc32=0x3da9a01b chunks=8
I (71261) rc_video: Sent 420 | cap_fps=10.0 send_fps=10.0 capture_size_errors=0 capture_identity_errors=0 | Avg(ms): wait=21.5 cache=0.8 subsample=24.4 encode=43.5 send=6.7 total=96.9 | JPEG=8662B
I (71268) rc_video: [VIDEO-TX] handoff cap=429 get=858 select_fail=0 finished=429 signal=429 acquire=428 acquire_fail=0 release_fail=0 backup=0/0
I (71281) rc_video: [STABLE-CAPTURE] pause=429/429 timeout=0 quiesce=428 resume=428 lifecycle_errors=0 repairs=428 staged_events=4830 copies=4739 fallback=0 errors=0 prepare=429 stale_queue=0 pending_vsync=221 sync=432 complete=429 incomplete=3 incomplete_blocks=20 hold=429/429 hold_timeout=0
W (73264) rc_tank: [DVP-MATRIX] result stage=6 strategy=rebuild_after_udp complete=449 incomplete=3 incomplete_blocks=20 mismatch_hist=0,2,1,2,1,1,0,0,4,8,357 prepare=449 pending=231 hold=449/449 hold_timeout=0
W (73276) rc_tank: [DVP-MATRIX] advance stage=7; restart in 1s
I (73527) rc_net: [CAM-PROBE] Video TX seq=450 jpeg_len=8742 crc32=0x34c7a5b8 chunks=8
I (74268) rc_video: Sent 450 | cap_fps=10.0 send_fps=10.0 capture_size_errors=0 capture_identity_errors=0 | Avg(ms): wait=23.2 cache=0.8 subsample=23.8 encode=43.9 send=5.2 total=96.9 | JPEG=8752B
I (74276) rc_video: [VIDEO-TX] handoff cap=459 get=918 select_fail=0 finished=459 signal=459 acquire=458 acquire_fail=0 release_fail=0 backup=0/0
I (74280) wifi:station: 44:1b:f6:f3:ae:40 leave, AID = 1, reason = 2, bss_flags is 756835, bss:0x3fcf1298
I (74298) wifi:new:<1,0>, old:<1,1>, ap:<1,1>, sta:<255,255>, prof:1, snd_ch_cfg:0x0
I (74306) wifi:<ba-del>idx:2, tid:0
I (74308) wifi:new:<1,1>, old:<1,0>, ap:<1,1>, sta:<255,255>, prof:1, snd_ch_cfg:0x0
I (74318) rc_video: [STABLE-CAPTURE] pause=459/459 timeout=0 quiesce=458 resume=458 lifecycle_errors=0 repairs=458 staged_events=5163 copies=5069 fallback=0 errors=0 prepare=459 stale_queue=0 pending_vsync=236 sync=462 complete=459 incomplete=3 incomplete_blocks=20 hold=459/459 hold_timeout=0
I (74341) rc_net: STA disconnected, MAC: 44:1b:f6:f3:ae:40
W (74391) rc_control: Network disconnected: motor stop enforced
W (74391) rc_tank: Network disconnected
W (74390) rc_net: Video UDP send failed: seq=458 chunk=1/8 bytes=1208 sent=-1 errno=-1 attempts=4
W (74402) rc_video: Video send failed: ESP_FAIL
W (74543) rc_video: Video send failed: ESP_ERR_INVALID_STATE
W (74591) rc_video: Video send failed: ESP_ERR_INVALID_STATE
W (74737) rc_video: Video send failed: ESP_ERR_INVALID_STATE
W (74785) rc_video: Video send failed: ESP_ERR_INVALID_STATE
W (74934) rc_video: Video send failed: ESP_ERR_INVALID_STATE
W (74983) rc_video: Video send failed: ESP_ERR_INVALID_STATE
W (75133) rc_video: Video send failed: ESP_ERR_INVALID_STATE
W (75182) rc_video: Video send failed: ESP_ERR_INVALID_STATE
W (75330) rc_video: Video send failed: ESP_ERR_INVALID_STATE
W (75379) rc_video: Video send failed: ESP_ERR_INVALID_STATE
W (75528) rc_video: Video send failed: ESP_ERR_INVALID_STATE
W (75577) rc_video: Video send failed: ESP_ERR_INVALID_STATE
W (75724) rc_video: Video send failed: ESP_ERR_INVALID_STATE
W (75772) rc_video: Video send failed: ESP_ERR_INVALID_STATE
W (75925) rc_video: Video send failed: ESP_ERR_INVALID_STATE
W (75972) rc_video: Video send failed: ESP_ERR_INVALID_STATE
W (76122) rc_video: Video send failed: ESP_ERR_INVALID_STATE
W (76169) rc_video: Video send failed: ESP_ERR_INVALID_STATE
W (76318) rc_video: Video send failed: ESP_ERR_INVALID_STATE
W (76366) rc_video: Video send failed: ESP_ERR_INVALID_STATE
W (76516) rc_video: Video send failed: ESP_ERR_INVALID_STATE
W (76564) rc_video: Video send failed: ESP_ERR_INVALID_STATE
W (76715) rc_video: Video send failed: ESP_ERR_INVALID_STATE
W (76763) rc_video: Video send failed: ESP_ERR_INVALID_STATE
W (76912) rc_video: Video send failed: ESP_ERR_INVALID_STATE
W (76961) rc_video: Video send failed: ESP_ERR_INVALID_STATE
W (77111) rc_video: Video send failed: ESP_ERR_INVALID_STATE
W (77160) rc_video: Video send failed: ESP_ERR_INVALID_STATE
W (77309) rc_video: Video send failed: ESP_ERR_INVALID_STATE
W (77357) rc_video: Video send failed: ESP_ERR_INVALID_STATE
W (77507) rc_video: Video send failed: ESP_ERR_INVALID_STATE
W (77554) rc_video: Video send failed: ESP_ERR_INVALID_STATE
W (77704) rc_video: Video send failed: ESP_ERR_INVALID_STATE
W (77752) rc_video: Video send failed: ESP_ERR_INVALID_STATE
W (77903) rc_video: Video send failed: ESP_ERR_INVALID_STATE
W (77951) rc_video: Video send failed: ESP_ERR_INVALID_STATE
W (78100) rc_video: Video send failed: ESP_ERR_INVALID_STATE
W (78148) rc_video: Video send failed: ESP_ERR_INVALID_STATE
I (78207) wifi:flush txq
I (78208) wifi:stop sw txq
I (78208) wifi:lmac stop hw txq
ESP-ROM:esp32s3-20210327
Build:Mar 27 2021
rst:0xc (RTC_SW_CPU_RST),boot:0x3 (DOWNLOAD(USB/UART0))
Saved PC:0x40381169
waiting for download

[HOST-DVP-MATRIX 11:02:29] MATRIX-R3 Tank restart recovery=8

[HOST-DVP-MATRIX 11:02:29] Tank RAM bootloader start
esptool.py v4.12.dev2
Serial port COM7
Connecting....
Chip is ESP32-S3 (QFN56) (revision v0.2)
Features: WiFi, BLE
Crystal is 40MHz
MAC: 44:1b:f6:f3:ae:78
Uploading stub...
Running stub...
Stub running...
RAM boot...
Downloading 5360 bytes at 3fce2820... done!
Downloading 3364 bytes at 403c8700... done!
Downloading 12016 bytes at 403cb700... done!
All segments done, executing at 403c8924
Exiting immediately.

[HOST-DVP-MATRIX 11:02:32] Tank RAM bootloader complete
) boot: chip revision: v0.2
I (2938) boot: efuse block revision: v1.3
I (2942) boot.esp32s3: Boot SPI Speed : 80MHz
I (2946) boot.esp32s3: SPI Mode       : SLOW READ
I (2950) boot.esp32s3: SPI Flash Size : 8MB
I (2954) boot: Enabling RNG early entropy source...
I (2959) boot: Partition Table:
I (2962) boot: ## Label            Usage          Type ST Offset   Length
I (2968) boot:  0 nvs              WiFi data        01 02 00009000 00006000
I (2975) boot:  1 phy_init         RF data          01 01 0000f000 00001000
I (2982) boot:  2 factory          factory app      00 00 00010000 00300000
I (2988) boot:  3 storage          Unknown data     01 82 00310000 00100000
I (2995) boot: End of partition table
I (2998) esp_image: segment 0: paddr=00010020 vaddr=3c0a0020 size=24c30h (150576) map
I (3098) esp_image: segment 1: paddr=00034c58 vaddr=3fca0c00 size=05560h ( 21856) load
I (3112) esp_image: segment 2: paddr=0003a1c0 vaddr=40374000 size=05e58h ( 24152) load
I (3128) esp_image: segment 3: paddr=00040020 vaddr=42000020 size=9b61ch (636444) map
I (3517) esp_image: segment 4: paddr=000db644 vaddr=40379e58 size=16d04h ( 93444) load
I (3578) esp_image: segment 5: paddr=000f2350 vaddr=50000000 size=00020h (    32) load
I (3589) boot: Loaded app from partition at offset 0x10000
I (3589) boot: Disabling RNG early entropy source...
I (3601) esp_psram: Found 8MB PSRAM device
I (3601) esp_psram: Speed: 80MHz
I (3602) cpu_start: Multicore app
I (4520) esp_psram: SPI SRAM memory test OK
I (4528) cpu_start: GPIO 44 and 43 are used as console UART I/O pins
I (4529) cpu_start: Pro cpu start user code
I (4529) cpu_start: cpu freq: 240000000 Hz
I (4531) app_init: Application information:
I (4535) app_init: Project name:     rc_tank_demo
I (4539) app_init: App version:      1
I (4542) app_init: Compile time:     Aug 26 2026 10:51:10
I (4548) app_init: ELF file SHA256:  802891069...
I (4552) app_init: ESP-IDF:          GIT-NOTFOUND
I (4556) efuse_init: Min chip rev:     v0.0
I (4560) efuse_init: Max chip rev:     v0.99 
I (4564) efuse_init: Chip rev:         v0.2
I (4569) heap_init: Initializing. RAM available for dynamic allocation:
I (4575) heap_init: At 3FCAA290 len 0003F480 (253 KiB): RAM
I (4580) heap_init: At 3FCE9710 len 00005724 (21 KiB): RAM
I (4585) heap_init: At 3FCF0000 len 00008000 (32 KiB): DRAM
I (4591) heap_init: At 600FE000 len 00001FE8 (7 KiB): RTCRAM
I (4596) esp_psram: Adding pool of 8192K of PSRAM memory to heap allocator
I (4604) spi_flash: detected chip: generic
I (4606) spi_flash: flash io: dio
I (4610) sleep_gpio: Configure to isolate all GPIO pins in sleep state
I (4616) sleep_gpio: Enable automatic switching of GPIO sleep configuration
I (4623) main_task: Started on CPU0
I (4647) esp_psram: Reserving pool of 64K of internal memory for DMA/internal allocations
I (4648) main_task: Calling app_main()
I (4662) rc_tank: === RC Tank Demo (EX-035) Role: TANK ===
I (4663) rc_tank: Startup delay 10 s (open serial monitor now)...
I (4663) rc_tank:   starting in 10 s
I (5666) rc_tank:   starting in 9 s
I (6666) rc_tank:   starting in 8 s
I (7666) rc_tank:   starting in 7 s
I (8666) rc_tank:   starting in 6 s
I (9666) rc_tank:   starting in 5 s
I (10666) rc_tank:   starting in 4 s
I (11666) rc_tank:   starting in 3 s
I (12666) rc_tank:   starting in 2 s
I (13666) rc_tank:   starting in 1 s
I (14666) rc_tank: Starting Tank role (P1: network, P2: control, P3: video)
I (14666) board_laiwfs300: init board support package
I (14666) board_laiwfs300: init capability registry
I (14671) board_laiwfs300: init I2C bus: SDA=GPIO48 SCL=GPIO47
I (14677) bus_i2c: I2C0 initialized: SDA=GPIO48 SCL=GPIO47 speed=100000Hz
I (14683) board_laiwfs300: --- I2C bus scan (0x08-0x77) ---
I (14690) board_laiwfs300:   I2C device ACK at 0x15
I (14693) board_laiwfs300:   I2C device ACK at 0x18
I (14698) board_laiwfs300:   I2C device ACK at 0x21
I (14702) board_laiwfs300:   I2C device ACK at 0x22
I (14710) board_laiwfs300:   I2C device ACK at 0x40
I (14713) board_laiwfs300:   I2C device ACK at 0x51
I (14719) board_laiwfs300:   I2C device ACK at 0x68
I (14722) board_laiwfs300: --- I2C scan done: 7 device(s) found ---
W (14726) board_laiwfs300: TPT29555A (IOEX) NOT found at 0x20 (NACK)
I (14732) board_laiwfs300: ES8311 (Codec) found at 0x18
I (14737) board_laiwfs300: ES7210 (ADC) found at 0x40
I (14742) board_laiwfs300: AIP8563 (RTC) found at 0x51
I (14747) board_laiwfs300: BMI260 (IMU @0x68) found at 0x68
W (14752) board_laiwfs300: BMI260 (IMU @0x69) NOT found at 0x69 (NACK)
I (14758) board_laiwfs300: SP0A39 (Camera) found at 0x21
I (14765) board_laiwfs300: ES8311 chip ID: 0x83 0x11
I (14769) board_laiwfs300: ES7210 chip ID: 0x72
I (14774) board_laiwfs300: AIP8563 RTC time: 22:35:45 (BCD raw)
I (14778) board_laiwfs300: BMI260 chip ID: 0x27 (expect 0x27)
I (14783) board_laiwfs300: init SPI bus manager
I (14789) board_laiwfs300: init ADC service
I (14792) board_adc: ADC1 oneshot initialized
I (14796) board_laiwfs300: init board power service
I (14801) board_laiwfs300: ADC D0_DETECT (GPIO1): raw=4095 (~3100 mV)
I (14806) board_laiwfs300: ADC BAT_ADC (GPIO7): raw=1650 (~1249 mV)
I (14812) board_laiwfs300: ADC SW_ADC (GPIO8): raw=4095 (~3100 mV)
I (14818) board_laiwfs300: init IO expander: TPT29555A addr=0x22
I (14827) io_expander: TPT29555A initialized at 0x22
I (14829) board_laiwfs300: IO expander initialized OK
I (14833) board_laiwfs300: init module detect
I (14838) board_laiwfs300: register detection rules
I (14842) board_laiwfs300: register default capabilities
I (14847) board_laiwfs300: board init complete (ioex=OK)
I (14852) rc_tank: [STEP] Motor init starting...
I (14857) board_motor: motor input 1 -> GPIO5 / LEDC channel 0
I (14862) board_motor: motor input 2 -> GPIO4 / LEDC channel 1
I (14868) board_motor: motor input 3 -> GPIO37 / LEDC channel 2
I (14873) board_motor: motor input 4 -> GPIO45 / LEDC channel 3
I (14879) rc_control: Motor initialized
I (14882) rc_tank: [STEP] Motor init OK
I (14886) rc_tank: [STEP] Display init starting...
I (14891) rc_video: Initializing Tank display
I (14896) display_hal: init ST7789V3 LCD 240x320 SPI host=1
E (15041) spi: spi_bus_initialize(816): SPI bus already initialized.
I (15162) display_hal: ST7789V3 LCD initialized
I (15162) board_display: display mapped: MOSI=GPIO13 SCK=GPIO12 CS=GPIO10 DC=GPIO16 BL=GPIO17 LCD_RST=IOEX P1_5 pclk=20000000
I (15167) rc_video: Tank display task started (status screen)
I (15168) rc_video: Tank display initialized (status task owns LCD)
I (15178) rc_tank: [STEP] Display init OK
I (15182) rc_tank: [STEP] Camera init starting...
I (15186) rc_video: Initializing camera (SP0A39 640x480 VYUY)
I (15192) board_camera: initializing SP0A39 camera mode=0 640x480
I (15197) camera_hal: init SP0A39 DVP 640x480 (SCCB manual mode)
I (15203) camera_hal: configuring IOEX pins for camera RESET/PWDN
I (15210) camera_hal: PWDN=HIGH (power down)
I (15223) camera_hal: PWDN=LOW (release sensor)
I (15423) camera_hal: RESET=LOW (assert reset)
I (15443) camera_hal: RESET=HIGH (release reset)
I (16443) camera_hal: full I2C scan after camera power-up (diagnostic only)...
I (16445) camera_hal:   post-powerup ACK at 0x15
I (16445) camera_hal:   post-powerup ACK at 0x18
I (16448) camera_hal:   post-powerup ACK at 0x21
I (16452) camera_hal:   post-powerup ACK at 0x22
I (16460) camera_hal:   post-powerup ACK at 0x40
I (16463) camera_hal:   post-powerup ACK at 0x51
I (16468) camera_hal:   post-powerup ACK at 0x68
I (16471) camera_hal: DVP GPIO diagnostics (checking PCLK/VSYNC/HSYNC activity)...
I (16537) camera_hal: DVP diagnostics: PCLK_changes=0 VSYNC_changes=0 HSYNC_changes=0
W (16537) camera_hal: PCLK has no transitions - MCLK likely not reaching sensor or sensor not active
I (16542) camera_hal: using sensor address 0x21
I (16547) camera_hal: SP0A39 I2C device added at 0x21
I (16553) camera_hal: SP0A39 chip ID: 0x0A39
I (16675) camera_hal: SP0A39 register init done: VYUY 640x480 (359 regs)
I (16676) camera_hal: [CAM-PROBE] SP0A39 p0_31 stage=post_table value=0x00 expected=0x01
E (16679) camera_hal: camera_hal_verify_expected_output_p0_31(92): unexpected p0_31=0x00 at post_table
W (16688) camera_hal: [CAM-PROBE] output state differs after table; continuing: ESP_ERR_INVALID_RESPONSE
I (16717) camera_hal: [CAM-PROBE] SP0A39 p0_31 stage=post_delay value=0x01 expected=0x01
I (16718) camera_hal: camera HAL initialized (sensor ready, DVP capture not yet implemented)
I (16722) board_camera: camera ready
I (16730) camera_hal: SP0A39 output regs: P0:1c=0x00 P0:30=0x01 P0:31=0x01 P1:32=0x15 P1:34=0xeb P1:35=0x00 P1:36=0x10
I (16862) rc_video:   3 DMA-capable PSRAM framebuffers allocated (600 KB each)
I (16865) dvp_ext: DVP Extended camera controller driver is initialized
I (16866) dvp_ext: [STABLE-DVP] assembly uses GDMA-EOF direct copy; dma=102400 half=51200 queue_data_events=suppressed eof_desc=probe
I (16877) rc_video: [STABLE-CAPTURE] staged DVP controller created dma=102400 half=51200
I (16884) rc_video: Camera initialized
I (16888) rc_tank: [STEP] Camera init OK
I (16891) rc_tank: [STEP] Network init starting...
I (16897) rc_net: Initializing as SoftAP (Tank)
I (16902) pp: pp rom version: e7ae62f
I (16904) net80211: net80211 rom version: e7ae62f
I (16910) wifi:wifi driver task: 3fce4950, prio:23, stack:6656, core=0
I (16921) wifi:wifi firmware version: 0947e8b
I (16922) wifi:wifi certification version: v7.0
I (16923) wifi:config NVS flash: enabled
I (16926) wifi:config nano formatting: disabled
I (16931) wifi:Init data frame dynamic rx buffer num: 32
I (16936) wifi:Init static rx mgmt buffer num: 5
I (16940) wifi:Init management short buffer num: 32
I (16944) wifi:Init dynamic tx buffer num: 64
I (16949) wifi:Init static tx FG buffer num: 2
I (16953) wifi:Init static rx buffer size: 1600
I (16957) wifi:Init static rx buffer num: 10
I (16961) wifi:Init dynamic rx buffer num: 32
I (16966) wifi_init: rx ba win: 6
I (16968) wifi_init: accept mbox: 6
I (16971) wifi_init: tcpip mbox: 16
I (16974) wifi_init: udp mbox: 6
I (16977) wifi_init: tcp mbox: 6
I (16980) wifi_init: tcp tx win: 5760
I (16984) wifi_init: tcp rx win: 5760
I (16987) wifi_init: tcp mss: 1440
I (16990) wifi_init: WiFi IRAM OP enabled
I (16994) wifi_init: WiFi RX IRAM OP enabled
I (16999) rc_net: AP set_mode/config, SSID=RC_TANK_F3AE79 ch=1
I (17008) phy_init: phy_version 711,97bcf0a2,Aug 25 2025,19:04:10
I (17056) wifi:mode : softAP (44:1b:f6:f3:ae:79)
I (17060) wifi:Total power save buffer number: 32
I (17061) wifi:Init max length of beacon: 752/752
I (17062) wifi:Init max length of beacon: 752/752
I (17064) rc_net: SoftAP started, SSID: RC_TANK_F3AE79, Password: 12345678
I (17065) esp_netif_lwip: DHCP server started on interface WIFI_AP_DEF with IP: 192.168.4.1
I (17078) rc_tank: [STEP] Network init OK
I (17081) rc_tank: Tank SoftAP ready, waiting for remote...
I (17087) rc_control: Ctrl RX task started
I (17091) rc_control: Tank control started
I (17094) rc_tank: Tank running (video + control; audio disabled)
I (17100) rc_tank: app_main done, idle loop
I (19105) wifi:new:<1,1>, old:<1,1>, ap:<1,1>, sta:<255,255>, prof:1, snd_ch_cfg:0x0
I (19106) wifi:station: 44:1b:f6:f3:ae:40 join, AID=1, bgn, 40U
I (19148) rc_net: STA connected, MAC: 44:1b:f6:f3:ae:40
I (19189) esp_netif_lwip: DHCP server assigned IP to a client, IP is: 192.168.4.2
I (19190) rc_net: STA assigned IP: 192.168.4.2
I (19190) rc_tank: Network connected, peer: 192.168.4.2
W (19196) rc_tank: [DVP-MATRIX] start stage=7 strategy=rebuild_before_and_after_udp video_tx=not_created capture=not_started
E (19208) gpio: gpio_install_isr_service(537): GPIO isr service already installed
I (19214) dvp_ext: DVP Extended camera controller driver is initialized
I (19219) dvp_ext: [STABLE-DVP] assembly uses GDMA-EOF direct copy; dma=102400 half=51200 queue_data_events=suppressed eof_desc=probe
W (19231) rc_video: [DVP-REBUILD] complete old=0x3fcebf50 new=0x3fcebf50 drained=0 internal=89203->89203; GDMA channel/descriptors/event queue/task recreated
I (19245) rc_net: Ctrl UDP socket bound to port 8001
I (19249) rc_net: Video UDP socket bound to port 8002
I (19255) rc_net: Audio TCP listening on port 8003
I (19259) rc_tank: Socket channels started
E (19263) gpio: gpio_install_isr_service(537): GPIO isr service already installed
I (19271) dvp_ext: DVP Extended camera controller driver is initialized
I (19276) dvp_ext: [STABLE-DVP] assembly uses GDMA-EOF direct copy; dma=102400 half=51200 queue_data_events=suppressed eof_desc=probe
W (19288) rc_video: [DVP-REBUILD] complete old=0x3fcebf50 new=0x3fcebf50 drained=0 internal=88271->88271; GDMA channel/descriptors/event queue/task recreated
I (19301) rc_video: No local preview active; formal video handoff skipped
I (19310) camera_hal: [CAM-PROBE] SP0A39 p0_31 stage=dvp_started value=0x01 expected=0x01
I (19317) rc_video: Tank video started (camera source)
W (19321) rc_tank: [DVP-MATRIX] observe stage=7 strategy=rebuild_before_and_after_udp duration_ms=45000 under live Q60/UDP load
I (19323) rc_video: Video TX task started (240x180, sensor-driven, Q=60)
I (19367) rc_video: TX theory: raw=614400 B/frame, encoded YUV=86400 B/frame, target10fps raw=0.86 MB/s
I (19376) rc_video: PSRAM TX buffers: subsample=86400B jpeg=43200B send=43208B free_psram=5592524 free_internal=55311
I (19387) rc_video: TX buffer caps: subsample=0x3c350120(psram=1) jpeg=0x3c3652a4(psram=1) send=0x3c36fea8(psram=1)
I (19443) rc_net: [CAM-PROBE] Video TX seq=0 jpeg_len=9164 crc32=0xcdf72a7b chunks=8
W (19488) rc_net: Video UDP send failed: seq=0 chunk=4/8 bytes=1208 sent=-1 errno=12 attempts=4
W (19489) rc_video: Video send failed: ESP_FAIL

[HOST-DVP-MATRIX 11:02:49] MATRIX-R3 stage=7 visible window begin
W (19572) rc_video: Video send failed: ESP_FAIL
W (19625) rc_video: Video send failed: ESP_FAIL
W (19766) rc_video: Video send failed: ESP_FAIL
W (19864) rc_video: Video send failed: ESP_FAIL
W (19999) rc_video: Video send failed: ESP_FAIL
W (20099) rc_video: Video send failed: ESP_FAIL
W (20240) rc_video: Video send failed: ESP_FAIL
I (20570) wifi:<ba-add>idx:2 (ifx:1, 44:1b:f6:f3:ae:40), tid:0, ssn:0, winSize:64
W (20617) rc_net: Video UDP send failed: seq=12 chunk=7/8 bytes=1208 sent=-1 errno=12 attempts=4
W (20618) rc_video: Video send failed: ESP_FAIL
W (20756) rc_video: Video send failed: ESP_FAIL
I (22947) rc_net: [CAM-PROBE] Video TX seq=30 jpeg_len=10171 crc32=0x33c6953d chunks=9
I (23998) rc_video: Sent 30 | cap_fps=8.4 send_fps=6.5 capture_size_errors=0 capture_identity_errors=0 | Avg(ms): wait=50.6 cache=1.5 subsample=23.4 encode=25.3 send=5.9 total=106.6 | JPEG=9049B
I (23998) rc_video: [VIDEO-TX] handoff cap=40 get=81 select_fail=0 finished=40 signal=40 acquire=40 acquire_fail=0 release_fail=0 backup=0/0
I (23998) rc_video: [STABLE-CAPTURE] pause=40/40 timeout=0 quiesce=40 resume=40 lifecycle_errors=0 repairs=40 staged_events=635 copies=610 fallback=0 errors=0 prepare=41 stale_queue=0 pending_vsync=17 sync=62 complete=40 incomplete=22 incomplete_blocks=160 hold=40/40 hold_timeout=0
I (26429) rc_net: [CAM-PROBE] Video TX seq=60 jpeg_len=10106 crc32=0x1fa57981 chunks=9
I (27517) rc_video: Sent 60 | cap_fps=8.5 send_fps=8.5 capture_size_errors=0 capture_identity_errors=0 | Avg(ms): wait=48.4 cache=1.5 subsample=23.6 encode=24.6 send=6.6 total=104.7 | JPEG=8788B
I (27517) rc_video: [VIDEO-TX] handoff cap=70 get=141 select_fail=0 finished=70 signal=70 acquire=70 acquire_fail=0 release_fail=0 backup=0/0
I (27565) rc_video: [STABLE-CAPTURE] pause=70/70 timeout=0 quiesce=70 resume=70 lifecycle_errors=0 repairs=70 staged_events=1122 copies=1081 fallback=0 errors=0 prepare=71 stale_queue=0 pending_vsync=31 sync=108 complete=71 incomplete=37 incomplete_blocks=300 hold=70/70 hold_timeout=0
I (30014) rc_net: [CAM-PROBE] Video TX seq=90 jpeg_len=9029 crc32=0x75233a5a chunks=8
I (31067) rc_video: Sent 90 | cap_fps=8.5 send_fps=8.5 capture_size_errors=0 capture_identity_errors=0 | Avg(ms): wait=48.0 cache=1.5 subsample=23.5 encode=24.5 send=5.9 total=103.5 | JPEG=10293B
I (31075) rc_video: [VIDEO-TX] handoff cap=100 get=201 select_fail=0 finished=100 signal=100 acquire=100 acquire_fail=0 release_fail=0 backup=0/0
I (31082) rc_video: [STABLE-CAPTURE] pause=100/100 timeout=0 quiesce=100 resume=100 lifecycle_errors=0 repairs=100 staged_events=1600 copies=1542 fallback=0 errors=0 prepare=101 stale_queue=0 pending_vsync=46 sync=152 complete=100 incomplete=52 incomplete_blocks=440 hold=100/100 hold_timeout=0
I (33576) rc_net: [CAM-PROBE] Video TX seq=120 jpeg_len=8992 crc32=0xb2c30130 chunks=8
I (34549) rc_video: Sent 120 | cap_fps=8.6 send_fps=8.6 capture_size_errors=0 capture_identity_errors=0 | Avg(ms): wait=45.3 cache=1.4 subsample=23.1 encode=25.0 send=6.1 total=100.9 | JPEG=9449B
I (34556) rc_video: [VIDEO-TX] handoff cap=130 get=260 select_fail=0 finished=130 signal=130 acquire=130 acquire_fail=0 release_fail=0 backup=0/0
I (34565) rc_video: [STABLE-CAPTURE] pause=130/130 timeout=0 quiesce=130 resume=130 lifecycle_errors=0 repairs=130 staged_events=2077 copies=2001 fallback=0 errors=0 prepare=131 stale_queue=0 pending_vsync=57 sync=198 complete=130 incomplete=68 incomplete_blocks=570 hold=130/130 hold_timeout=0
I (37037) rc_net: [CAM-PROBE] Video TX seq=150 jpeg_len=9603 crc32=0x9274fa62 chunks=9
I (38164) rc_video: Sent 150 | cap_fps=8.3 send_fps=8.3 capture_size_errors=0 capture_identity_errors=0 | Avg(ms): wait=53.0 cache=1.5 subsample=23.6 encode=24.6 send=5.7 total=108.3 | JPEG=9038B
I (38164) rc_video: [VIDEO-TX] handoff cap=160 get=321 select_fail=0 finished=160 signal=160 acquire=160 acquire_fail=0 release_fail=0 backup=0/0
I (38164) rc_video: [STABLE-CAPTURE] pause=160/160 timeout=0 quiesce=160 resume=160 lifecycle_errors=0 repairs=160 staged_events=2581 copies=2490 fallback=0 errors=0 prepare=161 stale_queue=0 pending_vsync=72 sync=244 complete=160 incomplete=84 incomplete_blocks=720 hold=160/160 hold_timeout=0
I (40697) rc_net: [CAM-PROBE] Video TX seq=180 jpeg_len=8957 crc32=0x17103a54 chunks=8
I (41749) rc_video: Sent 180 | cap_fps=8.4 send_fps=8.4 capture_size_errors=0 capture_identity_errors=0 | Avg(ms): wait=51.7 cache=1.5 subsample=23.6 encode=24.4 send=5.7 total=106.9 | JPEG=9153B
I (41757) rc_video: [VIDEO-TX] handoff cap=190 get=380 select_fail=0 finished=190 signal=190 acquire=190 acquire_fail=0 release_fail=0 backup=0/0
I (41769) rc_video: [STABLE-CAPTURE] pause=190/190 timeout=0 quiesce=190 resume=190 lifecycle_errors=0 repairs=190 staged_events=3058 copies=2951 fallback=0 errors=0 prepare=191 stale_queue=0 pending_vsync=88 sync=289 complete=190 incomplete=99 incomplete_blocks=860 hold=190/190 hold_timeout=0
I (44180) rc_net: [CAM-PROBE] Video TX seq=210 jpeg_len=9128 crc32=0xbbbcedea chunks=8
I (45238) rc_video: Sent 210 | cap_fps=8.6 send_fps=8.6 capture_size_errors=0 capture_identity_errors=0 | Avg(ms): wait=47.1 cache=1.4 subsample=23.5 encode=24.7 send=7.3 total=104.0 | JPEG=9357B
I (45245) rc_video: [VIDEO-TX] handoff cap=220 get=441 select_fail=0 finished=220 signal=220 acquire=220 acquire_fail=0 release_fail=0 backup=0/0
I (45252) rc_video: [STABLE-CAPTURE] pause=220/220 timeout=0 quiesce=220 resume=220 lifecycle_errors=0 repairs=220 staged_events=3535 copies=3412 fallback=0 errors=0 prepare=221 stale_queue=0 pending_vsync=102 sync=333 complete=220 incomplete=113 incomplete_blocks=990 hold=220/220 hold_timeout=0
I (47703) rc_net: [CAM-PROBE] Video TX seq=240 jpeg_len=7840 crc32=0x7e17e15c chunks=7
I (48811) rc_video: Sent 240 | cap_fps=8.3 send_fps=8.3 capture_size_errors=0 capture_identity_errors=0 | Avg(ms): wait=50.5 cache=1.4 subsample=23.5 encode=24.7 send=5.6 total=105.6 | JPEG=8136B
I (48811) rc_video: [VIDEO-TX] handoff cap=250 get=501 select_fail=0 finished=250 signal=250 acquire=250 acquire_fail=0 release_fail=0 backup=0/0
I (48858) rc_video: [STABLE-CAPTURE] pause=250/250 timeout=0 quiesce=250 resume=250 lifecycle_errors=0 repairs=250 staged_events=4042 copies=3902 fallback=0 errors=0 prepare=251 stale_queue=0 pending_vsync=114 sync=382 complete=251 incomplete=131 incomplete_blocks=1140 hold=250/250 hold_timeout=0
I (51505) rc_net: [CAM-PROBE] Video TX seq=270 jpeg_len=9124 crc32=0xb8d2eadc chunks=8
I (52495) rc_video: Sent 270 | cap_fps=8.2 send_fps=8.2 capture_size_errors=0 capture_identity_errors=0 | Avg(ms): wait=53.7 cache=1.4 subsample=23.6 encode=24.7 send=5.4 total=108.8 | JPEG=8991B
I (52495) rc_video: [VIDEO-TX] handoff cap=280 get=561 select_fail=0 finished=280 signal=280 acquire=280 acquire_fail=0 release_fail=0 backup=0/0
I (52495) rc_video: [STABLE-CAPTURE] pause=280/280 timeout=0 quiesce=280 resume=280 lifecycle_errors=0 repairs=280 staged_events=4529 copies=4371 fallback=0 errors=0 prepare=281 stale_queue=0 pending_vsync=125 sync=431 complete=280 incomplete=151 incomplete_blocks=1280 hold=280/280 hold_timeout=0
I (55064) rc_net: [CAM-PROBE] Video TX seq=300 jpeg_len=8979 crc32=0x880fd94d chunks=8
I (56014) rc_video: Sent 300 | cap_fps=8.5 send_fps=8.5 capture_size_errors=0 capture_identity_errors=0 | Avg(ms): wait=46.5 cache=1.5 subsample=23.7 encode=24.9 send=5.6 total=102.2 | JPEG=8985B
I (56014) rc_video: [VIDEO-TX] handoff cap=310 get=621 select_fail=0 finished=310 signal=310 acquire=310 acquire_fail=0 release_fail=0 backup=0/0
I (56014) rc_video: [STABLE-CAPTURE] pause=310/310 timeout=0 quiesce=310 resume=310 lifecycle_errors=0 repairs=310 staged_events=4997 copies=4821 fallback=0 errors=0 prepare=311 stale_queue=0 pending_vsync=137 sync=478 complete=310 incomplete=168 incomplete_blocks=1400 hold=310/310 hold_timeout=0
I (58526) rc_net: [CAM-PROBE] Video TX seq=330 jpeg_len=8622 crc32=0x8d3050e5 chunks=8
I (59576) rc_video: Sent 330 | cap_fps=8.4 send_fps=8.4 capture_size_errors=0 capture_identity_errors=0 | Avg(ms): wait=51.2 cache=1.5 subsample=23.3 encode=24.5 send=5.7 total=106.1 | JPEG=8391B
I (59576) rc_video: [VIDEO-TX] handoff cap=340 get=681 select_fail=0 finished=340 signal=340 acquire=340 acquire_fail=0 release_fail=0 backup=0/0
I (59576) rc_video: [STABLE-CAPTURE] pause=340/340 timeout=0 quiesce=340 resume=340 lifecycle_errors=0 repairs=340 staged_events=5483 copies=5290 fallback=0 errors=0 prepare=341 stale_queue=0 pending_vsync=150 sync=525 complete=340 incomplete=185 incomplete_blocks=1540 hold=340/340 hold_timeout=0
I (62052) rc_net: [CAM-PROBE] Video TX seq=360 jpeg_len=9391 crc32=0x931dd621 chunks=8
I (63319) rc_video: Sent 360 | cap_fps=8.1 send_fps=8.1 capture_size_errors=0 capture_identity_errors=0 | Avg(ms): wait=56.7 cache=1.4 subsample=23.4 encode=24.2 send=5.9 total=111.7 | JPEG=8529B
I (63326) rc_video: [VIDEO-TX] handoff cap=370 get=740 select_fail=0 finished=370 signal=370 acquire=370 acquire_fail=0 release_fail=0 backup=0/0
I (63336) rc_video: [STABLE-CAPTURE] pause=370/370 timeout=0 quiesce=370 resume=370 lifecycle_errors=0 repairs=370 staged_events=5990 copies=5781 fallback=0 errors=0 prepare=371 stale_queue=0 pending_vsync=165 sync=575 complete=370 incomplete=205 incomplete_blocks=1710 hold=370/370 hold_timeout=0
W (64375) rc_tank: [DVP-MATRIX] result stage=7 strategy=rebuild_before_and_after_udp complete=379 incomplete=211 incomplete_blocks=1760 mismatch_hist=0,0,0,1,110,209,172,124,27,39,172 prepare=379 pending=168 hold=378/378 hold_timeout=0
W (64392) rc_tank: [DVP-MATRIX] advance stage=8; restart in 1s
I (65394) wifi:station: 44:1b:f6:f3:ae:40 leave, AID = 1, reason = 2, bss_flags is 756835, bss:0x3fcf1314
I (65398) wifi:new:<1,0>, old:<1,1>, ap:<1,1>, sta:<255,255>, prof:1, snd_ch_cfg:0x0
I (65435) wifi:<ba-del>idx:2, tid:0
I (65436) wifi:new:<1,1>, old:<1,0>, ap:<1,1>, sta:<255,255>, prof:1, snd_ch_cfg:0x0
I (65443) rc_net: STA disconnected, MAC: 44:1b:f6:f3:ae:40
W (65446) rc_control: Network disconnected: motor stop enforced
W (65451) rc_tank: Network disconnected
W (65501) rc_video: Video send failed: ESP_ERR_INVALID_STATE
W (65592) rc_video: Video send failed: ESP_ERR_INVALID_STATE
W (65672) rc_video: Video send failed: ESP_ERR_INVALID_STATE
W (65790) rc_video: Video send failed: ESP_ERR_INVALID_STATE
W (65928) rc_video: Video send failed: ESP_ERR_INVALID_STATE
W (66028) rc_video: Video send failed: ESP_ERR_INVALID_STATE
W (66107) rc_video: Video send failed: ESP_ERR_INVALID_STATE
W (66186) rc_video: Video send failed: ESP_ERR_INVALID_STATE
W (66323) rc_video: Video send failed: ESP_ERR_INVALID_STATE
W (66424) rc_video: Video send failed: ESP_ERR_INVALID_STATE
W (66503) rc_video: Video send failed: ESP_ERR_INVALID_STATE
I (66577) wifi:flush txq
I (66578) wifi:stop sw txq
I (66578) wifi:lmac stop hw txq
†žESP-ROM:esp32s3-20210327
Build:Mar 27 2021
rst:0xc (RTC_SW_CPU_RST),boot:0x3 (DOWNLOAD(USB/UART0))
Saved PC:0x40381169
waiting for download

[HOST-DVP-MATRIX 11:03:36] MATRIX-R3 Tank restart recovery=9

[HOST-DVP-MATRIX 11:03:36] Tank RAM bootloader start
esptool.py v4.12.dev2
Serial port COM7
Connecting....
Chip is ESP32-S3 (QFN56) (revision v0.2)
Features: WiFi, BLE
Crystal is 40MHz
MAC: 44:1b:f6:f3:ae:78
Uploading stub...
Running stub...
Stub running...
RAM boot...
Downloading 5360 bytes at 3fce2820... done!
Downloading 3364 bytes at 403c8700... done!
Downloading 12016 bytes at 403cb700... done!
All segments done, executing at 403c8924
Exiting immediately.

[HOST-DVP-MATRIX 11:03:39] Tank RAM bootloader complete
931) boot: chip revision: v0.2
I (2934) boot: efuse block revision: v1.3
I (2938) boot.esp32s3: Boot SPI Speed : 80MHz
I (2942) boot.esp32s3: SPI Mode       : SLOW READ
I (2946) boot.esp32s3: SPI Flash Size : 8MB
I (2950) boot: Enabling RNG early entropy source...
I (2955) boot: Partition Table:
I (2957) boot: ## Label            Usage          Type ST Offset   Length
I (2964) boot:  0 nvs              WiFi data        01 02 00009000 00006000
I (2971) boot:  1 phy_init         RF data          01 01 0000f000 00001000
I (2977) boot:  2 factory          factory app      00 00 00010000 00300000
I (2984) boot:  3 storage          Unknown data     01 82 00310000 00100000
I (2991) boot: End of partition table
I (2994) esp_image: segment 0: paddr=00010020 vaddr=3c0a0020 size=24c30h (150576) map
I (3094) esp_image: segment 1: paddr=00034c58 vaddr=3fca0c00 size=05560h ( 21856) load
I (3108) esp_image: segment 2: paddr=0003a1c0 vaddr=40374000 size=05e58h ( 24152) load
I (3124) esp_image: segment 3: paddr=00040020 vaddr=42000020 size=9b61ch (636444) map
I (3513) esp_image: segment 4: paddr=000db644 vaddr=40379e58 size=16d04h ( 93444) load
I (3573) esp_image: segment 5: paddr=000f2350 vaddr=50000000 size=00020h (    32) load
I (3585) boot: Loaded app from partition at offset 0x10000
I (3585) boot: Disabling RNG early entropy source...
I (3597) esp_psram: Found 8MB PSRAM device
I (3597) esp_psram: Speed: 80MHz
I (3598) cpu_start: Multicore app
I (4515) esp_psram: SPI SRAM memory test OK
I (4524) cpu_start: GPIO 44 and 43 are used as console UART I/O pins
I (4525) cpu_start: Pro cpu start user code
I (4525) cpu_start: cpu freq: 240000000 Hz
I (4527) app_init: Application information:
I (4530) app_init: Project name:     rc_tank_demo
I (4535) app_init: App version:      1
I (4538) app_init: Compile time:     Aug 26 2026 10:51:10
I (4543) app_init: ELF file SHA256:  802891069...
I (4548) app_init: ESP-IDF:          GIT-NOTFOUND
I (4552) efuse_init: Min chip rev:     v0.0
I (4556) efuse_init: Max chip rev:     v0.99 
I (4560) efuse_init: Chip rev:         v0.2
I (4564) heap_init: Initializing. RAM available for dynamic allocation:
I (4571) heap_init: At 3FCAA290 len 0003F480 (253 KiB): RAM
I (4576) heap_init: At 3FCE9710 len 00005724 (21 KiB): RAM
I (4581) heap_init: At 3FCF0000 len 00008000 (32 KiB): DRAM
I (4586) heap_init: At 600FE000 len 00001FE8 (7 KiB): RTCRAM
I (4592) esp_psram: Adding pool of 8192K of PSRAM memory to heap allocator
I (4600) spi_flash: detected chip: generic
I (4602) spi_flash: flash io: dio
I (4606) sleep_gpio: Configure to isolate all GPIO pins in sleep state
I (4612) sleep_gpio: Enable automatic switching of GPIO sleep configuration
I (4619) main_task: Started on CPU0
I (4643) esp_psram: Reserving pool of 64K of internal memory for DMA/internal allocations
I (4644) main_task: Calling app_main()
I (4658) rc_tank: === RC Tank Demo (EX-035) Role: TANK ===
I (4659) rc_tank: Startup delay 10 s (open serial monitor now)...
I (4659) rc_tank:   starting in 10 s
I (5662) rc_tank:   starting in 9 s
I (6662) rc_tank:   starting in 8 s
I (7662) rc_tank:   starting in 7 s
I (8662) rc_tank:   starting in 6 s
I (9662) rc_tank:   starting in 5 s
I (10662) rc_tank:   starting in 4 s
I (11662) rc_tank:   starting in 3 s
I (12662) rc_tank:   starting in 2 s
I (13662) rc_tank:   starting in 1 s
I (14662) rc_tank: Starting Tank role (P1: network, P2: control, P3: video)
I (14662) board_laiwfs300: init board support package
I (14662) board_laiwfs300: init capability registry
I (14667) board_laiwfs300: init I2C bus: SDA=GPIO48 SCL=GPIO47
I (14673) bus_i2c: I2C0 initialized: SDA=GPIO48 SCL=GPIO47 speed=100000Hz
I (14679) board_laiwfs300: --- I2C bus scan (0x08-0x77) ---
I (14686) board_laiwfs300:   I2C device ACK at 0x15
I (14689) board_laiwfs300:   I2C device ACK at 0x18
I (14694) board_laiwfs300:   I2C device ACK at 0x21
I (14698) board_laiwfs300:   I2C device ACK at 0x22
I (14706) board_laiwfs300:   I2C device ACK at 0x40
I (14709) board_laiwfs300:   I2C device ACK at 0x51
I (14715) board_laiwfs300:   I2C device ACK at 0x68
I (14718) board_laiwfs300: --- I2C scan done: 7 device(s) found ---
W (14722) board_laiwfs300: TPT29555A (IOEX) NOT found at 0x20 (NACK)
I (14728) board_laiwfs300: ES8311 (Codec) found at 0x18
I (14733) board_laiwfs300: ES7210 (ADC) found at 0x40
I (14738) board_laiwfs300: AIP8563 (RTC) found at 0x51
I (14743) board_laiwfs300: BMI260 (IMU @0x68) found at 0x68
W (14748) board_laiwfs300: BMI260 (IMU @0x69) NOT found at 0x69 (NACK)
I (14754) board_laiwfs300: SP0A39 (Camera) found at 0x21
I (14761) board_laiwfs300: ES8311 chip ID: 0x83 0x11
I (14765) board_laiwfs300: ES7210 chip ID: 0x72
I (14770) board_laiwfs300: AIP8563 RTC time: 22:36:52 (BCD raw)
I (14774) board_laiwfs300: BMI260 chip ID: 0x27 (expect 0x27)
I (14779) board_laiwfs300: init SPI bus manager
I (14785) board_laiwfs300: init ADC service
I (14788) board_adc: ADC1 oneshot initialized
I (14792) board_laiwfs300: init board power service
I (14797) board_laiwfs300: ADC D0_DETECT (GPIO1): raw=4095 (~3100 mV)
I (14802) board_laiwfs300: ADC BAT_ADC (GPIO7): raw=1653 (~1251 mV)
I (14808) board_laiwfs300: ADC SW_ADC (GPIO8): raw=4095 (~3100 mV)
I (14814) board_laiwfs300: init IO expander: TPT29555A addr=0x22
I (14823) io_expander: TPT29555A initialized at 0x22
I (14825) board_laiwfs300: IO expander initialized OK
I (14829) board_laiwfs300: init module detect
I (14834) board_laiwfs300: register detection rules
I (14838) board_laiwfs300: register default capabilities
I (14843) board_laiwfs300: board init complete (ioex=OK)
I (14848) rc_tank: [STEP] Motor init starting...
I (14853) board_motor: motor input 1 -> GPIO5 / LEDC channel 0
I (14858) board_motor: motor input 2 -> GPIO4 / LEDC channel 1
I (14864) board_motor: motor input 3 -> GPIO37 / LEDC channel 2
I (14869) board_motor: motor input 4 -> GPIO45 / LEDC channel 3
I (14875) rc_control: Motor initialized
I (14878) rc_tank: [STEP] Motor init OK
I (14882) rc_tank: [STEP] Display init starting...
I (14887) rc_video: Initializing Tank display
I (14892) display_hal: init ST7789V3 LCD 240x320 SPI host=1
E (15037) spi: spi_bus_initialize(816): SPI bus already initialized.
I (15158) display_hal: ST7789V3 LCD initialized
I (15158) board_display: display mapped: MOSI=GPIO13 SCK=GPIO12 CS=GPIO10 DC=GPIO16 BL=GPIO17 LCD_RST=IOEX P1_5 pclk=20000000
I (15163) rc_video: Tank display task started (status screen)
I (15164) rc_video: Tank display initialized (status task owns LCD)
I (15174) rc_tank: [STEP] Display init OK
I (15178) rc_tank: [STEP] Camera init starting...
I (15182) rc_video: Initializing camera (SP0A39 640x480 VYUY)
I (15188) board_camera: initializing SP0A39 camera mode=0 640x480
I (15193) camera_hal: init SP0A39 DVP 640x480 (SCCB manual mode)
I (15199) camera_hal: configuring IOEX pins for camera RESET/PWDN
I (15206) camera_hal: PWDN=HIGH (power down)
I (15219) camera_hal: PWDN=LOW (release sensor)
I (15419) camera_hal: RESET=LOW (assert reset)
I (15439) camera_hal: RESET=HIGH (release reset)
I (16439) camera_hal: full I2C scan after camera power-up (diagnostic only)...
I (16441) camera_hal:   post-powerup ACK at 0x15
I (16441) camera_hal:   post-powerup ACK at 0x18
I (16444) camera_hal:   post-powerup ACK at 0x21
I (16448) camera_hal:   post-powerup ACK at 0x22
I (16456) camera_hal:   post-powerup ACK at 0x40
I (16459) camera_hal:   post-powerup ACK at 0x51
I (16464) camera_hal:   post-powerup ACK at 0x68
I (16467) camera_hal: DVP GPIO diagnostics (checking PCLK/VSYNC/HSYNC activity)...
I (16533) camera_hal: DVP diagnostics: PCLK_changes=0 VSYNC_changes=0 HSYNC_changes=0
W (16533) camera_hal: PCLK has no transitions - MCLK likely not reaching sensor or sensor not active
I (16538) camera_hal: using sensor address 0x21
I (16543) camera_hal: SP0A39 I2C device added at 0x21
I (16549) camera_hal: SP0A39 chip ID: 0x0A39
I (16671) camera_hal: SP0A39 register init done: VYUY 640x480 (359 regs)
I (16672) camera_hal: [CAM-PROBE] SP0A39 p0_31 stage=post_table value=0x00 expected=0x01
E (16675) camera_hal: camera_hal_verify_expected_output_p0_31(92): unexpected p0_31=0x00 at post_table
W (16684) camera_hal: [CAM-PROBE] output state differs after table; continuing: ESP_ERR_INVALID_RESPONSE
I (16713) camera_hal: [CAM-PROBE] SP0A39 p0_31 stage=post_delay value=0x01 expected=0x01
I (16714) camera_hal: camera HAL initialized (sensor ready, DVP capture not yet implemented)
I (16718) board_camera: camera ready
I (16726) camera_hal: SP0A39 output regs: P0:1c=0x00 P0:30=0x01 P0:31=0x01 P1:32=0x15 P1:34=0xeb P1:35=0x00 P1:36=0x10
I (16858) rc_video:   3 DMA-capable PSRAM framebuffers allocated (600 KB each)
I (16861) dvp_ext: DVP Extended camera controller driver is initialized
I (16862) dvp_ext: [STABLE-DVP] assembly uses GDMA-EOF direct copy; dma=102400 half=51200 queue_data_events=suppressed eof_desc=probe
I (16873) rc_video: [STABLE-CAPTURE] staged DVP controller created dma=102400 half=51200
I (16880) rc_video: Camera initialized
I (16884) rc_tank: [STEP] Camera init OK
I (16887) rc_tank: [STEP] Network init starting...
I (16893) rc_net: Initializing as SoftAP (Tank)
I (16898) pp: pp rom version: e7ae62f
I (16900) net80211: net80211 rom version: e7ae62f
I (16906) wifi:wifi driver task: 3fce4950, prio:23, stack:6656, core=0
I (16917) wifi:wifi firmware version: 0947e8b
I (16918) wifi:wifi certification version: v7.0
I (16919) wifi:config NVS flash: enabled
I (16922) wifi:config nano formatting: disabled
I (16927) wifi:Init data frame dynamic rx buffer num: 32
I (16932) wifi:Init static rx mgmt buffer num: 5
I (16936) wifi:Init management short buffer num: 32
I (16940) wifi:Init dynamic tx buffer num: 64
I (16945) wifi:Init static tx FG buffer num: 2
I (16949) wifi:Init static rx buffer size: 1600
I (16953) wifi:Init static rx buffer num: 10
I (16957) wifi:Init dynamic rx buffer num: 32
I (16962) wifi_init: rx ba win: 6
I (16964) wifi_init: accept mbox: 6
I (16967) wifi_init: tcpip mbox: 16
I (16970) wifi_init: udp mbox: 6
I (16973) wifi_init: tcp mbox: 6
I (16976) wifi_init: tcp tx win: 5760
I (16980) wifi_init: tcp rx win: 5760
I (16983) wifi_init: tcp mss: 1440
I (16986) wifi_init: WiFi IRAM OP enabled
I (16990) wifi_init: WiFi RX IRAM OP enabled
I (16995) rc_net: AP set_mode/config, SSID=RC_TANK_F3AE79 ch=1
I (17004) phy_init: phy_version 711,97bcf0a2,Aug 25 2025,19:04:10
I (17044) wifi:mode : softAP (44:1b:f6:f3:ae:79)
I (17049) wifi:Total power save buffer number: 32
I (17050) wifi:Init max length of beacon: 752/752
I (17051) wifi:Init max length of beacon: 752/752
I (17053) rc_net: SoftAP started, SSID: RC_TANK_F3AE79, Password: 12345678
I (17054) esp_netif_lwip: DHCP server started on interface WIFI_AP_DEF with IP: 192.168.4.1
I (17067) rc_tank: [STEP] Network init OK
I (17070) rc_tank: Tank SoftAP ready, waiting for remote...
I (17076) rc_control: Ctrl RX task started
I (17079) rc_control: Tank control started
I (17083) rc_tank: Tank running (video + control; audio disabled)
I (17089) rc_tank: app_main done, idle loop
I (21938) wifi:new:<1,1>, old:<1,1>, ap:<1,1>, sta:<255,255>, prof:1, snd_ch_cfg:0x0
I (21939) wifi:station: 44:1b:f6:f3:ae:40 join, AID=1, bgn, 40U
I (21964) wifi:station: 44:1b:f6:f3:ae:40 leave, AID = 1, reason = 3, bss_flags is 34311266, bss:0x3fcf1314
I (21965) wifi:new:<1,0>, old:<1,1>, ap:<1,1>, sta:<255,255>, prof:1, snd_ch_cfg:0x0
I (21972) wifi:new:<1,1>, old:<1,0>, ap:<1,1>, sta:<255,255>, prof:1, snd_ch_cfg:0x0
I (29595) wifi:new:<1,1>, old:<1,1>, ap:<1,1>, sta:<255,255>, prof:1, snd_ch_cfg:0x0
I (29596) wifi:station: 44:1b:f6:f3:ae:40 join, AID=1, bgn, 40U
I (29618) rc_net: STA connected, MAC: 44:1b:f6:f3:ae:40
I (29652) esp_netif_lwip: DHCP server assigned IP to a client, IP is: 192.168.4.2
I (29653) rc_net: STA assigned IP: 192.168.4.2
I (29654) rc_tank: Network connected, peer: 192.168.4.2
W (29660) rc_tank: [DVP-MATRIX] start stage=8 strategy=rebuild_before_udp video_tx=not_created capture=not_started
E (29670) gpio: gpio_install_isr_service(537): GPIO isr service already installed
I (29677) dvp_ext: DVP Extended camera controller driver is initialized
I (29682) dvp_ext: [STABLE-DVP] assembly uses GDMA-EOF direct copy; dma=102400 half=51200 queue_data_events=suppressed eof_desc=probe
W (29694) rc_video: [DVP-REBUILD] complete old=0x3fcebf50 new=0x3fcebf50 drained=0 internal=89171->89171; GDMA channel/descriptors/event queue/task recreated
I (29708) rc_net: Ctrl UDP socket bound to port 8001
I (29712) rc_net: Video UDP socket bound to port 8002
I (29718) rc_net: Audio TCP listening on port 8003
I (29721) rc_tank: Socket channels started
I (29725) rc_video: No local preview active; formal video handoff skipped
I (29733) camera_hal: [CAM-PROBE] SP0A39 p0_31 stage=dvp_started value=0x01 expected=0x01
I (29745) rc_video: Video TX task started (240x180, sensor-driven, Q=60)
I (29746) rc_video: TX theory: raw=614400 B/frame, encoded YUV=86400 B/frame, target10fps raw=0.86 MB/s
I (29751) rc_video: Tank video started (camera source)
I (29755) rc_video: PSRAM TX buffers: subsample=86400B jpeg=43200B send=43208B free_psram=5592524 free_internal=59855
I (29769) rc_video: TX buffer caps: subsample=0x3c350120(psram=1) jpeg=0x3c3652a4(psram=1) send=0x3c36fea8(psram=1)
W (29760) rc_tank: [DVP-MATRIX] observe stage=8 strategy=rebuild_before_udp duration_ms=90000 under live Q60/UDP load

[HOST-DVP-MATRIX 11:04:06] MATRIX-R3 stage=8 visible window begin
I (29904) rc_net: [CAM-PROBE] Video TX seq=0 jpeg_len=8732 crc32=0xc4520fb1 chunks=8
W (29914) rc_net: Video UDP send failed: seq=0 chunk=4/8 bytes=1208 sent=-1 errno=12 attempts=4
W (29914) rc_video: Video send failed: ESP_FAIL
W (30013) rc_video: Video send failed: ESP_FAIL
W (30109) rc_video: Video send failed: ESP_FAIL
W (30160) rc_video: Video send failed: ESP_FAIL
W (30301) rc_video: Video send failed: ESP_FAIL
W (30352) rc_video: Video send failed: ESP_FAIL
W (30498) rc_video: Video send failed: ESP_FAIL
W (30549) rc_video: Video send failed: ESP_FAIL
I (30742) wifi:<ba-add>idx:2 (ifx:1, 44:1b:f6:f3:ae:40), tid:0, ssn:0, winSize:64
I (32870) rc_net: [CAM-PROBE] Video TX seq=30 jpeg_len=8870 crc32=0x881d773a chunks=8
I (33525) rc_video: Sent 30 | cap_fps=10.1 send_fps=8.0 capture_size_errors=0 capture_identity_errors=0 | Avg(ms): wait=23.1 cache=0.9 subsample=24.1 encode=43.9 send=6.6 total=98.6 | JPEG=8889B
I (33572) rc_video: [VIDEO-TX] handoff cap=39 get=78 select_fail=0 finished=39 signal=39 acquire=38 acquire_fail=0 release_fail=0 backup=0/0
I (33574) rc_video: [STABLE-CAPTURE] pause=39/39 timeout=0 quiesce=38 resume=38 lifecycle_errors=0 repairs=38 staged_events=439 copies=429 fallback=0 errors=0 prepare=39 stale_queue=0 pending_vsync=20 sync=39 complete=39 incomplete=0 incomplete_blocks=0 hold=39/39 hold_timeout=0
I (35878) rc_net: [CAM-PROBE] Video TX seq=60 jpeg_len=8785 crc32=0x6d439866 chunks=8
I (36533) rc_video: Sent 60 | cap_fps=10.0 send_fps=10.0 capture_size_errors=0 capture_identity_errors=0 | Avg(ms): wait=21.4 cache=1.0 subsample=24.5 encode=42.5 send=7.9 total=97.3 | JPEG=8698B
I (36576) rc_video: [VIDEO-TX] handoff cap=68 get=137 select_fail=0 finished=68 signal=68 acquire=68 acquire_fail=0 release_fail=0 backup=0/0
I (36581) rc_video: [STABLE-CAPTURE] pause=69/69 timeout=0 quiesce=68 resume=68 lifecycle_errors=0 repairs=68 staged_events=774 copies=759 fallback=0 errors=0 prepare=69 stale_queue=0 pending_vsync=36 sync=69 complete=69 incomplete=0 incomplete_blocks=0 hold=69/69 hold_timeout=0
I (38825) rc_net: [CAM-PROBE] Video TX seq=90 jpeg_len=8936 crc32=0x3037f8a6 chunks=8
W (39025) rc_net: Video UDP send failed: seq=92 chunk=7/8 bytes=1208 sent=-1 errno=12 attempts=4
W (39025) rc_video: Video send failed: ESP_FAIL
W (39170) rc_video: Video send failed: ESP_FAIL
W (39222) rc_video: Video send failed: ESP_FAIL
W (39365) rc_video: Video send failed: ESP_FAIL
W (39566) rc_video: Video send failed: ESP_FAIL
I (40079) rc_video: Sent 90 | cap_fps=10.2 send_fps=8.5 capture_size_errors=0 capture_identity_errors=0 | Avg(ms): wait=21.5 cache=0.9 subsample=24.8 encode=42.4 send=6.4 total=96.1 | JPEG=8702B
I (40086) rc_video: [VIDEO-TX] handoff cap=104 get=208 select_fail=0 finished=104 signal=104 acquire=103 acquire_fail=0 release_fail=0 backup=0/0
I (40099) rc_video: [STABLE-CAPTURE] pause=104/104 timeout=0 quiesce=103 resume=103 lifecycle_errors=0 repairs=103 staged_events=1165 copies=1144 fallback=0 errors=0 prepare=104 stale_queue=0 pending_vsync=54 sync=104 complete=104 incomplete=0 incomplete_blocks=0 hold=104/104 hold_timeout=0
I (41896) rc_net: [CAM-PROBE] Video TX seq=120 jpeg_len=8768 crc32=0xd8fae3c5 chunks=8
I (43088) rc_video: Sent 120 | cap_fps=10.0 send_fps=10.0 capture_size_errors=0 capture_identity_errors=0 | Avg(ms): wait=23.2 cache=0.9 subsample=23.8 encode=43.9 send=6.5 total=98.2 | JPEG=8819B
I (43097) rc_video: [VIDEO-TX] handoff cap=134 get=268 select_fail=0 finished=134 signal=134 acquire=133 acquire_fail=0 release_fail=0 backup=0/0
I (43110) rc_video: [STABLE-CAPTURE] pause=134/134 timeout=0 quiesce=133 resume=133 lifecycle_errors=0 repairs=133 staged_events=1500 copies=1474 fallback=0 errors=0 prepare=134 stale_queue=0 pending_vsync=69 sync=134 complete=134 incomplete=0 incomplete_blocks=0 hold=134/134 hold_timeout=0
I (44902) rc_net: [CAM-PROBE] Video TX seq=150 jpeg_len=8734 crc32=0xf88f330e chunks=8
I (46071) rc_video: Sent 150 | cap_fps=9.7 send_fps=10.1 capture_size_errors=0 capture_identity_errors=0 | Avg(ms): wait=23.8 cache=0.9 subsample=23.6 encode=42.1 send=5.6 total=95.9 | JPEG=8705B
I (46079) rc_video: [VIDEO-TX] handoff cap=163 get=327 select_fail=0 finished=163 signal=163 acquire=163 acquire_fail=0 release_fail=0 backup=0/0
I (46118) rc_video: [STABLE-CAPTURE] pause=163/163 timeout=0 quiesce=163 resume=163 lifecycle_errors=0 repairs=163 staged_events=1836 copies=1804 fallback=0 errors=0 prepare=164 stale_queue=0 pending_vsync=85 sync=164 complete=164 incomplete=0 incomplete_blocks=0 hold=163/163 hold_timeout=0
I (47912) rc_net: [CAM-PROBE] Video TX seq=180 jpeg_len=8901 crc32=0xe32774b6 chunks=8
I (49104) rc_video: Sent 180 | cap_fps=10.2 send_fps=9.9 capture_size_errors=0 capture_identity_errors=0 | Avg(ms): wait=25.1 cache=0.9 subsample=23.4 encode=43.7 send=5.0 total=98.1 | JPEG=8944B
I (49112) rc_video: [VIDEO-TX] handoff cap=194 get=388 select_fail=0 finished=194 signal=194 acquire=193 acquire_fail=0 release_fail=0 backup=0/0
I (49125) rc_video: [STABLE-CAPTURE] pause=194/194 timeout=0 quiesce=193 resume=193 lifecycle_errors=0 repairs=193 staged_events=2174 copies=2134 fallback=0 errors=0 prepare=194 stale_queue=0 pending_vsync=100 sync=194 complete=194 incomplete=0 incomplete_blocks=0 hold=194/194 hold_timeout=0
I (50896) rc_net: [CAM-PROBE] Video TX seq=210 jpeg_len=8548 crc32=0x9a204f23 chunks=8
I (52087) rc_video: Sent 210 | cap_fps=9.7 send_fps=10.1 capture_size_errors=0 capture_identity_errors=0 | Avg(ms): wait=20.5 cache=0.8 subsample=24.0 encode=42.4 send=9.6 total=97.3 | JPEG=8636B
I (52095) rc_video: [VIDEO-TX] handoff cap=223 get=447 select_fail=0 finished=223 signal=223 acquire=223 acquire_fail=0 release_fail=0 backup=0/0
I (52134) rc_video: [STABLE-CAPTURE] pause=223/223 timeout=0 quiesce=223 resume=223 lifecycle_errors=0 repairs=223 staged_events=2509 copies=2464 fallback=0 errors=0 prepare=224 stale_queue=0 pending_vsync=116 sync=224 complete=224 incomplete=0 incomplete_blocks=0 hold=223/223 hold_timeout=0
I (53931) rc_net: [CAM-PROBE] Video TX seq=240 jpeg_len=8881 crc32=0x6770ddee chunks=8
I (55122) rc_video: Sent 240 | cap_fps=10.2 send_fps=9.9 capture_size_errors=0 capture_identity_errors=0 | Avg(ms): wait=21.7 cache=0.9 subsample=23.5 encode=43.8 send=8.2 total=98.1 | JPEG=9065B
I (55129) rc_video: [VIDEO-TX] handoff cap=254 get=508 select_fail=0 finished=254 signal=254 acquire=253 acquire_fail=0 release_fail=0 backup=0/0
I (55142) rc_video: [STABLE-CAPTURE] pause=254/254 timeout=0 quiesce=253 resume=253 lifecycle_errors=0 repairs=253 staged_events=2845 copies=2794 fallback=0 errors=0 prepare=254 stale_queue=0 pending_vsync=131 sync=254 complete=254 incomplete=0 incomplete_blocks=0 hold=254/254 hold_timeout=0
I (56911) rc_net: [CAM-PROBE] Video TX seq=270 jpeg_len=9024 crc32=0x2401f562 chunks=8
I (58106) rc_video: Sent 270 | cap_fps=9.7 send_fps=10.1 capture_size_errors=0 capture_identity_errors=0 | Avg(ms): wait=22.9 cache=0.9 subsample=23.9 encode=43.3 send=6.4 total=97.3 | JPEG=8969B
I (58151) rc_video: [VIDEO-TX] handoff cap=283 get=567 select_fail=0 finished=283 signal=283 acquire=283 acquire_fail=0 release_fail=0 backup=0/0
I (58155) rc_video: [STABLE-CAPTURE] pause=284/284 timeout=0 quiesce=283 resume=283 lifecycle_errors=0 repairs=283 staged_events=3179 copies=3124 fallback=0 errors=0 prepare=284 stale_queue=0 pending_vsync=147 sync=284 complete=284 incomplete=0 incomplete_blocks=0 hold=284/284 hold_timeout=0
I (59919) rc_net: [CAM-PROBE] Video TX seq=300 jpeg_len=9808 crc32=0xb46a4427 chunks=9
I (61175) rc_video: Sent 300 | cap_fps=10.1 send_fps=9.8 capture_size_errors=0 capture_identity_errors=0 | Avg(ms): wait=21.4 cache=0.8 subsample=24.0 encode=46.8 send=6.3 total=99.4 | JPEG=9633B
I (61182) rc_video: [VIDEO-TX] handoff cap=314 get=628 select_fail=0 finished=314 signal=314 acquire=313 acquire_fail=0 release_fail=0 backup=0/0
I (61195) rc_video: [STABLE-CAPTURE] pause=314/314 timeout=0 quiesce=313 resume=313 lifecycle_errors=0 repairs=313 staged_events=3516 copies=3454 fallback=0 errors=0 prepare=314 stale_queue=0 pending_vsync=163 sync=314 complete=314 incomplete=0 incomplete_blocks=0 hold=314/314 hold_timeout=0
I (62993) rc_net: [CAM-PROBE] Video TX seq=330 jpeg_len=9757 crc32=0x1dc1348d chunks=9
I (64184) rc_video: Sent 330 | cap_fps=10.0 send_fps=10.0 capture_size_errors=0 capture_identity_errors=0 | Avg(ms): wait=22.3 cache=0.9 subsample=24.4 encode=44.2 send=6.5 total=98.3 | JPEG=9699B
I (64191) rc_video: [VIDEO-TX] handoff cap=344 get=688 select_fail=0 finished=344 signal=344 acquire=343 acquire_fail=0 release_fail=0 backup=0/0
I (64204) rc_video: [STABLE-CAPTURE] pause=344/344 timeout=0 quiesce=343 resume=343 lifecycle_errors=0 repairs=343 staged_events=3852 copies=3784 fallback=0 errors=0 prepare=344 stale_queue=0 pending_vsync=178 sync=344 complete=344 incomplete=0 incomplete_blocks=0 hold=344/344 hold_timeout=0
I (65982) rc_net: [CAM-PROBE] Video TX seq=360 jpeg_len=9645 crc32=0xac4143ac chunks=9
I (67231) rc_video: Sent 360 | cap_fps=9.8 send_fps=9.8 capture_size_errors=0 capture_identity_errors=0 | Avg(ms): wait=22.8 cache=0.9 subsample=23.8 encode=43.2 send=8.7 total=99.4 | JPEG=9686B
I (67238) rc_video: [VIDEO-TX] handoff cap=374 get=748 select_fail=0 finished=374 signal=374 acquire=373 acquire_fail=0 release_fail=0 backup=0/0
I (67251) rc_video: [STABLE-CAPTURE] pause=374/374 timeout=0 quiesce=373 resume=373 lifecycle_errors=0 repairs=373 staged_events=4190 copies=4114 fallback=0 errors=0 prepare=374 stale_queue=0 pending_vsync=194 sync=374 complete=374 incomplete=0 incomplete_blocks=0 hold=374/374 hold_timeout=0
I (69047) rc_net: [CAM-PROBE] Video TX seq=390 jpeg_len=9611 crc32=0xbff79417 chunks=9
I (70243) rc_video: Sent 390 | cap_fps=10.0 send_fps=10.0 capture_size_errors=0 capture_identity_errors=0 | Avg(ms): wait=20.5 cache=0.9 subsample=23.6 encode=44.7 send=8.6 total=98.3 | JPEG=9633B
I (70250) rc_video: [VIDEO-TX] handoff cap=404 get=808 select_fail=0 finished=404 signal=404 acquire=403 acquire_fail=0 release_fail=0 backup=0/0
I (70263) rc_video: [STABLE-CAPTURE] pause=404/404 timeout=0 quiesce=403 resume=403 lifecycle_errors=0 repairs=403 staged_events=4528 copies=4444 fallback=0 errors=0 prepare=404 stale_queue=0 pending_vsync=209 sync=404 complete=404 incomplete=0 incomplete_blocks=0 hold=404/404 hold_timeout=0
I (72033) rc_net: [CAM-PROBE] Video TX seq=420 jpeg_len=9580 crc32=0x242d5b1f chunks=8
I (73288) rc_video: Sent 420 | cap_fps=9.9 send_fps=9.9 capture_size_errors=0 capture_identity_errors=0 | Avg(ms): wait=21.1 cache=0.8 subsample=23.8 encode=44.4 send=9.3 total=99.4 | JPEG=9648B
I (73295) rc_video: [VIDEO-TX] handoff cap=434 get=868 select_fail=0 finished=434 signal=434 acquire=433 acquire_fail=0 release_fail=0 backup=0/0
I (73308) rc_video: [STABLE-CAPTURE] pause=434/434 timeout=0 quiesce=433 resume=433 lifecycle_errors=0 repairs=433 staged_events=4861 copies=4774 fallback=0 errors=0 prepare=434 stale_queue=0 pending_vsync=224 sync=434 complete=434 incomplete=0 incomplete_blocks=0 hold=434/434 hold_timeout=0
I (75102) rc_net: [CAM-PROBE] Video TX seq=450 jpeg_len=9663 crc32=0x7730ad9c chunks=9
I (76271) rc_video: Sent 450 | cap_fps=9.7 send_fps=10.1 capture_size_errors=0 capture_identity_errors=0 | Avg(ms): wait=22.7 cache=0.9 subsample=24.8 encode=42.4 send=6.6 total=97.4 | JPEG=9642B
I (76314) rc_video: [VIDEO-TX] handoff cap=463 get=927 select_fail=0 finished=463 signal=463 acquire=463 acquire_fail=0 release_fail=0 backup=0/0
I (76319) rc_video: [STABLE-CAPTURE] pause=463/463 timeout=0 quiesce=463 resume=463 lifecycle_errors=0 repairs=463 staged_events=5203 copies=5104 fallback=0 errors=0 prepare=464 stale_queue=0 pending_vsync=240 sync=464 complete=464 incomplete=0 incomplete_blocks=0 hold=463/463 hold_timeout=0
I (78085) rc_net: [CAM-PROBE] Video TX seq=480 jpeg_len=9667 crc32=0x789c26e6 chunks=9
I (79277) rc_video: Sent 480 | cap_fps=10.0 send_fps=10.0 capture_size_errors=0 capture_identity_errors=0 | Avg(ms): wait=21.1 cache=0.9 subsample=23.7 encode=43.1 send=8.5 total=97.2 | JPEG=9741B
I (79286) rc_video: [VIDEO-TX] handoff cap=493 get=987 select_fail=0 finished=493 signal=493 acquire=493 acquire_fail=0 release_fail=0 backup=0/0
I (79326) rc_video: [STABLE-CAPTURE] pause=493/493 timeout=0 quiesce=493 resume=493 lifecycle_errors=0 repairs=493 staged_events=5538 copies=5434 fallback=0 errors=0 prepare=494 stale_queue=0 pending_vsync=256 sync=494 complete=494 incomplete=0 incomplete_blocks=0 hold=493/493 hold_timeout=0
I (81088) rc_net: [CAM-PROBE] Video TX seq=510 jpeg_len=9739 crc32=0x0c123d40 chunks=9
I (82287) rc_video: Sent 510 | cap_fps=10.0 send_fps=10.0 capture_size_errors=0 capture_identity_errors=0 | Avg(ms): wait=20.8 cache=0.8 subsample=24.1 encode=44.5 send=7.1 total=97.4 | JPEG=9723B
I (82331) rc_video: [VIDEO-TX] handoff cap=523 get=1047 select_fail=0 finished=523 signal=523 acquire=523 acquire_fail=0 release_fail=0 backup=0/0
I (82336) rc_video: [STABLE-CAPTURE] pause=524/524 timeout=0 quiesce=523 resume=523 lifecycle_errors=0 repairs=523 staged_events=5875 copies=5764 fallback=0 errors=0 prepare=524 stale_queue=0 pending_vsync=272 sync=524 complete=524 incomplete=0 incomplete_blocks=0 hold=524/524 hold_timeout=0
I (84103) rc_net: [CAM-PROBE] Video TX seq=540 jpeg_len=9796 crc32=0x4cab6c64 chunks=9
I (85290) rc_video: Sent 540 | cap_fps=10.0 send_fps=10.0 capture_size_errors=0 capture_identity_errors=0 | Avg(ms): wait=21.2 cache=0.9 subsample=23.5 encode=44.4 send=7.0 total=97.0 | JPEG=9693B
I (85297) rc_video: [VIDEO-TX] handoff cap=553 get=1107 select_fail=0 finished=553 signal=553 acquire=553 acquire_fail=0 release_fail=0 backup=0/0
I (85340) rc_video: [STABLE-CAPTURE] pause=553/553 timeout=0 quiesce=553 resume=553 lifecycle_errors=0 repairs=553 staged_events=6211 copies=6094 fallback=0 errors=0 prepare=554 stale_queue=0 pending_vsync=288 sync=554 complete=554 incomplete=0 incomplete_blocks=0 hold=553/553 hold_timeout=0
I (87109) rc_net: [CAM-PROBE] Video TX seq=570 jpeg_len=9685 crc32=0x7cab0451 chunks=9
I (88305) rc_video: Sent 570 | cap_fps=9.9 send_fps=9.9 capture_size_errors=0 capture_identity_errors=0 | Avg(ms): wait=22.1 cache=0.9 subsample=24.1 encode=42.9 send=7.5 total=97.4 | JPEG=9692B
I (88349) rc_video: [VIDEO-TX] handoff cap=583 get=1167 select_fail=0 finished=583 signal=583 acquire=583 acquire_fail=0 release_fail=0 backup=0/0
I (88355) rc_video: [STABLE-CAPTURE] pause=584/584 timeout=0 quiesce=583 resume=583 lifecycle_errors=0 repairs=583 staged_events=6546 copies=6424 fallback=0 errors=0 prepare=584 stale_queue=0 pending_vsync=304 sync=584 complete=584 incomplete=0 incomplete_blocks=0 hold=584/584 hold_timeout=0
I (90117) rc_net: [CAM-PROBE] Video TX seq=600 jpeg_len=9748 crc32=0xa88a5819 chunks=9

[HOST-DVP-MATRIX 11:05:07] MATRIX-R3 capture end stages=[0, 1, 2, 3, 4, 5, 6, 7, 8] recoveries=9 complete=False
