
[HOST-DVP-MATRIX 11:54:51] COLD-R3 capture begin

[HOST-DVP-MATRIX 11:54:51] Tank RAM bootloader start
esptool.py v4.12.dev2
Serial port COM7
Connecting....
Chip is ESP32-S3 (QFN56) (revision v0.2)
Features: WiFi, BLE
Crystal is 40MHz
MAC: 44:1b:f6:f3:ae:78
Uploading stub...
Running stub...
Stub running...
RAM boot...
Downloading 5360 bytes at 3fce2820... done!
Downloading 3364 bytes at 403c8700... done!
Downloading 12016 bytes at 403cb700... done!
All segments done, executing at 403c8924
Exiting immediately.

[HOST-DVP-MATRIX 11:54:55] Tank RAM bootloader complete

I (2935) boot: chip revision: v0.2
I (2938) boot: efuse block revision: v1.3
I (2942) boot.esp32s3: Boot SPI Speed : 80MHz
I (2946) boot.esp32s3: SPI Mode       : SLOW READ
I (2950) boot.esp32s3: SPI Flash Size : 8MB
I (2954) boot: Enabling RNG early entropy source...
I (2959) boot: Partition Table:
I (2962) boot: ## Label            Usage          Type ST Offset   Length
I (2968) boot:  0 nvs              WiFi data        01 02 00009000 00006000
I (2975) boot:  1 phy_init         RF data          01 01 0000f000 00001000
I (2982) boot:  2 factory          factory app      00 00 00010000 00300000
I (2988) boot:  3 storage          Unknown data     01 82 00310000 00100000
I (2995) boot: End of partition table
I (2999) esp_image: segment 0: paddr=00010020 vaddr=3c0a0020 size=24ee0h (151264) map
I (3098) esp_image: segment 1: paddr=00034f08 vaddr=3fca0c00 size=05560h ( 21856) load
I (3113) esp_image: segment 2: paddr=0003a470 vaddr=40374000 size=05ba8h ( 23464) load
I (3128) esp_image: segment 3: paddr=00040020 vaddr=42000020 size=9b858h (637016) map
I (3517) esp_image: segment 4: paddr=000db880 vaddr=40379ba8 size=16fb4h ( 94132) load
I (3579) esp_image: segment 5: paddr=000f283c vaddr=50000000 size=00020h (    32) load
I (3590) boot: Loaded app from partition at offset 0x10000
I (3590) boot: Disabling RNG early entropy source...
I (3602) esp_psram: Found 8MB PSRAM device
I (3602) esp_psram: Speed: 80MHz
I (3603) cpu_start: Multicore app
I (4521) esp_psram: SPI SRAM memory test OK
I (4529) cpu_start: GPIO 44 and 43 are used as console UART I/O pins
I (4530) cpu_start: Pro cpu start user code
I (4530) cpu_start: cpu freq: 240000000 Hz
I (4532) app_init: Application information:
I (4536) app_init: Project name:     rc_tank_demo
I (4540) app_init: App version:      1
I (4543) app_init: Compile time:     Aug 26 2026 11:52:11
I (4549) app_init: ELF file SHA256:  1c3d7e5c2...
I (4553) app_init: ESP-IDF:          GIT-NOTFOUND
I (4557) efuse_init: Min chip rev:     v0.0
I (4561) efuse_init: Max chip rev:     v0.99 
I (4565) efuse_init: Chip rev:         v0.2
I (4569) heap_init: Initializing. RAM available for dynamic allocation:
I (4576) heap_init: At 3FCAA290 len 0003F480 (253 KiB): RAM
I (4581) heap_init: At 3FCE9710 len 00005724 (21 KiB): RAM
I (4586) heap_init: At 3FCF0000 len 00008000 (32 KiB): DRAM
I (4591) heap_init: At 600FE000 len 00001FE8 (7 KiB): RTCRAM
I (4597) esp_psram: Adding pool of 8192K of PSRAM memory to heap allocator
I (4605) spi_flash: detected chip: generic
I (4607) spi_flash: flash io: dio
I (4611) sleep_gpio: Configure to isolate all GPIO pins in sleep state
I (4617) sleep_gpio: Enable automatic switching of GPIO sleep configuration
I (4624) main_task: Started on CPU0
I (4648) esp_psram: Reserving pool of 64K of internal memory for DMA/internal allocations
I (4649) main_task: Calling app_main()
I (4655) rc_tank: === RC Tank Demo (EX-035) Role: TANK ===
I (4656) rc_tank: Startup delay 10 s (open serial monitor now)...
I (4659) rc_tank:   starting in 10 s
I (5663) rc_tank:   starting in 9 s
I (6663) rc_tank:   starting in 8 s
I (7663) rc_tank:   starting in 7 s
I (8663) rc_tank:   starting in 6 s
I (9663) rc_tank:   starting in 5 s
I (10663) rc_tank:   starting in 4 s
I (11663) rc_tank:   starting in 3 s
I (12663) rc_tank:   starting in 2 s
I (13663) rc_tank:   starting in 1 s
I (14663) rc_tank: Starting Tank role (P1: network, P2: control, P3: video)
I (14663) board_laiwfs300: init board support package
I (14663) board_laiwfs300: init capability registry
I (14668) board_laiwfs300: init I2C bus: SDA=GPIO48 SCL=GPIO47
I (14674) bus_i2c: I2C0 initialized: SDA=GPIO48 SCL=GPIO47 speed=100000Hz
I (14680) board_laiwfs300: --- I2C bus scan (0x08-0x77) ---
I (14687) board_laiwfs300:   I2C device ACK at 0x15
I (14690) board_laiwfs300:   I2C device ACK at 0x18
I (14695) board_laiwfs300:   I2C device ACK at 0x21
I (14699) board_laiwfs300:   I2C device ACK at 0x22
I (14707) board_laiwfs300:   I2C device ACK at 0x40
I (14710) board_laiwfs300:   I2C device ACK at 0x51
I (14716) board_laiwfs300:   I2C device ACK at 0x68
I (14719) board_laiwfs300: --- I2C scan done: 7 device(s) found ---
W (14723) board_laiwfs300: TPT29555A (IOEX) NOT found at 0x20 (NACK)
I (14729) board_laiwfs300: ES8311 (Codec) found at 0x18
I (14734) board_laiwfs300: ES7210 (ADC) found at 0x40
I (14739) board_laiwfs300: AIP8563 (RTC) found at 0x51
I (14744) board_laiwfs300: BMI260 (IMU @0x68) found at 0x68
W (14749) board_laiwfs300: BMI260 (IMU @0x69) NOT found at 0x69 (NACK)
I (14755) board_laiwfs300: SP0A39 (Camera) found at 0x21
I (14762) board_laiwfs300: ES8311 chip ID: 0x83 0x11
I (14766) board_laiwfs300: ES7210 chip ID: 0x72
I (14771) board_laiwfs300: AIP8563 RTC time: 23:28:07 (BCD raw)
I (14775) board_laiwfs300: BMI260 chip ID: 0x27 (expect 0x27)
I (14780) board_laiwfs300: init SPI bus manager
I (14786) board_laiwfs300: init ADC service
I (14789) board_adc: ADC1 oneshot initialized
I (14793) board_laiwfs300: init board power service
I (14798) board_laiwfs300: ADC D0_DETECT (GPIO1): raw=4095 (~3100 mV)
I (14803) board_laiwfs300: ADC BAT_ADC (GPIO7): raw=1651 (~1249 mV)
I (14809) board_laiwfs300: ADC SW_ADC (GPIO8): raw=4095 (~3100 mV)
I (14815) board_laiwfs300: init IO expander: TPT29555A addr=0x22
I (14824) io_expander: TPT29555A initialized at 0x22
I (14826) board_laiwfs300: IO expander initialized OK
I (14830) board_laiwfs300: init module detect
I (14835) board_laiwfs300: register detection rules
I (14839) board_laiwfs300: register default capabilities
I (14844) board_laiwfs300: board init complete (ioex=OK)
I (14849) rc_tank: [STEP] Motor init starting...
I (14854) board_motor: motor input 1 -> GPIO5 / LEDC channel 0
I (14859) board_motor: motor input 2 -> GPIO4 / LEDC channel 1
I (14865) board_motor: motor input 3 -> GPIO37 / LEDC channel 2
I (14870) board_motor: motor input 4 -> GPIO45 / LEDC channel 3
I (14876) rc_control: Motor initialized
I (14879) rc_tank: [STEP] Motor init OK
I (14883) rc_tank: [STEP] Display init starting...
I (14888) rc_video: Initializing Tank display
I (14893) display_hal: init ST7789V3 LCD 240x320 SPI host=1
E (15038) spi: spi_bus_initialize(816): SPI bus already initialized.
I (15159) display_hal: ST7789V3 LCD initialized
I (15159) board_display: display mapped: MOSI=GPIO13 SCK=GPIO12 CS=GPIO10 DC=GPIO16 BL=GPIO17 LCD_RST=IOEX P1_5 pclk=20000000
I (15164) rc_video: Tank display task started (status screen)
I (15165) rc_video: Tank display initialized (status task owns LCD)
I (15175) rc_tank: [STEP] Display init OK
I (15179) rc_tank: [STEP] Camera init starting...
I (15183) rc_video: Initializing camera (SP0A39 640x480 VYUY)
I (15189) board_camera: initializing SP0A39 camera mode=0 640x480
I (15194) camera_hal: init SP0A39 DVP 640x480 (SCCB manual mode)
I (15200) camera_hal: configuring IOEX pins for camera RESET/PWDN
I (15207) camera_hal: PWDN=HIGH (power down)
I (15220) camera_hal: PWDN=LOW (release sensor)
I (15420) camera_hal: RESET=LOW (assert reset)
I (15440) camera_hal: RESET=HIGH (release reset)
I (16440) camera_hal: full I2C scan after camera power-up (diagnostic only)...
I (16442) camera_hal:   post-powerup ACK at 0x15
I (16442) camera_hal:   post-powerup ACK at 0x18
I (16445) camera_hal:   post-powerup ACK at 0x21
I (16449) camera_hal:   post-powerup ACK at 0x22
I (16457) camera_hal:   post-powerup ACK at 0x40
I (16459) camera_hal:   post-powerup ACK at 0x51
I (16465) camera_hal:   post-powerup ACK at 0x68
I (16468) camera_hal: DVP GPIO diagnostics (checking PCLK/VSYNC/HSYNC activity)...
I (16534) camera_hal: DVP diagnostics: PCLK_changes=0 VSYNC_changes=0 HSYNC_changes=0
W (16534) camera_hal: PCLK has no transitions - MCLK likely not reaching sensor or sensor not active
I (16539) camera_hal: using sensor address 0x21
I (16544) camera_hal: SP0A39 I2C device added at 0x21
I (16550) camera_hal: SP0A39 chip ID: 0x0A39
I (16672) camera_hal: SP0A39 register init done: VYUY 640x480 (359 regs)
I (16673) camera_hal: [CAM-PROBE] SP0A39 p0_31 stage=post_table value=0x00 expected=0x01
E (16676) camera_hal: camera_hal_verify_expected_output_p0_31(92): unexpected p0_31=0x00 at post_table
W (16685) camera_hal: [CAM-PROBE] output state differs after table; continuing: ESP_ERR_INVALID_RESPONSE
I (16714) camera_hal: [CAM-PROBE] SP0A39 p0_31 stage=post_delay value=0x01 expected=0x01
I (16715) camera_hal: camera HAL initialized (sensor ready, DVP capture not yet implemented)
I (16719) board_camera: camera ready
I (16727) camera_hal: SP0A39 output regs: P0:1c=0x00 P0:30=0x01 P0:31=0x01 P1:32=0x15 P1:34=0xeb P1:35=0x00 P1:36=0x10
I (16859) rc_video:   3 DMA-capable PSRAM framebuffers allocated (600 KB each)
I (16862) dvp_ext: DVP Extended camera controller driver is initialized
I (16863) dvp_ext: [STABLE-DVP] assembly uses GDMA-EOF direct copy; dma=102400 half=51200 queue_data_events=suppressed eof_desc=probe
I (16873) rc_video: [STABLE-CAPTURE] staged DVP controller created dma=102400 half=51200
I (16881) rc_video: Camera initialized
I (16885) rc_tank: [STEP] Camera init OK
W (16890) rc_tank: [DVP-MATRIX] pre-network stage=0 strategy=network_first frames=0 rebuild=0 wifi=off video_tx=not_created
I (16899) rc_tank: [STEP] Network init starting...
I (16905) rc_net: Initializing as SoftAP (Tank)
I (16909) pp: pp rom version: e7ae62f
I (16912) net80211: net80211 rom version: e7ae62f
I (16918) wifi:wifi driver task: 3fce47d0, prio:23, stack:6656, core=0
I (16926) wifi:wifi firmware version: 0947e8b
I (16927) wifi:wifi certification version: v7.0
I (16930) wifi:config NVS flash: enabled
I (16934) wifi:config nano formatting: disabled
I (16938) wifi:Init data frame dynamic rx buffer num: 32
I (16943) wifi:Init static rx mgmt buffer num: 5
I (16948) wifi:Init management short buffer num: 32
I (16952) wifi:Init dynamic tx buffer num: 64
I (16956) wifi:Init static tx FG buffer num: 2
I (16961) wifi:Init static rx buffer size: 1600
I (16965) wifi:Init static rx buffer num: 10
I (16969) wifi:Init dynamic rx buffer num: 32
I (16974) wifi_init: rx ba win: 6
I (16976) wifi_init: accept mbox: 6
I (16979) wifi_init: tcpip mbox: 16
I (16982) wifi_init: udp mbox: 6
I (16985) wifi_init: tcp mbox: 6
I (16988) wifi_init: tcp tx win: 5760
I (16991) wifi_init: tcp rx win: 5760
I (16995) wifi_init: tcp mss: 1440
I (16998) wifi_init: WiFi IRAM OP enabled
I (17002) wifi_init: WiFi RX IRAM OP enabled
I (17006) rc_net: AP set_mode/config, SSID=RC_TANK_F3AE79 ch=1
I (17087) phy_init: phy_version 711,97bcf0a2,Aug 25 2025,19:04:10
W (17088) phy_init: failed to load RF calibration data (0x1102), falling back to full calibration
I (17125) phy_init: Saving new calibration data due to checksum failure or outdated calibration data, mode(2)
I (17135) wifi:mode : softAP (44:1b:f6:f3:ae:79)
I (17140) wifi:Total power save buffer number: 32
I (17140) wifi:Init max length of beacon: 752/752
I (17141) wifi:Init max length of beacon: 752/752
I (17143) rc_net: SoftAP started, SSID: RC_TANK_F3AE79, Password: 12345678
I (17145) esp_netif_lwip: DHCP server started on interface WIFI_AP_DEF with IP: 192.168.4.1
I (17157) rc_tank: [STEP] Network init OK
I (17161) rc_tank: Tank SoftAP ready, waiting for remote...
I (17166) rc_control: Ctrl RX task started
I (17170) rc_control: Tank control started
I (17174) rc_tank: Tank running (video + control; audio disabled)
I (17179) rc_tank: app_main done, idle loop
I (23923) wifi:new:<1,1>, old:<1,1>, ap:<1,1>, sta:<255,255>, prof:1, snd_ch_cfg:0x0
I (23925) wifi:station: 44:1b:f6:f3:ae:40 join, AID=1, bgn, 40U
I (23959) rc_net: STA connected, MAC: 44:1b:f6:f3:ae:40
I (23993) esp_netif_lwip: DHCP server assigned IP to a client, IP is: 192.168.4.2
I (23994) rc_net: STA assigned IP: 192.168.4.2
I (23995) rc_tank: Network connected, peer: 192.168.4.2
W (24000) rc_tank: [DVP-MATRIX] start stage=0 strategy=network_first preflight_frames=0 video_tx=not_created
I (24010) rc_net: Ctrl UDP socket bound to port 8001
I (24014) rc_net: Video UDP socket bound to port 8002
I (24019) rc_net: Audio TCP listening on port 8003
I (24023) rc_tank: Socket channels started
I (24027) rc_video: No local preview active; formal video handoff skipped
I (24035) camera_hal: [CAM-PROBE] SP0A39 p0_31 stage=dvp_started value=0x01 expected=0x01
I (24049) rc_video: Video TX task started (240x180, sensor-driven, Q=60)
I (24049) rc_video: TX theory: raw=614400 B/frame, encoded YUV=86400 B/frame, target10fps raw=0.86 MB/s
I (24057) rc_video: PSRAM TX buffers: subsample=86400B jpeg=43200B send=43208B free_psram=5592524 free_internal=60003
I (24067) rc_video: TX buffer caps: subsample=0x3c350120(psram=1) jpeg=0x3c3652a4(psram=1) send=0x3c36fea8(psram=1)
I (24070) rc_video: Tank video started (camera source)
W (24115) rc_tank: [DVP-MATRIX] observe stage=0 strategy=network_first duration_ms=45000 under live Q60/UDP load
I (24153) rc_net: [CAM-PROBE] Video TX seq=0 jpeg_len=9494 crc32=0x10e8837b chunks=8
W (24200) rc_net: Video UDP send failed: seq=0 chunk=4/8 bytes=1208 sent=-1 errno=12 attempts=4
W (24201) rc_video: Video send failed: ESP_FAIL
W (24255) rc_video: Video send failed: ESP_FAIL

[HOST-DVP-MATRIX 11:55:16] COLD-R3 stage=0 visible window begin
W (24393) rc_video: Video send failed: ESP_FAIL
W (24559) rc_video: Video send failed: ESP_FAIL
W (24612) rc_video: Video send failed: ESP_FAIL
W (24754) rc_video: Video send failed: ESP_FAIL
W (24807) rc_video: Video send failed: ESP_FAIL
W (24944) rc_video: Video send failed: ESP_FAIL
I (25063) wifi:<ba-add>idx:2 (ifx:1, 44:1b:f6:f3:ae:40), tid:0, ssn:0, winSize:64
I (27654) rc_net: [CAM-PROBE] Video TX seq=30 jpeg_len=9999 crc32=0x921c6b8b chunks=9
I (28467) rc_video: Sent 30 | cap_fps=8.6 send_fps=6.8 capture_size_errors=0 capture_identity_errors=0 | Avg(ms): wait=52.0 cache=1.4 subsample=23.2 encode=24.6 send=6.2 total=107.4 | JPEG=9288B
I (28467) rc_video: [VIDEO-TX] handoff cap=38 get=77 select_fail=0 finished=38 signal=38 acquire=38 acquire_fail=0 release_fail=0 backup=0/0
I (28467) rc_video: [STABLE-CAPTURE] pause=38/38 timeout=0 quiesce=38 resume=38 lifecycle_errors=0 repairs=38 staged_events=617 copies=597 fallback=0 errors=0 prepare=39 stale_queue=0 pending_vsync=19 sync=55 complete=38 incomplete=17 incomplete_blocks=169 hold=38/38 hold_timeout=0
I (31134) rc_net: [CAM-PROBE] Video TX seq=60 jpeg_len=8688 crc32=0x67496c64 chunks=8
I (31947) rc_video: Sent 60 | cap_fps=8.6 send_fps=8.6 capture_size_errors=0 capture_identity_errors=0 | Avg(ms): wait=45.3 cache=1.4 subsample=23.7 encode=25.0 send=7.6 total=103.0 | JPEG=9254B
I (31947) rc_video: [VIDEO-TX] handoff cap=68 get=137 select_fail=0 finished=68 signal=68 acquire=68 acquire_fail=0 release_fail=0 backup=0/0
I (31947) rc_video: [STABLE-CAPTURE] pause=68/68 timeout=0 quiesce=68 resume=68 lifecycle_errors=0 repairs=68 staged_events=1095 copies=1057 fallback=0 errors=0 prepare=69 stale_queue=0 pending_vsync=31 sync=101 complete=68 incomplete=33 incomplete_blocks=299 hold=68/68 hold_timeout=0
I (34738) rc_net: [CAM-PROBE] Video TX seq=90 jpeg_len=9746 crc32=0x9fcbb36e chunks=9
I (35532) rc_video: Sent 90 | cap_fps=8.4 send_fps=8.4 capture_size_errors=0 capture_identity_errors=0 | Avg(ms): wait=49.5 cache=1.4 subsample=23.2 encode=25.1 send=6.1 total=105.5 | JPEG=8700B
I (35539) rc_video: [VIDEO-TX] handoff cap=98 get=196 select_fail=0 finished=98 signal=98 acquire=98 acquire_fail=0 release_fail=0 backup=0/0
I (35552) rc_video: [STABLE-CAPTURE] pause=98/98 timeout=0 quiesce=98 resume=98 lifecycle_errors=0 repairs=98 staged_events=1585 copies=1529 fallback=0 errors=0 prepare=99 stale_queue=0 pending_vsync=44 sync=149 complete=98 incomplete=51 incomplete_blocks=449 hold=98/98 hold_timeout=0
I (38398) rc_net: [CAM-PROBE] Video TX seq=120 jpeg_len=9875 crc32=0xa2e3e658 chunks=9
I (39217) rc_video: Sent 120 | cap_fps=8.1 send_fps=8.1 capture_size_errors=0 capture_identity_errors=0 | Avg(ms): wait=52.2 cache=1.5 subsample=23.3 encode=25.1 send=6.1 total=108.2 | JPEG=9937B
I (39224) rc_video: [VIDEO-TX] handoff cap=128 get=256 select_fail=0 finished=128 signal=128 acquire=128 acquire_fail=0 release_fail=0 backup=0/0
I (39233) rc_video: [STABLE-CAPTURE] pause=128/128 timeout=0 quiesce=128 resume=128 lifecycle_errors=0 repairs=128 staged_events=2094 copies=2020 fallback=0 errors=0 prepare=129 stale_queue=0 pending_vsync=56 sync=200 complete=128 incomplete=72 incomplete_blocks=609 hold=128/128 hold_timeout=0
I (42060) rc_net: [CAM-PROBE] Video TX seq=150 jpeg_len=9621 crc32=0xdd4688ec chunks=9
I (42874) rc_video: Sent 150 | cap_fps=8.2 send_fps=8.2 capture_size_errors=0 capture_identity_errors=0 | Avg(ms): wait=53.1 cache=1.5 subsample=23.6 encode=24.9 send=6.2 total=109.3 | JPEG=9268B
I (42874) rc_video: [VIDEO-TX] handoff cap=158 get=317 select_fail=0 finished=158 signal=158 acquire=158 acquire_fail=0 release_fail=0 backup=0/0
I (42874) rc_video: [STABLE-CAPTURE] pause=158/158 timeout=0 quiesce=158 resume=158 lifecycle_errors=0 repairs=158 staged_events=2608 copies=2518 fallback=0 errors=0 prepare=159 stale_queue=0 pending_vsync=69 sync=249 complete=158 incomplete=91 incomplete_blocks=769 hold=158/158 hold_timeout=0
I (45641) rc_net: [CAM-PROBE] Video TX seq=180 jpeg_len=9296 crc32=0x69b700a3 chunks=8
I (46512) rc_video: Sent 180 | cap_fps=8.2 send_fps=8.2 capture_size_errors=0 capture_identity_errors=0 | Avg(ms): wait=51.1 cache=1.4 subsample=23.6 encode=25.1 send=7.2 total=108.4 | JPEG=8642B
I (46512) rc_video: [VIDEO-TX] handoff cap=188 get=377 select_fail=0 finished=188 signal=188 acquire=188 acquire_fail=0 release_fail=0 backup=0/0
I (46564) rc_video: [STABLE-CAPTURE] pause=189/189 timeout=0 quiesce=188 resume=188 lifecycle_errors=0 repairs=188 staged_events=3107 copies=2999 fallback=0 errors=0 prepare=189 stale_queue=0 pending_vsync=80 sync=300 complete=189 incomplete=111 incomplete_blocks=919 hold=189/189 hold_timeout=0
I (49243) rc_net: [CAM-PROBE] Video TX seq=210 jpeg_len=8688 crc32=0xc9bf48e3 chunks=8
I (50021) rc_video: Sent 210 | cap_fps=8.6 send_fps=8.6 capture_size_errors=0 capture_identity_errors=0 | Avg(ms): wait=45.4 cache=1.5 subsample=23.4 encode=24.9 send=7.2 total=102.5 | JPEG=9633B
I (50029) rc_video: [VIDEO-TX] handoff cap=218 get=436 select_fail=0 finished=218 signal=218 acquire=218 acquire_fail=0 release_fail=0 backup=0/0
I (50038) rc_video: [STABLE-CAPTURE] pause=218/218 timeout=0 quiesce=218 resume=218 lifecycle_errors=0 repairs=218 staged_events=3567 copies=3440 fallback=0 errors=0 prepare=219 stale_queue=0 pending_vsync=92 sync=345 complete=218 incomplete=127 incomplete_blocks=1039 hold=218/218 hold_timeout=0
I (52945) rc_net: [CAM-PROBE] Video TX seq=240 jpeg_len=9559 crc32=0x0c9079dc chunks=8
I (53755) rc_video: Sent 240 | cap_fps=8.0 send_fps=8.0 capture_size_errors=0 capture_identity_errors=0 | Avg(ms): wait=56.9 cache=1.4 subsample=23.2 encode=24.8 send=6.2 total=112.4 | JPEG=9277B
I (53755) rc_video: [VIDEO-TX] handoff cap=248 get=497 select_fail=0 finished=248 signal=248 acquire=248 acquire_fail=0 release_fail=0 backup=0/0
I (53755) rc_video: [STABLE-CAPTURE] pause=248/248 timeout=0 quiesce=248 resume=248 lifecycle_errors=0 repairs=248 staged_events=4091 copies=3948 fallback=0 errors=0 prepare=249 stale_queue=0 pending_vsync=105 sync=396 complete=248 incomplete=148 incomplete_blocks=1209 hold=248/248 hold_timeout=0
I (56508) rc_net: [CAM-PROBE] Video TX seq=270 jpeg_len=9875 crc32=0x23a913b0 chunks=9
I (57382) rc_video: Sent 270 | cap_fps=8.3 send_fps=8.3 capture_size_errors=0 capture_identity_errors=0 | Avg(ms): wait=51.6 cache=1.5 subsample=23.4 encode=24.5 send=6.3 total=107.4 | JPEG=9736B
I (57389) rc_video: [VIDEO-TX] handoff cap=278 get=556 select_fail=0 finished=278 signal=278 acquire=278 acquire_fail=0 release_fail=0 backup=0/0
I (57400) rc_video: [STABLE-CAPTURE] pause=278/278 timeout=0 quiesce=278 resume=278 lifecycle_errors=0 repairs=278 staged_events=4579 copies=4419 fallback=0 errors=0 prepare=279 stale_queue=0 pending_vsync=120 sync=443 complete=278 incomplete=165 incomplete_blocks=1359 hold=278/278 hold_timeout=0
I (60266) rc_net: [CAM-PROBE] Video TX seq=300 jpeg_len=9684 crc32=0xe09c888a chunks=9
I (61077) rc_video: Sent 300 | cap_fps=8.1 send_fps=8.1 capture_size_errors=0 capture_identity_errors=0 | Avg(ms): wait=54.4 cache=1.4 subsample=23.2 encode=25.1 send=6.3 total=110.4 | JPEG=9288B
I (61077) rc_video: [VIDEO-TX] handoff cap=308 get=617 select_fail=0 finished=308 signal=308 acquire=308 acquire_fail=0 release_fail=0 backup=0/0
I (61077) rc_video: [STABLE-CAPTURE] pause=308/308 timeout=0 quiesce=308 resume=308 lifecycle_errors=0 repairs=308 staged_events=5095 copies=4919 fallback=0 errors=0 prepare=309 stale_queue=0 pending_vsync=133 sync=493 complete=308 incomplete=185 incomplete_blocks=1519 hold=308/308 hold_timeout=0
I (63808) rc_net: [CAM-PROBE] Video TX seq=330 jpeg_len=9281 crc32=0x2a23561f chunks=8
I (64798) rc_video: Sent 330 | cap_fps=8.0 send_fps=8.0 capture_size_errors=0 capture_identity_errors=0 | Avg(ms): wait=53.8 cache=1.5 subsample=23.4 encode=25.1 send=8.2 total=111.9 | JPEG=9528B
I (64798) rc_video: [VIDEO-TX] handoff cap=338 get=677 select_fail=0 finished=338 signal=338 acquire=338 acquire_fail=0 release_fail=0 backup=0/0
I (64847) rc_video: [STABLE-CAPTURE] pause=338/338 timeout=0 quiesce=338 resume=338 lifecycle_errors=0 repairs=338 staged_events=5603 copies=5410 fallback=0 errors=0 prepare=339 stale_queue=0 pending_vsync=146 sync=545 complete=339 incomplete=206 incomplete_blocks=1679 hold=338/338 hold_timeout=0
I (67549) rc_net: [CAM-PROBE] Video TX seq=360 jpeg_len=9775 crc32=0x28f037e4 chunks=9
I (68360) rc_video: Sent 360 | cap_fps=8.4 send_fps=8.4 capture_size_errors=0 capture_identity_errors=0 | Avg(ms): wait=50.1 cache=1.5 subsample=23.5 encode=24.5 send=6.1 total=105.8 | JPEG=9262B
I (68360) rc_video: [VIDEO-TX] handoff cap=368 get=737 select_fail=0 finished=368 signal=368 acquire=368 acquire_fail=0 release_fail=0 backup=0/0
I (68360) rc_video: [STABLE-CAPTURE] pause=368/368 timeout=0 quiesce=368 resume=368 lifecycle_errors=0 repairs=368 staged_events=6089 copies=5879 fallback=0 errors=0 prepare=369 stale_queue=0 pending_vsync=160 sync=589 complete=368 incomplete=221 incomplete_blocks=1819 hold=368/368 hold_timeout=0
W (69121) rc_tank: [DVP-MATRIX] result stage=0 strategy=network_first complete=375 incomplete=224 incomplete_blocks=1849 mismatch_hist=0,0,0,0,87,208,186,126,21,49,168 prepare=375 pending=163 hold=374/374 hold_timeout=0
W (69133) rc_tank: [DVP-MATRIX] advance stage=1; restart in 1s
I (70136) wifi:station: 44:1b:f6:f3:ae:40 leave, AID = 1, reason = 2, bss_flags is 756835, bss:0x3fcf12f8
I (70138) wifi:new:<1,0>, old:<1,1>, ap:<1,1>, sta:<255,255>, prof:1, snd_ch_cfg:0x0
I (70181) wifi:<ba-del>idx:2, tid:0
I (70182) wifi:new:<1,1>, old:<1,0>, ap:<1,1>, sta:<255,255>, prof:1, snd_ch_cfg:0x0
I (70185) rc_net: STA disconnected, MAC: 44:1b:f6:f3:ae:40
W (70187) rc_control: Network disconnected: motor stop enforced
W (70192) rc_tank: Network disconnected
W (70249) rc_video: Video send failed: ESP_ERR_INVALID_STATE
W (70339) rc_video: Video send failed: ESP_ERR_INVALID_STATE
W (70418) rc_video: Video send failed: ESP_ERR_INVALID_STATE
W (70537) rc_video: Video send failed: ESP_ERR_INVALID_STATE
I (70634) wifi:flush txq
I (70635) wifi:stop sw txq
I (70635) wifi:lmac stop hw txq
ESP-ROM:esp32s3-20210327
Build:Mar 27 2021
rst:0xc (RTC_SW_CPU_RST),boot:0x3 (DOWNLOAD(USB/UART0))
Saved PC:0x40381169
waiting for download

[HOST-DVP-MATRIX 11:56:02] COLD-R3 Tank restart recovery=2

[HOST-DVP-MATRIX 11:56:02] Tank RAM bootloader start
esptool.py v4.12.dev2
Serial port COM7
Connecting.........
Chip is ESP32-S3 (QFN56) (revision v0.2)
Features: WiFi, BLE
Crystal is 40MHz
MAC: 44:1b:f6:f3:ae:78
Uploading stub...
Running stub...
Stub running...
RAM boot...
Downloading 5360 bytes at 3fce2820... done!
Downloading 3364 bytes at 403c8700... done!
Downloading 12016 bytes at 403cb700... done!
All segments done, executing at 403c8924
Exiting immediately.

[HOST-DVP-MATRIX 11:56:07] Tank RAM bootloader complete
boot: chip revision: v0.2
I (3431) boot: efuse block revision: v1.3
I (3435) boot.esp32s3: Boot SPI Speed : 80MHz
I (3439) boot.esp32s3: SPI Mode       : SLOW READ
I (3444) boot.esp32s3: SPI Flash Size : 8MB
I (3448) boot: Enabling RNG early entropy source...
I (3452) boot: Partition Table:
I (3455) boot: ## Label            Usage          Type ST Offset   Length
I (3461) boot:  0 nvs              WiFi data        01 02 00009000 00006000
I (3468) boot:  1 phy_init         RF data          01 01 0000f000 00001000
I (3475) boot:  2 factory          factory app      00 00 00010000 00300000
I (3482) boot:  3 storage          Unknown data     01 82 00310000 00100000
I (3488) boot: End of partition table
I (3492) esp_image: segment 0: paddr=00010020 vaddr=3c0a0020 size=24ee0h (151264) map
I (3592) esp_image: segment 1: paddr=00034f08 vaddr=3fca0c00 size=05560h ( 21856) load
I (3606) esp_image: segment 2: paddr=0003a470 vaddr=40374000 size=05ba8h ( 23464) load
I (3621) esp_image: segment 3: paddr=00040020 vaddr=42000020 size=9b858h (637016) map
I (4010) esp_image: segment 4: paddr=000db880 vaddr=40379ba8 size=16fb4h ( 94132) load
I (4072) esp_image: segment 5: paddr=000f283c vaddr=50000000 size=00020h (    32) load
I (4083) boot: Loaded app from partition at offset 0x10000
I (4083) boot: Disabling RNG early entropy source...
I (4096) esp_psram: Found 8MB PSRAM device
I (4096) esp_psram: Speed: 80MHz
I (4096) cpu_start: Multicore app
I (5014) esp_psram: SPI SRAM memory test OK
I (5022) cpu_start: GPIO 44 and 43 are used as console UART I/O pins
I (5024) cpu_start: Pro cpu start user code
I (5024) cpu_start: cpu freq: 240000000 Hz
I (5025) app_init: Application information:
I (5029) app_init: Project name:     rc_tank_demo
I (5033) app_init: App version:      1
I (5037) app_init: Compile time:     Aug 26 2026 11:52:11
I (5042) app_init: ELF file SHA256:  1c3d7e5c2...
I (5046) app_init: ESP-IDF:          GIT-NOTFOUND
I (5051) efuse_init: Min chip rev:     v0.0
I (5055) efuse_init: Max chip rev:     v0.99 
I (5059) efuse_init: Chip rev:         v0.2
I (5063) heap_init: Initializing. RAM available for dynamic allocation:
I (5069) heap_init: At 3FCAA290 len 0003F480 (253 KiB): RAM
I (5074) heap_init: At 3FCE9710 len 00005724 (21 KiB): RAM
I (5079) heap_init: At 3FCF0000 len 00008000 (32 KiB): DRAM
I (5085) heap_init: At 600FE000 len 00001FE8 (7 KiB): RTCRAM
I (5091) esp_psram: Adding pool of 8192K of PSRAM memory to heap allocator
I (5098) spi_flash: detected chip: generic
I (5101) spi_flash: flash io: dio
I (5104) sleep_gpio: Configure to isolate all GPIO pins in sleep state
I (5110) sleep_gpio: Enable automatic switching of GPIO sleep configuration
I (5117) main_task: Started on CPU0
I (5141) esp_psram: Reserving pool of 64K of internal memory for DMA/internal allocations
I (5142) main_task: Calling app_main()
I (5158) rc_tank: === RC Tank Demo (EX-035) Role: TANK ===
I (5159) rc_tank: Startup delay 10 s (open serial monitor now)...
I (5159) rc_tank:   starting in 10 s
I (6162) rc_tank:   starting in 9 s
I (7162) rc_tank:   starting in 8 s
I (8162) rc_tank:   starting in 7 s
I (9162) rc_tank:   starting in 6 s
I (10162) rc_tank:   starting in 5 s
I (11162) rc_tank:   starting in 4 s
I (12162) rc_tank:   starting in 3 s
I (13162) rc_tank:   starting in 2 s
I (14162) rc_tank:   starting in 1 s
I (15162) rc_tank: Starting Tank role (P1: network, P2: control, P3: video)
I (15162) board_laiwfs300: init board support package
I (15162) board_laiwfs300: init capability registry
I (15167) board_laiwfs300: init I2C bus: SDA=GPIO48 SCL=GPIO47
I (15173) bus_i2c: I2C0 initialized: SDA=GPIO48 SCL=GPIO47 speed=100000Hz
I (15179) board_laiwfs300: --- I2C bus scan (0x08-0x77) ---
I (15186) board_laiwfs300:   I2C device ACK at 0x15
I (15189) board_laiwfs300:   I2C device ACK at 0x18
I (15194) board_laiwfs300:   I2C device ACK at 0x21
I (15198) board_laiwfs300:   I2C device ACK at 0x22
I (15206) board_laiwfs300:   I2C device ACK at 0x40
I (15209) board_laiwfs300:   I2C device ACK at 0x51
I (15215) board_laiwfs300:   I2C device ACK at 0x68
I (15218) board_laiwfs300: --- I2C scan done: 7 device(s) found ---
W (15222) board_laiwfs300: TPT29555A (IOEX) NOT found at 0x20 (NACK)
I (15228) board_laiwfs300: ES8311 (Codec) found at 0x18
I (15233) board_laiwfs300: ES7210 (ADC) found at 0x40
I (15238) board_laiwfs300: AIP8563 (RTC) found at 0x51
I (15243) board_laiwfs300: BMI260 (IMU @0x68) found at 0x68
W (15248) board_laiwfs300: BMI260 (IMU @0x69) NOT found at 0x69 (NACK)
I (15254) board_laiwfs300: SP0A39 (Camera) found at 0x21
I (15261) board_laiwfs300: ES8311 chip ID: 0x83 0x11
I (15265) board_laiwfs300: ES7210 chip ID: 0x72
I (15270) board_laiwfs300: AIP8563 RTC time: 23:29:19 (BCD raw)
I (15274) board_laiwfs300: BMI260 chip ID: 0x27 (expect 0x27)
I (15279) board_laiwfs300: init SPI bus manager
I (15285) board_laiwfs300: init ADC service
I (15288) board_adc: ADC1 oneshot initialized
I (15292) board_laiwfs300: init board power service
I (15297) board_laiwfs300: ADC D0_DETECT (GPIO1): raw=4095 (~3100 mV)
I (15302) board_laiwfs300: ADC BAT_ADC (GPIO7): raw=1637 (~1239 mV)
I (15308) board_laiwfs300: ADC SW_ADC (GPIO8): raw=4095 (~3100 mV)
I (15314) board_laiwfs300: init IO expander: TPT29555A addr=0x22
I (15323) io_expander: TPT29555A initialized at 0x22
I (15325) board_laiwfs300: IO expander initialized OK
I (15329) board_laiwfs300: init module detect
I (15334) board_laiwfs300: register detection rules
I (15338) board_laiwfs300: register default capabilities
I (15343) board_laiwfs300: board init complete (ioex=OK)
I (15348) rc_tank: [STEP] Motor init starting...
I (15353) board_motor: motor input 1 -> GPIO5 / LEDC channel 0
I (15358) board_motor: motor input 2 -> GPIO4 / LEDC channel 1
I (15364) board_motor: motor input 3 -> GPIO37 / LEDC channel 2
I (15369) board_motor: motor input 4 -> GPIO45 / LEDC channel 3
I (15375) rc_control: Motor initialized
I (15379) rc_tank: [STEP] Motor init OK
I (15382) rc_tank: [STEP] Display init starting...
I (15387) rc_video: Initializing Tank display
I (15392) display_hal: init ST7789V3 LCD 240x320 SPI host=1
E (15537) spi: spi_bus_initialize(816): SPI bus already initialized.
I (15658) display_hal: ST7789V3 LCD initialized
I (15658) board_display: display mapped: MOSI=GPIO13 SCK=GPIO12 CS=GPIO10 DC=GPIO16 BL=GPIO17 LCD_RST=IOEX P1_5 pclk=20000000
I (15663) rc_video: Tank display task started (status screen)
I (15664) rc_video: Tank display initialized (status task owns LCD)
I (15674) rc_tank: [STEP] Display init OK
I (15678) rc_tank: [STEP] Camera init starting...
I (15682) rc_video: Initializing camera (SP0A39 640x480 VYUY)
I (15688) board_camera: initializing SP0A39 camera mode=0 640x480
I (15693) camera_hal: init SP0A39 DVP 640x480 (SCCB manual mode)
I (15699) camera_hal: configuring IOEX pins for camera RESET/PWDN
I (15706) camera_hal: PWDN=HIGH (power down)
I (15719) camera_hal: PWDN=LOW (release sensor)
I (15919) camera_hal: RESET=LOW (assert reset)
I (15939) camera_hal: RESET=HIGH (release reset)
I (16939) camera_hal: full I2C scan after camera power-up (diagnostic only)...
I (16941) camera_hal:   post-powerup ACK at 0x15
I (16941) camera_hal:   post-powerup ACK at 0x18
I (16944) camera_hal:   post-powerup ACK at 0x21
I (16948) camera_hal:   post-powerup ACK at 0x22
I (16956) camera_hal:   post-powerup ACK at 0x40
I (16958) camera_hal:   post-powerup ACK at 0x51
I (16964) camera_hal:   post-powerup ACK at 0x68
I (16967) camera_hal: DVP GPIO diagnostics (checking PCLK/VSYNC/HSYNC activity)...
I (17033) camera_hal: DVP diagnostics: PCLK_changes=0 VSYNC_changes=0 HSYNC_changes=0
W (17033) camera_hal: PCLK has no transitions - MCLK likely not reaching sensor or sensor not active
I (17038) camera_hal: using sensor address 0x21
I (17043) camera_hal: SP0A39 I2C device added at 0x21
I (17049) camera_hal: SP0A39 chip ID: 0x0A39
I (17171) camera_hal: SP0A39 register init done: VYUY 640x480 (359 regs)
I (17172) camera_hal: [CAM-PROBE] SP0A39 p0_31 stage=post_table value=0x00 expected=0x01
E (17175) camera_hal: camera_hal_verify_expected_output_p0_31(92): unexpected p0_31=0x00 at post_table
W (17184) camera_hal: [CAM-PROBE] output state differs after table; continuing: ESP_ERR_INVALID_RESPONSE
I (17213) camera_hal: [CAM-PROBE] SP0A39 p0_31 stage=post_delay value=0x01 expected=0x01
I (17214) camera_hal: camera HAL initialized (sensor ready, DVP capture not yet implemented)
I (17218) board_camera: camera ready
I (17226) camera_hal: SP0A39 output regs: P0:1c=0x00 P0:30=0x01 P0:31=0x01 P1:32=0x15 P1:34=0xeb P1:35=0x00 P1:36=0x10
I (17358) rc_video:   3 DMA-capable PSRAM framebuffers allocated (600 KB each)
I (17361) dvp_ext: DVP Extended camera controller driver is initialized
I (17362) dvp_ext: [STABLE-DVP] assembly uses GDMA-EOF direct copy; dma=102400 half=51200 queue_data_events=suppressed eof_desc=probe
I (17372) rc_video: [STABLE-CAPTURE] staged DVP controller created dma=102400 half=51200
I (17380) rc_video: Camera initialized
I (17384) rc_tank: [STEP] Camera init OK
W (17388) rc_tank: [DVP-MATRIX] pre-network stage=1 strategy=cold_preview_30 frames=30 rebuild=0 wifi=off video_tx=not_created
I (17400) camera_hal: [CAM-PROBE] SP0A39 p0_31 stage=dvp_started value=0x01 expected=0x01
I (17448) rc_video: Round9 local camera preview enabled (240x180 at 80,0; DVP started)
W (22039) rc_video: [COLD-PREFLIGHT] complete target=30 captured=30 complete_delta=30 incomplete_delta=0 incomplete_blocks_delta=0; not a pass gate until live Q60/UDP
I (22043) rc_tank: [STEP] Network init starting...
I (22049) rc_net: Initializing as SoftAP (Tank)
I (22053) pp: pp rom version: e7ae62f
I (22056) net80211: net80211 rom version: e7ae62f
I (22062) wifi:wifi driver task: 3fce48f8, prio:23, stack:6656, core=0
I (22073) wifi:wifi firmware version: 0947e8b
I (22073) wifi:wifi certification version: v7.0
I (22074) wifi:config NVS flash: enabled
I (22078) wifi:config nano formatting: disabled
I (22082) wifi:Init data frame dynamic rx buffer num: 32
I (22087) wifi:Init static rx mgmt buffer num: 5
I (22092) wifi:Init management short buffer num: 32
I (22096) wifi:Init dynamic tx buffer num: 64
I (22100) wifi:Init static tx FG buffer num: 2
I (22105) wifi:Init static rx buffer size: 1600
I (22109) wifi:Init static rx buffer num: 10
I (22113) wifi:Init dynamic rx buffer num: 32
I (22118) wifi_init: rx ba win: 6
I (22120) wifi_init: accept mbox: 6
I (22123) wifi_init: tcpip mbox: 16
I (22126) wifi_init: udp mbox: 6
I (22129) wifi_init: tcp mbox: 6
I (22130) rc_video: Round9 preview displayed=30 fps=4.64 capture_fps=4.64 Avg(ms): convert=41.9 draw=36.0 | complete=30 size_err=0 identity_err=0
I (22132) wifi_init: tcp tx win: 5760
I (22148) wifi_init: tcp rx win: 5760
I (22152) wifi_init: tcp mss: 1440
I (22155) wifi_init: WiFi IRAM OP enabled
I (22198) wifi_init: WiFi RX IRAM OP enabled
I (22199) rc_net: AP set_mode/config, SSID=RC_TANK_F3AE79 ch=1
I (22205) phy_init: phy_version 711,97bcf0a2,Aug 25 2025,19:04:10
I (22246) wifi:mode : softAP (44:1b:f6:f3:ae:79)
I (22251) wifi:Total power save buffer number: 32
I (22252) wifi:Init max length of beacon: 752/752
I (22253) wifi:Init max length of beacon: 752/752
I (22255) rc_net: SoftAP started, SSID: RC_TANK_F3AE79, Password: 12345678
I (22256) esp_netif_lwip: DHCP server started on interface WIFI_AP_DEF with IP: 192.168.4.1
I (22269) rc_tank: [STEP] Network init OK
I (22272) rc_tank: Tank SoftAP ready, waiting for remote...
I (22278) rc_control: Ctrl RX task started
I (22281) rc_control: Tank control started
I (22285) rc_tank: Tank running (video + control; audio disabled)
I (22291) rc_tank: app_main done, idle loop
I (26867) rc_video: Round9 preview displayed=60 fps=6.33 capture_fps=6.33 Avg(ms): convert=42.3 draw=35.2 | complete=60 size_err=0 identity_err=0
I (31617) rc_video: Round9 preview displayed=90 fps=6.32 capture_fps=6.32 Avg(ms): convert=41.7 draw=35.2 | complete=90 size_err=0 identity_err=0
I (31862) wifi:new:<1,1>, old:<1,1>, ap:<1,1>, sta:<255,255>, prof:1, snd_ch_cfg:0x0
I (31863) wifi:station: 44:1b:f6:f3:ae:40 join, AID=1, bgn, 40U
I (31901) rc_net: STA connected, MAC: 44:1b:f6:f3:ae:40
I (31943) esp_netif_lwip: DHCP server assigned IP to a client, IP is: 192.168.4.2
I (31944) rc_net: STA assigned IP: 192.168.4.2
I (31944) rc_video: Local preview stop requested; waiting for video_tx handoff
I (31951) rc_tank: Network connected, peer: 192.168.4.2
W (31958) rc_tank: [DVP-MATRIX] start stage=1 strategy=cold_preview_30 preflight_frames=30 video_tx=not_created
I (31967) rc_net: Ctrl UDP socket bound to port 8001
I (31971) rc_net: Video UDP socket bound to port 8002
I (32013) rc_net: Audio TCP listening on port 8003
I (32014) rc_tank: Socket channels started
I (32014) rc_video: Local preview quiesced before video_tx; drained_ready_signals=0 stable_ready_preserved=1
I (32020) rc_video: Tank display ownership returned to status task after preview handoff
I (32034) rc_video: Video TX task started (240x180, sensor-driven, Q=60)
I (32034) rc_video: TX theory: raw=614400 B/frame, encoded YUV=86400 B/frame, target10fps raw=0.86 MB/s
I (32044) rc_video: PSRAM TX buffers: subsample=86400B jpeg=43200B send=43208B free_psram=5592524 free_internal=59635
I (32054) rc_video: TX buffer caps: subsample=0x3c350120(psram=1) jpeg=0x3c3652a4(psram=1) send=0x3c36fea8(psram=1)
I (32062) rc_video: Tank video started (camera source)
W (32069) rc_tank: [DVP-MATRIX] observe stage=1 strategy=cold_preview_30 duration_ms=45000 under live Q60/UDP load
I (32112) rc_net: [CAM-PROBE] Video TX seq=0 jpeg_len=9282 crc32=0x6056df9b chunks=8
W (32123) rc_net: Video UDP send failed: seq=0 chunk=4/8 bytes=1208 sent=-1 errno=12 attempts=4
W (32124) rc_video: Video send failed: ESP_FAIL

[HOST-DVP-MATRIX 11:56:36] COLD-R3 stage=1 visible window begin
W (32257) rc_video: Video send failed: ESP_FAIL
W (32311) rc_video: Video send failed: ESP_FAIL
W (32451) rc_video: Video send failed: ESP_FAIL
W (32548) rc_video: Video send failed: ESP_FAIL
W (32689) rc_video: Video send failed: ESP_FAIL
W (32854) rc_video: Video send failed: ESP_FAIL
W (32907) rc_video: Video send failed: ESP_FAIL
I (33060) wifi:<ba-add>idx:2 (ifx:1, 44:1b:f6:f3:ae:40), tid:0, ssn:0, winSize:64
I (36008) rc_net: [CAM-PROBE] Video TX seq=30 jpeg_len=9263 crc32=0xbe57bc2d chunks=8
I (36684) rc_video: Sent 30 | cap_fps=7.9 send_fps=6.4 capture_size_errors=0 capture_identity_errors=0 | Avg(ms): wait=58.0 cache=1.5 subsample=23.3 encode=25.2 send=6.6 total=114.7 | JPEG=9342B
I (36684) rc_video: [VIDEO-TX] handoff cap=130 get=261 select_fail=0 finished=130 signal=130 acquire=130 acquire_fail=0 release_fail=0 backup=0/0
I (36684) rc_video: [STABLE-CAPTURE] pause=130/130 timeout=0 quiesce=130 resume=130 lifecycle_errors=0 repairs=38 staged_events=1662 copies=1638 fallback=0 errors=0 prepare=131 stale_queue=0 pending_vsync=108 sync=157 complete=130 incomplete=27 incomplete_blocks=199 hold=130/130 hold_timeout=0
I (39491) rc_net: [CAM-PROBE] Video TX seq=60 jpeg_len=9327 crc32=0x4a9fccde chunks=8
I (40388) rc_video: Sent 60 | cap_fps=8.1 send_fps=8.1 capture_size_errors=0 capture_identity_errors=0 | Avg(ms): wait=53.9 cache=1.6 subsample=23.3 encode=24.5 send=6.3 total=109.6 | JPEG=9571B
I (40395) rc_video: [VIDEO-TX] handoff cap=160 get=320 select_fail=0 finished=160 signal=160 acquire=160 acquire_fail=0 release_fail=0 backup=0/0
I (40405) rc_video: [STABLE-CAPTURE] pause=160/160 timeout=0 quiesce=160 resume=160 lifecycle_errors=0 repairs=68 staged_events=2150 copies=2110 fallback=0 errors=0 prepare=161 stale_queue=0 pending_vsync=120 sync=206 complete=160 incomplete=46 incomplete_blocks=349 hold=160/160 hold_timeout=0
I (43152) rc_net: [CAM-PROBE] Video TX seq=90 jpeg_len=8450 crc32=0xa18ee978 chunks=8
I (43964) rc_video: Sent 90 | cap_fps=8.3 send_fps=8.3 capture_size_errors=0 capture_identity_errors=0 | Avg(ms): wait=48.4 cache=1.5 subsample=23.2 encode=25.2 send=6.2 total=104.5 | JPEG=9313B
I (43964) rc_video: [VIDEO-TX] handoff cap=190 get=381 select_fail=0 finished=190 signal=190 acquire=190 acquire_fail=0 release_fail=0 backup=0/0
I (43964) rc_video: [STABLE-CAPTURE] pause=190/190 timeout=0 quiesce=190 resume=190 lifecycle_errors=0 repairs=98 staged_events=2637 copies=2579 fallback=0 errors=0 prepare=191 stale_queue=0 pending_vsync=131 sync=255 complete=190 incomplete=65 incomplete_blocks=479 hold=190/190 hold_timeout=0
I (46892) rc_net: [CAM-PROBE] Video TX seq=120 jpeg_len=9647 crc32=0xd049997a chunks=9
I (47670) rc_video: Sent 120 | cap_fps=8.1 send_fps=8.1 capture_size_errors=0 capture_identity_errors=0 | Avg(ms): wait=51.2 cache=1.5 subsample=23.0 encode=25.2 send=7.3 total=108.3 | JPEG=9636B
I (47677) rc_video: [VIDEO-TX] handoff cap=220 get=440 select_fail=0 finished=220 signal=220 acquire=220 acquire_fail=0 release_fail=0 backup=0/0
I (47687) rc_video: [STABLE-CAPTURE] pause=220/220 timeout=0 quiesce=220 resume=220 lifecycle_errors=0 repairs=128 staged_events=3137 copies=3060 fallback=0 errors=0 prepare=221 stale_queue=0 pending_vsync=143 sync=307 complete=220 incomplete=87 incomplete_blocks=639 hold=220/220 hold_timeout=0
I (50336) rc_net: [CAM-PROBE] Video TX seq=150 jpeg_len=9313 crc32=0xf84cbc5c chunks=8
W (50819) rc_net: Video UDP send failed: seq=155 chunk=2/8 bytes=1208 sent=-1 errno=12 attempts=4
W (50820) rc_video: Video send failed: ESP_FAIL
I (51207) rc_video: Sent 150 | cap_fps=8.7 send_fps=8.4 capture_size_errors=0 capture_identity_errors=0 | Avg(ms): wait=43.8 cache=1.4 subsample=23.2 encode=25.1 send=6.3 total=99.8 | JPEG=8552B
I (51207) rc_video: [VIDEO-TX] handoff cap=251 get=503 select_fail=0 finished=251 signal=251 acquire=251 acquire_fail=0 release_fail=0 backup=0/0
I (51258) rc_video: [STABLE-CAPTURE] pause=252/252 timeout=0 quiesce=251 resume=251 lifecycle_errors=0 repairs=159 staged_events=3636 copies=3541 fallback=0 errors=0 prepare=252 stale_queue=0 pending_vsync=155 sync=354 complete=252 incomplete=102 incomplete_blocks=769 hold=252/252 hold_timeout=0
I (53858) rc_net: [CAM-PROBE] Video TX seq=180 jpeg_len=9451 crc32=0xc75dcc01 chunks=8
I (54873) rc_video: Sent 180 | cap_fps=8.2 send_fps=8.2 capture_size_errors=0 capture_identity_errors=0 | Avg(ms): wait=48.5 cache=1.5 subsample=23.2 encode=25.2 send=6.4 total=104.8 | JPEG=8696B
I (54881) rc_video: [VIDEO-TX] handoff cap=281 get=562 select_fail=0 finished=281 signal=281 acquire=281 acquire_fail=0 release_fail=0 backup=0/0
I (54891) rc_video: [STABLE-CAPTURE] pause=281/281 timeout=0 quiesce=281 resume=281 lifecycle_errors=0 repairs=189 staged_events=4125 copies=4010 fallback=0 errors=0 prepare=282 stale_queue=0 pending_vsync=166 sync=404 complete=281 incomplete=123 incomplete_blocks=918 hold=281/281 hold_timeout=0
I (57638) rc_net: [CAM-PROBE] Video TX seq=210 jpeg_len=10114 crc32=0x39594f12 chunks=9
I (58687) rc_video: Sent 210 | cap_fps=7.8 send_fps=7.8 capture_size_errors=0 capture_identity_errors=0 | Avg(ms): wait=58.5 cache=1.5 subsample=23.1 encode=25.0 send=7.2 total=115.2 | JPEG=9675B
I (58687) rc_video: [VIDEO-TX] handoff cap=311 get=623 select_fail=0 finished=311 signal=311 acquire=311 acquire_fail=0 release_fail=0 backup=0/0
I (58740) rc_video: [STABLE-CAPTURE] pause=312/312 timeout=0 quiesce=311 resume=311 lifecycle_errors=0 repairs=219 staged_events=4661 copies=4530 fallback=0 errors=0 prepare=312 stale_queue=0 pending_vsync=179 sync=458 complete=312 incomplete=146 incomplete_blocks=1098 hold=312/312 hold_timeout=0
I (61437) rc_net: [CAM-PROBE] Video TX seq=240 jpeg_len=8597 crc32=0x7cad0bd5 chunks=8
I (62553) rc_video: Sent 240 | cap_fps=7.8 send_fps=7.8 capture_size_errors=0 capture_identity_errors=0 | Avg(ms): wait=56.8 cache=1.5 subsample=23.4 encode=25.1 send=6.0 total=112.7 | JPEG=9449B
I (62560) rc_video: [VIDEO-TX] handoff cap=341 get=682 select_fail=0 finished=341 signal=341 acquire=341 acquire_fail=0 release_fail=0 backup=0/0
I (62569) rc_video: [STABLE-CAPTURE] pause=341/341 timeout=0 quiesce=341 resume=341 lifecycle_errors=0 repairs=249 staged_events=5180 copies=5030 fallback=0 errors=0 prepare=342 stale_queue=0 pending_vsync=191 sync=512 complete=341 incomplete=171 incomplete_blocks=1277 hold=341/341 hold_timeout=0
I (65139) rc_net: [CAM-PROBE] Video TX seq=270 jpeg_len=8677 crc32=0x3f13622b chunks=8
I (66234) rc_video: Sent 270 | cap_fps=8.1 send_fps=8.1 capture_size_errors=0 capture_identity_errors=0 | Avg(ms): wait=52.4 cache=1.4 subsample=23.1 encode=24.8 send=6.1 total=107.9 | JPEG=9784B
I (66242) rc_video: [VIDEO-TX] handoff cap=371 get=742 select_fail=0 finished=371 signal=371 acquire=371 acquire_fail=0 release_fail=0 backup=0/0
I (66250) rc_video: [STABLE-CAPTURE] pause=371/371 timeout=0 quiesce=371 resume=371 lifecycle_errors=0 repairs=279 staged_events=5667 copies=5500 fallback=0 errors=0 prepare=372 stale_queue=0 pending_vsync=204 sync=562 complete=371 incomplete=191 incomplete_blocks=1417 hold=371/371 hold_timeout=0
I (68780) rc_net: [CAM-PROBE] Video TX seq=300 jpeg_len=9394 crc32=0xbcdaca35 chunks=8
I (69835) rc_video: Sent 300 | cap_fps=8.3 send_fps=8.3 capture_size_errors=0 capture_identity_errors=0 | Avg(ms): wait=50.7 cache=1.4 subsample=23.1 encode=24.8 send=6.4 total=106.5 | JPEG=9922B
I (69843) rc_video: [VIDEO-TX] handoff cap=401 get=802 select_fail=0 finished=401 signal=401 acquire=401 acquire_fail=0 release_fail=0 backup=0/0
I (69848) rc_video: [STABLE-CAPTURE] pause=401/401 timeout=0 quiesce=401 resume=401 lifecycle_errors=0 repairs=309 staged_events=6154 copies=5970 fallback=0 errors=0 prepare=402 stale_queue=0 pending_vsync=217 sync=610 complete=401 incomplete=209 incomplete_blocks=1557 hold=401/401 hold_timeout=0
I (72597) rc_net: [CAM-PROBE] Video TX seq=330 jpeg_len=8720 crc32=0x06122aed chunks=8
I (73556) rc_video: Sent 330 | cap_fps=8.1 send_fps=8.1 capture_size_errors=0 capture_identity_errors=0 | Avg(ms): wait=55.3 cache=1.5 subsample=23.5 encode=24.7 send=6.1 total=111.1 | JPEG=9666B
I (73564) rc_video: [VIDEO-TX] handoff cap=431 get=862 select_fail=0 finished=431 signal=431 acquire=431 acquire_fail=0 release_fail=0 backup=0/0
I (73572) rc_video: [STABLE-CAPTURE] pause=431/431 timeout=0 quiesce=431 resume=431 lifecycle_errors=0 repairs=339 staged_events=6660 copies=6460 fallback=0 errors=0 prepare=432 stale_queue=0 pending_vsync=231 sync=659 complete=431 incomplete=228 incomplete_blocks=1717 hold=431/431 hold_timeout=0
I (76498) rc_net: [CAM-PROBE] Video TX seq=360 jpeg_len=9318 crc32=0x9ebd5395 chunks=8
W (77079) rc_tank: [DVP-MATRIX] result stage=1 strategy=cold_preview_30 complete=458 incomplete=250 incomplete_blocks=1867 mismatch_hist=0,2,0,1,103,210,178,109,22,67,255 prepare=459 pending=243 hold=458/458 hold_timeout=0
W (77091) rc_tank: [DVP-MATRIX] advance stage=2; restart in 1s
I (77408) rc_video: Sent 360 | cap_fps=7.7 send_fps=7.7 capture_size_errors=0 capture_identity_errors=0 | Avg(ms): wait=60.9 cache=1.4 subsample=23.4 encode=24.6 send=6.2 total=116.5 | JPEG=9313B
I (77408) rc_video: [VIDEO-TX] handoff cap=461 get=923 select_fail=0 finished=461 signal=461 acquire=461 acquire_fail=0 release_fail=0 backup=0/0
I (77408) rc_video: [STABLE-CAPTURE] pause=461/461 timeout=0 quiesce=461 resume=461 lifecycle_errors=0 repairs=369 staged_events=7173 copies=6958 fallback=0 errors=0 prepare=462 stale_queue=0 pending_vsync=244 sync=712 complete=461 incomplete=251 incomplete_blocks=1877 hold=461/461 hold_timeout=0
I (78126) wifi:station: 44:1b:f6:f3:ae:40 leave, AID = 1, reason = 2, bss_flags is 756835, bss:0x3fcf1374
I (78127) wifi:new:<1,0>, old:<1,1>, ap:<1,1>, sta:<255,255>, prof:1, snd_ch_cfg:0x0
I (78133) wifi:<ba-del>idx:2, tid:0
I (78136) wifi:new:<1,1>, old:<1,0>, ap:<1,1>, sta:<255,255>, prof:1, snd_ch_cfg:0x0
I (78145) rc_net: STA disconnected, MAC: 44:1b:f6:f3:ae:40
W (78149) rc_control: Network disconnected: motor stop enforced
W (78154) rc_tank: Network disconnected
W (78279) rc_video: Video send failed: ESP_ERR_INVALID_STATE
W (78358) rc_video: Video send failed: ESP_ERR_INVALID_STATE
W (78437) rc_video: Video send failed: ESP_ERR_INVALID_STATE
W (78516) rc_video: Video send failed: ESP_ERR_INVALID_STATE
W (78654) rc_video: Video send failed: ESP_ERR_INVALID_STATE
W (78757) rc_video: Video send failed: ESP_ERR_INVALID_STATE
I (78817) wifi:flush txq
I (78818) wifi:stop sw txq
I (78818) wifi:lmac stop hw txq
ESP-ROM:esp32s3-20210327
Build:Mar 27 2021
rst:0xc (RTC_SW_CPU_RST),boot:0x3 (DOWNLOAD(USB/UART0))
Saved PC:0x40381169
waiting for download

[HOST-DVP-MATRIX 11:57:22] COLD-R3 Tank restart recovery=3

[HOST-DVP-MATRIX 11:57:22] Tank RAM bootloader start
esptool.py v4.12.dev2
Serial port COM7
Connecting....
Chip is ESP32-S3 (QFN56) (revision v0.2)
Features: WiFi, BLE
Crystal is 40MHz
MAC: 44:1b:f6:f3:ae:78
Uploading stub...
Running stub...
Stub running...
RAM boot...
Downloading 5360 bytes at 3fce2820... done!
Downloading 3364 bytes at 403c8700... done!
Downloading 12016 bytes at 403cb700... done!
All segments done, executing at 403c8924
Exiting immediately.

[HOST-DVP-MATRIX 11:57:25] Tank RAM bootloader complete
t: efuse block revision: v1.3
I (2939) boot.esp32s3: Boot SPI Speed : 80MHz
I (2943) boot.esp32s3: SPI Mode       : SLOW READ
I (2947) boot.esp32s3: SPI Flash Size : 8MB
I (2951) boot: Enabling RNG early entropy source...
I (2956) boot: Partition Table:
I (2959) boot: ## Label            Usage          Type ST Offset   Length
I (2965) boot:  0 nvs              WiFi data        01 02 00009000 00006000
I (2972) boot:  1 phy_init         RF data          01 01 0000f000 00001000
I (2979) boot:  2 factory          factory app      00 00 00010000 00300000
I (2985) boot:  3 storage          Unknown data     01 82 00310000 00100000
I (2992) boot: End of partition table
I (2996) esp_image: segment 0: paddr=00010020 vaddr=3c0a0020 size=24ee0h (151264) map
I (3095) esp_image: segment 1: paddr=00034f08 vaddr=3fca0c00 size=05560h ( 21856) load
I (3110) esp_image: segment 2: paddr=0003a470 vaddr=40374000 size=05ba8h ( 23464) load
I (3125) esp_image: segment 3: paddr=00040020 vaddr=42000020 size=9b858h (637016) map
I (3514) esp_image: segment 4: paddr=000db880 vaddr=40379ba8 size=16fb4h ( 94132) load
I (3576) esp_image: segment 5: paddr=000f283c vaddr=50000000 size=00020h (    32) load
I (3587) boot: Loaded app from partition at offset 0x10000
I (3587) boot: Disabling RNG early entropy source...
I (3599) esp_psram: Found 8MB PSRAM device
I (3599) esp_psram: Speed: 80MHz
I (3600) cpu_start: Multicore app
I (4518) esp_psram: SPI SRAM memory test OK
I (4526) cpu_start: GPIO 44 and 43 are used as console UART I/O pins
I (4527) cpu_start: Pro cpu start user code
I (4527) cpu_start: cpu freq: 240000000 Hz
I (4529) app_init: Application information:
I (4533) app_init: Project name:     rc_tank_demo
I (4537) app_init: App version:      1
I (4540) app_init: Compile time:     Aug 26 2026 11:52:11
I (4546) app_init: ELF file SHA256:  1c3d7e5c2...
I (4550) app_init: ESP-IDF:          GIT-NOTFOUND
I (4554) efuse_init: Min chip rev:     v0.0
I (4558) efuse_init: Max chip rev:     v0.99 
I (4562) efuse_init: Chip rev:         v0.2
I (4566) heap_init: Initializing. RAM available for dynamic allocation:
I (4573) heap_init: At 3FCAA290 len 0003F480 (253 KiB): RAM
I (4578) heap_init: At 3FCE9710 len 00005724 (21 KiB): RAM
I (4583) heap_init: At 3FCF0000 len 00008000 (32 KiB): DRAM
I (4588) heap_init: At 600FE000 len 00001FE8 (7 KiB): RTCRAM
I (4594) esp_psram: Adding pool of 8192K of PSRAM memory to heap allocator
I (4602) spi_flash: detected chip: generic
I (4604) spi_flash: flash io: dio
I (4608) sleep_gpio: Configure to isolate all GPIO pins in sleep state
I (4614) sleep_gpio: Enable automatic switching of GPIO sleep configuration
I (4621) main_task: Started on CPU0
I (4645) esp_psram: Reserving pool of 64K of internal memory for DMA/internal allocations
I (4646) main_task: Calling app_main()
I (4662) rc_tank: === RC Tank Demo (EX-035) Role: TANK ===
I (4663) rc_tank: Startup delay 10 s (open serial monitor now)...
I (4663) rc_tank:   starting in 10 s
I (5666) rc_tank:   starting in 9 s
I (6666) rc_tank:   starting in 8 s
I (7666) rc_tank:   starting in 7 s
I (8666) rc_tank:   starting in 6 s
I (9666) rc_tank:   starting in 5 s
I (10666) rc_tank:   starting in 4 s
I (11666) rc_tank:   starting in 3 s
I (12666) rc_tank:   starting in 2 s
I (13666) rc_tank:   starting in 1 s
I (14666) rc_tank: Starting Tank role (P1: network, P2: control, P3: video)
I (14666) board_laiwfs300: init board support package
I (14666) board_laiwfs300: init capability registry
I (14671) board_laiwfs300: init I2C bus: SDA=GPIO48 SCL=GPIO47
I (14677) bus_i2c: I2C0 initialized: SDA=GPIO48 SCL=GPIO47 speed=100000Hz
I (14683) board_laiwfs300: --- I2C bus scan (0x08-0x77) ---
I (14690) board_laiwfs300:   I2C device ACK at 0x15
I (14693) board_laiwfs300:   I2C device ACK at 0x18
I (14698) board_laiwfs300:   I2C device ACK at 0x21
I (14702) board_laiwfs300:   I2C device ACK at 0x22
I (14710) board_laiwfs300:   I2C device ACK at 0x40
I (14713) board_laiwfs300:   I2C device ACK at 0x51
I (14719) board_laiwfs300:   I2C device ACK at 0x68
I (14722) board_laiwfs300: --- I2C scan done: 7 device(s) found ---
W (14726) board_laiwfs300: TPT29555A (IOEX) NOT found at 0x20 (NACK)
I (14732) board_laiwfs300: ES8311 (Codec) found at 0x18
I (14737) board_laiwfs300: ES7210 (ADC) found at 0x40
I (14742) board_laiwfs300: AIP8563 (RTC) found at 0x51
I (14747) board_laiwfs300: BMI260 (IMU @0x68) found at 0x68
W (14752) board_laiwfs300: BMI260 (IMU @0x69) NOT found at 0x69 (NACK)
I (14758) board_laiwfs300: SP0A39 (Camera) found at 0x21
I (14765) board_laiwfs300: ES8311 chip ID: 0x83 0x11
I (14769) board_laiwfs300: ES7210 chip ID: 0x72
I (14774) board_laiwfs300: AIP8563 RTC time: 23:30:38 (BCD raw)
I (14778) board_laiwfs300: BMI260 chip ID: 0x27 (expect 0x27)
I (14783) board_laiwfs300: init SPI bus manager
I (14789) board_laiwfs300: init ADC service
I (14792) board_adc: ADC1 oneshot initialized
I (14796) board_laiwfs300: init board power service
I (14801) board_laiwfs300: ADC D0_DETECT (GPIO1): raw=4095 (~3100 mV)
I (14806) board_laiwfs300: ADC BAT_ADC (GPIO7): raw=1650 (~1249 mV)
I (14812) board_laiwfs300: ADC SW_ADC (GPIO8): raw=4095 (~3100 mV)
I (14818) board_laiwfs300: init IO expander: TPT29555A addr=0x22
I (14827) io_expander: TPT29555A initialized at 0x22
I (14829) board_laiwfs300: IO expander initialized OK
I (14833) board_laiwfs300: init module detect
I (14838) board_laiwfs300: register detection rules
I (14842) board_laiwfs300: register default capabilities
I (14847) board_laiwfs300: board init complete (ioex=OK)
I (14852) rc_tank: [STEP] Motor init starting...
I (14857) board_motor: motor input 1 -> GPIO5 / LEDC channel 0
I (14862) board_motor: motor input 2 -> GPIO4 / LEDC channel 1
I (14868) board_motor: motor input 3 -> GPIO37 / LEDC channel 2
I (14873) board_motor: motor input 4 -> GPIO45 / LEDC channel 3
I (14879) rc_control: Motor initialized
I (14883) rc_tank: [STEP] Motor init OK
I (14886) rc_tank: [STEP] Display init starting...
I (14891) rc_video: Initializing Tank display
I (14896) display_hal: init ST7789V3 LCD 240x320 SPI host=1
E (15041) spi: spi_bus_initialize(816): SPI bus already initialized.
I (15162) display_hal: ST7789V3 LCD initialized
I (15162) board_display: display mapped: MOSI=GPIO13 SCK=GPIO12 CS=GPIO10 DC=GPIO16 BL=GPIO17 LCD_RST=IOEX P1_5 pclk=20000000
I (15167) rc_video: Tank display task started (status screen)
I (15168) rc_video: Tank display initialized (status task owns LCD)
I (15178) rc_tank: [STEP] Display init OK
I (15182) rc_tank: [STEP] Camera init starting...
I (15186) rc_video: Initializing camera (SP0A39 640x480 VYUY)
I (15192) board_camera: initializing SP0A39 camera mode=0 640x480
I (15197) camera_hal: init SP0A39 DVP 640x480 (SCCB manual mode)
I (15203) camera_hal: configuring IOEX pins for camera RESET/PWDN
I (15210) camera_hal: PWDN=HIGH (power down)
I (15223) camera_hal: PWDN=LOW (release sensor)
I (15423) camera_hal: RESET=LOW (assert reset)
I (15443) camera_hal: RESET=HIGH (release reset)
I (16443) camera_hal: full I2C scan after camera power-up (diagnostic only)...
I (16445) camera_hal:   post-powerup ACK at 0x15
I (16445) camera_hal:   post-powerup ACK at 0x18
I (16448) camera_hal:   post-powerup ACK at 0x21
I (16452) camera_hal:   post-powerup ACK at 0x22
I (16460) camera_hal:   post-powerup ACK at 0x40
I (16462) camera_hal:   post-powerup ACK at 0x51
I (16468) camera_hal:   post-powerup ACK at 0x68
I (16471) camera_hal: DVP GPIO diagnostics (checking PCLK/VSYNC/HSYNC activity)...
I (16537) camera_hal: DVP diagnostics: PCLK_changes=0 VSYNC_changes=0 HSYNC_changes=0
W (16537) camera_hal: PCLK has no transitions - MCLK likely not reaching sensor or sensor not active
I (16542) camera_hal: using sensor address 0x21
I (16547) camera_hal: SP0A39 I2C device added at 0x21
I (16553) camera_hal: SP0A39 chip ID: 0x0A39
I (16675) camera_hal: SP0A39 register init done: VYUY 640x480 (359 regs)
I (16676) camera_hal: [CAM-PROBE] SP0A39 p0_31 stage=post_table value=0x00 expected=0x01
E (16679) camera_hal: camera_hal_verify_expected_output_p0_31(92): unexpected p0_31=0x00 at post_table
W (16688) camera_hal: [CAM-PROBE] output state differs after table; continuing: ESP_ERR_INVALID_RESPONSE
I (16717) camera_hal: [CAM-PROBE] SP0A39 p0_31 stage=post_delay value=0x01 expected=0x01
I (16718) camera_hal: camera HAL initialized (sensor ready, DVP capture not yet implemented)
I (16722) board_camera: camera ready
I (16730) camera_hal: SP0A39 output regs: P0:1c=0x00 P0:30=0x01 P0:31=0x01 P1:32=0x15 P1:34=0xeb P1:35=0x00 P1:36=0x10
I (16862) rc_video:   3 DMA-capable PSRAM framebuffers allocated (600 KB each)
I (16865) dvp_ext: DVP Extended camera controller driver is initialized
I (16866) dvp_ext: [STABLE-DVP] assembly uses GDMA-EOF direct copy; dma=102400 half=51200 queue_data_events=suppressed eof_desc=probe
I (16876) rc_video: [STABLE-CAPTURE] staged DVP controller created dma=102400 half=51200
I (16884) rc_video: Camera initialized
I (16888) rc_tank: [STEP] Camera init OK
W (16892) rc_tank: [DVP-MATRIX] pre-network stage=2 strategy=cold_preview_120 frames=120 rebuild=0 wifi=off video_tx=not_created
I (16904) camera_hal: [CAM-PROBE] SP0A39 p0_31 stage=dvp_started value=0x01 expected=0x01
I (16952) rc_video: Round9 local camera preview enabled (240x180 at 80,0; DVP started)
I (21622) rc_video: Round9 preview displayed=30 fps=4.65 capture_fps=4.65 Avg(ms): convert=41.6 draw=35.9 | complete=30 size_err=0 identity_err=0
I (26372) rc_video: Round9 preview displayed=60 fps=6.32 capture_fps=6.32 Avg(ms): convert=41.6 draw=36.5 | complete=60 size_err=0 identity_err=0
I (31122) rc_video: Round9 preview displayed=90 fps=6.32 capture_fps=6.32 Avg(ms): convert=41.6 draw=36.5 | complete=90 size_err=0 identity_err=0
W (35798) rc_video: [COLD-PREFLIGHT] complete target=120 captured=120 complete_delta=120 incomplete_delta=0 incomplete_blocks_delta=0; not a pass gate until live Q60/UDP
I (35802) rc_tank: [STEP] Network init starting...
I (35810) rc_net: Initializing as SoftAP (Tank)
I (35816) pp: pp rom version: e7ae62f
I (35817) net80211: net80211 rom version: e7ae62f
I (35820) wifi:wifi driver task: 3fce4990, prio:23, stack:6656, core=0
I (35831) wifi:wifi firmware version: 0947e8b
I (35832) wifi:wifi certification version: v7.0
I (35833) wifi:config NVS flash: enabled
I (35837) wifi:config nano formatting: disabled
I (35841) wifi:Init data frame dynamic rx buffer num: 32
I (35846) wifi:Init static rx mgmt buffer num: 5
I (35850) wifi:Init management short buffer num: 32
I (35855) wifi:Init dynamic tx buffer num: 64
I (35859) wifi:Init static tx FG buffer num: 2
I (35863) wifi:Init static rx buffer size: 1600
I (35867) wifi:Init static rx buffer num: 10
I (35871) wifi:Init dynamic rx buffer num: 32
I (35878) wifi_init: rx ba win: 6
I (35878) wifi_init: accept mbox: 6
I (35882) wifi_init: tcpip mbox: 16
I (35886) wifi_init: udp mbox: 6
I (35888) wifi_init: tcp mbox: 6
I (35892) wifi_init: tcp tx win: 5760
I (35894) wifi_init: tcp rx win: 5760
I (35898) wifi_init: tcp mss: 1440
I (35902) wifi_init: WiFi IRAM OP enabled
I (35904) wifi_init: WiFi RX IRAM OP enabled
I (35909) rc_net: AP set_mode/config, SSID=RC_TANK_F3AE79 ch=1
I (35919) phy_init: phy_version 711,97bcf0a2,Aug 25 2025,19:04:10
I (35967) wifi:mode : softAP (44:1b:f6:f3:ae:79)
I (35972) wifi:Total power save buffer number: 32
I (35973) wifi:Init max length of beacon: 752/752
I (35973) wifi:Init max length of beacon: 752/752
I (35976) rc_net: SoftAP started, SSID: RC_TANK_F3AE79, Password: 12345678
I (35977) esp_netif_lwip: DHCP server started on interface WIFI_AP_DEF with IP: 192.168.4.1
I (35989) rc_tank: [STEP] Network init OK
I (35994) rc_tank: Tank SoftAP ready, waiting for remote...
I (35998) rc_control: Ctrl RX task started
I (36003) rc_control: Tank control started
I (36007) rc_tank: Tank running (video + control; audio disabled)
I (36013) rc_tank: app_main done, idle loop
I (36031) rc_video: Round9 preview displayed=120 fps=6.11 capture_fps=6.11 Avg(ms): convert=45.2 draw=38.2 | complete=120 size_err=0 identity_err=0
I (40004) wifi:new:<1,1>, old:<1,1>, ap:<1,1>, sta:<255,255>, prof:1, snd_ch_cfg:0x0
I (40005) wifi:station: 44:1b:f6:f3:ae:40 join, AID=1, bgn, 40U
I (40011) wifi:station: 44:1b:f6:f3:ae:40 leave, AID = 1, reason = 3, bss_flags is 34311266, bss:0x3fcf1320
I (40016) wifi:new:<1,0>, old:<1,1>, ap:<1,1>, sta:<255,255>, prof:1, snd_ch_cfg:0x0
I (40027) wifi:new:<1,1>, old:<1,0>, ap:<1,1>, sta:<255,255>, prof:1, snd_ch_cfg:0x0
I (40780) rc_video: Round9 preview displayed=150 fps=6.32 capture_fps=6.32 Avg(ms): convert=42.1 draw=36.5 | complete=150 size_err=0 identity_err=0
I (45529) rc_video: Round9 preview displayed=180 fps=6.32 capture_fps=6.32 Avg(ms): convert=42.1 draw=36.5 | complete=180 size_err=0 identity_err=0
I (50279) rc_video: Round9 preview displayed=210 fps=6.32 capture_fps=6.32 Avg(ms): convert=42.2 draw=36.5 | complete=210 size_err=0 identity_err=0
I (52451) wifi:new:<1,1>, old:<1,1>, ap:<1,1>, sta:<255,255>, prof:1, snd_ch_cfg:0x0
I (52452) wifi:station: 44:1b:f6:f3:ae:40 join, AID=1, bgn, 40U
I (52478) rc_net: STA connected, MAC: 44:1b:f6:f3:ae:40
I (52573) esp_netif_lwip: DHCP server assigned IP to a client, IP is: 192.168.4.2
I (52575) rc_net: STA assigned IP: 192.168.4.2
I (52575) rc_video: Local preview stop requested; waiting for video_tx handoff
I (52581) rc_tank: Network connected, peer: 192.168.4.2
W (52587) rc_tank: [DVP-MATRIX] start stage=2 strategy=cold_preview_120 preflight_frames=120 video_tx=not_created
I (52597) rc_net: Ctrl UDP socket bound to port 8001
I (52601) rc_net: Video UDP socket bound to port 8002
I (52606) rc_net: Audio TCP listening on port 8003
I (52610) rc_tank: Socket channels started
I (52614) rc_video: Local preview quiesced before video_tx; drained_ready_signals=0 stable_ready_preserved=1
I (52623) rc_video: Tank display ownership returned to status task after preview handoff
I (52638) rc_video: Video TX task started (240x180, sensor-driven, Q=60)
I (52638) rc_video: TX theory: raw=614400 B/frame, encoded YUV=86400 B/frame, target10fps raw=0.86 MB/s
I (52646) rc_video: PSRAM TX buffers: subsample=86400B jpeg=43200B send=43208B free_psram=5592524 free_internal=59763
I (52657) rc_video: TX buffer caps: subsample=0x3c350120(psram=1) jpeg=0x3c3652a4(psram=1) send=0x3c36fea8(psram=1)
I (52668) rc_video: Tank video started (camera source)
W (52672) rc_tank: [DVP-MATRIX] observe stage=2 strategy=cold_preview_120 duration_ms=45000 under live Q60/UDP load

[HOST-DVP-MATRIX 11:58:15] COLD-R3 stage=2 visible window begin
I (53622) wifi:<ba-add>idx:2 (ifx:1, 44:1b:f6:f3:ae:40), tid:0, ssn:0, winSize:64
W (54667) rc_video: [CAM-DIAG-R4] TX wait timeout #1 cap=225 get=450 select_fail=0 finished=225 signal=225 acquire=224 acquire_fail=0 release_fail=0 backup=0/0 pool=F2/W0/R1/D0 latest=0
W (56672) rc_video: [CAM-DIAG-R4] TX wait timeout #2 cap=225 get=450 select_fail=0 finished=225 signal=225 acquire=224 acquire_fail=0 release_fail=0 backup=0/0 pool=F2/W0/R1/D0 latest=0
W (58677) rc_video: [CAM-DIAG-R4] TX wait timeout #3 cap=225 get=450 select_fail=0 finished=225 signal=225 acquire=224 acquire_fail=0 release_fail=0 backup=0/0 pool=F2/W0/R1/D0 latest=0
W (60682) rc_video: [CAM-DIAG-R4] TX wait timeout #4 cap=225 get=450 select_fail=0 finished=225 signal=225 acquire=224 acquire_fail=0 release_fail=0 backup=0/0 pool=F2/W0/R1/D0 latest=0
W (62687) rc_video: [CAM-DIAG-R4] TX wait timeout #5 cap=225 get=450 select_fail=0 finished=225 signal=225 acquire=224 acquire_fail=0 release_fail=0 backup=0/0 pool=F2/W0/R1/D0 latest=0
W (64692) rc_video: [CAM-DIAG-R4] TX wait timeout #6 cap=225 get=450 select_fail=0 finished=225 signal=225 acquire=224 acquire_fail=0 release_fail=0 backup=0/0 pool=F2/W0/R1/D0 latest=0
W (66697) rc_video: [CAM-DIAG-R4] TX wait timeout #7 cap=225 get=450 select_fail=0 finished=225 signal=225 acquire=224 acquire_fail=0 release_fail=0 backup=0/0 pool=F2/W0/R1/D0 latest=0
W (68702) rc_video: [CAM-DIAG-R4] TX wait timeout #8 cap=225 get=450 select_fail=0 finished=225 signal=225 acquire=224 acquire_fail=0 release_fail=0 backup=0/0 pool=F2/W0/R1/D0 latest=0
W (70707) rc_video: [CAM-DIAG-R4] TX wait timeout #9 cap=225 get=450 select_fail=0 finished=225 signal=225 acquire=224 acquire_fail=0 release_fail=0 backup=0/0 pool=F2/W0/R1/D0 latest=0
W (72712) rc_video: [CAM-DIAG-R4] TX wait timeout #10 cap=225 get=450 select_fail=0 finished=225 signal=225 acquire=224 acquire_fail=0 release_fail=0 backup=0/0 pool=F2/W0/R1/D0 latest=0
W (74717) rc_video: [CAM-DIAG-R4] TX wait timeout #11 cap=225 get=450 select_fail=0 finished=225 signal=225 acquire=224 acquire_fail=0 release_fail=0 backup=0/0 pool=F2/W0/R1/D0 latest=0
W (76723) rc_video: [CAM-DIAG-R4] TX wait timeout #12 cap=225 get=450 select_fail=0 finished=225 signal=225 acquire=224 acquire_fail=0 release_fail=0 backup=0/0 pool=F2/W0/R1/D0 latest=0
W (78728) rc_video: [CAM-DIAG-R4] TX wait timeout #13 cap=225 get=450 select_fail=0 finished=225 signal=225 acquire=224 acquire_fail=0 release_fail=0 backup=0/0 pool=F2/W0/R1/D0 latest=0
W (80733) rc_video: [CAM-DIAG-R4] TX wait timeout #14 cap=225 get=450 select_fail=0 finished=225 signal=225 acquire=224 acquire_fail=0 release_fail=0 backup=0/0 pool=F2/W0/R1/D0 latest=0
W (82739) rc_video: [CAM-DIAG-R4] TX wait timeout #15 cap=225 get=450 select_fail=0 finished=225 signal=225 acquire=224 acquire_fail=0 release_fail=0 backup=0/0 pool=F2/W0/R1/D0 latest=0
W (84744) rc_video: [CAM-DIAG-R4] TX wait timeout #16 cap=225 get=450 select_fail=0 finished=225 signal=225 acquire=224 acquire_fail=0 release_fail=0 backup=0/0 pool=F2/W0/R1/D0 latest=0
W (86749) rc_video: [CAM-DIAG-R4] TX wait timeout #17 cap=225 get=450 select_fail=0 finished=225 signal=225 acquire=224 acquire_fail=0 release_fail=0 backup=0/0 pool=F2/W0/R1/D0 latest=0
W (88754) rc_video: [CAM-DIAG-R4] TX wait timeout #18 cap=225 get=450 select_fail=0 finished=225 signal=225 acquire=224 acquire_fail=0 release_fail=0 backup=0/0 pool=F2/W0/R1/D0 latest=0
W (90759) rc_video: [CAM-DIAG-R4] TX wait timeout #19 cap=225 get=450 select_fail=0 finished=225 signal=225 acquire=224 acquire_fail=0 release_fail=0 backup=0/0 pool=F2/W0/R1/D0 latest=0
W (92764) rc_video: [CAM-DIAG-R4] TX wait timeout #20 cap=225 get=450 select_fail=0 finished=225 signal=225 acquire=224 acquire_fail=0 release_fail=0 backup=0/0 pool=F2/W0/R1/D0 latest=0
W (94769) rc_video: [CAM-DIAG-R4] TX wait timeout #21 cap=225 get=450 select_fail=0 finished=225 signal=225 acquire=224 acquire_fail=0 release_fail=0 backup=0/0 pool=F2/W0/R1/D0 latest=0
W (96774) rc_video: [CAM-DIAG-R4] TX wait timeout #22 cap=225 get=450 select_fail=0 finished=225 signal=225 acquire=224 acquire_fail=0 release_fail=0 backup=0/0 pool=F2/W0/R1/D0 latest=0
W (97682) rc_tank: [DVP-MATRIX] result stage=2 strategy=cold_preview_120 complete=225 incomplete=0 incomplete_blocks=0 mismatch_hist=0,0,0,0,0,0,0,0,0,1,225 prepare=225 pending=225 hold=225/225 hold_timeout=0
W (97692) rc_tank: [DVP-MATRIX] advance stage=3; restart in 1s
I (98695) wifi:station: 44:1b:f6:f3:ae:40 leave, AID = 1, reason = 2, bss_flags is 756851, bss:0x3fcf1320
I (98697) wifi:new:<1,0>, old:<1,1>, ap:<1,1>, sta:<255,255>, prof:1, snd_ch_cfg:0x0
I (98703) wifi:<ba-del>idx:2, tid:0
I (98705) wifi:new:<1,1>, old:<1,0>, ap:<1,1>, sta:<255,255>, prof:1, snd_ch_cfg:0x0
I (98714) rc_net: STA disconnected, MAC: 44:1b:f6:f3:ae:40
W (98718) rc_control: Network disconnected: motor stop enforced
W (98723) rc_tank: Network disconnected
W (98779) rc_video: [CAM-DIAG-R4] TX wait timeout #23 cap=225 get=450 select_fail=0 finished=225 signal=225 acquire=224 acquire_fail=0 release_fail=0 backup=0/0 pool=F2/W0/R1/D0 latest=0
I (98824) wifi:flush txq
I (98824) wifi:stop sw txq
I (98825) wifi:lmac stop hw txq
ESP-ROM:esp32s3-20210327
Build:Mar 27 2021
rst:0xc (RTC_SW_CPU_RST),boot:0x3 (DOWNLOAD(USB/UART0))
Saved PC:0x4037e836
waiting for download

[HOST-DVP-MATRIX 11:59:01] COLD-R3 Tank restart recovery=4

[HOST-DVP-MATRIX 11:59:01] Tank RAM bootloader start
esptool.py v4.12.dev2
Serial port COM7
Connecting....
Chip is ESP32-S3 (QFN56) (revision v0.2)
Features: WiFi, BLE
Crystal is 40MHz
MAC: 44:1b:f6:f3:ae:78
Uploading stub...
Running stub...
Stub running...
RAM boot...
Downloading 5360 bytes at 3fce2820... done!
Downloading 3364 bytes at 403c8700... done!
Downloading 12016 bytes at 403cb700... done!
All segments done, executing at 403c8924
Exiting immediately.

[HOST-DVP-MATRIX 11:59:05] Tank RAM bootloader complete
9) boot: chip revision: v0.2
I (2941) boot: efuse block revision: v1.3
I (2945) boot.esp32s3: Boot SPI Speed : 80MHz
I (2949) boot.esp32s3: SPI Mode       : SLOW READ
I (2954) boot.esp32s3: SPI Flash Size : 8MB
I (2958) boot: Enabling RNG early entropy source...
I (2962) boot: Partition Table:
I (2965) boot: ## Label            Usage          Type ST Offset   Length
I (2972) boot:  0 nvs              WiFi data        01 02 00009000 00006000
I (2978) boot:  1 phy_init         RF data          01 01 0000f000 00001000
I (2985) boot:  2 factory          factory app      00 00 00010000 00300000
I (2992) boot:  3 storage          Unknown data     01 82 00310000 00100000
I (2998) boot: End of partition table
I (3002) esp_image: segment 0: paddr=00010020 vaddr=3c0a0020 size=24ee0h (151264) map
I (3102) esp_image: segment 1: paddr=00034f08 vaddr=3fca0c00 size=05560h ( 21856) load
I (3116) esp_image: segment 2: paddr=0003a470 vaddr=40374000 size=05ba8h ( 23464) load
I (3132) esp_image: segment 3: paddr=00040020 vaddr=42000020 size=9b858h (637016) map
I (3521) esp_image: segment 4: paddr=000db880 vaddr=40379ba8 size=16fb4h ( 94132) load
I (3582) esp_image: segment 5: paddr=000f283c vaddr=50000000 size=00020h (    32) load
I (3593) boot: Loaded app from partition at offset 0x10000
I (3594) boot: Disabling RNG early entropy source...
I (3606) esp_psram: Found 8MB PSRAM device
I (3606) esp_psram: Speed: 80MHz
I (3606) cpu_start: Multicore app
I (4524) esp_psram: SPI SRAM memory test OK
I (4532) cpu_start: GPIO 44 and 43 are used as console UART I/O pins
I (4534) cpu_start: Pro cpu start user code
I (4534) cpu_start: cpu freq: 240000000 Hz
I (4535) app_init: Application information:
I (4539) app_init: Project name:     rc_tank_demo
I (4543) app_init: App version:      1
I (4547) app_init: Compile time:     Aug 26 2026 11:52:11
I (4552) app_init: ELF file SHA256:  1c3d7e5c2...
I (4556) app_init: ESP-IDF:          GIT-NOTFOUND
I (4561) efuse_init: Min chip rev:     v0.0
I (4565) efuse_init: Max chip rev:     v0.99 
I (4569) efuse_init: Chip rev:         v0.2
I (4573) heap_init: Initializing. RAM available for dynamic allocation:
I (4579) heap_init: At 3FCAA290 len 0003F480 (253 KiB): RAM
I (4584) heap_init: At 3FCE9710 len 00005724 (21 KiB): RAM
I (4590) heap_init: At 3FCF0000 len 00008000 (32 KiB): DRAM
I (4595) heap_init: At 600FE000 len 00001FE8 (7 KiB): RTCRAM
I (4601) esp_psram: Adding pool of 8192K of PSRAM memory to heap allocator
I (4608) spi_flash: detected chip: generic
I (4611) spi_flash: flash io: dio
I (4615) sleep_gpio: Configure to isolate all GPIO pins in sleep state
I (4620) sleep_gpio: Enable automatic switching of GPIO sleep configuration
I (4627) main_task: Started on CPU0
I (4651) esp_psram: Reserving pool of 64K of internal memory for DMA/internal allocations
I (4652) main_task: Calling app_main()
I (4668) rc_tank: === RC Tank Demo (EX-035) Role: TANK ===
I (4669) rc_tank: Startup delay 10 s (open serial monitor now)...
I (4669) rc_tank:   starting in 10 s
I (5672) rc_tank:   starting in 9 s
I (6672) rc_tank:   starting in 8 s
I (7672) rc_tank:   starting in 7 s
I (8672) rc_tank:   starting in 6 s
I (9672) rc_tank:   starting in 5 s
I (10672) rc_tank:   starting in 4 s
I (11672) rc_tank:   starting in 3 s
I (12672) rc_tank:   starting in 2 s
I (13672) rc_tank:   starting in 1 s
I (14672) rc_tank: Starting Tank role (P1: network, P2: control, P3: video)
I (14672) board_laiwfs300: init board support package
I (14672) board_laiwfs300: init capability registry
I (14677) board_laiwfs300: init I2C bus: SDA=GPIO48 SCL=GPIO47
I (14683) bus_i2c: I2C0 initialized: SDA=GPIO48 SCL=GPIO47 speed=100000Hz
I (14689) board_laiwfs300: --- I2C bus scan (0x08-0x77) ---
I (14696) board_laiwfs300:   I2C device ACK at 0x15
I (14699) board_laiwfs300:   I2C device ACK at 0x18
I (14704) board_laiwfs300:   I2C device ACK at 0x21
I (14708) board_laiwfs300:   I2C device ACK at 0x22
I (14716) board_laiwfs300:   I2C device ACK at 0x40
I (14719) board_laiwfs300:   I2C device ACK at 0x51
I (14725) board_laiwfs300:   I2C device ACK at 0x68
I (14728) board_laiwfs300: --- I2C scan done: 7 device(s) found ---
W (14732) board_laiwfs300: TPT29555A (IOEX) NOT found at 0x20 (NACK)
I (14738) board_laiwfs300: ES8311 (Codec) found at 0x18
I (14743) board_laiwfs300: ES7210 (ADC) found at 0x40
I (14748) board_laiwfs300: AIP8563 (RTC) found at 0x51
I (14753) board_laiwfs300: BMI260 (IMU @0x68) found at 0x68
W (14758) board_laiwfs300: BMI260 (IMU @0x69) NOT found at 0x69 (NACK)
I (14764) board_laiwfs300: SP0A39 (Camera) found at 0x21
I (14771) board_laiwfs300: ES8311 chip ID: 0x83 0x11
I (14775) board_laiwfs300: ES7210 chip ID: 0x72
I (14780) board_laiwfs300: AIP8563 RTC time: 23:32:17 (BCD raw)
I (14784) board_laiwfs300: BMI260 chip ID: 0x27 (expect 0x27)
I (14789) board_laiwfs300: init SPI bus manager
I (14795) board_laiwfs300: init ADC service
I (14798) board_adc: ADC1 oneshot initialized
I (14802) board_laiwfs300: init board power service
I (14807) board_laiwfs300: ADC D0_DETECT (GPIO1): raw=4095 (~3100 mV)
I (14812) board_laiwfs300: ADC BAT_ADC (GPIO7): raw=1655 (~1252 mV)
I (14818) board_laiwfs300: ADC SW_ADC (GPIO8): raw=4095 (~3100 mV)
I (14824) board_laiwfs300: init IO expander: TPT29555A addr=0x22
I (14833) io_expander: TPT29555A initialized at 0x22
I (14835) board_laiwfs300: IO expander initialized OK
I (14839) board_laiwfs300: init module detect
I (14844) board_laiwfs300: register detection rules
I (14848) board_laiwfs300: register default capabilities
I (14853) board_laiwfs300: board init complete (ioex=OK)
I (14858) rc_tank: [STEP] Motor init starting...
I (14863) board_motor: motor input 1 -> GPIO5 / LEDC channel 0
I (14868) board_motor: motor input 2 -> GPIO4 / LEDC channel 1
I (14874) board_motor: motor input 3 -> GPIO37 / LEDC channel 2
I (14879) board_motor: motor input 4 -> GPIO45 / LEDC channel 3
I (14885) rc_control: Motor initialized
I (14889) rc_tank: [STEP] Motor init OK
I (14892) rc_tank: [STEP] Display init starting...
I (14897) rc_video: Initializing Tank display
I (14902) display_hal: init ST7789V3 LCD 240x320 SPI host=1
E (15047) spi: spi_bus_initialize(816): SPI bus already initialized.
I (15168) display_hal: ST7789V3 LCD initialized
I (15168) board_display: display mapped: MOSI=GPIO13 SCK=GPIO12 CS=GPIO10 DC=GPIO16 BL=GPIO17 LCD_RST=IOEX P1_5 pclk=20000000
I (15173) rc_video: Tank display task started (status screen)
I (15174) rc_video: Tank display initialized (status task owns LCD)
I (15184) rc_tank: [STEP] Display init OK
I (15188) rc_tank: [STEP] Camera init starting...
I (15192) rc_video: Initializing camera (SP0A39 640x480 VYUY)
I (15198) board_camera: initializing SP0A39 camera mode=0 640x480
I (15203) camera_hal: init SP0A39 DVP 640x480 (SCCB manual mode)
I (15209) camera_hal: configuring IOEX pins for camera RESET/PWDN
I (15216) camera_hal: PWDN=HIGH (power down)
I (15229) camera_hal: PWDN=LOW (release sensor)
I (15429) camera_hal: RESET=LOW (assert reset)
I (15449) camera_hal: RESET=HIGH (release reset)
I (16449) camera_hal: full I2C scan after camera power-up (diagnostic only)...
I (16451) camera_hal:   post-powerup ACK at 0x15
I (16451) camera_hal:   post-powerup ACK at 0x18
I (16454) camera_hal:   post-powerup ACK at 0x21
I (16458) camera_hal:   post-powerup ACK at 0x22
I (16466) camera_hal:   post-powerup ACK at 0x40
I (16468) camera_hal:   post-powerup ACK at 0x51
I (16474) camera_hal:   post-powerup ACK at 0x68
I (16477) camera_hal: DVP GPIO diagnostics (checking PCLK/VSYNC/HSYNC activity)...
I (16543) camera_hal: DVP diagnostics: PCLK_changes=0 VSYNC_changes=0 HSYNC_changes=0
W (16543) camera_hal: PCLK has no transitions - MCLK likely not reaching sensor or sensor not active
I (16548) camera_hal: using sensor address 0x21
I (16553) camera_hal: SP0A39 I2C device added at 0x21
I (16559) camera_hal: SP0A39 chip ID: 0x0A39
I (16681) camera_hal: SP0A39 register init done: VYUY 640x480 (359 regs)
I (16682) camera_hal: [CAM-PROBE] SP0A39 p0_31 stage=post_table value=0x00 expected=0x01
E (16685) camera_hal: camera_hal_verify_expected_output_p0_31(92): unexpected p0_31=0x00 at post_table
W (16694) camera_hal: [CAM-PROBE] output state differs after table; continuing: ESP_ERR_INVALID_RESPONSE
I (16723) camera_hal: [CAM-PROBE] SP0A39 p0_31 stage=post_delay value=0x01 expected=0x01
I (16724) camera_hal: camera HAL initialized (sensor ready, DVP capture not yet implemented)
I (16728) board_camera: camera ready
I (16736) camera_hal: SP0A39 output regs: P0:1c=0x00 P0:30=0x01 P0:31=0x01 P1:32=0x15 P1:34=0xeb P1:35=0x00 P1:36=0x10
I (16868) rc_video:   3 DMA-capable PSRAM framebuffers allocated (600 KB each)
I (16871) dvp_ext: DVP Extended camera controller driver is initialized
I (16872) dvp_ext: [STABLE-DVP] assembly uses GDMA-EOF direct copy; dma=102400 half=51200 queue_data_events=suppressed eof_desc=probe
I (16882) rc_video: [STABLE-CAPTURE] staged DVP controller created dma=102400 half=51200
I (16890) rc_video: Camera initialized
I (16894) rc_tank: [STEP] Camera init OK
W (16898) rc_tank: [DVP-MATRIX] pre-network stage=3 strategy=rebuild_then_cold_preview_120 frames=120 rebuild=1 wifi=off video_tx=not_created
E (16911) gpio: gpio_install_isr_service(537): GPIO isr service already installed
I (16918) dvp_ext: DVP Extended camera controller driver is initialized
I (16923) dvp_ext: [STABLE-DVP] assembly uses GDMA-EOF direct copy; dma=102400 half=51200 queue_data_events=suppressed eof_desc=probe
W (16935) rc_video: [DVP-REBUILD] complete old=0x3fcebecc new=0x3fcebecc drained=0 internal=145999->145999; GDMA channel/descriptors/event queue/task recreated
I (16951) camera_hal: [CAM-PROBE] SP0A39 p0_31 stage=dvp_started value=0x01 expected=0x01
I (16998) rc_video: Round9 local camera preview enabled (240x180 at 80,0; DVP started)
I (21668) rc_video: Round9 preview displayed=30 fps=4.62 capture_fps=4.62 Avg(ms): convert=41.6 draw=36.0 | complete=30 size_err=0 identity_err=0
I (26418) rc_video: Round9 preview displayed=60 fps=6.32 capture_fps=6.32 Avg(ms): convert=41.6 draw=36.4 | complete=60 size_err=0 identity_err=0
I (31168) rc_video: Round9 preview displayed=90 fps=6.32 capture_fps=6.32 Avg(ms): convert=41.6 draw=36.5 | complete=90 size_err=0 identity_err=0
W (35838) rc_video: [COLD-PREFLIGHT] complete target=120 captured=120 complete_delta=120 incomplete_delta=0 incomplete_blocks_delta=0; not a pass gate until live Q60/UDP
I (35844) rc_tank: [STEP] Network init starting...
I (35852) rc_net: Initializing as SoftAP (Tank)
I (35857) pp: pp rom version: e7ae62f
I (35859) net80211: net80211 rom version: e7ae62f
I (35863) wifi:wifi driver task: 3fce4990, prio:23, stack:6656, core=0
I (35873) wifi:wifi firmware version: 0947e8b
I (35874) wifi:wifi certification version: v7.0
I (35875) wifi:config NVS flash: enabled
I (35878) wifi:config nano formatting: disabled
I (35883) wifi:Init data frame dynamic rx buffer num: 32
I (35888) wifi:Init static rx mgmt buffer num: 5
I (35892) wifi:Init management short buffer num: 32
I (35897) wifi:Init dynamic tx buffer num: 64
I (35901) wifi:Init static tx FG buffer num: 2
I (35905) wifi:Init static rx buffer size: 1600
I (35909) wifi:Init static rx buffer num: 10
I (35913) wifi:Init dynamic rx buffer num: 32
I (35920) wifi_init: rx ba win: 6
I (35920) wifi_init: accept mbox: 6
I (35924) wifi_init: tcpip mbox: 16
I (35928) wifi_init: udp mbox: 6
I (35930) wifi_init: tcp mbox: 6
I (35934) wifi_init: tcp tx win: 5760
I (35936) wifi_init: tcp rx win: 5760
I (35940) wifi_init: tcp mss: 1440
I (35942) wifi_init: WiFi IRAM OP enabled
I (35946) wifi_init: WiFi RX IRAM OP enabled
I (35951) rc_net: AP set_mode/config, SSID=RC_TANK_F3AE79 ch=1
I (35961) phy_init: phy_version 711,97bcf0a2,Aug 25 2025,19:04:10
I (36000) wifi:mode : softAP (44:1b:f6:f3:ae:79)
I (36005) wifi:Total power save buffer number: 32
I (36006) wifi:Init max length of beacon: 752/752
I (36006) wifi:Init max length of beacon: 752/752
I (36009) rc_net: SoftAP started, SSID: RC_TANK_F3AE79, Password: 12345678
I (36010) esp_netif_lwip: DHCP server started on interface WIFI_AP_DEF with IP: 192.168.4.1
I (36022) rc_tank: [STEP] Network init OK
I (36026) rc_tank: Tank SoftAP ready, waiting for remote...
I (36032) rc_control: Ctrl RX task started
I (36036) rc_control: Tank control started
I (36040) rc_tank: Tank running (video + control; audio disabled)
I (36045) rc_tank: app_main done, idle loop
I (36063) rc_video: Round9 preview displayed=120 fps=6.13 capture_fps=6.13 Avg(ms): convert=45.0 draw=37.9 | complete=120 size_err=0 identity_err=0
I (40497) wifi:new:<1,1>, old:<1,1>, ap:<1,1>, sta:<255,255>, prof:1, snd_ch_cfg:0x0
I (40499) wifi:station: 44:1b:f6:f3:ae:40 join, AID=1, bgn, 40U
I (40559) rc_net: STA connected, MAC: 44:1b:f6:f3:ae:40
I (40592) esp_netif_lwip: DHCP server assigned IP to a client, IP is: 192.168.4.2
I (40593) rc_net: STA assigned IP: 192.168.4.2
I (40594) rc_video: Local preview stop requested; waiting for video_tx handoff
I (40600) rc_tank: Network connected, peer: 192.168.4.2
W (40606) rc_tank: [DVP-MATRIX] start stage=3 strategy=rebuild_then_cold_preview_120 preflight_frames=120 video_tx=not_created
I (40618) rc_net: Ctrl UDP socket bound to port 8001
I (40621) rc_net: Video UDP socket bound to port 8002
I (40627) rc_net: Audio TCP listening on port 8003
I (40630) rc_tank: Socket channels started
I (40681) rc_video: Local preview quiesced before video_tx; drained_ready_signals=0 stable_ready_preserved=1
I (40681) rc_video: Tank display ownership returned to status task after preview handoff
I (40694) rc_video: Video TX task started (240x180, sensor-driven, Q=60)
I (40694) rc_video: TX theory: raw=614400 B/frame, encoded YUV=86400 B/frame, target10fps raw=0.86 MB/s
I (40703) rc_video: PSRAM TX buffers: subsample=86400B jpeg=43200B send=43208B free_psram=5592524 free_internal=59639
I (40743) rc_video: TX buffer caps: subsample=0x3c350120(psram=1) jpeg=0x3c3652a4(psram=1) send=0x3c36fea8(psram=1)
I (40747) rc_video: Tank video started (camera source)
W (40757) rc_tank: [DVP-MATRIX] observe stage=3 strategy=rebuild_then_cold_preview_120 duration_ms=45000 under live Q60/UDP load
I (40808) rc_net: [CAM-PROBE] Video TX seq=0 jpeg_len=9580 crc32=0xdefd7a5e chunks=8
W (40818) rc_net: Video UDP send failed: seq=0 chunk=4/8 bytes=1208 sent=-1 errno=12 attempts=4
W (40819) rc_video: Video send failed: ESP_FAIL

[HOST-DVP-MATRIX 11:59:42] COLD-R3 stage=3 visible window begin
W (40928) rc_video: Video send failed: ESP_FAIL
W (41105) rc_video: Video send failed: ESP_FAIL
W (41163) rc_video: Video send failed: ESP_FAIL
W (41299) rc_video: Video send failed: ESP_FAIL
W (41501) rc_video: Video send failed: ESP_FAIL
I (41683) wifi:<ba-add>idx:2 (ifx:1, 44:1b:f6:f3:ae:40), tid:0, ssn:0, winSize:64
I (44582) rc_net: [CAM-PROBE] Video TX seq=30 jpeg_len=8659 crc32=0x948dd106 chunks=8
I (45255) rc_video: Sent 30 | cap_fps=7.9 send_fps=6.5 capture_size_errors=0 capture_identity_errors=0 | Avg(ms): wait=58.4 cache=1.5 subsample=23.2 encode=24.9 send=6.4 total=114.4 | JPEG=9708B
I (45255) rc_video: [VIDEO-TX] handoff cap=185 get=371 select_fail=0 finished=185 signal=185 acquire=185 acquire_fail=0 release_fail=0 backup=0/0
I (45304) rc_video: [STABLE-CAPTURE] pause=185/185 timeout=0 quiesce=185 resume=185 lifecycle_errors=0 repairs=36 staged_events=2277 copies=2256 fallback=0 errors=0 prepare=186 stale_queue=0 pending_vsync=165 sync=213 complete=186 incomplete=27 incomplete_blocks=210 hold=185/185 hold_timeout=0
I (48282) rc_net: [CAM-PROBE] Video TX seq=60 jpeg_len=10020 crc32=0x523451c3 chunks=9
I (48922) rc_video: Sent 60 | cap_fps=8.2 send_fps=8.2 capture_size_errors=0 capture_identity_errors=0 | Avg(ms): wait=51.4 cache=1.4 subsample=23.5 encode=24.7 send=6.1 total=107.2 | JPEG=9844B
I (48929) rc_video: [VIDEO-TX] handoff cap=215 get=430 select_fail=0 finished=215 signal=215 acquire=215 acquire_fail=0 release_fail=0 backup=0/0
I (48939) rc_video: [STABLE-CAPTURE] pause=215/215 timeout=0 quiesce=215 resume=215 lifecycle_errors=0 repairs=66 staged_events=2777 copies=2737 fallback=0 errors=0 prepare=216 stale_queue=0 pending_vsync=178 sync=261 complete=215 incomplete=46 incomplete_blocks=370 hold=215/215 hold_timeout=0
I (51807) rc_net: [CAM-PROBE] Video TX seq=90 jpeg_len=9587 crc32=0x14ec8511 chunks=8
I (52382) rc_video: Sent 90 | cap_fps=8.6 send_fps=8.6 capture_size_errors=0 capture_identity_errors=0 | Avg(ms): wait=46.0 cache=1.4 subsample=23.2 encode=24.7 send=8.6 total=104.0 | JPEG=9309B
I (52382) rc_video: [VIDEO-TX] handoff cap=245 get=491 select_fail=0 finished=245 signal=245 acquire=245 acquire_fail=0 release_fail=0 backup=0/0
I (52382) rc_video: [STABLE-CAPTURE] pause=245/245 timeout=0 quiesce=245 resume=245 lifecycle_errors=0 repairs=96 staged_events=3252 copies=3196 fallback=0 errors=0 prepare=246 stale_queue=0 pending_vsync=192 sync=304 complete=245 incomplete=59 incomplete_blocks=490 hold=245/245 hold_timeout=0
I (55430) rc_net: [CAM-PROBE] Video TX seq=120 jpeg_len=9281 crc32=0xf6e3818d chunks=8
I (55941) rc_video: Sent 120 | cap_fps=8.4 send_fps=8.4 capture_size_errors=0 capture_identity_errors=0 | Avg(ms): wait=49.5 cache=1.5 subsample=23.2 encode=25.0 send=6.0 total=105.2 | JPEG=9293B
I (55941) rc_video: [VIDEO-TX] handoff cap=275 get=551 select_fail=0 finished=275 signal=275 acquire=275 acquire_fail=0 release_fail=0 backup=0/0
I (55941) rc_video: [STABLE-CAPTURE] pause=275/275 timeout=0 quiesce=275 resume=275 lifecycle_errors=0 repairs=126 staged_events=3740 copies=3666 fallback=0 errors=0 prepare=276 stale_queue=0 pending_vsync=203 sync=352 complete=275 incomplete=77 incomplete_blocks=630 hold=275/275 hold_timeout=0
I (59111) rc_net: [CAM-PROBE] Video TX seq=150 jpeg_len=9286 crc32=0x119e38b1 chunks=8
I (59622) rc_video: Sent 150 | cap_fps=8.2 send_fps=8.2 capture_size_errors=0 capture_identity_errors=0 | Avg(ms): wait=52.9 cache=1.4 subsample=23.2 encode=25.0 send=6.0 total=108.6 | JPEG=9325B
I (59622) rc_video: [VIDEO-TX] handoff cap=305 get=611 select_fail=0 finished=305 signal=305 acquire=305 acquire_fail=0 release_fail=0 backup=0/0
I (59622) rc_video: [STABLE-CAPTURE] pause=305/305 timeout=0 quiesce=305 resume=305 lifecycle_errors=0 repairs=156 staged_events=4238 copies=4146 fallback=0 errors=0 prepare=306 stale_queue=0 pending_vsync=215 sync=403 complete=305 incomplete=98 incomplete_blocks=780 hold=305/305 hold_timeout=0
I (62533) rc_net: [CAM-PROBE] Video TX seq=180 jpeg_len=9031 crc32=0x8a14fcf0 chunks=8
I (63105) rc_video: Sent 180 | cap_fps=8.6 send_fps=8.6 capture_size_errors=0 capture_identity_errors=0 | Avg(ms): wait=45.1 cache=1.5 subsample=23.3 encode=24.9 send=7.3 total=102.0 | JPEG=9312B
I (63105) rc_video: [VIDEO-TX] handoff cap=335 get=671 select_fail=0 finished=335 signal=335 acquire=335 acquire_fail=0 release_fail=0 backup=0/0
I (63105) rc_video: [STABLE-CAPTURE] pause=335/335 timeout=0 quiesce=335 resume=335 lifecycle_errors=0 repairs=186 staged_events=4715 copies=4606 fallback=0 errors=0 prepare=336 stale_queue=0 pending_vsync=228 sync=448 complete=335 incomplete=113 incomplete_blocks=910 hold=335/335 hold_timeout=0
I (66055) rc_net: [CAM-PROBE] Video TX seq=210 jpeg_len=9613 crc32=0xd504b992 chunks=9
I (66631) rc_video: Sent 210 | cap_fps=8.5 send_fps=8.5 capture_size_errors=0 capture_identity_errors=0 | Avg(ms): wait=49.0 cache=1.5 subsample=23.2 encode=24.5 send=6.3 total=104.5 | JPEG=9299B
I (66631) rc_video: [VIDEO-TX] handoff cap=365 get=731 select_fail=0 finished=365 signal=365 acquire=365 acquire_fail=0 release_fail=0 backup=0/0
I (66631) rc_video: [STABLE-CAPTURE] pause=365/365 timeout=0 quiesce=365 resume=365 lifecycle_errors=0 repairs=216 staged_events=5199 copies=5075 fallback=0 errors=0 prepare=366 stale_queue=0 pending_vsync=243 sync=492 complete=365 incomplete=127 incomplete_blocks=1050 hold=365/365 hold_timeout=0
I (69675) rc_net: [CAM-PROBE] Video TX seq=240 jpeg_len=10050 crc32=0xb9fa286b chunks=9
I (70308) rc_video: Sent 240 | cap_fps=8.1 send_fps=8.1 capture_size_errors=0 capture_identity_errors=0 | Avg(ms): wait=52.5 cache=1.4 subsample=23.7 encode=25.1 send=7.3 total=110.0 | JPEG=9930B
I (70308) rc_video: [VIDEO-TX] handoff cap=395 get=791 select_fail=0 finished=395 signal=395 acquire=395 acquire_fail=0 release_fail=0 backup=0/0
I (70361) rc_video: [STABLE-CAPTURE] pause=396/396 timeout=0 quiesce=395 resume=395 lifecycle_errors=0 repairs=246 staged_events=5709 copies=5567 fallback=0 errors=0 prepare=396 stale_queue=0 pending_vsync=256 sync=543 complete=396 incomplete=147 incomplete_blocks=1210 hold=396/396 hold_timeout=0
I (73557) rc_net: [CAM-PROBE] Video TX seq=270 jpeg_len=9284 crc32=0xe72f7eb4 chunks=8
I (74072) rc_video: Sent 270 | cap_fps=8.0 send_fps=8.0 capture_size_errors=0 capture_identity_errors=0 | Avg(ms): wait=55.3 cache=1.5 subsample=23.3 encode=24.9 send=6.1 total=111.1 | JPEG=9495B
I (74072) rc_video: [VIDEO-TX] handoff cap=425 get=851 select_fail=0 finished=425 signal=425 acquire=425 acquire_fail=0 release_fail=0 backup=0/0
I (74072) rc_video: [STABLE-CAPTURE] pause=425/425 timeout=0 quiesce=425 resume=425 lifecycle_errors=0 repairs=276 staged_events=6206 copies=6046 fallback=0 errors=0 prepare=426 stale_queue=0 pending_vsync=265 sync=594 complete=425 incomplete=169 incomplete_blocks=1360 hold=425/425 hold_timeout=0
I (77181) rc_net: [CAM-PROBE] Video TX seq=300 jpeg_len=9310 crc32=0x74aaaa90 chunks=8
I (77749) rc_video: Sent 300 | cap_fps=8.2 send_fps=8.2 capture_size_errors=0 capture_identity_errors=0 | Avg(ms): wait=53.7 cache=1.5 subsample=23.6 encode=24.6 send=6.3 total=109.7 | JPEG=9293B
I (77749) rc_video: [VIDEO-TX] handoff cap=455 get=911 select_fail=0 finished=455 signal=455 acquire=455 acquire_fail=0 release_fail=0 backup=0/0
I (77749) rc_video: [STABLE-CAPTURE] pause=455/455 timeout=0 quiesce=455 resume=455 lifecycle_errors=0 repairs=306 staged_events=6701 copies=6526 fallback=0 errors=0 prepare=456 stale_queue=0 pending_vsync=280 sync=642 complete=455 incomplete=187 incomplete_blocks=1510 hold=455/455 hold_timeout=0
I (80698) rc_net: [CAM-PROBE] Video TX seq=330 jpeg_len=9988 crc32=0x9391abe3 chunks=9
I (81415) rc_video: Sent 330 | cap_fps=8.2 send_fps=8.2 capture_size_errors=0 capture_identity_errors=0 | Avg(ms): wait=52.3 cache=1.5 subsample=23.2 encode=24.5 send=6.5 total=108.0 | JPEG=10029B
I (81422) rc_video: [VIDEO-TX] handoff cap=485 get=970 select_fail=0 finished=485 signal=485 acquire=485 acquire_fail=0 release_fail=0 backup=0/0
I (81433) rc_video: [STABLE-CAPTURE] pause=485/485 timeout=0 quiesce=485 resume=485 lifecycle_errors=0 repairs=336 staged_events=7198 copies=7007 fallback=0 errors=0 prepare=486 stale_queue=0 pending_vsync=295 sync=690 complete=485 incomplete=205 incomplete_blocks=1670 hold=485/485 hold_timeout=0
I (84438) rc_net: [CAM-PROBE] Video TX seq=360 jpeg_len=9294 crc32=0xdca618e0 chunks=8
I (85018) rc_video: Sent 360 | cap_fps=8.3 send_fps=8.3 capture_size_errors=0 capture_identity_errors=0 | Avg(ms): wait=51.7 cache=1.6 subsample=23.5 encode=24.4 send=6.4 total=107.5 | JPEG=10029B
I (85025) rc_video: [VIDEO-TX] handoff cap=515 get=1030 select_fail=0 finished=515 signal=515 acquire=515 acquire_fail=0 release_fail=0 backup=0/0
I (85035) rc_video: [STABLE-CAPTURE] pause=515/515 timeout=0 quiesce=515 resume=515 lifecycle_errors=0 repairs=366 staged_events=7693 copies=7487 fallback=0 errors=0 prepare=516 stale_queue=0 pending_vsync=310 sync=736 complete=515 incomplete=221 incomplete_blocks=1820 hold=515/515 hold_timeout=0
W (85786) rc_tank: [DVP-MATRIX] result stage=3 strategy=rebuild_then_cold_preview_120 complete=522 incomplete=224 incomplete_blocks=1850 mismatch_hist=0,0,0,1,91,199,177,125,16,46,319 prepare=522 pending=313 hold=521/521 hold_timeout=0
W (85800) rc_tank: [DVP-MATRIX] advance stage=4; restart in 1s
I (86802) wifi:station: 44:1b:f6:f3:ae:40 leave, AID = 1, reason = 2, bss_flags is 756851, bss:0x3fcf1320
I (86804) wifi:new:<1,0>, old:<1,1>, ap:<1,1>, sta:<255,255>, prof:1, snd_ch_cfg:0x0
I (86810) wifi:<ba-del>idx:2, tid:0
I (86812) wifi:new:<1,1>, old:<1,0>, ap:<1,1>, sta:<255,255>, prof:1, snd_ch_cfg:0x0
I (86855) rc_net: STA disconnected, MAC: 44:1b:f6:f3:ae:40
W (86857) rc_control: Network disconnected: motor stop enforced
W (86857) rc_tank: Network disconnected
W (86920) rc_video: Video send failed: ESP_ERR_INVALID_STATE
W (87014) rc_video: Video send failed: ESP_ERR_INVALID_STATE
W (87209) rc_video: Video send failed: ESP_ERR_INVALID_STATE
W (87346) rc_video: Video send failed: ESP_ERR_INVALID_STATE
W (87446) rc_video: Video send failed: ESP_ERR_INVALID_STATE
W (87525) rc_video: Video send failed: ESP_ERR_INVALID_STATE
W (87644) rc_video: Video send failed: ESP_ERR_INVALID_STATE
W (87781) rc_video: Video send failed: ESP_ERR_INVALID_STATE
W (87882) rc_video: Video send failed: ESP_ERR_INVALID_STATE
W (87961) rc_video: Video send failed: ESP_ERR_INVALID_STATE
W (88080) rc_video: Video send failed: ESP_ERR_INVALID_STATE
W (88198) rc_video: Video send failed: ESP_ERR_INVALID_STATE
W (88335) rc_video: Video send failed: ESP_ERR_INVALID_STATE
W (88436) rc_video: Video send failed: ESP_ERR_INVALID_STATE
W (88515) rc_video: Video send failed: ESP_ERR_INVALID_STATE
W (88634) rc_video: Video send failed: ESP_ERR_INVALID_STATE
W (88752) rc_video: Video send failed: ESP_ERR_INVALID_STATE
W (88871) rc_video: Video send failed: ESP_ERR_INVALID_STATE
W (88950) rc_video: Video send failed: ESP_ERR_INVALID_STATE
W (89088) rc_video: Video send failed: ESP_ERR_INVALID_STATE
W (89191) rc_video: Video send failed: ESP_ERR_INVALID_STATE
W (89267) rc_video: Video send failed: ESP_ERR_INVALID_STATE
W (89386) rc_video: Video send failed: ESP_ERR_INVALID_STATE
W (89504) rc_video: Video send failed: ESP_ERR_INVALID_STATE
W (89584) rc_video: Video send failed: ESP_ERR_INVALID_STATE
W (89721) rc_video: Video send failed: ESP_ERR_INVALID_STATE
I (89741) wifi:flush txq
I (89741) wifi:stop sw txq
I (89741) wifi:lmac stop hw txq
ESP-ROM:esp32s3-20210327
Build:Mar 27 2021
rst:0xc (RTC_SW_CPU_RST),boot:0x3 (DOWNLOAD(USB/UART0))
Saved PC:0x40381169
waiting for download

[HOST-DVP-MATRIX 12:00:31] COLD-R3 Tank restart recovery=5

[HOST-DVP-MATRIX 12:00:31] Tank RAM bootloader start
esptool.py v4.12.dev2
Serial port COM7
Connecting....
Chip is ESP32-S3 (QFN56) (revision v0.2)
Features: WiFi, BLE
Crystal is 40MHz
MAC: 44:1b:f6:f3:ae:78
Uploading stub...
Running stub...
Stub running...
RAM boot...
Downloading 5360 bytes at 3fce2820... done!
Downloading 3364 bytes at 403c8700... done!
Downloading 12016 bytes at 403cb700... done!
All segments done, executing at 403c8924
Exiting immediately.

[HOST-DVP-MATRIX 12:00:35] Tank RAM bootloader complete
ip revision: v0.2
I (2934) boot: efuse block revision: v1.3
I (2938) boot.esp32s3: Boot SPI Speed : 80MHz
I (2942) boot.esp32s3: SPI Mode       : SLOW READ
I (2946) boot.esp32s3: SPI Flash Size : 8MB
I (2950) boot: Enabling RNG early entropy source...
I (2955) boot: Partition Table:
I (2958) boot: ## Label            Usage          Type ST Offset   Length
I (2964) boot:  0 nvs              WiFi data        01 02 00009000 00006000
I (2971) boot:  1 phy_init         RF data          01 01 0000f000 00001000
I (2977) boot:  2 factory          factory app      00 00 00010000 00300000
I (2984) boot:  3 storage          Unknown data     01 82 00310000 00100000
I (2991) boot: End of partition table
I (2994) esp_image: segment 0: paddr=00010020 vaddr=3c0a0020 size=24ee0h (151264) map
I (3094) esp_image: segment 1: paddr=00034f08 vaddr=3fca0c00 size=05560h ( 21856) load
I (3108) esp_image: segment 2: paddr=0003a470 vaddr=40374000 size=05ba8h ( 23464) load
I (3124) esp_image: segment 3: paddr=00040020 vaddr=42000020 size=9b858h (637016) map
I (3513) esp_image: segment 4: paddr=000db880 vaddr=40379ba8 size=16fb4h ( 94132) load
I (3574) esp_image: segment 5: paddr=000f283c vaddr=50000000 size=00020h (    32) load
I (3586) boot: Loaded app from partition at offset 0x10000
I (3586) boot: Disabling RNG early entropy source...
I (3598) esp_psram: Found 8MB PSRAM device
I (3598) esp_psram: Speed: 80MHz
I (3599) cpu_start: Multicore app
I (4516) esp_psram: SPI SRAM memory test OK
I (4525) cpu_start: GPIO 44 and 43 are used as console UART I/O pins
I (4526) cpu_start: Pro cpu start user code
I (4526) cpu_start: cpu freq: 240000000 Hz
I (4528) app_init: Application information:
I (4531) app_init: Project name:     rc_tank_demo
I (4536) app_init: App version:      1
I (4539) app_init: Compile time:     Aug 26 2026 11:52:11
I (4544) app_init: ELF file SHA256:  1c3d7e5c2...
I (4549) app_init: ESP-IDF:          GIT-NOTFOUND
I (4553) efuse_init: Min chip rev:     v0.0
I (4557) efuse_init: Max chip rev:     v0.99 
I (4561) efuse_init: Chip rev:         v0.2
I (4565) heap_init: Initializing. RAM available for dynamic allocation:
I (4572) heap_init: At 3FCAA290 len 0003F480 (253 KiB): RAM
I (4577) heap_init: At 3FCE9710 len 00005724 (21 KiB): RAM
I (4582) heap_init: At 3FCF0000 len 00008000 (32 KiB): DRAM
I (4587) heap_init: At 600FE000 len 00001FE8 (7 KiB): RTCRAM
I (4593) esp_psram: Adding pool of 8192K of PSRAM memory to heap allocator
I (4601) spi_flash: detected chip: generic
I (4603) spi_flash: flash io: dio
I (4607) sleep_gpio: Configure to isolate all GPIO pins in sleep state
I (4613) sleep_gpio: Enable automatic switching of GPIO sleep configuration
I (4620) main_task: Started on CPU0
I (4644) esp_psram: Reserving pool of 64K of internal memory for DMA/internal allocations
I (4645) main_task: Calling app_main()
I (4661) rc_tank: === RC Tank Demo (EX-035) Role: TANK ===
I (4662) rc_tank: Startup delay 10 s (open serial monitor now)...
I (4662) rc_tank:   starting in 10 s
I (5665) rc_tank:   starting in 9 s
I (6665) rc_tank:   starting in 8 s
I (7665) rc_tank:   starting in 7 s
I (8665) rc_tank:   starting in 6 s
I (9665) rc_tank:   starting in 5 s
I (10665) rc_tank:   starting in 4 s
I (11665) rc_tank:   starting in 3 s
I (12665) rc_tank:   starting in 2 s
I (13665) rc_tank:   starting in 1 s
I (14665) rc_tank: Starting Tank role (P1: network, P2: control, P3: video)
I (14665) board_laiwfs300: init board support package
I (14665) board_laiwfs300: init capability registry
I (14670) board_laiwfs300: init I2C bus: SDA=GPIO48 SCL=GPIO47
I (14676) bus_i2c: I2C0 initialized: SDA=GPIO48 SCL=GPIO47 speed=100000Hz
I (14682) board_laiwfs300: --- I2C bus scan (0x08-0x77) ---
I (14689) board_laiwfs300:   I2C device ACK at 0x15
I (14692) board_laiwfs300:   I2C device ACK at 0x18
I (14697) board_laiwfs300:   I2C device ACK at 0x21
I (14701) board_laiwfs300:   I2C device ACK at 0x22
I (14709) board_laiwfs300:   I2C device ACK at 0x40
I (14712) board_laiwfs300:   I2C device ACK at 0x51
I (14718) board_laiwfs300:   I2C device ACK at 0x68
I (14721) board_laiwfs300: --- I2C scan done: 7 device(s) found ---
W (14725) board_laiwfs300: TPT29555A (IOEX) NOT found at 0x20 (NACK)
I (14731) board_laiwfs300: ES8311 (Codec) found at 0x18
I (14736) board_laiwfs300: ES7210 (ADC) found at 0x40
I (14741) board_laiwfs300: AIP8563 (RTC) found at 0x51
I (14746) board_laiwfs300: BMI260 (IMU @0x68) found at 0x68
W (14751) board_laiwfs300: BMI260 (IMU @0x69) NOT found at 0x69 (NACK)
I (14757) board_laiwfs300: SP0A39 (Camera) found at 0x21
I (14764) board_laiwfs300: ES8311 chip ID: 0x83 0x11
I (14768) board_laiwfs300: ES7210 chip ID: 0x72
I (14773) board_laiwfs300: AIP8563 RTC time: 23:33:47 (BCD raw)
I (14777) board_laiwfs300: BMI260 chip ID: 0x27 (expect 0x27)
I (14782) board_laiwfs300: init SPI bus manager
I (14788) board_laiwfs300: init ADC service
I (14791) board_adc: ADC1 oneshot initialized
I (14795) board_laiwfs300: init board power service
I (14800) board_laiwfs300: ADC D0_DETECT (GPIO1): raw=4095 (~3100 mV)
I (14805) board_laiwfs300: ADC BAT_ADC (GPIO7): raw=1651 (~1249 mV)
I (14811) board_laiwfs300: ADC SW_ADC (GPIO8): raw=4095 (~3100 mV)
I (14817) board_laiwfs300: init IO expander: TPT29555A addr=0x22
I (14826) io_expander: TPT29555A initialized at 0x22
I (14828) board_laiwfs300: IO expander initialized OK
I (14832) board_laiwfs300: init module detect
I (14837) board_laiwfs300: register detection rules
I (14841) board_laiwfs300: register default capabilities
I (14846) board_laiwfs300: board init complete (ioex=OK)
I (14851) rc_tank: [STEP] Motor init starting...
I (14856) board_motor: motor input 1 -> GPIO5 / LEDC channel 0
I (14861) board_motor: motor input 2 -> GPIO4 / LEDC channel 1
I (14867) board_motor: motor input 3 -> GPIO37 / LEDC channel 2
I (14872) board_motor: motor input 4 -> GPIO45 / LEDC channel 3
I (14878) rc_control: Motor initialized
I (14882) rc_tank: [STEP] Motor init OK
I (14885) rc_tank: [STEP] Display init starting...
I (14890) rc_video: Initializing Tank display
I (14895) display_hal: init ST7789V3 LCD 240x320 SPI host=1
E (15040) spi: spi_bus_initialize(816): SPI bus already initialized.
I (15161) display_hal: ST7789V3 LCD initialized
I (15161) board_display: display mapped: MOSI=GPIO13 SCK=GPIO12 CS=GPIO10 DC=GPIO16 BL=GPIO17 LCD_RST=IOEX P1_5 pclk=20000000
I (15166) rc_video: Tank display task started (status screen)
I (15167) rc_video: Tank display initialized (status task owns LCD)
I (15177) rc_tank: [STEP] Display init OK
I (15181) rc_tank: [STEP] Camera init starting...
I (15185) rc_video: Initializing camera (SP0A39 640x480 VYUY)
I (15191) board_camera: initializing SP0A39 camera mode=0 640x480
I (15196) camera_hal: init SP0A39 DVP 640x480 (SCCB manual mode)
I (15202) camera_hal: configuring IOEX pins for camera RESET/PWDN
I (15209) camera_hal: PWDN=HIGH (power down)
I (15222) camera_hal: PWDN=LOW (release sensor)
I (15422) camera_hal: RESET=LOW (assert reset)
I (15442) camera_hal: RESET=HIGH (release reset)
I (16442) camera_hal: full I2C scan after camera power-up (diagnostic only)...
I (16444) camera_hal:   post-powerup ACK at 0x15
I (16444) camera_hal:   post-powerup ACK at 0x18
I (16447) camera_hal:   post-powerup ACK at 0x21
I (16451) camera_hal:   post-powerup ACK at 0x22
I (16459) camera_hal:   post-powerup ACK at 0x40
I (16461) camera_hal:   post-powerup ACK at 0x51
I (16467) camera_hal:   post-powerup ACK at 0x68
I (16470) camera_hal: DVP GPIO diagnostics (checking PCLK/VSYNC/HSYNC activity)...
I (16536) camera_hal: DVP diagnostics: PCLK_changes=0 VSYNC_changes=0 HSYNC_changes=0
W (16536) camera_hal: PCLK has no transitions - MCLK likely not reaching sensor or sensor not active
I (16541) camera_hal: using sensor address 0x21
I (16546) camera_hal: SP0A39 I2C device added at 0x21
I (16552) camera_hal: SP0A39 chip ID: 0x0A39
I (16674) camera_hal: SP0A39 register init done: VYUY 640x480 (359 regs)
I (16675) camera_hal: [CAM-PROBE] SP0A39 p0_31 stage=post_table value=0x00 expected=0x01
E (16678) camera_hal: camera_hal_verify_expected_output_p0_31(92): unexpected p0_31=0x00 at post_table
W (16687) camera_hal: [CAM-PROBE] output state differs after table; continuing: ESP_ERR_INVALID_RESPONSE
I (16716) camera_hal: [CAM-PROBE] SP0A39 p0_31 stage=post_delay value=0x01 expected=0x01
I (16717) camera_hal: camera HAL initialized (sensor ready, DVP capture not yet implemented)
I (16721) board_camera: camera ready
I (16729) camera_hal: SP0A39 output regs: P0:1c=0x00 P0:30=0x01 P0:31=0x01 P1:32=0x15 P1:34=0xeb P1:35=0x00 P1:36=0x10
I (16861) rc_video:   3 DMA-capable PSRAM framebuffers allocated (600 KB each)
I (16864) dvp_ext: DVP Extended camera controller driver is initialized
I (16865) dvp_ext: [STABLE-DVP] assembly uses GDMA-EOF direct copy; dma=102400 half=51200 queue_data_events=suppressed eof_desc=probe
I (16875) rc_video: [STABLE-CAPTURE] staged DVP controller created dma=102400 half=51200
I (16883) rc_video: Camera initialized
I (16887) rc_tank: [STEP] Camera init OK
W (16891) rc_tank: [DVP-MATRIX] pre-network stage=4 strategy=network_first frames=0 rebuild=0 wifi=off video_tx=not_created
I (16901) rc_tank: [STEP] Network init starting...
I (16907) rc_net: Initializing as SoftAP (Tank)
I (16911) pp: pp rom version: e7ae62f
I (16914) net80211: net80211 rom version: e7ae62f
I (16919) wifi:wifi driver task: 3fce48f8, prio:23, stack:6656, core=0
I (16931) wifi:wifi firmware version: 0947e8b
I (16931) wifi:wifi certification version: v7.0
I (16932) wifi:config NVS flash: enabled
I (16936) wifi:config nano formatting: disabled
I (16940) wifi:Init data frame dynamic rx buffer num: 32
I (16945) wifi:Init static rx mgmt buffer num: 5
I (16950) wifi:Init management short buffer num: 32
I (16954) wifi:Init dynamic tx buffer num: 64
I (16958) wifi:Init static tx FG buffer num: 2
I (16963) wifi:Init static rx buffer size: 1600
I (16967) wifi:Init static rx buffer num: 10
I (16971) wifi:Init dynamic rx buffer num: 32
I (16976) wifi_init: rx ba win: 6
I (16978) wifi_init: accept mbox: 6
I (16981) wifi_init: tcpip mbox: 16
I (16984) wifi_init: udp mbox: 6
I (16987) wifi_init: tcp mbox: 6
I (16990) wifi_init: tcp tx win: 5760
I (16993) wifi_init: tcp rx win: 5760
I (16997) wifi_init: tcp mss: 1440
I (17000) wifi_init: WiFi IRAM OP enabled
I (17004) wifi_init: WiFi RX IRAM OP enabled
I (17008) rc_net: AP set_mode/config, SSID=RC_TANK_F3AE79 ch=1
I (17018) phy_init: phy_version 711,97bcf0a2,Aug 25 2025,19:04:10
I (17059) wifi:mode : softAP (44:1b:f6:f3:ae:79)
I (17064) wifi:Total power save buffer number: 32
I (17065) wifi:Init max length of beacon: 752/752
I (17065) wifi:Init max length of beacon: 752/752
I (17068) rc_net: SoftAP started, SSID: RC_TANK_F3AE79, Password: 12345678
I (17069) esp_netif_lwip: DHCP server started on interface WIFI_AP_DEF with IP: 192.168.4.1
I (17082) rc_tank: [STEP] Network init OK
I (17085) rc_tank: Tank SoftAP ready, waiting for remote...
I (17090) rc_control: Ctrl RX task started
I (17094) rc_control: Tank control started
I (17098) rc_tank: Tank running (video + control; audio disabled)
I (17104) rc_tank: app_main done, idle loop
I (20113) wifi:new:<1,1>, old:<1,1>, ap:<1,1>, sta:<255,255>, prof:1, snd_ch_cfg:0x0
I (20114) wifi:station: 44:1b:f6:f3:ae:40 join, AID=1, bgn, 40U
I (20136) rc_net: STA connected, MAC: 44:1b:f6:f3:ae:40
I (20175) esp_netif_lwip: DHCP server assigned IP to a client, IP is: 192.168.4.2
I (20176) rc_net: STA assigned IP: 192.168.4.2
I (20176) rc_tank: Network connected, peer: 192.168.4.2
W (20182) rc_tank: [DVP-MATRIX] start stage=4 strategy=network_first preflight_frames=0 video_tx=not_created
I (20191) rc_net: Ctrl UDP socket bound to port 8001
I (20195) rc_net: Video UDP socket bound to port 8002
I (20200) rc_net: Audio TCP listening on port 8003
I (20204) rc_tank: Socket channels started
I (20208) rc_video: No local preview active; formal video handoff skipped
I (20216) camera_hal: [CAM-PROBE] SP0A39 p0_31 stage=dvp_started value=0x01 expected=0x01
I (20229) rc_video: Video TX task started (240x180, sensor-driven, Q=60)
I (20230) rc_video: TX theory: raw=614400 B/frame, encoded YUV=86400 B/frame, target10fps raw=0.86 MB/s
I (20274) rc_video: PSRAM TX buffers: subsample=86400B jpeg=43200B send=43208B free_psram=5592524 free_internal=59851
I (20275) rc_video: TX buffer caps: subsample=0x3c350120(psram=1) jpeg=0x3c3652a4(psram=1) send=0x3c36fea8(psram=1)

[HOST-DVP-MATRIX 12:00:52] COLD-R3 stage=4 visible window begin
I (20372) rc_net: [CAM-PROBE] Video TX seq=0 jpeg_len=9258 crc32=0x70db85b8 chunks=8
I (20378) rc_video: Tank video started (camera source)
W (20379) rc_tank: [DVP-MATRIX] observe stage=4 strategy=network_first duration_ms=45000 under live Q60/UDP load
W (20384) rc_net: Video UDP send failed: seq=0 chunk=4/8 bytes=1208 sent=-1 errno=12 attempts=4
W (20397) rc_video: Video send failed: ESP_FAIL
W (20497) rc_video: Video send failed: ESP_FAIL
W (20548) rc_video: Video send failed: ESP_FAIL
W (20687) rc_video: Video send failed: ESP_FAIL
W (20740) rc_video: Video send failed: ESP_FAIL
W (20886) rc_video: Video send failed: ESP_FAIL
W (20938) rc_video: Video send failed: ESP_FAIL
W (21082) rc_video: Video send failed: ESP_FAIL
W (21134) rc_video: Video send failed: ESP_FAIL
I (21384) wifi:<ba-add>idx:2 (ifx:1, 44:1b:f6:f3:ae:40), tid:0, ssn:0, winSize:64
I (23311) rc_net: [CAM-PROBE] Video TX seq=30 jpeg_len=9306 crc32=0x2ac022ae chunks=8
I (24107) rc_video: Sent 30 | cap_fps=10.2 send_fps=7.8 capture_size_errors=0 capture_identity_errors=0 | Avg(ms): wait=22.7 cache=0.8 subsample=23.5 encode=44.5 send=7.1 total=98.6 | JPEG=9288B
I (24115) rc_video: [VIDEO-TX] handoff cap=39 get=79 select_fail=0 finished=39 signal=39 acquire=39 acquire_fail=0 release_fail=0 backup=0/0
I (24154) rc_video: [STABLE-CAPTURE] pause=39/39 timeout=0 quiesce=39 resume=39 lifecycle_errors=0 repairs=39 staged_events=446 copies=440 fallback=0 errors=0 prepare=40 stale_queue=0 pending_vsync=20 sync=40 complete=40 incomplete=0 incomplete_blocks=0 hold=39/39 hold_timeout=0
I (26317) rc_net: [CAM-PROBE] Video TX seq=60 jpeg_len=9276 crc32=0x277ba8b7 chunks=8
I (27116) rc_video: Sent 60 | cap_fps=10.0 send_fps=10.0 capture_size_errors=0 capture_identity_errors=0 | Avg(ms): wait=21.4 cache=0.9 subsample=23.7 encode=44.2 send=7.2 total=97.3 | JPEG=9391B
I (27161) rc_video: [VIDEO-TX] handoff cap=69 get=139 select_fail=0 finished=69 signal=69 acquire=69 acquire_fail=0 release_fail=0 backup=0/0
I (27165) rc_video: [STABLE-CAPTURE] pause=70/70 timeout=0 quiesce=69 resume=69 lifecycle_errors=0 repairs=69 staged_events=783 copies=770 fallback=0 errors=0 prepare=70 stale_queue=0 pending_vsync=36 sync=70 complete=70 incomplete=0 incomplete_blocks=0 hold=70/70 hold_timeout=0
I (29354) rc_net: [CAM-PROBE] Video TX seq=90 jpeg_len=9273 crc32=0xd6a1adbf chunks=8
I (30149) rc_video: Sent 90 | cap_fps=10.2 send_fps=9.9 capture_size_errors=0 capture_identity_errors=0 | Avg(ms): wait=20.4 cache=0.9 subsample=23.4 encode=44.1 send=9.3 total=98.0 | JPEG=9327B
I (30156) rc_video: [VIDEO-TX] handoff cap=100 get=200 select_fail=0 finished=100 signal=100 acquire=99 acquire_fail=0 release_fail=0 backup=0/0
I (30169) rc_video: [STABLE-CAPTURE] pause=100/100 timeout=0 quiesce=99 resume=99 lifecycle_errors=0 repairs=99 staged_events=1121 copies=1100 fallback=0 errors=0 prepare=100 stale_queue=0 pending_vsync=51 sync=100 complete=100 incomplete=0 incomplete_blocks=0 hold=100/100 hold_timeout=0
I (32360) rc_net: [CAM-PROBE] Video TX seq=120 jpeg_len=9353 crc32=0x87b12444 chunks=8
I (33158) rc_video: Sent 120 | cap_fps=10.0 send_fps=10.0 capture_size_errors=0 capture_identity_errors=0 | Avg(ms): wait=20.9 cache=0.8 subsample=23.3 encode=44.2 send=7.6 total=96.8 | JPEG=9263B
I (33165) rc_video: [VIDEO-TX] handoff cap=130 get=260 select_fail=0 finished=130 signal=130 acquire=129 acquire_fail=0 release_fail=0 backup=0/0
I (33178) rc_video: [STABLE-CAPTURE] pause=130/130 timeout=0 quiesce=129 resume=129 lifecycle_errors=0 repairs=129 staged_events=1457 copies=1430 fallback=0 errors=0 prepare=130 stale_queue=0 pending_vsync=66 sync=130 complete=130 incomplete=0 incomplete_blocks=0 hold=130/130 hold_timeout=0
I (35369) rc_net: [CAM-PROBE] Video TX seq=150 jpeg_len=9315 crc32=0xd7c78b01 chunks=8
I (36143) rc_video: Sent 150 | cap_fps=9.7 send_fps=10.1 capture_size_errors=0 capture_identity_errors=0 | Avg(ms): wait=17.9 cache=0.8 subsample=24.0 encode=44.7 send=9.9 total=97.4 | JPEG=9316B
I (36184) rc_video: [VIDEO-TX] handoff cap=159 get=319 select_fail=0 finished=159 signal=159 acquire=159 acquire_fail=0 release_fail=0 backup=0/0
I (36191) rc_video: [STABLE-CAPTURE] pause=160/160 timeout=0 quiesce=159 resume=159 lifecycle_errors=0 repairs=159 staged_events=1791 copies=1760 fallback=0 errors=0 prepare=160 stale_queue=0 pending_vsync=82 sync=160 complete=160 incomplete=0 incomplete_blocks=0 hold=160/160 hold_timeout=0
I (38351) rc_net: [CAM-PROBE] Video TX seq=180 jpeg_len=9277 crc32=0x257dc9d9 chunks=8
I (39144) rc_video: Sent 180 | cap_fps=10.0 send_fps=10.0 capture_size_errors=0 capture_identity_errors=0 | Avg(ms): wait=21.0 cache=0.8 subsample=24.0 encode=44.8 send=6.5 total=97.1 | JPEG=9266B
I (39155) rc_video: [VIDEO-TX] handoff cap=189 get=379 select_fail=0 finished=189 signal=189 acquire=189 acquire_fail=0 release_fail=0 backup=0/0
I (39194) rc_video: [STABLE-CAPTURE] pause=189/189 timeout=0 quiesce=189 resume=189 lifecycle_errors=0 repairs=189 staged_events=2125 copies=2090 fallback=0 errors=0 prepare=190 stale_queue=0 pending_vsync=98 sync=190 complete=190 incomplete=0 incomplete_blocks=0 hold=189/189 hold_timeout=0
I (41357) rc_net: [CAM-PROBE] Video TX seq=210 jpeg_len=9319 crc32=0x1443aaa4 chunks=8
I (42154) rc_video: Sent 210 | cap_fps=10.0 send_fps=10.0 capture_size_errors=0 capture_identity_errors=0 | Avg(ms): wait=22.2 cache=0.8 subsample=24.1 encode=43.7 send=6.4 total=97.3 | JPEG=9294B
I (42163) rc_video: [VIDEO-TX] handoff cap=219 get=439 select_fail=0 finished=219 signal=219 acquire=219 acquire_fail=0 release_fail=0 backup=0/0
I (42202) rc_video: [STABLE-CAPTURE] pause=219/219 timeout=0 quiesce=219 resume=219 lifecycle_errors=0 repairs=219 staged_events=2463 copies=2420 fallback=0 errors=0 prepare=220 stale_queue=0 pending_vsync=114 sync=220 complete=220 incomplete=0 incomplete_blocks=0 hold=219/219 hold_timeout=0
I (44392) rc_net: [CAM-PROBE] Video TX seq=240 jpeg_len=9303 crc32=0xb07b3f2a chunks=8
I (45188) rc_video: Sent 240 | cap_fps=10.2 send_fps=9.9 capture_size_errors=0 capture_identity_errors=0 | Avg(ms): wait=20.8 cache=0.9 subsample=23.5 encode=45.0 send=8.1 total=98.2 | JPEG=9304B
I (45195) rc_video: [VIDEO-TX] handoff cap=250 get=500 select_fail=0 finished=250 signal=250 acquire=249 acquire_fail=0 release_fail=0 backup=0/0
I (45208) rc_video: [STABLE-CAPTURE] pause=250/250 timeout=0 quiesce=249 resume=249 lifecycle_errors=0 repairs=249 staged_events=2797 copies=2750 fallback=0 errors=0 prepare=250 stale_queue=0 pending_vsync=129 sync=250 complete=250 incomplete=0 incomplete_blocks=0 hold=250/250 hold_timeout=0
I (47372) rc_net: [CAM-PROBE] Video TX seq=270 jpeg_len=9264 crc32=0x6edebee0 chunks=8
I (48172) rc_video: Sent 270 | cap_fps=9.7 send_fps=10.1 capture_size_errors=0 capture_identity_errors=0 | Avg(ms): wait=21.1 cache=0.8 subsample=25.0 encode=42.6 send=7.9 total=97.4 | JPEG=9308B
I (48216) rc_video: [VIDEO-TX] handoff cap=279 get=559 select_fail=0 finished=279 signal=279 acquire=279 acquire_fail=0 release_fail=0 backup=0/0
I (48221) rc_video: [STABLE-CAPTURE] pause=280/280 timeout=0 quiesce=279 resume=279 lifecycle_errors=0 repairs=279 staged_events=3133 copies=3080 fallback=0 errors=0 prepare=280 stale_queue=0 pending_vsync=145 sync=280 complete=280 incomplete=0 incomplete_blocks=0 hold=280/280 hold_timeout=0
I (50380) rc_net: [CAM-PROBE] Video TX seq=300 jpeg_len=9283 crc32=0x3b16e4aa chunks=8
I (51224) rc_video: Sent 300 | cap_fps=9.8 send_fps=9.8 capture_size_errors=0 capture_identity_errors=0 | Avg(ms): wait=21.3 cache=0.9 subsample=24.0 encode=42.4 send=8.8 total=97.4 | JPEG=9227B
I (51232) rc_video: [VIDEO-TX] handoff cap=310 get=620 select_fail=0 finished=310 signal=310 acquire=309 acquire_fail=0 release_fail=0 backup=0/0
I (51245) rc_video: [STABLE-CAPTURE] pause=310/310 timeout=0 quiesce=309 resume=309 lifecycle_errors=0 repairs=309 staged_events=3469 copies=3410 fallback=0 errors=0 prepare=310 stale_queue=0 pending_vsync=161 sync=310 complete=310 incomplete=0 incomplete_blocks=0 hold=310/310 hold_timeout=0
I (53389) rc_net: [CAM-PROBE] Video TX seq=330 jpeg_len=9282 crc32=0x2f606aa9 chunks=8
I (54186) rc_video: Sent 330 | cap_fps=10.1 send_fps=10.1 capture_size_errors=0 capture_identity_errors=0 | Avg(ms): wait=20.7 cache=0.9 subsample=23.9 encode=43.7 send=7.4 total=96.6 | JPEG=9256B
I (54195) rc_video: [VIDEO-TX] handoff cap=339 get=679 select_fail=0 finished=339 signal=339 acquire=339 acquire_fail=0 release_fail=0 backup=0/0
I (54234) rc_video: [STABLE-CAPTURE] pause=339/339 timeout=0 quiesce=339 resume=339 lifecycle_errors=0 repairs=339 staged_events=3803 copies=3740 fallback=0 errors=0 prepare=340 stale_queue=0 pending_vsync=176 sync=340 complete=340 incomplete=0 incomplete_blocks=0 hold=339/339 hold_timeout=0
I (56400) rc_net: [CAM-PROBE] Video TX seq=360 jpeg_len=9275 crc32=0x5ee2f6bb chunks=8
I (57195) rc_video: Sent 360 | cap_fps=10.0 send_fps=10.0 capture_size_errors=0 capture_identity_errors=0 | Avg(ms): wait=22.8 cache=0.9 subsample=24.3 encode=42.2 send=7.0 total=97.2 | JPEG=9285B
I (57240) rc_video: [VIDEO-TX] handoff cap=369 get=739 select_fail=0 finished=369 signal=369 acquire=369 acquire_fail=0 release_fail=0 backup=0/0
I (57243) rc_video: [STABLE-CAPTURE] pause=369/369 timeout=0 quiesce=369 resume=369 lifecycle_errors=0 repairs=369 staged_events=4139 copies=4070 fallback=0 errors=0 prepare=370 stale_queue=0 pending_vsync=192 sync=370 complete=370 incomplete=0 incomplete_blocks=0 hold=369/369 hold_timeout=0
I (59435) rc_net: [CAM-PROBE] Video TX seq=390 jpeg_len=9299 crc32=0xbff44987 chunks=8
I (60227) rc_video: Sent 390 | cap_fps=10.2 send_fps=9.9 capture_size_errors=0 capture_identity_errors=0 | Avg(ms): wait=18.2 cache=0.9 subsample=24.1 encode=43.9 send=8.3 total=95.4 | JPEG=9262B
I (60234) rc_video: [VIDEO-TX] handoff cap=400 get=800 select_fail=0 finished=400 signal=400 acquire=399 acquire_fail=0 release_fail=0 backup=0/0
I (60247) rc_video: [STABLE-CAPTURE] pause=400/400 timeout=0 quiesce=399 resume=399 lifecycle_errors=0 repairs=399 staged_events=4474 copies=4400 fallback=0 errors=0 prepare=400 stale_queue=0 pending_vsync=207 sync=400 complete=400 incomplete=0 incomplete_blocks=0 hold=400/400 hold_timeout=0
I (62414) rc_net: [CAM-PROBE] Video TX seq=420 jpeg_len=9300 crc32=0x2b3a8465 chunks=8
I (63212) rc_video: Sent 420 | cap_fps=9.7 send_fps=10.1 capture_size_errors=0 capture_identity_errors=0 | Avg(ms): wait=21.1 cache=0.8 subsample=23.7 encode=42.8 send=9.1 total=97.5 | JPEG=9290B
I (63257) rc_video: [VIDEO-TX] handoff cap=429 get=859 select_fail=0 finished=429 signal=429 acquire=429 acquire_fail=0 release_fail=0 backup=0/0
I (63261) rc_video: [STABLE-CAPTURE] pause=430/430 timeout=0 quiesce=429 resume=429 lifecycle_errors=0 repairs=429 staged_events=4807 copies=4730 fallback=0 errors=0 prepare=430 stale_queue=0 pending_vsync=223 sync=430 complete=430 incomplete=0 incomplete_blocks=0 hold=430/430 hold_timeout=0
W (65389) rc_tank: [DVP-MATRIX] result stage=4 strategy=network_first complete=451 incomplete=0 incomplete_blocks=0 mismatch_hist=0,1,0,1,1,1,2,3,7,9,377 prepare=452 pending=234 hold=451/451 hold_timeout=0
W (65441) rc_tank: [DVP-MATRIX] advance stage=5; restart in 1s
I (65453) rc_net: [CAM-PROBE] Video TX seq=450 jpeg_len=9289 crc32=0x4d3bd1ca chunks=8
I (66245) rc_video: Sent 450 | cap_fps=10.2 send_fps=9.9 capture_size_errors=0 capture_identity_errors=0 | Avg(ms): wait=19.0 cache=0.9 subsample=23.5 encode=44.0 send=10.6 total=98.0 | JPEG=9352B
I (66252) rc_video: [VIDEO-TX] handoff cap=460 get=920 select_fail=0 finished=460 signal=460 acquire=459 acquire_fail=0 release_fail=0 backup=0/0
I (66265) rc_video: [STABLE-CAPTURE] pause=460/460 timeout=0 quiesce=459 resume=459 lifecycle_errors=0 repairs=459 staged_events=5137 copies=5060 fallback=0 errors=0 prepare=460 stale_queue=0 pending_vsync=238 sync=460 complete=460 incomplete=0 incomplete_blocks=0 hold=460/460 hold_timeout=0
I (66443) wifi:station: 44:1b:f6:f3:ae:40 leave, AID = 1, reason = 2, bss_flags is 756835, bss:0x3fcf1298
I (66444) wifi:new:<1,0>, old:<1,1>, ap:<1,1>, sta:<255,255>, prof:1, snd_ch_cfg:0x0
I (66451) wifi:<ba-del>idx:2, tid:0
I (66453) wifi:new:<1,1>, old:<1,0>, ap:<1,1>, sta:<255,255>, prof:1, snd_ch_cfg:0x0
I (66512) rc_net: STA disconnected, MAC: 44:1b:f6:f3:ae:40
W (66514) rc_control: Network disconnected: motor stop enforced
W (66514) rc_tank: Network disconnected
W (66513) rc_net: Video UDP send failed: seq=460 chunk=1/8 bytes=1208 sent=-1 errno=-1 attempts=4
W (66525) rc_video: Video send failed: ESP_FAIL
W (66622) rc_video: Video send failed: ESP_ERR_INVALID_STATE
W (66716) rc_video: Video send failed: ESP_ERR_INVALID_STATE
W (66766) rc_video: Video send failed: ESP_ERR_INVALID_STATE
I (66838) wifi:flush txq
I (66839) wifi:stop sw txq
I (66839) wifi:lmac stop hw txq
†žESP-ROM:esp32s3-20210327
Build:Mar 27 2021
rst:0xc (RTC_SW_CPU_RST),boot:0x3 (DOWNLOAD(USB/UART0))
Saved PC:0x420122a5
waiting for download

[HOST-DVP-MATRIX 12:01:39] COLD-R3 Tank restart recovery=6

[HOST-DVP-MATRIX 12:01:39] Tank RAM bootloader start
esptool.py v4.12.dev2
Serial port COM7
Connecting....
Chip is ESP32-S3 (QFN56) (revision v0.2)
Features: WiFi, BLE
Crystal is 40MHz
MAC: 44:1b:f6:f3:ae:78
Uploading stub...
Running stub...
Stub running...
RAM boot...
Downloading 5360 bytes at 3fce2820... done!
Downloading 3364 bytes at 403c8700... done!
Downloading 12016 bytes at 403cb700... done!
All segments done, executing at 403c8924
Exiting immediately.

[HOST-DVP-MATRIX 12:01:42] Tank RAM bootloader complete
) boot: chip revision: v0.2
I (2942) boot: efuse block revision: v1.3
I (2945) boot.esp32s3: Boot SPI Speed : 80MHz
I (2950) boot.esp32s3: SPI Mode       : SLOW READ
I (2954) boot.esp32s3: SPI Flash Size : 8MB
I (2958) boot: Enabling RNG early entropy source...
I (2963) boot: Partition Table:
I (2965) boot: ## Label            Usage          Type ST Offset   Length
I (2972) boot:  0 nvs              WiFi data        01 02 00009000 00006000
I (2979) boot:  1 phy_init         RF data          01 01 0000f000 00001000
I (2985) boot:  2 factory          factory app      00 00 00010000 00300000
I (2992) boot:  3 storage          Unknown data     01 82 00310000 00100000
I (2999) boot: End of partition table
I (3002) esp_image: segment 0: paddr=00010020 vaddr=3c0a0020 size=24ee0h (151264) map
I (3102) esp_image: segment 1: paddr=00034f08 vaddr=3fca0c00 size=05560h ( 21856) load
I (3116) esp_image: segment 2: paddr=0003a470 vaddr=40374000 size=05ba8h ( 23464) load
I (3132) esp_image: segment 3: paddr=00040020 vaddr=42000020 size=9b858h (637016) map
I (3521) esp_image: segment 4: paddr=000db880 vaddr=40379ba8 size=16fb4h ( 94132) load
I (3582) esp_image: segment 5: paddr=000f283c vaddr=50000000 size=00020h (    32) load
I (3594) boot: Loaded app from partition at offset 0x10000
I (3594) boot: Disabling RNG early entropy source...
I (3606) esp_psram: Found 8MB PSRAM device
I (3606) esp_psram: Speed: 80MHz
I (3606) cpu_start: Multicore app
I (4524) esp_psram: SPI SRAM memory test OK
I (4533) cpu_start: GPIO 44 and 43 are used as console UART I/O pins
I (4534) cpu_start: Pro cpu start user code
I (4534) cpu_start: cpu freq: 240000000 Hz
I (4535) app_init: Application information:
I (4539) app_init: Project name:     rc_tank_demo
I (4544) app_init: App version:      1
I (4547) app_init: Compile time:     Aug 26 2026 11:52:11
I (4552) app_init: ELF file SHA256:  1c3d7e5c2...
I (4557) app_init: ESP-IDF:          GIT-NOTFOUND
I (4561) efuse_init: Min chip rev:     v0.0
I (4565) efuse_init: Max chip rev:     v0.99 
I (4569) efuse_init: Chip rev:         v0.2
I (4573) heap_init: Initializing. RAM available for dynamic allocation:
I (4580) heap_init: At 3FCAA290 len 0003F480 (253 KiB): RAM
I (4585) heap_init: At 3FCE9710 len 00005724 (21 KiB): RAM
I (4590) heap_init: At 3FCF0000 len 00008000 (32 KiB): DRAM
I (4595) heap_init: At 600FE000 len 00001FE8 (7 KiB): RTCRAM
I (4601) esp_psram: Adding pool of 8192K of PSRAM memory to heap allocator
I (4609) spi_flash: detected chip: generic
I (4611) spi_flash: flash io: dio
I (4615) sleep_gpio: Configure to isolate all GPIO pins in sleep state
I (4621) sleep_gpio: Enable automatic switching of GPIO sleep configuration
I (4628) main_task: Started on CPU0
I (4652) esp_psram: Reserving pool of 64K of internal memory for DMA/internal allocations
I (4653) main_task: Calling app_main()
I (4669) rc_tank: === RC Tank Demo (EX-035) Role: TANK ===
I (4670) rc_tank: Startup delay 10 s (open serial monitor now)...
I (4670) rc_tank:   starting in 10 s
I (5673) rc_tank:   starting in 9 s
I (6673) rc_tank:   starting in 8 s
I (7673) rc_tank:   starting in 7 s
I (8673) rc_tank:   starting in 6 s
I (9673) rc_tank:   starting in 5 s
I (10673) rc_tank:   starting in 4 s
I (11673) rc_tank:   starting in 3 s
I (12673) rc_tank:   starting in 2 s
I (13673) rc_tank:   starting in 1 s
I (14673) rc_tank: Starting Tank role (P1: network, P2: control, P3: video)
I (14673) board_laiwfs300: init board support package
I (14673) board_laiwfs300: init capability registry
I (14678) board_laiwfs300: init I2C bus: SDA=GPIO48 SCL=GPIO47
I (14684) bus_i2c: I2C0 initialized: SDA=GPIO48 SCL=GPIO47 speed=100000Hz
I (14690) board_laiwfs300: --- I2C bus scan (0x08-0x77) ---
I (14697) board_laiwfs300:   I2C device ACK at 0x15
I (14700) board_laiwfs300:   I2C device ACK at 0x18
I (14705) board_laiwfs300:   I2C device ACK at 0x21
I (14709) board_laiwfs300:   I2C device ACK at 0x22
I (14717) board_laiwfs300:   I2C device ACK at 0x40
I (14720) board_laiwfs300:   I2C device ACK at 0x51
I (14726) board_laiwfs300:   I2C device ACK at 0x68
I (14729) board_laiwfs300: --- I2C scan done: 7 device(s) found ---
W (14733) board_laiwfs300: TPT29555A (IOEX) NOT found at 0x20 (NACK)
I (14739) board_laiwfs300: ES8311 (Codec) found at 0x18
I (14744) board_laiwfs300: ES7210 (ADC) found at 0x40
I (14749) board_laiwfs300: AIP8563 (RTC) found at 0x51
I (14754) board_laiwfs300: BMI260 (IMU @0x68) found at 0x68
W (14759) board_laiwfs300: BMI260 (IMU @0x69) NOT found at 0x69 (NACK)
I (14765) board_laiwfs300: SP0A39 (Camera) found at 0x21
I (14772) board_laiwfs300: ES8311 chip ID: 0x83 0x11
I (14776) board_laiwfs300: ES7210 chip ID: 0x72
I (14781) board_laiwfs300: AIP8563 RTC time: 23:34:54 (BCD raw)
I (14785) board_laiwfs300: BMI260 chip ID: 0x27 (expect 0x27)
I (14790) board_laiwfs300: init SPI bus manager
I (14796) board_laiwfs300: init ADC service
I (14799) board_adc: ADC1 oneshot initialized
I (14803) board_laiwfs300: init board power service
I (14808) board_laiwfs300: ADC D0_DETECT (GPIO1): raw=4095 (~3100 mV)
I (14813) board_laiwfs300: ADC BAT_ADC (GPIO7): raw=1656 (~1253 mV)
I (14819) board_laiwfs300: ADC SW_ADC (GPIO8): raw=4095 (~3100 mV)
I (14825) board_laiwfs300: init IO expander: TPT29555A addr=0x22
I (14834) io_expander: TPT29555A initialized at 0x22
I (14836) board_laiwfs300: IO expander initialized OK
I (14840) board_laiwfs300: init module detect
I (14845) board_laiwfs300: register detection rules
I (14849) board_laiwfs300: register default capabilities
I (14854) board_laiwfs300: board init complete (ioex=OK)
I (14859) rc_tank: [STEP] Motor init starting...
I (14864) board_motor: motor input 1 -> GPIO5 / LEDC channel 0
I (14869) board_motor: motor input 2 -> GPIO4 / LEDC channel 1
I (14875) board_motor: motor input 3 -> GPIO37 / LEDC channel 2
I (14880) board_motor: motor input 4 -> GPIO45 / LEDC channel 3
I (14886) rc_control: Motor initialized
I (14890) rc_tank: [STEP] Motor init OK
I (14893) rc_tank: [STEP] Display init starting...
I (14898) rc_video: Initializing Tank display
I (14903) display_hal: init ST7789V3 LCD 240x320 SPI host=1
E (15048) spi: spi_bus_initialize(816): SPI bus already initialized.
I (15169) display_hal: ST7789V3 LCD initialized
I (15169) board_display: display mapped: MOSI=GPIO13 SCK=GPIO12 CS=GPIO10 DC=GPIO16 BL=GPIO17 LCD_RST=IOEX P1_5 pclk=20000000
I (15174) rc_video: Tank display task started (status screen)
I (15175) rc_video: Tank display initialized (status task owns LCD)
I (15185) rc_tank: [STEP] Display init OK
I (15189) rc_tank: [STEP] Camera init starting...
I (15193) rc_video: Initializing camera (SP0A39 640x480 VYUY)
I (15199) board_camera: initializing SP0A39 camera mode=0 640x480
I (15204) camera_hal: init SP0A39 DVP 640x480 (SCCB manual mode)
I (15210) camera_hal: configuring IOEX pins for camera RESET/PWDN
I (15217) camera_hal: PWDN=HIGH (power down)
I (15230) camera_hal: PWDN=LOW (release sensor)
I (15430) camera_hal: RESET=LOW (assert reset)
I (15450) camera_hal: RESET=HIGH (release reset)
I (16450) camera_hal: full I2C scan after camera power-up (diagnostic only)...
I (16452) camera_hal:   post-powerup ACK at 0x15
I (16452) camera_hal:   post-powerup ACK at 0x18
I (16455) camera_hal:   post-powerup ACK at 0x21
I (16459) camera_hal:   post-powerup ACK at 0x22
I (16467) camera_hal:   post-powerup ACK at 0x40
I (16469) camera_hal:   post-powerup ACK at 0x51
I (16475) camera_hal:   post-powerup ACK at 0x68
I (16478) camera_hal: DVP GPIO diagnostics (checking PCLK/VSYNC/HSYNC activity)...
I (16544) camera_hal: DVP diagnostics: PCLK_changes=0 VSYNC_changes=0 HSYNC_changes=0
W (16544) camera_hal: PCLK has no transitions - MCLK likely not reaching sensor or sensor not active
I (16549) camera_hal: using sensor address 0x21
I (16554) camera_hal: SP0A39 I2C device added at 0x21
I (16560) camera_hal: SP0A39 chip ID: 0x0A39
I (16682) camera_hal: SP0A39 register init done: VYUY 640x480 (359 regs)
I (16683) camera_hal: [CAM-PROBE] SP0A39 p0_31 stage=post_table value=0x00 expected=0x01
E (16686) camera_hal: camera_hal_verify_expected_output_p0_31(92): unexpected p0_31=0x00 at post_table
W (16695) camera_hal: [CAM-PROBE] output state differs after table; continuing: ESP_ERR_INVALID_RESPONSE
I (16724) camera_hal: [CAM-PROBE] SP0A39 p0_31 stage=post_delay value=0x01 expected=0x01
I (16725) camera_hal: camera HAL initialized (sensor ready, DVP capture not yet implemented)
I (16729) board_camera: camera ready
I (16737) camera_hal: SP0A39 output regs: P0:1c=0x00 P0:30=0x01 P0:31=0x01 P1:32=0x15 P1:34=0xeb P1:35=0x00 P1:36=0x10
I (16869) rc_video:   3 DMA-capable PSRAM framebuffers allocated (600 KB each)
I (16872) dvp_ext: DVP Extended camera controller driver is initialized
I (16873) dvp_ext: [STABLE-DVP] assembly uses GDMA-EOF direct copy; dma=102400 half=51200 queue_data_events=suppressed eof_desc=probe
I (16883) rc_video: [STABLE-CAPTURE] staged DVP controller created dma=102400 half=51200
I (16891) rc_video: Camera initialized
I (16895) rc_tank: [STEP] Camera init OK
W (16899) rc_tank: [DVP-MATRIX] pre-network stage=5 strategy=cold_preview_30 frames=30 rebuild=0 wifi=off video_tx=not_created
I (16911) camera_hal: [CAM-PROBE] SP0A39 p0_31 stage=dvp_started value=0x01 expected=0x01
I (16959) rc_video: Round9 local camera preview enabled (240x180 at 80,0; DVP started)
W (21550) rc_video: [COLD-PREFLIGHT] complete target=30 captured=30 complete_delta=30 incomplete_delta=0 incomplete_blocks_delta=0; not a pass gate until live Q60/UDP
I (21554) rc_tank: [STEP] Network init starting...
I (21560) rc_net: Initializing as SoftAP (Tank)
I (21564) pp: pp rom version: e7ae62f
I (21567) net80211: net80211 rom version: e7ae62f
I (21573) wifi:wifi driver task: 3fce48f8, prio:23, stack:6656, core=0
I (21584) wifi:wifi firmware version: 0947e8b
I (21584) wifi:wifi certification version: v7.0
I (21585) wifi:config NVS flash: enabled
I (21589) wifi:config nano formatting: disabled
I (21593) wifi:Init data frame dynamic rx buffer num: 32
I (21598) wifi:Init static rx mgmt buffer num: 5
I (21603) wifi:Init management short buffer num: 32
I (21607) wifi:Init dynamic tx buffer num: 64
I (21611) wifi:Init static tx FG buffer num: 2
I (21616) wifi:Init static rx buffer size: 1600
I (21620) wifi:Init static rx buffer num: 10
I (21624) wifi:Init dynamic rx buffer num: 32
I (21629) wifi_init: rx ba win: 6
I (21631) wifi_init: accept mbox: 6
I (21634) wifi_init: tcpip mbox: 16
I (21637) wifi_init: udp mbox: 6
I (21640) wifi_init: tcp mbox: 6
I (21641) rc_video: Round9 preview displayed=30 fps=4.64 capture_fps=4.64 Avg(ms): convert=41.9 draw=36.0 | complete=30 size_err=0 identity_err=0
I (21643) wifi_init: tcp tx win: 5760
I (21659) wifi_init: tcp rx win: 5760
I (21663) wifi_init: tcp mss: 1440
I (21666) wifi_init: WiFi IRAM OP enabled
I (21709) wifi_init: WiFi RX IRAM OP enabled
I (21710) rc_net: AP set_mode/config, SSID=RC_TANK_F3AE79 ch=1
I (21716) phy_init: phy_version 711,97bcf0a2,Aug 25 2025,19:04:10
I (21754) wifi:mode : softAP (44:1b:f6:f3:ae:79)
I (21759) wifi:Total power save buffer number: 32
I (21760) wifi:Init max length of beacon: 752/752
I (21761) wifi:Init max length of beacon: 752/752
I (21763) rc_net: SoftAP started, SSID: RC_TANK_F3AE79, Password: 12345678
I (21765) esp_netif_lwip: DHCP server started on interface WIFI_AP_DEF with IP: 192.168.4.1
I (21777) rc_tank: [STEP] Network init OK
I (21781) rc_tank: Tank SoftAP ready, waiting for remote...
I (21786) rc_control: Ctrl RX task started
I (21790) rc_control: Tank control started
I (21793) rc_tank: Tank running (video + control; audio disabled)
I (21799) rc_tank: app_main done, idle loop
I (22677) wifi:new:<1,1>, old:<1,1>, ap:<1,1>, sta:<255,255>, prof:1, snd_ch_cfg:0x0
I (22678) wifi:station: 44:1b:f6:f3:ae:40 join, AID=1, bgn, 40U
I (22718) rc_net: STA connected, MAC: 44:1b:f6:f3:ae:40
I (22758) esp_netif_lwip: DHCP server assigned IP to a client, IP is: 192.168.4.2
I (22759) rc_net: STA assigned IP: 192.168.4.2
I (22759) rc_video: Local preview stop requested; waiting for video_tx handoff
I (22766) rc_tank: Network connected, peer: 192.168.4.2
W (22772) rc_tank: [DVP-MATRIX] start stage=5 strategy=cold_preview_30 preflight_frames=30 video_tx=not_created
I (22818) rc_net: Ctrl UDP socket bound to port 8001
I (22819) rc_net: Video UDP socket bound to port 8002
I (22820) rc_net: Audio TCP listening on port 8003
I (22823) rc_tank: Socket channels started
I (22826) rc_video: Local preview quiesced before video_tx; drained_ready_signals=0 stable_ready_preserved=1
I (22835) rc_video: Tank display ownership returned to status task after preview handoff
I (22849) rc_video: Video TX task started (240x180, sensor-driven, Q=60)
I (22850) rc_video: TX theory: raw=614400 B/frame, encoded YUV=86400 B/frame, target10fps raw=0.86 MB/s
I (22855) rc_video: Tank video started (camera source)
I (22859) rc_video: PSRAM TX buffers: subsample=86400B jpeg=43200B send=43208B free_psram=5592524 free_internal=59627
W (22864) rc_tank: [DVP-MATRIX] observe stage=5 strategy=cold_preview_30 duration_ms=45000 under live Q60/UDP load
I (22874) rc_video: TX buffer caps: subsample=0x3c350120(psram=1) jpeg=0x3c3652a4(psram=1) send=0x3c36fea8(psram=1)

[HOST-DVP-MATRIX 12:02:02] COLD-R3 stage=5 visible window begin
I (23829) wifi:<ba-add>idx:2 (ifx:1, 44:1b:f6:f3:ae:40), tid:0, ssn:0, winSize:64
W (24894) rc_video: [CAM-DIAG-R4] TX wait timeout #1 cap=38 get=76 select_fail=0 finished=38 signal=38 acquire=37 acquire_fail=0 release_fail=0 backup=0/0 pool=F2/W0/R1/D0 latest=0
W (26899) rc_video: [CAM-DIAG-R4] TX wait timeout #2 cap=38 get=76 select_fail=0 finished=38 signal=38 acquire=37 acquire_fail=0 release_fail=0 backup=0/0 pool=F2/W0/R1/D0 latest=0
W (28904) rc_video: [CAM-DIAG-R4] TX wait timeout #3 cap=38 get=76 select_fail=0 finished=38 signal=38 acquire=37 acquire_fail=0 release_fail=0 backup=0/0 pool=F2/W0/R1/D0 latest=0
W (30909) rc_video: [CAM-DIAG-R4] TX wait timeout #4 cap=38 get=76 select_fail=0 finished=38 signal=38 acquire=37 acquire_fail=0 release_fail=0 backup=0/0 pool=F2/W0/R1/D0 latest=0
W (32914) rc_video: [CAM-DIAG-R4] TX wait timeout #5 cap=38 get=76 select_fail=0 finished=38 signal=38 acquire=37 acquire_fail=0 release_fail=0 backup=0/0 pool=F2/W0/R1/D0 latest=0
W (34919) rc_video: [CAM-DIAG-R4] TX wait timeout #6 cap=38 get=76 select_fail=0 finished=38 signal=38 acquire=37 acquire_fail=0 release_fail=0 backup=0/0 pool=F2/W0/R1/D0 latest=0
W (36924) rc_video: [CAM-DIAG-R4] TX wait timeout #7 cap=38 get=76 select_fail=0 finished=38 signal=38 acquire=37 acquire_fail=0 release_fail=0 backup=0/0 pool=F2/W0/R1/D0 latest=0
W (38929) rc_video: [CAM-DIAG-R4] TX wait timeout #8 cap=38 get=76 select_fail=0 finished=38 signal=38 acquire=37 acquire_fail=0 release_fail=0 backup=0/0 pool=F2/W0/R1/D0 latest=0
W (40934) rc_video: [CAM-DIAG-R4] TX wait timeout #9 cap=38 get=76 select_fail=0 finished=38 signal=38 acquire=37 acquire_fail=0 release_fail=0 backup=0/0 pool=F2/W0/R1/D0 latest=0
W (42939) rc_video: [CAM-DIAG-R4] TX wait timeout #10 cap=38 get=76 select_fail=0 finished=38 signal=38 acquire=37 acquire_fail=0 release_fail=0 backup=0/0 pool=F2/W0/R1/D0 latest=0
W (44944) rc_video: [CAM-DIAG-R4] TX wait timeout #11 cap=38 get=76 select_fail=0 finished=38 signal=38 acquire=37 acquire_fail=0 release_fail=0 backup=0/0 pool=F2/W0/R1/D0 latest=0
W (46949) rc_video: [CAM-DIAG-R4] TX wait timeout #12 cap=38 get=76 select_fail=0 finished=38 signal=38 acquire=37 acquire_fail=0 release_fail=0 backup=0/0 pool=F2/W0/R1/D0 latest=0
W (48954) rc_video: [CAM-DIAG-R4] TX wait timeout #13 cap=38 get=76 select_fail=0 finished=38 signal=38 acquire=37 acquire_fail=0 release_fail=0 backup=0/0 pool=F2/W0/R1/D0 latest=0
W (50959) rc_video: [CAM-DIAG-R4] TX wait timeout #14 cap=38 get=76 select_fail=0 finished=38 signal=38 acquire=37 acquire_fail=0 release_fail=0 backup=0/0 pool=F2/W0/R1/D0 latest=0
W (52964) rc_video: [CAM-DIAG-R4] TX wait timeout #15 cap=38 get=76 select_fail=0 finished=38 signal=38 acquire=37 acquire_fail=0 release_fail=0 backup=0/0 pool=F2/W0/R1/D0 latest=0
W (54969) rc_video: [CAM-DIAG-R4] TX wait timeout #16 cap=38 get=76 select_fail=0 finished=38 signal=38 acquire=37 acquire_fail=0 release_fail=0 backup=0/0 pool=F2/W0/R1/D0 latest=0
W (56974) rc_video: [CAM-DIAG-R4] TX wait timeout #17 cap=38 get=76 select_fail=0 finished=38 signal=38 acquire=37 acquire_fail=0 release_fail=0 backup=0/0 pool=F2/W0/R1/D0 latest=0
W (58979) rc_video: [CAM-DIAG-R4] TX wait timeout #18 cap=38 get=76 select_fail=0 finished=38 signal=38 acquire=37 acquire_fail=0 release_fail=0 backup=0/0 pool=F2/W0/R1/D0 latest=0
W (60984) rc_video: [CAM-DIAG-R4] TX wait timeout #19 cap=38 get=76 select_fail=0 finished=38 signal=38 acquire=37 acquire_fail=0 release_fail=0 backup=0/0 pool=F2/W0/R1/D0 latest=0
W (62989) rc_video: [CAM-DIAG-R4] TX wait timeout #20 cap=38 get=76 select_fail=0 finished=38 signal=38 acquire=37 acquire_fail=0 release_fail=0 backup=0/0 pool=F2/W0/R1/D0 latest=0
W (64994) rc_video: [CAM-DIAG-R4] TX wait timeout #21 cap=38 get=76 select_fail=0 finished=38 signal=38 acquire=37 acquire_fail=0 release_fail=0 backup=0/0 pool=F2/W0/R1/D0 latest=0
W (66999) rc_video: [CAM-DIAG-R4] TX wait timeout #22 cap=38 get=76 select_fail=0 finished=38 signal=38 acquire=37 acquire_fail=0 release_fail=0 backup=0/0 pool=F2/W0/R1/D0 latest=0
W (67884) rc_tank: [DVP-MATRIX] result stage=5 strategy=cold_preview_30 complete=38 incomplete=0 incomplete_blocks=0 mismatch_hist=0,0,0,0,0,0,0,0,0,1,38 prepare=38 pending=38 hold=38/38 hold_timeout=0
W (67894) rc_tank: [DVP-MATRIX] advance stage=6; restart in 1s
I (68896) wifi:station: 44:1b:f6:f3:ae:40 leave, AID = 1, reason = 2, bss_flags is 756851, bss:0x3fcf1374
I (68898) wifi:new:<1,0>, old:<1,1>, ap:<1,1>, sta:<255,255>, prof:1, snd_ch_cfg:0x0
I (68904) wifi:<ba-del>idx:2, tid:0
I (68906) wifi:new:<1,1>, old:<1,0>, ap:<1,1>, sta:<255,255>, prof:1, snd_ch_cfg:0x0
I (68915) rc_net: STA disconnected, MAC: 44:1b:f6:f3:ae:40
W (68919) rc_control: Network disconnected: motor stop enforced
W (68924) rc_tank: Network disconnected
W (69004) rc_video: [CAM-DIAG-R4] TX wait timeout #23 cap=38 get=76 select_fail=0 finished=38 signal=38 acquire=37 acquire_fail=0 release_fail=0 backup=0/0 pool=F2/W0/R1/D0 latest=0
I (69155) wifi:flush txq
I (69155) wifi:stop sw txq
I (69155) wifi:lmac stop hw txq
ESP-ROM:esp32s3-20210327
Build:Mar 27 2021
rst:0xc (RTC_SW_CPU_RST),boot:0x3 (DOWNLOAD(USB/UART0))
Saved PC:0x4037e836
waiting for download

[HOST-DVP-MATRIX 12:02:48] COLD-R3 Tank restart recovery=7

[HOST-DVP-MATRIX 12:02:48] Tank RAM bootloader start
esptool.py v4.12.dev2
Serial port COM7
Connecting.........
Chip is ESP32-S3 (QFN56) (revision v0.2)
Features: WiFi, BLE
Crystal is 40MHz
MAC: 44:1b:f6:f3:ae:78
Uploading stub...
Running stub...
Stub running...
RAM boot...
Downloading 5360 bytes at 3fce2820... done!
Downloading 3364 bytes at 403c8700... done!
Downloading 12016 bytes at 403cb700... done!
All segments done, executing at 403c8924
Exiting immediately.

[HOST-DVP-MATRIX 12:02:52] Tank RAM bootloader complete
 (3438) boot: chip revision: v0.2
I (3441) boot: efuse block revision: v1.3
I (3444) boot.esp32s3: Boot SPI Speed : 80MHz
I (3448) boot.esp32s3: SPI Mode       : SLOW READ
I (3453) boot.esp32s3: SPI Flash Size : 8MB
I (3457) boot: Enabling RNG early entropy source...
I (3461) boot: Partition Table:
I (3464) boot: ## Label            Usage          Type ST Offset   Length
I (3471) boot:  0 nvs              WiFi data        01 02 00009000 00006000
I (3477) boot:  1 phy_init         RF data          01 01 0000f000 00001000
I (3484) boot:  2 factory          factory app      00 00 00010000 00300000
I (3491) boot:  3 storage          Unknown data     01 82 00310000 00100000
I (3497) boot: End of partition table
I (3501) esp_image: segment 0: paddr=00010020 vaddr=3c0a0020 size=24ee0h (151264) map
I (3601) esp_image: segment 1: paddr=00034f08 vaddr=3fca0c00 size=05560h ( 21856) load
I (3615) esp_image: segment 2: paddr=0003a470 vaddr=40374000 size=05ba8h ( 23464) load
I (3631) esp_image: segment 3: paddr=00040020 vaddr=42000020 size=9b858h (637016) map
I (4020) esp_image: segment 4: paddr=000db880 vaddr=40379ba8 size=16fb4h ( 94132) load
I (4081) esp_image: segment 5: paddr=000f283c vaddr=50000000 size=00020h (    32) load
I (4092) boot: Loaded app from partition at offset 0x10000
I (4093) boot: Disabling RNG early entropy source...
I (4105) esp_psram: Found 8MB PSRAM device
I (4105) esp_psram: Speed: 80MHz
I (4105) cpu_start: Multicore app
I (5023) esp_psram: SPI SRAM memory test OK
I (5032) cpu_start: GPIO 44 and 43 are used as console UART I/O pins
I (5033) cpu_start: Pro cpu start user code
I (5033) cpu_start: cpu freq: 240000000 Hz
I (5034) app_init: Application information:
I (5038) app_init: Project name:     rc_tank_demo
I (5042) app_init: App version:      1
I (5046) app_init: Compile time:     Aug 26 2026 11:52:11
I (5051) app_init: ELF file SHA256:  1c3d7e5c2...
I (5055) app_init: ESP-IDF:          GIT-NOTFOUND
I (5060) efuse_init: Min chip rev:     v0.0
I (5064) efuse_init: Max chip rev:     v0.99 
I (5068) efuse_init: Chip rev:         v0.2
I (5072) heap_init: Initializing. RAM available for dynamic allocation:
I (5078) heap_init: At 3FCAA290 len 0003F480 (253 KiB): RAM
I (5083) heap_init: At 3FCE9710 len 00005724 (21 KiB): RAM
I (5089) heap_init: At 3FCF0000 len 00008000 (32 KiB): DRAM
I (5094) heap_init: At 600FE000 len 00001FE8 (7 KiB): RTCRAM
I (5100) esp_psram: Adding pool of 8192K of PSRAM memory to heap allocator
I (5107) spi_flash: detected chip: generic
I (5110) spi_flash: flash io: dio
I (5114) sleep_gpio: Configure to isolate all GPIO pins in sleep state
I (5119) sleep_gpio: Enable automatic switching of GPIO sleep configuration
I (5126) main_task: Started on CPU0
I (5150) esp_psram: Reserving pool of 64K of internal memory for DMA/internal allocations
I (5151) main_task: Calling app_main()
I (5167) rc_tank: === RC Tank Demo (EX-035) Role: TANK ===
I (5168) rc_tank: Startup delay 10 s (open serial monitor now)...
I (5168) rc_tank:   starting in 10 s
I (6171) rc_tank:   starting in 9 s
I (7171) rc_tank:   starting in 8 s
I (8171) rc_tank:   starting in 7 s
I (9171) rc_tank:   starting in 6 s
I (10171) rc_tank:   starting in 5 s
I (11171) rc_tank:   starting in 4 s
I (12171) rc_tank:   starting in 3 s
I (13171) rc_tank:   starting in 2 s
I (14171) rc_tank:   starting in 1 s
I (15171) rc_tank: Starting Tank role (P1: network, P2: control, P3: video)
I (15171) board_laiwfs300: init board support package
I (15171) board_laiwfs300: init capability registry
I (15176) board_laiwfs300: init I2C bus: SDA=GPIO48 SCL=GPIO47
I (15182) bus_i2c: I2C0 initialized: SDA=GPIO48 SCL=GPIO47 speed=100000Hz
I (15188) board_laiwfs300: --- I2C bus scan (0x08-0x77) ---
I (15195) board_laiwfs300:   I2C device ACK at 0x15
I (15198) board_laiwfs300:   I2C device ACK at 0x18
I (15203) board_laiwfs300:   I2C device ACK at 0x21
I (15207) board_laiwfs300:   I2C device ACK at 0x22
I (15215) board_laiwfs300:   I2C device ACK at 0x40
I (15218) board_laiwfs300:   I2C device ACK at 0x51
I (15224) board_laiwfs300:   I2C device ACK at 0x68
I (15227) board_laiwfs300: --- I2C scan done: 7 device(s) found ---
W (15231) board_laiwfs300: TPT29555A (IOEX) NOT found at 0x20 (NACK)
I (15237) board_laiwfs300: ES8311 (Codec) found at 0x18
I (15242) board_laiwfs300: ES7210 (ADC) found at 0x40
I (15247) board_laiwfs300: AIP8563 (RTC) found at 0x51
I (15252) board_laiwfs300: BMI260 (IMU @0x68) found at 0x68
W (15257) board_laiwfs300: BMI260 (IMU @0x69) NOT found at 0x69 (NACK)
I (15263) board_laiwfs300: SP0A39 (Camera) found at 0x21
I (15270) board_laiwfs300: ES8311 chip ID: 0x83 0x11
I (15274) board_laiwfs300: ES7210 chip ID: 0x72
I (15279) board_laiwfs300: AIP8563 RTC time: 23:36:05 (BCD raw)
I (15283) board_laiwfs300: BMI260 chip ID: 0x27 (expect 0x27)
I (15288) board_laiwfs300: init SPI bus manager
I (15294) board_laiwfs300: init ADC service
I (15297) board_adc: ADC1 oneshot initialized
I (15301) board_laiwfs300: init board power service
I (15306) board_laiwfs300: ADC D0_DETECT (GPIO1): raw=4095 (~3100 mV)
I (15311) board_laiwfs300: ADC BAT_ADC (GPIO7): raw=1639 (~1240 mV)
I (15317) board_laiwfs300: ADC SW_ADC (GPIO8): raw=4095 (~3100 mV)
I (15323) board_laiwfs300: init IO expander: TPT29555A addr=0x22
I (15332) io_expander: TPT29555A initialized at 0x22
I (15334) board_laiwfs300: IO expander initialized OK
I (15338) board_laiwfs300: init module detect
I (15343) board_laiwfs300: register detection rules
I (15347) board_laiwfs300: register default capabilities
I (15352) board_laiwfs300: board init complete (ioex=OK)
I (15357) rc_tank: [STEP] Motor init starting...
I (15362) board_motor: motor input 1 -> GPIO5 / LEDC channel 0
I (15367) board_motor: motor input 2 -> GPIO4 / LEDC channel 1
I (15373) board_motor: motor input 3 -> GPIO37 / LEDC channel 2
I (15378) board_motor: motor input 4 -> GPIO45 / LEDC channel 3
I (15384) rc_control: Motor initialized
I (15388) rc_tank: [STEP] Motor init OK
I (15391) rc_tank: [STEP] Display init starting...
I (15396) rc_video: Initializing Tank display
I (15401) display_hal: init ST7789V3 LCD 240x320 SPI host=1
E (15546) spi: spi_bus_initialize(816): SPI bus already initialized.
I (15667) display_hal: ST7789V3 LCD initialized
I (15667) board_display: display mapped: MOSI=GPIO13 SCK=GPIO12 CS=GPIO10 DC=GPIO16 BL=GPIO17 LCD_RST=IOEX P1_5 pclk=20000000
I (15672) rc_video: Tank display task started (status screen)
I (15673) rc_video: Tank display initialized (status task owns LCD)
I (15683) rc_tank: [STEP] Display init OK
I (15687) rc_tank: [STEP] Camera init starting...
I (15691) rc_video: Initializing camera (SP0A39 640x480 VYUY)
I (15697) board_camera: initializing SP0A39 camera mode=0 640x480
I (15702) camera_hal: init SP0A39 DVP 640x480 (SCCB manual mode)
I (15708) camera_hal: configuring IOEX pins for camera RESET/PWDN
I (15715) camera_hal: PWDN=HIGH (power down)
I (15728) camera_hal: PWDN=LOW (release sensor)
I (15928) camera_hal: RESET=LOW (assert reset)
I (15948) camera_hal: RESET=HIGH (release reset)
I (16948) camera_hal: full I2C scan after camera power-up (diagnostic only)...
I (16950) camera_hal:   post-powerup ACK at 0x15
I (16950) camera_hal:   post-powerup ACK at 0x18
I (16953) camera_hal:   post-powerup ACK at 0x21
I (16957) camera_hal:   post-powerup ACK at 0x22
I (16965) camera_hal:   post-powerup ACK at 0x40
I (16967) camera_hal:   post-powerup ACK at 0x51
I (16973) camera_hal:   post-powerup ACK at 0x68
I (16976) camera_hal: DVP GPIO diagnostics (checking PCLK/VSYNC/HSYNC activity)...
I (17042) camera_hal: DVP diagnostics: PCLK_changes=0 VSYNC_changes=0 HSYNC_changes=0
W (17042) camera_hal: PCLK has no transitions - MCLK likely not reaching sensor or sensor not active
I (17047) camera_hal: using sensor address 0x21
I (17052) camera_hal: SP0A39 I2C device added at 0x21
I (17058) camera_hal: SP0A39 chip ID: 0x0A39
I (17180) camera_hal: SP0A39 register init done: VYUY 640x480 (359 regs)
I (17181) camera_hal: [CAM-PROBE] SP0A39 p0_31 stage=post_table value=0x00 expected=0x01
E (17184) camera_hal: camera_hal_verify_expected_output_p0_31(92): unexpected p0_31=0x00 at post_table
W (17193) camera_hal: [CAM-PROBE] output state differs after table; continuing: ESP_ERR_INVALID_RESPONSE
I (17222) camera_hal: [CAM-PROBE] SP0A39 p0_31 stage=post_delay value=0x01 expected=0x01
I (17223) camera_hal: camera HAL initialized (sensor ready, DVP capture not yet implemented)
I (17227) board_camera: camera ready
I (17235) camera_hal: SP0A39 output regs: P0:1c=0x00 P0:30=0x01 P0:31=0x01 P1:32=0x15 P1:34=0xeb P1:35=0x00 P1:36=0x10
I (17367) rc_video:   3 DMA-capable PSRAM framebuffers allocated (600 KB each)
I (17370) dvp_ext: DVP Extended camera controller driver is initialized
I (17371) dvp_ext: [STABLE-DVP] assembly uses GDMA-EOF direct copy; dma=102400 half=51200 queue_data_events=suppressed eof_desc=probe
I (17381) rc_video: [STABLE-CAPTURE] staged DVP controller created dma=102400 half=51200
I (17389) rc_video: Camera initialized
I (17393) rc_tank: [STEP] Camera init OK
W (17397) rc_tank: [DVP-MATRIX] pre-network stage=6 strategy=cold_preview_120 frames=120 rebuild=0 wifi=off video_tx=not_created
I (17409) camera_hal: [CAM-PROBE] SP0A39 p0_31 stage=dvp_started value=0x01 expected=0x01
I (17457) rc_video: Round9 local camera preview enabled (240x180 at 80,0; DVP started)
I (22127) rc_video: Round9 preview displayed=30 fps=4.65 capture_fps=4.65 Avg(ms): convert=41.6 draw=35.9 | complete=30 size_err=0 identity_err=0
I (26877) rc_video: Round9 preview displayed=60 fps=6.32 capture_fps=6.32 Avg(ms): convert=41.6 draw=36.4 | complete=60 size_err=0 identity_err=0
I (31627) rc_video: Round9 preview displayed=90 fps=6.32 capture_fps=6.32 Avg(ms): convert=41.6 draw=36.5 | complete=90 size_err=0 identity_err=0
W (36303) rc_video: [COLD-PREFLIGHT] complete target=120 captured=120 complete_delta=120 incomplete_delta=0 incomplete_blocks_delta=0; not a pass gate until live Q60/UDP
I (36307) rc_tank: [STEP] Network init starting...
I (36315) rc_net: Initializing as SoftAP (Tank)
I (36321) pp: pp rom version: e7ae62f
I (36322) net80211: net80211 rom version: e7ae62f
I (36325) wifi:wifi driver task: 3fce4990, prio:23, stack:6656, core=0
I (36336) wifi:wifi firmware version: 0947e8b
I (36337) wifi:wifi certification version: v7.0
I (36338) wifi:config NVS flash: enabled
I (36342) wifi:config nano formatting: disabled
I (36346) wifi:Init data frame dynamic rx buffer num: 32
I (36351) wifi:Init static rx mgmt buffer num: 5
I (36355) wifi:Init management short buffer num: 32
I (36360) wifi:Init dynamic tx buffer num: 64
I (36364) wifi:Init static tx FG buffer num: 2
I (36368) wifi:Init static rx buffer size: 1600
I (36372) wifi:Init static rx buffer num: 10
I (36376) wifi:Init dynamic rx buffer num: 32
I (36383) wifi_init: rx ba win: 6
I (36383) wifi_init: accept mbox: 6
I (36387) wifi_init: tcpip mbox: 16
I (36391) wifi_init: udp mbox: 6
I (36393) wifi_init: tcp mbox: 6
I (36397) wifi_init: tcp tx win: 5760
I (36399) wifi_init: tcp rx win: 5760
I (36403) wifi_init: tcp mss: 1440
I (36407) wifi_init: WiFi IRAM OP enabled
I (36409) wifi_init: WiFi RX IRAM OP enabled
I (36414) rc_net: AP set_mode/config, SSID=RC_TANK_F3AE79 ch=1
I (36424) phy_init: phy_version 711,97bcf0a2,Aug 25 2025,19:04:10
I (36463) wifi:mode : softAP (44:1b:f6:f3:ae:79)
I (36468) wifi:Total power save buffer number: 32
I (36468) wifi:Init max length of beacon: 752/752
I (36469) wifi:Init max length of beacon: 752/752
I (36472) esp_netif_lwip: DHCP server started on interface WIFI_AP_DEF with IP: 192.168.4.1
I (36471) rc_net: SoftAP started, SSID: RC_TANK_F3AE79, Password: 12345678
I (36485) rc_tank: [STEP] Network init OK
I (36489) rc_tank: Tank SoftAP ready, waiting for remote...
I (36495) rc_control: Ctrl RX task started
I (36499) rc_control: Tank control started
I (36502) rc_tank: Tank running (video + control; audio disabled)
I (36507) rc_tank: app_main done, idle loop
I (36512) rc_video: Round9 preview displayed=120 fps=6.14 capture_fps=6.14 Avg(ms): convert=44.4 draw=38.2 | complete=120 size_err=0 identity_err=0
I (39742) wifi:new:<1,1>, old:<1,1>, ap:<1,1>, sta:<255,255>, prof:1, snd_ch_cfg:0x0
I (39744) wifi:station: 44:1b:f6:f3:ae:40 join, AID=1, bgn, 40U
I (39789) rc_net: STA connected, MAC: 44:1b:f6:f3:ae:40
I (39829) esp_netif_lwip: DHCP server assigned IP to a client, IP is: 192.168.4.2
I (39830) rc_net: STA assigned IP: 192.168.4.2
I (39830) rc_video: Local preview stop requested; waiting for video_tx handoff
I (39837) rc_tank: Network connected, peer: 192.168.4.2
W (39842) rc_tank: [DVP-MATRIX] start stage=6 strategy=cold_preview_120 preflight_frames=120 video_tx=not_created
I (39853) rc_net: Ctrl UDP socket bound to port 8001
I (39857) rc_net: Video UDP socket bound to port 8002
I (39862) rc_net: Audio TCP listening on port 8003
I (39865) rc_tank: Socket channels started
I (39875) rc_video: Local preview quiesced before video_tx; drained_ready_signals=0 stable_ready_preserved=1
I (39879) rc_video: Tank display ownership returned to status task after preview handoff
I (39893) rc_video: Video TX task started (240x180, sensor-driven, Q=60)
I (39894) rc_video: TX theory: raw=614400 B/frame, encoded YUV=86400 B/frame, target10fps raw=0.86 MB/s
I (39936) rc_video: PSRAM TX buffers: subsample=86400B jpeg=43200B send=43208B free_psram=5592524 free_internal=59619
I (39939) rc_video: Tank video started (camera source)
I (39941) rc_video: TX buffer caps: subsample=0x3c350120(psram=1) jpeg=0x3c3652a4(psram=1) send=0x3c36fea8(psram=1)
W (39946) rc_tank: [DVP-MATRIX] observe stage=6 strategy=cold_preview_120 duration_ms=45000 under live Q60/UDP load
I (40006) rc_net: [CAM-PROBE] Video TX seq=0 jpeg_len=9542 crc32=0x2c8e29e5 chunks=8
W (40018) rc_net: Video UDP send failed: seq=0 chunk=4/8 bytes=1208 sent=-1 errno=12 attempts=4
W (40018) rc_video: Video send failed: ESP_FAIL

[HOST-DVP-MATRIX 12:03:29] COLD-R3 stage=6 visible window begin
W (40120) rc_video: Video send failed: ESP_FAIL
W (40255) rc_video: Video send failed: ESP_FAIL
W (40356) rc_video: Video send failed: ESP_FAIL
W (40500) rc_video: Video send failed: ESP_FAIL
W (40553) rc_video: Video send failed: ESP_FAIL
W (40693) rc_video: Video send failed: ESP_FAIL
W (40772) rc_video: Video send failed: ESP_FAIL
I (40917) wifi:<ba-add>idx:2 (ifx:1, 44:1b:f6:f3:ae:40), tid:0, ssn:0, winSize:64
I (43577) rc_net: [CAM-PROBE] Video TX seq=30 jpeg_len=9296 crc32=0x0dd13b43 chunks=8
I (44253) rc_video: Sent 30 | cap_fps=8.8 send_fps=6.9 capture_size_errors=0 capture_identity_errors=0 | Avg(ms): wait=46.6 cache=1.4 subsample=23.3 encode=25.1 send=7.2 total=103.6 | JPEG=9352B
I (44253) rc_video: [VIDEO-TX] handoff cap=179 get=359 select_fail=0 finished=179 signal=179 acquire=179 acquire_fail=0 release_fail=0 backup=0/0
I (44253) rc_video: [STABLE-CAPTURE] pause=179/179 timeout=0 quiesce=179 resume=179 lifecycle_errors=0 repairs=38 staged_events=2151 copies=2128 fallback=0 errors=0 prepare=180 stale_queue=0 pending_vsync=158 sync=197 complete=179 incomplete=18 incomplete_blocks=150 hold=179/179 hold_timeout=0
I (47099) rc_net: [CAM-PROBE] Video TX seq=60 jpeg_len=9776 crc32=0xbe8c6c36 chunks=9
I (47997) rc_video: Sent 60 | cap_fps=8.0 send_fps=8.0 capture_size_errors=0 capture_identity_errors=0 | Avg(ms): wait=55.9 cache=1.5 subsample=23.4 encode=24.7 send=6.1 total=111.6 | JPEG=9585B
I (48004) rc_video: [VIDEO-TX] handoff cap=209 get=418 select_fail=0 finished=209 signal=209 acquire=209 acquire_fail=0 release_fail=0 backup=0/0
I (48013) rc_video: [STABLE-CAPTURE] pause=209/209 timeout=0 quiesce=209 resume=209 lifecycle_errors=0 repairs=68 staged_events=2650 copies=2610 fallback=0 errors=0 prepare=210 stale_queue=0 pending_vsync=171 sync=248 complete=209 incomplete=39 incomplete_blocks=310 hold=209/209 hold_timeout=0
I (50959) rc_net: [CAM-PROBE] Video TX seq=90 jpeg_len=9833 crc32=0xebcc360d chunks=9
I (51770) rc_video: Sent 90 | cap_fps=7.9 send_fps=7.9 capture_size_errors=0 capture_identity_errors=0 | Avg(ms): wait=56.9 cache=1.5 subsample=23.4 encode=25.0 send=6.4 total=113.2 | JPEG=9305B
I (51770) rc_video: [VIDEO-TX] handoff cap=239 get=479 select_fail=0 finished=239 signal=239 acquire=239 acquire_fail=0 release_fail=0 backup=0/0
I (51770) rc_video: [STABLE-CAPTURE] pause=239/239 timeout=0 quiesce=239 resume=239 lifecycle_errors=0 repairs=98 staged_events=3165 copies=3109 fallback=0 errors=0 prepare=240 stale_queue=0 pending_vsync=184 sync=300 complete=239 incomplete=61 incomplete_blocks=470 hold=239/239 hold_timeout=0
I (54504) rc_net: [CAM-PROBE] Video TX seq=120 jpeg_len=9283 crc32=0xedb575e6 chunks=8
I (55239) rc_video: Sent 120 | cap_fps=8.7 send_fps=8.7 capture_size_errors=0 capture_identity_errors=0 | Avg(ms): wait=44.7 cache=1.4 subsample=23.2 encode=24.8 send=7.4 total=101.5 | JPEG=9910B
I (55246) rc_video: [VIDEO-TX] handoff cap=269 get=538 select_fail=0 finished=269 signal=269 acquire=269 acquire_fail=0 release_fail=0 backup=0/0
I (55256) rc_video: [STABLE-CAPTURE] pause=269/269 timeout=0 quiesce=269 resume=269 lifecycle_errors=0 repairs=128 staged_events=3633 copies=3560 fallback=0 errors=0 prepare=270 stale_queue=0 pending_vsync=198 sync=344 complete=269 incomplete=75 incomplete_blocks=600 hold=269/269 hold_timeout=0
I (58106) rc_net: [CAM-PROBE] Video TX seq=150 jpeg_len=9315 crc32=0x64e3a503 chunks=8
I (58802) rc_video: Sent 150 | cap_fps=8.4 send_fps=8.4 capture_size_errors=0 capture_identity_errors=0 | Avg(ms): wait=48.1 cache=1.5 subsample=23.7 encode=24.9 send=6.1 total=104.3 | JPEG=9687B
I (58809) rc_video: [VIDEO-TX] handoff cap=299 get=598 select_fail=0 finished=299 signal=299 acquire=299 acquire_fail=0 release_fail=0 backup=0/0
I (58818) rc_video: [STABLE-CAPTURE] pause=299/299 timeout=0 quiesce=299 resume=299 lifecycle_errors=0 repairs=158 staged_events=4132 copies=4042 fallback=0 errors=0 prepare=300 stale_queue=0 pending_vsync=211 sync=391 complete=299 incomplete=92 incomplete_blocks=750 hold=299/299 hold_timeout=0
I (61567) rc_net: [CAM-PROBE] Video TX seq=180 jpeg_len=9656 crc32=0x2018d8f4 chunks=9
I (62380) rc_video: Sent 180 | cap_fps=8.3 send_fps=8.3 capture_size_errors=0 capture_identity_errors=0 | Avg(ms): wait=51.6 cache=1.5 subsample=23.5 encode=24.6 send=6.0 total=107.2 | JPEG=9299B
I (62380) rc_video: [VIDEO-TX] handoff cap=329 get=659 select_fail=0 finished=329 signal=329 acquire=329 acquire_fail=0 release_fail=0 backup=0/0
I (62380) rc_video: [STABLE-CAPTURE] pause=329/329 timeout=0 quiesce=329 resume=329 lifecycle_errors=0 repairs=188 staged_events=4634 copies=4529 fallback=0 errors=0 prepare=330 stale_queue=0 pending_vsync=225 sync=437 complete=329 incomplete=108 incomplete_blocks=900 hold=329/329 hold_timeout=0
I (65108) rc_net: [CAM-PROBE] Video TX seq=210 jpeg_len=9509 crc32=0xd4c61469 chunks=8
I (66015) rc_video: Sent 210 | cap_fps=8.3 send_fps=8.3 capture_size_errors=0 capture_identity_errors=0 | Avg(ms): wait=50.8 cache=1.5 subsample=23.7 encode=24.5 send=6.3 total=106.8 | JPEG=9583B
I (66021) rc_video: [VIDEO-TX] handoff cap=359 get=719 select_fail=0 finished=359 signal=359 acquire=359 acquire_fail=0 release_fail=0 backup=0/0
I (66021) rc_video: [STABLE-CAPTURE] pause=359/359 timeout=0 quiesce=359 resume=359 lifecycle_errors=0 repairs=218 staged_events=5125 copies=5004 fallback=0 errors=0 prepare=360 stale_queue=0 pending_vsync=240 sync=484 complete=359 incomplete=125 incomplete_blocks=1050 hold=359/359 hold_timeout=0
I (68987) rc_net: [CAM-PROBE] Video TX seq=240 jpeg_len=9319 crc32=0x5edc6e02 chunks=8
I (69645) rc_video: Sent 240 | cap_fps=8.3 send_fps=8.3 capture_size_errors=0 capture_identity_errors=0 | Avg(ms): wait=50.0 cache=1.6 subsample=23.2 encode=25.3 send=7.0 total=107.0 | JPEG=9693B
I (69652) rc_video: [VIDEO-TX] handoff cap=389 get=778 select_fail=0 finished=389 signal=389 acquire=389 acquire_fail=0 release_fail=0 backup=0/0
I (69663) rc_video: [STABLE-CAPTURE] pause=389/389 timeout=0 quiesce=389 resume=389 lifecycle_errors=0 repairs=248 staged_events=5602 copies=5461 fallback=0 errors=0 prepare=390 stale_queue=0 pending_vsync=251 sync=535 complete=388 incomplete=147 incomplete_blocks=1190 hold=389/389 hold_timeout=0
I (72430) rc_net: [CAM-PROBE] Video TX seq=270 jpeg_len=9301 crc32=0x1c7238ff chunks=8
I (73209) rc_video: Sent 270 | cap_fps=8.4 send_fps=8.4 capture_size_errors=0 capture_identity_errors=0 | Avg(ms): wait=47.6 cache=1.5 subsample=23.6 encode=24.8 send=6.6 total=104.1 | JPEG=9652B
I (73217) rc_video: [VIDEO-TX] handoff cap=419 get=838 select_fail=0 finished=419 signal=419 acquire=419 acquire_fail=0 release_fail=0 backup=0/0
I (73225) rc_video: [STABLE-CAPTURE] pause=419/419 timeout=0 quiesce=419 resume=419 lifecycle_errors=0 repairs=278 staged_events=6099 copies=5942 fallback=0 errors=0 prepare=420 stale_queue=0 pending_vsync=264 sync=581 complete=418 incomplete=163 incomplete_blocks=1340 hold=419/419 hold_timeout=0
I (75972) rc_net: [CAM-PROBE] Video TX seq=300 jpeg_len=9840 crc32=0x05eceb23 chunks=9
I (76810) rc_video: Sent 300 | cap_fps=8.3 send_fps=8.3 capture_size_errors=0 capture_identity_errors=0 | Avg(ms): wait=51.4 cache=1.5 subsample=23.5 encode=24.4 send=6.2 total=107.0 | JPEG=9815B
I (76817) rc_video: [VIDEO-TX] handoff cap=449 get=898 select_fail=0 finished=449 signal=449 acquire=449 acquire_fail=0 release_fail=0 backup=0/0
I (76827) rc_video: [STABLE-CAPTURE] pause=449/449 timeout=0 quiesce=449 resume=449 lifecycle_errors=0 repairs=308 staged_events=6593 copies=6421 fallback=0 errors=0 prepare=450 stale_queue=0 pending_vsync=279 sync=627 complete=448 incomplete=179 incomplete_blocks=1490 hold=449/449 hold_timeout=0
I (79911) rc_net: [CAM-PROBE] Video TX seq=330 jpeg_len=9350 crc32=0x275b63f3 chunks=8
I (80650) rc_video: Sent 330 | cap_fps=7.8 send_fps=7.8 capture_size_errors=0 capture_identity_errors=0 | Avg(ms): wait=59.2 cache=1.5 subsample=23.4 encode=24.6 send=6.3 total=114.9 | JPEG=9529B
I (80658) rc_video: [VIDEO-TX] handoff cap=479 get=958 select_fail=0 finished=479 signal=479 acquire=479 acquire_fail=0 release_fail=0 backup=0/0
I (80666) rc_video: [STABLE-CAPTURE] pause=479/479 timeout=0 quiesce=479 resume=479 lifecycle_errors=0 repairs=338 staged_events=7120 copies=6932 fallback=0 errors=0 prepare=480 stale_queue=0 pending_vsync=292 sync=680 complete=478 incomplete=202 incomplete_blocks=1670 hold=479/479 hold_timeout=0
I (83552) rc_net: [CAM-PROBE] Video TX seq=360 jpeg_len=9264 crc32=0x84d6ac4b chunks=8
I (84304) rc_video: Sent 360 | cap_fps=8.2 send_fps=8.2 capture_size_errors=0 capture_identity_errors=0 | Avg(ms): wait=54.0 cache=1.6 subsample=23.4 encode=24.7 send=6.3 total=110.0 | JPEG=9245B
I (84304) rc_video: [VIDEO-TX] handoff cap=509 get=1019 select_fail=0 finished=509 signal=509 acquire=509 acquire_fail=0 release_fail=0 backup=0/0
I (84304) rc_video: [STABLE-CAPTURE] pause=509/509 timeout=0 quiesce=509 resume=509 lifecycle_errors=0 repairs=368 staged_events=7624 copies=7420 fallback=0 errors=0 prepare=510 stale_queue=0 pending_vsync=305 sync=728 complete=508 incomplete=220 incomplete_blocks=1820 hold=509/509 hold_timeout=0
W (84979) rc_tank: [DVP-MATRIX] result stage=6 strategy=cold_preview_120 complete=514 incomplete=222 incomplete_blocks=1840 mismatch_hist=0,0,0,0,88,203,174,127,20,46,313 prepare=516 pending=308 hold=515/515 hold_timeout=0
W (85032) rc_tank: [DVP-MATRIX] advance stage=7; restart in 1s
I (86035) wifi:station: 44:1b:f6:f3:ae:40 leave, AID = 1, reason = 2, bss_flags is 756835, bss:0x3fcf1320
I (86036) wifi:new:<1,0>, old:<1,1>, ap:<1,1>, sta:<255,255>, prof:1, snd_ch_cfg:0x0
I (86042) wifi:<ba-del>idx:2, tid:0
I (86045) wifi:new:<1,1>, old:<1,0>, ap:<1,1>, sta:<255,255>, prof:1, snd_ch_cfg:0x0
I (86087) rc_net: STA disconnected, MAC: 44:1b:f6:f3:ae:40
W (86089) rc_control: Network disconnected: motor stop enforced
W (86089) rc_tank: Network disconnected
W (86152) rc_video: Video send failed: ESP_ERR_INVALID_STATE
W (86243) rc_video: Video send failed: ESP_ERR_INVALID_STATE
W (86322) rc_video: Video send failed: ESP_ERR_INVALID_STATE
W (86441) rc_video: Video send failed: ESP_ERR_INVALID_STATE
W (86579) rc_video: Video send failed: ESP_ERR_INVALID_STATE
W (86682) rc_video: Video send failed: ESP_ERR_INVALID_STATE
W (86761) rc_video: Video send failed: ESP_ERR_INVALID_STATE
I (86845) wifi:flush txq
I (86846) wifi:stop sw txq
I (86846) wifi:lmac stop hw txq
†žESP-ROM:esp32s3-20210327
Build:Mar 27 2021
rst:0xc (RTC_SW_CPU_RST),boot:0x3 (DOWNLOAD(USB/UART0))
Saved PC:0x40381169
waiting for download

[HOST-DVP-MATRIX 12:04:16] COLD-R3 Tank restart recovery=8

[HOST-DVP-MATRIX 12:04:16] Tank RAM bootloader start
esptool.py v4.12.dev2
Serial port COM7
Connecting....
Chip is ESP32-S3 (QFN56) (revision v0.2)
Features: WiFi, BLE
Crystal is 40MHz
MAC: 44:1b:f6:f3:ae:78
Uploading stub...
Running stub...
Stub running...
RAM boot...
Downloading 5360 bytes at 3fce2820... done!
Downloading 3364 bytes at 403c8700... done!
Downloading 12016 bytes at 403cb700... done!
All segments done, executing at 403c8924
Exiting immediately.

[HOST-DVP-MATRIX 12:04:19] Tank RAM bootloader complete

I (2941) boot: efuse block revision: v1.3
I (2944) boot.esp32s3: Boot SPI Speed : 80MHz
I (2948) boot.esp32s3: SPI Mode       : SLOW READ
I (2953) boot.esp32s3: SPI Flash Size : 8MB
I (2957) boot: Enabling RNG early entropy source...
I (2961) boot: Partition Table:
I (2964) boot: ## Label            Usage          Type ST Offset   Length
I (2971) boot:  0 nvs              WiFi data        01 02 00009000 00006000
I (2977) boot:  1 phy_init         RF data          01 01 0000f000 00001000
I (2984) boot:  2 factory          factory app      00 00 00010000 00300000
I (2991) boot:  3 storage          Unknown data     01 82 00310000 00100000
I (2997) boot: End of partition table
I (3001) esp_image: segment 0: paddr=00010020 vaddr=3c0a0020 size=24ee0h (151264) map
I (3101) esp_image: segment 1: paddr=00034f08 vaddr=3fca0c00 size=05560h ( 21856) load
I (3115) esp_image: segment 2: paddr=0003a470 vaddr=40374000 size=05ba8h ( 23464) load
I (3131) esp_image: segment 3: paddr=00040020 vaddr=42000020 size=9b858h (637016) map
I (3520) esp_image: segment 4: paddr=000db880 vaddr=40379ba8 size=16fb4h ( 94132) load
I (3581) esp_image: segment 5: paddr=000f283c vaddr=50000000 size=00020h (    32) load
I (3592) boot: Loaded app from partition at offset 0x10000
I (3593) boot: Disabling RNG early entropy source...
I (3605) esp_psram: Found 8MB PSRAM device
I (3605) esp_psram: Speed: 80MHz
I (3605) cpu_start: Multicore app
I (4523) esp_psram: SPI SRAM memory test OK
I (4532) cpu_start: GPIO 44 and 43 are used as console UART I/O pins
I (4533) cpu_start: Pro cpu start user code
I (4533) cpu_start: cpu freq: 240000000 Hz
I (4534) app_init: Application information:
I (4538) app_init: Project name:     rc_tank_demo
I (4542) app_init: App version:      1
I (4546) app_init: Compile time:     Aug 26 2026 11:52:11
I (4551) app_init: ELF file SHA256:  1c3d7e5c2...
I (4555) app_init: ESP-IDF:          GIT-NOTFOUND
I (4560) efuse_init: Min chip rev:     v0.0
I (4564) efuse_init: Max chip rev:     v0.99 
I (4568) efuse_init: Chip rev:         v0.2
I (4572) heap_init: Initializing. RAM available for dynamic allocation:
I (4578) heap_init: At 3FCAA290 len 0003F480 (253 KiB): RAM
I (4583) heap_init: At 3FCE9710 len 00005724 (21 KiB): RAM
I (4589) heap_init: At 3FCF0000 len 00008000 (32 KiB): DRAM
I (4594) heap_init: At 600FE000 len 00001FE8 (7 KiB): RTCRAM
I (4600) esp_psram: Adding pool of 8192K of PSRAM memory to heap allocator
I (4607) spi_flash: detected chip: generic
I (4610) spi_flash: flash io: dio
I (4614) sleep_gpio: Configure to isolate all GPIO pins in sleep state
I (4619) sleep_gpio: Enable automatic switching of GPIO sleep configuration
I (4626) main_task: Started on CPU0
I (4650) esp_psram: Reserving pool of 64K of internal memory for DMA/internal allocations
I (4651) main_task: Calling app_main()
I (4665) rc_tank: === RC Tank Demo (EX-035) Role: TANK ===
I (4666) rc_tank: Startup delay 10 s (open serial monitor now)...
I (4666) rc_tank:   starting in 10 s
I (5669) rc_tank:   starting in 9 s
I (6669) rc_tank:   starting in 8 s
I (7669) rc_tank:   starting in 7 s
I (8669) rc_tank:   starting in 6 s
I (9669) rc_tank:   starting in 5 s
I (10669) rc_tank:   starting in 4 s
I (11669) rc_tank:   starting in 3 s
I (12669) rc_tank:   starting in 2 s
I (13669) rc_tank:   starting in 1 s
I (14669) rc_tank: Starting Tank role (P1: network, P2: control, P3: video)
I (14669) board_laiwfs300: init board support package
I (14669) board_laiwfs300: init capability registry
I (14674) board_laiwfs300: init I2C bus: SDA=GPIO48 SCL=GPIO47
I (14680) bus_i2c: I2C0 initialized: SDA=GPIO48 SCL=GPIO47 speed=100000Hz
I (14686) board_laiwfs300: --- I2C bus scan (0x08-0x77) ---
I (14693) board_laiwfs300:   I2C device ACK at 0x15
I (14696) board_laiwfs300:   I2C device ACK at 0x18
I (14701) board_laiwfs300:   I2C device ACK at 0x21
I (14705) board_laiwfs300:   I2C device ACK at 0x22
I (14713) board_laiwfs300:   I2C device ACK at 0x40
I (14716) board_laiwfs300:   I2C device ACK at 0x51
I (14722) board_laiwfs300:   I2C device ACK at 0x68
I (14725) board_laiwfs300: --- I2C scan done: 7 device(s) found ---
W (14729) board_laiwfs300: TPT29555A (IOEX) NOT found at 0x20 (NACK)
I (14735) board_laiwfs300: ES8311 (Codec) found at 0x18
I (14740) board_laiwfs300: ES7210 (ADC) found at 0x40
I (14745) board_laiwfs300: AIP8563 (RTC) found at 0x51
I (14750) board_laiwfs300: BMI260 (IMU @0x68) found at 0x68
W (14755) board_laiwfs300: BMI260 (IMU @0x69) NOT found at 0x69 (NACK)
I (14761) board_laiwfs300: SP0A39 (Camera) found at 0x21
I (14768) board_laiwfs300: ES8311 chip ID: 0x83 0x11
I (14772) board_laiwfs300: ES7210 chip ID: 0x72
I (14777) board_laiwfs300: AIP8563 RTC time: 23:37:31 (BCD raw)
I (14781) board_laiwfs300: BMI260 chip ID: 0x27 (expect 0x27)
I (14786) board_laiwfs300: init SPI bus manager
I (14792) board_laiwfs300: init ADC service
I (14795) board_adc: ADC1 oneshot initialized
I (14799) board_laiwfs300: init board power service
I (14804) board_laiwfs300: ADC D0_DETECT (GPIO1): raw=4095 (~3100 mV)
I (14809) board_laiwfs300: ADC BAT_ADC (GPIO7): raw=1649 (~1248 mV)
I (14815) board_laiwfs300: ADC SW_ADC (GPIO8): raw=4095 (~3100 mV)
I (14821) board_laiwfs300: init IO expander: TPT29555A addr=0x22
I (14830) io_expander: TPT29555A initialized at 0x22
I (14832) board_laiwfs300: IO expander initialized OK
I (14836) board_laiwfs300: init module detect
I (14841) board_laiwfs300: register detection rules
I (14845) board_laiwfs300: register default capabilities
I (14850) board_laiwfs300: board init complete (ioex=OK)
I (14855) rc_tank: [STEP] Motor init starting...
I (14860) board_motor: motor input 1 -> GPIO5 / LEDC channel 0
I (14865) board_motor: motor input 2 -> GPIO4 / LEDC channel 1
I (14871) board_motor: motor input 3 -> GPIO37 / LEDC channel 2
I (14876) board_motor: motor input 4 -> GPIO45 / LEDC channel 3
I (14882) rc_control: Motor initialized
I (14886) rc_tank: [STEP] Motor init OK
I (14889) rc_tank: [STEP] Display init starting...
I (14894) rc_video: Initializing Tank display
I (14899) display_hal: init ST7789V3 LCD 240x320 SPI host=1
E (15044) spi: spi_bus_initialize(816): SPI bus already initialized.
I (15165) display_hal: ST7789V3 LCD initialized
I (15165) board_display: display mapped: MOSI=GPIO13 SCK=GPIO12 CS=GPIO10 DC=GPIO16 BL=GPIO17 LCD_RST=IOEX P1_5 pclk=20000000
I (15170) rc_video: Tank display task started (status screen)
I (15171) rc_video: Tank display initialized (status task owns LCD)
I (15181) rc_tank: [STEP] Display init OK
I (15185) rc_tank: [STEP] Camera init starting...
I (15189) rc_video: Initializing camera (SP0A39 640x480 VYUY)
I (15195) board_camera: initializing SP0A39 camera mode=0 640x480
I (15200) camera_hal: init SP0A39 DVP 640x480 (SCCB manual mode)
I (15206) camera_hal: configuring IOEX pins for camera RESET/PWDN
I (15213) camera_hal: PWDN=HIGH (power down)
I (15226) camera_hal: PWDN=LOW (release sensor)
I (15426) camera_hal: RESET=LOW (assert reset)
I (15446) camera_hal: RESET=HIGH (release reset)
I (16446) camera_hal: full I2C scan after camera power-up (diagnostic only)...
I (16448) camera_hal:   post-powerup ACK at 0x15
I (16448) camera_hal:   post-powerup ACK at 0x18
I (16451) camera_hal:   post-powerup ACK at 0x21
I (16455) camera_hal:   post-powerup ACK at 0x22
I (16463) camera_hal:   post-powerup ACK at 0x40
I (16465) camera_hal:   post-powerup ACK at 0x51
I (16471) camera_hal:   post-powerup ACK at 0x68
I (16474) camera_hal: DVP GPIO diagnostics (checking PCLK/VSYNC/HSYNC activity)...
I (16540) camera_hal: DVP diagnostics: PCLK_changes=0 VSYNC_changes=0 HSYNC_changes=0
W (16540) camera_hal: PCLK has no transitions - MCLK likely not reaching sensor or sensor not active
I (16545) camera_hal: using sensor address 0x21
I (16550) camera_hal: SP0A39 I2C device added at 0x21
I (16556) camera_hal: SP0A39 chip ID: 0x0A39
I (16678) camera_hal: SP0A39 register init done: VYUY 640x480 (359 regs)
I (16679) camera_hal: [CAM-PROBE] SP0A39 p0_31 stage=post_table value=0x00 expected=0x01
E (16682) camera_hal: camera_hal_verify_expected_output_p0_31(92): unexpected p0_31=0x00 at post_table
W (16691) camera_hal: [CAM-PROBE] output state differs after table; continuing: ESP_ERR_INVALID_RESPONSE
I (16720) camera_hal: [CAM-PROBE] SP0A39 p0_31 stage=post_delay value=0x01 expected=0x01
I (16721) camera_hal: camera HAL initialized (sensor ready, DVP capture not yet implemented)
I (16725) board_camera: camera ready
I (16733) camera_hal: SP0A39 output regs: P0:1c=0x00 P0:30=0x01 P0:31=0x01 P1:32=0x15 P1:34=0xeb P1:35=0x00 P1:36=0x10
I (16865) rc_video:   3 DMA-capable PSRAM framebuffers allocated (600 KB each)
I (16868) dvp_ext: DVP Extended camera controller driver is initialized
I (16869) dvp_ext: [STABLE-DVP] assembly uses GDMA-EOF direct copy; dma=102400 half=51200 queue_data_events=suppressed eof_desc=probe
I (16879) rc_video: [STABLE-CAPTURE] staged DVP controller created dma=102400 half=51200
I (16887) rc_video: Camera initialized
I (16891) rc_tank: [STEP] Camera init OK
W (16895) rc_tank: [DVP-MATRIX] pre-network stage=7 strategy=rebuild_then_cold_preview_120 frames=120 rebuild=1 wifi=off video_tx=not_created
E (16908) gpio: gpio_install_isr_service(537): GPIO isr service already installed
I (16915) dvp_ext: DVP Extended camera controller driver is initialized
I (16920) dvp_ext: [STABLE-DVP] assembly uses GDMA-EOF direct copy; dma=102400 half=51200 queue_data_events=suppressed eof_desc=probe
W (16932) rc_video: [DVP-REBUILD] complete old=0x3fcebf50 new=0x3fcebf50 drained=0 internal=145867->145867; GDMA channel/descriptors/event queue/task recreated
I (16948) camera_hal: [CAM-PROBE] SP0A39 p0_31 stage=dvp_started value=0x01 expected=0x01
I (16995) rc_video: Round9 local camera preview enabled (240x180 at 80,0; DVP started)
I (21665) rc_video: Round9 preview displayed=30 fps=4.62 capture_fps=4.62 Avg(ms): convert=41.6 draw=36.0 | complete=30 size_err=0 identity_err=0
I (26415) rc_video: Round9 preview displayed=60 fps=6.32 capture_fps=6.32 Avg(ms): convert=41.6 draw=36.4 | complete=60 size_err=0 identity_err=0
I (31165) rc_video: Round9 preview displayed=90 fps=6.32 capture_fps=6.32 Avg(ms): convert=41.6 draw=36.5 | complete=90 size_err=0 identity_err=0
W (35835) rc_video: [COLD-PREFLIGHT] complete target=120 captured=120 complete_delta=120 incomplete_delta=0 incomplete_blocks_delta=0; not a pass gate until live Q60/UDP
I (35841) rc_tank: [STEP] Network init starting...
I (35849) rc_net: Initializing as SoftAP (Tank)
I (35854) pp: pp rom version: e7ae62f
I (35856) net80211: net80211 rom version: e7ae62f
I (35860) wifi:wifi driver task: 3fce49e8, prio:23, stack:6656, core=0
I (35870) wifi:wifi firmware version: 0947e8b
I (35871) wifi:wifi certification version: v7.0
I (35872) wifi:config NVS flash: enabled
I (35875) wifi:config nano formatting: disabled
I (35880) wifi:Init data frame dynamic rx buffer num: 32
I (35885) wifi:Init static rx mgmt buffer num: 5
I (35889) wifi:Init management short buffer num: 32
I (35894) wifi:Init dynamic tx buffer num: 64
I (35898) wifi:Init static tx FG buffer num: 2
I (35902) wifi:Init static rx buffer size: 1600
I (35906) wifi:Init static rx buffer num: 10
I (35910) wifi:Init dynamic rx buffer num: 32
I (35917) wifi_init: rx ba win: 6
I (35917) wifi_init: accept mbox: 6
I (35921) wifi_init: tcpip mbox: 16
I (35925) wifi_init: udp mbox: 6
I (35927) wifi_init: tcp mbox: 6
I (35931) wifi_init: tcp tx win: 5760
I (35933) wifi_init: tcp rx win: 5760
I (35937) wifi_init: tcp mss: 1440
I (35939) wifi_init: WiFi IRAM OP enabled
I (35943) wifi_init: WiFi RX IRAM OP enabled
I (35948) rc_net: AP set_mode/config, SSID=RC_TANK_F3AE79 ch=1
I (35958) phy_init: phy_version 711,97bcf0a2,Aug 25 2025,19:04:10
I (35995) wifi:mode : softAP (44:1b:f6:f3:ae:79)
I (36000) wifi:Total power save buffer number: 32
I (36001) wifi:Init max length of beacon: 752/752
I (36002) wifi:Init max length of beacon: 752/752
I (36004) rc_net: SoftAP started, SSID: RC_TANK_F3AE79, Password: 12345678
I (36005) esp_netif_lwip: DHCP server started on interface WIFI_AP_DEF with IP: 192.168.4.1
I (36018) rc_tank: [STEP] Network init OK
I (36022) rc_tank: Tank SoftAP ready, waiting for remote...
I (36028) rc_control: Ctrl RX task started
I (36031) rc_control: Tank control started
I (36035) rc_tank: Tank running (video + control; audio disabled)
I (36041) rc_tank: app_main done, idle loop
I (36059) rc_video: Round9 preview displayed=120 fps=6.13 capture_fps=6.13 Avg(ms): convert=45.0 draw=37.9 | complete=120 size_err=0 identity_err=0
I (39857) wifi:new:<1,1>, old:<1,1>, ap:<1,1>, sta:<255,255>, prof:1, snd_ch_cfg:0x0
I (39859) wifi:station: 44:1b:f6:f3:ae:40 join, AID=1, bgn, 40U
I (39921) rc_net: STA connected, MAC: 44:1b:f6:f3:ae:40
I (39954) esp_netif_lwip: DHCP server assigned IP to a client, IP is: 192.168.4.2
I (39955) rc_net: STA assigned IP: 192.168.4.2
I (39956) rc_video: Local preview stop requested; waiting for video_tx handoff
I (39962) rc_tank: Network connected, peer: 192.168.4.2
W (39968) rc_tank: [DVP-MATRIX] start stage=7 strategy=rebuild_then_cold_preview_120 preflight_frames=120 video_tx=not_created
I (39979) rc_net: Ctrl UDP socket bound to port 8001
I (39983) rc_net: Video UDP socket bound to port 8002
I (39989) rc_net: Audio TCP listening on port 8003
I (39992) rc_tank: Socket channels started
I (40044) rc_video: Local preview quiesced before video_tx; drained_ready_signals=0 stable_ready_preserved=1
I (40044) rc_video: Tank display ownership returned to status task after preview handoff
I (40057) rc_video: Video TX task started (240x180, sensor-driven, Q=60)
I (40057) rc_video: TX theory: raw=614400 B/frame, encoded YUV=86400 B/frame, target10fps raw=0.86 MB/s
I (40058) rc_video: Tank video started (camera source)
I (40066) rc_video: PSRAM TX buffers: subsample=86400B jpeg=43200B send=43208B free_psram=5592524 free_internal=59483
W (40111) rc_tank: [DVP-MATRIX] observe stage=7 strategy=rebuild_then_cold_preview_120 duration_ms=45000 under live Q60/UDP load
I (40112) rc_video: TX buffer caps: subsample=0x3c350120(psram=1) jpeg=0x3c3652a4(psram=1) send=0x3c36fea8(psram=1)

[HOST-DVP-MATRIX 12:04:56] COLD-R3 stage=7 visible window begin
I (40181) rc_net: [CAM-PROBE] Video TX seq=0 jpeg_len=9559 crc32=0x7851fb8f chunks=8
W (40235) rc_net: Video UDP send failed: seq=0 chunk=4/8 bytes=1208 sent=-1 errno=12 attempts=4
W (40235) rc_video: Video send failed: ESP_FAIL
W (40289) rc_video: Video send failed: ESP_FAIL
W (40442) rc_video: Video send failed: ESP_FAIL
W (40496) rc_video: Video send failed: ESP_FAIL
W (40643) rc_video: Video send failed: ESP_FAIL
W (40695) rc_video: Video send failed: ESP_FAIL
W (40839) rc_video: Video send failed: ESP_FAIL
W (40891) rc_video: Video send failed: ESP_FAIL
I (41064) wifi:<ba-add>idx:2 (ifx:1, 44:1b:f6:f3:ae:40), tid:0, ssn:0, winSize:64
I (43208) rc_net: [CAM-PROBE] Video TX seq=30 jpeg_len=9268 crc32=0x37344f65 chunks=8
I (43864) rc_video: Sent 30 | cap_fps=10.0 send_fps=7.9 capture_size_errors=0 capture_identity_errors=0 | Avg(ms): wait=19.9 cache=0.8 subsample=23.3 encode=44.3 send=10.2 total=98.5 | JPEG=9253B
I (43907) rc_video: [VIDEO-TX] handoff cap=183 get=367 select_fail=0 finished=183 signal=183 acquire=183 acquire_fail=0 release_fail=0 backup=0/0
I (43913) rc_video: [STABLE-CAPTURE] pause=184/184 timeout=0 quiesce=183 resume=183 lifecycle_errors=0 repairs=38 staged_events=2032 copies=2024 fallback=0 errors=0 prepare=184 stale_queue=0 pending_vsync=165 sync=184 complete=184 incomplete=0 incomplete_blocks=0 hold=184/184 hold_timeout=0
I (46216) rc_net: [CAM-PROBE] Video TX seq=60 jpeg_len=9366 crc32=0x2ae71905 chunks=8
I (46872) rc_video: Sent 60 | cap_fps=10.0 send_fps=10.0 capture_size_errors=0 capture_identity_errors=0 | Avg(ms): wait=19.4 cache=0.9 subsample=23.5 encode=44.1 send=9.3 total=97.2 | JPEG=9273B
I (46915) rc_video: [VIDEO-TX] handoff cap=213 get=427 select_fail=0 finished=213 signal=213 acquire=213 acquire_fail=0 release_fail=0 backup=0/0
I (46919) rc_video: [STABLE-CAPTURE] pause=214/214 timeout=0 quiesce=213 resume=213 lifecycle_errors=0 repairs=68 staged_events=2368 copies=2354 fallback=0 errors=0 prepare=214 stale_queue=0 pending_vsync=181 sync=214 complete=214 incomplete=0 incomplete_blocks=0 hold=214/214 hold_timeout=0
I (49227) rc_net: [CAM-PROBE] Video TX seq=90 jpeg_len=9281 crc32=0xaea485d2 chunks=8
I (49877) rc_video: Sent 90 | cap_fps=10.0 send_fps=10.0 capture_size_errors=0 capture_identity_errors=0 | Avg(ms): wait=21.6 cache=0.9 subsample=23.5 encode=42.9 send=8.4 total=97.3 | JPEG=9269B
I (49885) rc_video: [VIDEO-TX] handoff cap=243 get=487 select_fail=0 finished=243 signal=243 acquire=243 acquire_fail=0 release_fail=0 backup=0/0
I (49925) rc_video: [STABLE-CAPTURE] pause=243/243 timeout=0 quiesce=243 resume=243 lifecycle_errors=0 repairs=98 staged_events=2702 copies=2684 fallback=0 errors=0 prepare=244 stale_queue=0 pending_vsync=197 sync=244 complete=244 incomplete=0 incomplete_blocks=0 hold=243/243 hold_timeout=0
I (52169) rc_net: [CAM-PROBE] Video TX seq=120 jpeg_len=9285 crc32=0xf4664fae chunks=8
I (52913) rc_video: Sent 120 | cap_fps=10.2 send_fps=9.9 capture_size_errors=0 capture_identity_errors=0 | Avg(ms): wait=21.0 cache=0.9 subsample=23.4 encode=43.9 send=9.2 total=98.2 | JPEG=9275B
I (52921) rc_video: [VIDEO-TX] handoff cap=274 get=548 select_fail=0 finished=274 signal=274 acquire=273 acquire_fail=0 release_fail=0 backup=0/0
I (52934) rc_video: [STABLE-CAPTURE] pause=274/274 timeout=0 quiesce=273 resume=273 lifecycle_errors=0 repairs=128 staged_events=3038 copies=3014 fallback=0 errors=0 prepare=274 stale_queue=0 pending_vsync=212 sync=274 complete=274 incomplete=0 incomplete_blocks=0 hold=274/274 hold_timeout=0
I (55178) rc_net: [CAM-PROBE] Video TX seq=150 jpeg_len=9266 crc32=0x341c8d86 chunks=8
I (55922) rc_video: Sent 150 | cap_fps=10.0 send_fps=10.0 capture_size_errors=0 capture_identity_errors=0 | Avg(ms): wait=19.4 cache=0.9 subsample=23.4 encode=44.2 send=10.4 total=98.3 | JPEG=9245B
I (55929) rc_video: [VIDEO-TX] handoff cap=304 get=608 select_fail=0 finished=304 signal=304 acquire=303 acquire_fail=0 release_fail=0 backup=0/0
I (55942) rc_video: [STABLE-CAPTURE] pause=304/304 timeout=0 quiesce=303 resume=303 lifecycle_errors=0 repairs=158 staged_events=3377 copies=3344 fallback=0 errors=0 prepare=304 stale_queue=0 pending_vsync=227 sync=304 complete=304 incomplete=0 incomplete_blocks=0 hold=304/304 hold_timeout=0
I (58182) rc_net: [CAM-PROBE] Video TX seq=180 jpeg_len=9275 crc32=0xd75ad69a chunks=8
I (58931) rc_video: Sent 180 | cap_fps=10.0 send_fps=10.0 capture_size_errors=0 capture_identity_errors=0 | Avg(ms): wait=19.0 cache=0.8 subsample=23.3 encode=44.3 send=9.5 total=97.0 | JPEG=9519B
I (58938) rc_video: [VIDEO-TX] handoff cap=334 get=668 select_fail=0 finished=334 signal=334 acquire=333 acquire_fail=0 release_fail=0 backup=0/0
I (58951) rc_video: [STABLE-CAPTURE] pause=334/334 timeout=0 quiesce=333 resume=333 lifecycle_errors=0 repairs=188 staged_events=3713 copies=3674 fallback=0 errors=0 prepare=334 stale_queue=0 pending_vsync=242 sync=334 complete=334 incomplete=0 incomplete_blocks=0 hold=334/334 hold_timeout=0
I (61192) rc_net: [CAM-PROBE] Video TX seq=210 jpeg_len=9255 crc32=0xb8166d1e chunks=8
I (61935) rc_video: Sent 210 | cap_fps=10.0 send_fps=10.0 capture_size_errors=0 capture_identity_errors=0 | Avg(ms): wait=19.9 cache=0.9 subsample=23.5 encode=44.8 send=9.0 total=98.0 | JPEG=9567B
I (61942) rc_video: [VIDEO-TX] handoff cap=364 get=728 select_fail=0 finished=364 signal=364 acquire=363 acquire_fail=0 release_fail=0 backup=0/0
I (61955) rc_video: [STABLE-CAPTURE] pause=364/364 timeout=0 quiesce=363 resume=363 lifecycle_errors=0 repairs=218 staged_events=4048 copies=4004 fallback=0 errors=0 prepare=364 stale_queue=0 pending_vsync=257 sync=364 complete=364 incomplete=0 incomplete_blocks=0 hold=364/364 hold_timeout=0
I (64199) rc_net: [CAM-PROBE] Video TX seq=240 jpeg_len=9294 crc32=0x774df6a1 chunks=8
I (64941) rc_video: Sent 240 | cap_fps=10.0 send_fps=10.0 capture_size_errors=0 capture_identity_errors=0 | Avg(ms): wait=20.0 cache=0.8 subsample=23.4 encode=44.9 send=9.0 total=98.1 | JPEG=9576B
I (64948) rc_video: [VIDEO-TX] handoff cap=394 get=788 select_fail=0 finished=394 signal=394 acquire=393 acquire_fail=0 release_fail=0 backup=0/0
I (64961) rc_video: [STABLE-CAPTURE] pause=394/394 timeout=0 quiesce=393 resume=393 lifecycle_errors=0 repairs=248 staged_events=4384 copies=4334 fallback=0 errors=0 prepare=394 stale_queue=0 pending_vsync=272 sync=394 complete=394 incomplete=0 incomplete_blocks=0 hold=394/394 hold_timeout=0
I (67206) rc_net: [CAM-PROBE] Video TX seq=270 jpeg_len=9269 crc32=0x944e4712 chunks=8
I (67950) rc_video: Sent 270 | cap_fps=10.0 send_fps=10.0 capture_size_errors=0 capture_identity_errors=0 | Avg(ms): wait=23.3 cache=0.8 subsample=23.4 encode=45.0 send=5.7 total=98.2 | JPEG=9285B
I (67958) rc_video: [VIDEO-TX] handoff cap=424 get=848 select_fail=0 finished=424 signal=424 acquire=423 acquire_fail=0 release_fail=0 backup=0/0
I (67971) rc_video: [STABLE-CAPTURE] pause=424/424 timeout=0 quiesce=423 resume=423 lifecycle_errors=0 repairs=278 staged_events=4717 copies=4664 fallback=0 errors=0 prepare=424 stale_queue=0 pending_vsync=287 sync=424 complete=424 incomplete=0 incomplete_blocks=0 hold=424/424 hold_timeout=0
I (70218) rc_net: [CAM-PROBE] Video TX seq=300 jpeg_len=9294 crc32=0x34281f81 chunks=8
I (70959) rc_video: Sent 300 | cap_fps=10.0 send_fps=10.0 capture_size_errors=0 capture_identity_errors=0 | Avg(ms): wait=18.9 cache=0.8 subsample=23.7 encode=44.9 send=8.6 total=96.8 | JPEG=9255B
I (70966) rc_video: [VIDEO-TX] handoff cap=454 get=908 select_fail=0 finished=454 signal=454 acquire=453 acquire_fail=0 release_fail=0 backup=0/0
I (70979) rc_video: [STABLE-CAPTURE] pause=454/454 timeout=0 quiesce=453 resume=453 lifecycle_errors=0 repairs=308 staged_events=5053 copies=4994 fallback=0 errors=0 prepare=454 stale_queue=0 pending_vsync=302 sync=454 complete=454 incomplete=0 incomplete_blocks=0 hold=454/454 hold_timeout=0
I (73224) rc_net: [CAM-PROBE] Video TX seq=330 jpeg_len=9272 crc32=0xaef1f929 chunks=8
I (73966) rc_video: Sent 330 | cap_fps=10.0 send_fps=10.0 capture_size_errors=0 capture_identity_errors=0 | Avg(ms): wait=20.9 cache=0.8 subsample=24.1 encode=44.4 send=6.7 total=96.9 | JPEG=9309B
I (73973) rc_video: [VIDEO-TX] handoff cap=484 get=968 select_fail=0 finished=484 signal=484 acquire=483 acquire_fail=0 release_fail=0 backup=0/0
I (73986) rc_video: [STABLE-CAPTURE] pause=484/484 timeout=0 quiesce=483 resume=483 lifecycle_errors=0 repairs=338 staged_events=5389 copies=5324 fallback=0 errors=0 prepare=484 stale_queue=0 pending_vsync=317 sync=484 complete=484 incomplete=0 incomplete_blocks=0 hold=484/484 hold_timeout=0
I (76232) rc_net: [CAM-PROBE] Video TX seq=360 jpeg_len=9273 crc32=0xc58ebaa0 chunks=8
I (76977) rc_video: Sent 360 | cap_fps=10.0 send_fps=10.0 capture_size_errors=0 capture_identity_errors=0 | Avg(ms): wait=22.2 cache=0.8 subsample=24.0 encode=44.4 send=6.8 total=98.2 | JPEG=9543B
I (76985) rc_video: [VIDEO-TX] handoff cap=514 get=1028 select_fail=0 finished=514 signal=514 acquire=513 acquire_fail=0 release_fail=0 backup=0/0
I (76997) rc_video: [STABLE-CAPTURE] pause=514/514 timeout=0 quiesce=513 resume=513 lifecycle_errors=0 repairs=368 staged_events=5727 copies=5654 fallback=0 errors=0 prepare=514 stale_queue=0 pending_vsync=332 sync=514 complete=514 incomplete=0 incomplete_blocks=0 hold=514/514 hold_timeout=0
I (79242) rc_net: [CAM-PROBE] Video TX seq=390 jpeg_len=9330 crc32=0xbc985c8c chunks=8
I (79983) rc_video: Sent 390 | cap_fps=10.0 send_fps=10.0 capture_size_errors=0 capture_identity_errors=0 | Avg(ms): wait=20.9 cache=0.8 subsample=24.1 encode=44.2 send=8.2 total=98.1 | JPEG=9274B
I (79990) rc_video: [VIDEO-TX] handoff cap=544 get=1088 select_fail=0 finished=544 signal=544 acquire=543 acquire_fail=0 release_fail=0 backup=0/0
I (80003) rc_video: [STABLE-CAPTURE] pause=544/544 timeout=0 quiesce=543 resume=543 lifecycle_errors=0 repairs=398 staged_events=6062 copies=5984 fallback=0 errors=0 prepare=544 stale_queue=0 pending_vsync=347 sync=544 complete=544 incomplete=0 incomplete_blocks=0 hold=544/544 hold_timeout=0
I (82250) rc_net: [CAM-PROBE] Video TX seq=420 jpeg_len=9290 crc32=0xc40bba37 chunks=8
I (82994) rc_video: Sent 420 | cap_fps=10.0 send_fps=10.0 capture_size_errors=0 capture_identity_errors=0 | Avg(ms): wait=19.4 cache=0.8 subsample=24.3 encode=44.1 send=6.9 total=95.6 | JPEG=9536B
I (83001) rc_video: [VIDEO-TX] handoff cap=574 get=1148 select_fail=0 finished=574 signal=574 acquire=573 acquire_fail=0 release_fail=0 backup=0/0
I (83014) rc_video: [STABLE-CAPTURE] pause=574/574 timeout=0 quiesce=573 resume=573 lifecycle_errors=0 repairs=428 staged_events=6398 copies=6314 fallback=0 errors=0 prepare=574 stale_queue=0 pending_vsync=362 sync=574 complete=574 incomplete=0 incomplete_blocks=0 hold=574/574 hold_timeout=0
W (85124) rc_tank: [DVP-MATRIX] result stage=7 strategy=rebuild_then_cold_preview_120 complete=595 incomplete=0 incomplete_blocks=0 mismatch_hist=0,0,0,0,0,0,0,0,6,17,510 prepare=595 pending=373 hold=595/595 hold_timeout=0
W (85138) rc_tank: [DVP-MATRIX] advance stage=8; restart in 1s
I (85257) rc_net: [CAM-PROBE] Video TX seq=450 jpeg_len=9300 crc32=0x70bbc0e8 chunks=8
I (85999) rc_video: Sent 450 | cap_fps=10.0 send_fps=10.0 capture_size_errors=0 capture_identity_errors=0 | Avg(ms): wait=20.6 cache=0.8 subsample=24.1 encode=43.8 send=8.8 total=98.1 | JPEG=9288B
I (86007) rc_video: [VIDEO-TX] handoff cap=604 get=1208 select_fail=0 finished=604 signal=604 acquire=603 acquire_fail=0 release_fail=0 backup=0/0
I (86020) rc_video: [STABLE-CAPTURE] pause=604/604 timeout=0 quiesce=603 resume=603 lifecycle_errors=0 repairs=458 staged_events=6730 copies=6644 fallback=0 errors=0 prepare=604 stale_queue=0 pending_vsync=377 sync=604 complete=604 incomplete=0 incomplete_blocks=0 hold=604/604 hold_timeout=0
I (86140) wifi:station: 44:1b:f6:f3:ae:40 leave, AID = 1, reason = 2, bss_flags is 756835, bss:0x3fcf1374
I (86142) wifi:new:<1,0>, old:<1,1>, ap:<1,1>, sta:<255,255>, prof:1, snd_ch_cfg:0x0
I (86148) wifi:<ba-del>idx:2, tid:0
I (86150) wifi:new:<1,1>, old:<1,0>, ap:<1,1>, sta:<255,255>, prof:1, snd_ch_cfg:0x0
I (86209) rc_net: STA disconnected, MAC: 44:1b:f6:f3:ae:40
W (86211) rc_control: Network disconnected: motor stop enforced
W (86211) rc_tank: Network disconnected
W (86210) rc_net: Video UDP send failed: seq=459 chunk=1/8 bytes=1208 sent=-1 errno=-1 attempts=4
W (86257) rc_video: Video send failed: ESP_FAIL
W (86352) rc_video: Video send failed: ESP_ERR_INVALID_STATE
W (86401) rc_video: Video send failed: ESP_ERR_INVALID_STATE
W (86547) rc_video: Video send failed: ESP_ERR_INVALID_STATE
W (86597) rc_video: Video send failed: ESP_ERR_INVALID_STATE
W (86745) rc_video: Video send failed: ESP_ERR_INVALID_STATE
W (86793) rc_video: Video send failed: ESP_ERR_INVALID_STATE
W (86940) rc_video: Video send failed: ESP_ERR_INVALID_STATE
W (86988) rc_video: Video send failed: ESP_ERR_INVALID_STATE
W (87138) rc_video: Video send failed: ESP_ERR_INVALID_STATE
W (87187) rc_video: Video send failed: ESP_ERR_INVALID_STATE
W (87337) rc_video: Video send failed: ESP_ERR_INVALID_STATE
W (87386) rc_video: Video send failed: ESP_ERR_INVALID_STATE
W (87534) rc_video: Video send failed: ESP_ERR_INVALID_STATE
W (87582) rc_video: Video send failed: ESP_ERR_INVALID_STATE
W (87732) rc_video: Video send failed: ESP_ERR_INVALID_STATE
W (87780) rc_video: Video send failed: ESP_ERR_INVALID_STATE
W (87930) rc_video: Video send failed: ESP_ERR_INVALID_STATE
W (87977) rc_video: Video send failed: ESP_ERR_INVALID_STATE
W (88128) rc_video: Video send failed: ESP_ERR_INVALID_STATE
W (88176) rc_video: Video send failed: ESP_ERR_INVALID_STATE
W (88326) rc_video: Video send failed: ESP_ERR_INVALID_STATE
W (88375) rc_video: Video send failed: ESP_ERR_INVALID_STATE
W (88525) rc_video: Video send failed: ESP_ERR_INVALID_STATE
W (88573) rc_video: Video send failed: ESP_ERR_INVALID_STATE
W (88722) rc_video: Video send failed: ESP_ERR_INVALID_STATE
W (88769) rc_video: Video send failed: ESP_ERR_INVALID_STATE
W (88921) rc_video: Video send failed: ESP_ERR_INVALID_STATE
W (88969) rc_video: Video send failed: ESP_ERR_INVALID_STATE
W (89117) rc_video: Video send failed: ESP_ERR_INVALID_STATE
W (89166) rc_video: Video send failed: ESP_ERR_INVALID_STATE
W (89315) rc_video: Video send failed: ESP_ERR_INVALID_STATE
W (89363) rc_video: Video send failed: ESP_ERR_INVALID_STATE
I (89432) wifi:flush txq
I (89433) wifi:stop sw txq
I (89433) wifi:lmac stop hw txq
ESP-ROM:esp32s3-20210327
Build:Mar 27 2021
rst:0xc (RTC_SW_CPU_RST),boot:0x3 (DOWNLOAD(USB/UART0))
Saved PC:0x420122b4
waiting for download

[HOST-DVP-MATRIX 12:05:46] COLD-R3 Tank restart recovery=9

[HOST-DVP-MATRIX 12:05:46] Tank RAM bootloader start
esptool.py v4.12.dev2
Serial port COM7
Connecting.........
Chip is ESP32-S3 (QFN56) (revision v0.2)
Features: WiFi, BLE
Crystal is 40MHz
MAC: 44:1b:f6:f3:ae:78
Uploading stub...
Running stub...
Stub running...
RAM boot...
Downloading 5360 bytes at 3fce2820... done!
Downloading 3364 bytes at 403c8700... done!
Downloading 12016 bytes at 403cb700... done!
All segments done, executing at 403c8924
Exiting immediately.

[HOST-DVP-MATRIX 12:05:50] Tank RAM bootloader complete
hip revision: v0.2
I (3433) boot: efuse block revision: v1.3
I (3437) boot.esp32s3: Boot SPI Speed : 80MHz
I (3441) boot.esp32s3: SPI Mode       : SLOW READ
I (3446) boot.esp32s3: SPI Flash Size : 8MB
I (3450) boot: Enabling RNG early entropy source...
I (3454) boot: Partition Table:
I (3457) boot: ## Label            Usage          Type ST Offset   Length
I (3464) boot:  0 nvs              WiFi data        01 02 00009000 00006000
I (3470) boot:  1 phy_init         RF data          01 01 0000f000 00001000
I (3477) boot:  2 factory          factory app      00 00 00010000 00300000
I (3484) boot:  3 storage          Unknown data     01 82 00310000 00100000
I (3490) boot: End of partition table
I (3494) esp_image: segment 0: paddr=00010020 vaddr=3c0a0020 size=24ee0h (151264) map
I (3594) esp_image: segment 1: paddr=00034f08 vaddr=3fca0c00 size=05560h ( 21856) load
I (3608) esp_image: segment 2: paddr=0003a470 vaddr=40374000 size=05ba8h ( 23464) load
I (3624) esp_image: segment 3: paddr=00040020 vaddr=42000020 size=9b858h (637016) map
I (4013) esp_image: segment 4: paddr=000db880 vaddr=40379ba8 size=16fb4h ( 94132) load
I (4074) esp_image: segment 5: paddr=000f283c vaddr=50000000 size=00020h (    32) load
I (4085) boot: Loaded app from partition at offset 0x10000
I (4085) boot: Disabling RNG early entropy source...
I (4098) esp_psram: Found 8MB PSRAM device
I (4098) esp_psram: Speed: 80MHz
I (4098) cpu_start: Multicore app
I (5016) esp_psram: SPI SRAM memory test OK
I (5024) cpu_start: GPIO 44 and 43 are used as console UART I/O pins
I (5026) cpu_start: Pro cpu start user code
I (5026) cpu_start: cpu freq: 240000000 Hz
I (5027) app_init: Application information:
I (5031) app_init: Project name:     rc_tank_demo
I (5035) app_init: App version:      1
I (5039) app_init: Compile time:     Aug 26 2026 11:52:11
I (5044) app_init: ELF file SHA256:  1c3d7e5c2...
I (5048) app_init: ESP-IDF:          GIT-NOTFOUND
I (5053) efuse_init: Min chip rev:     v0.0
I (5057) efuse_init: Max chip rev:     v0.99 
I (5061) efuse_init: Chip rev:         v0.2
I (5065) heap_init: Initializing. RAM available for dynamic allocation:
I (5071) heap_init: At 3FCAA290 len 0003F480 (253 KiB): RAM
I (5076) heap_init: At 3FCE9710 len 00005724 (21 KiB): RAM
I (5082) heap_init: At 3FCF0000 len 00008000 (32 KiB): DRAM
I (5087) heap_init: At 600FE000 len 00001FE8 (7 KiB): RTCRAM
I (5093) esp_psram: Adding pool of 8192K of PSRAM memory to heap allocator
I (5100) spi_flash: detected chip: generic
I (5103) spi_flash: flash io: dio
I (5106) sleep_gpio: Configure to isolate all GPIO pins in sleep state
I (5112) sleep_gpio: Enable automatic switching of GPIO sleep configuration
I (5119) main_task: Started on CPU0
I (5143) esp_psram: Reserving pool of 64K of internal memory for DMA/internal allocations
I (5144) main_task: Calling app_main()
I (5158) rc_tank: === RC Tank Demo (EX-035) Role: TANK ===
I (5159) rc_tank: Startup delay 10 s (open serial monitor now)...
I (5159) rc_tank:   starting in 10 s
I (6162) rc_tank:   starting in 9 s
I (7162) rc_tank:   starting in 8 s
I (8162) rc_tank:   starting in 7 s
I (9162) rc_tank:   starting in 6 s
I (10162) rc_tank:   starting in 5 s
I (11162) rc_tank:   starting in 4 s
I (12162) rc_tank:   starting in 3 s
I (13162) rc_tank:   starting in 2 s
I (14162) rc_tank:   starting in 1 s
I (15162) rc_tank: Starting Tank role (P1: network, P2: control, P3: video)
I (15162) board_laiwfs300: init board support package
I (15162) board_laiwfs300: init capability registry
I (15167) board_laiwfs300: init I2C bus: SDA=GPIO48 SCL=GPIO47
I (15173) bus_i2c: I2C0 initialized: SDA=GPIO48 SCL=GPIO47 speed=100000Hz
I (15179) board_laiwfs300: --- I2C bus scan (0x08-0x77) ---
I (15186) board_laiwfs300:   I2C device ACK at 0x15
I (15189) board_laiwfs300:   I2C device ACK at 0x18
I (15194) board_laiwfs300:   I2C device ACK at 0x21
I (15198) board_laiwfs300:   I2C device ACK at 0x22
I (15206) board_laiwfs300:   I2C device ACK at 0x40
I (15209) board_laiwfs300:   I2C device ACK at 0x51
I (15215) board_laiwfs300:   I2C device ACK at 0x68
I (15218) board_laiwfs300: --- I2C scan done: 7 device(s) found ---
W (15222) board_laiwfs300: TPT29555A (IOEX) NOT found at 0x20 (NACK)
I (15228) board_laiwfs300: ES8311 (Codec) found at 0x18
I (15233) board_laiwfs300: ES7210 (ADC) found at 0x40
I (15238) board_laiwfs300: AIP8563 (RTC) found at 0x51
I (15243) board_laiwfs300: BMI260 (IMU @0x68) found at 0x68
W (15248) board_laiwfs300: BMI260 (IMU @0x69) NOT found at 0x69 (NACK)
I (15254) board_laiwfs300: SP0A39 (Camera) found at 0x21
I (15261) board_laiwfs300: ES8311 chip ID: 0x83 0x11
I (15265) board_laiwfs300: ES7210 chip ID: 0x72
I (15270) board_laiwfs300: AIP8563 RTC time: 23:39:02 (BCD raw)
I (15274) board_laiwfs300: BMI260 chip ID: 0x27 (expect 0x27)
I (15279) board_laiwfs300: init SPI bus manager
I (15285) board_laiwfs300: init ADC service
I (15288) board_adc: ADC1 oneshot initialized
I (15292) board_laiwfs300: init board power service
I (15297) board_laiwfs300: ADC D0_DETECT (GPIO1): raw=4095 (~3100 mV)
I (15302) board_laiwfs300: ADC BAT_ADC (GPIO7): raw=1647 (~1246 mV)
I (15308) board_laiwfs300: ADC SW_ADC (GPIO8): raw=4095 (~3100 mV)
I (15314) board_laiwfs300: init IO expander: TPT29555A addr=0x22
I (15323) io_expander: TPT29555A initialized at 0x22
I (15325) board_laiwfs300: IO expander initialized OK
I (15329) board_laiwfs300: init module detect
I (15334) board_laiwfs300: register detection rules
I (15338) board_laiwfs300: register default capabilities
I (15343) board_laiwfs300: board init complete (ioex=OK)
I (15348) rc_tank: [STEP] Motor init starting...
I (15353) board_motor: motor input 1 -> GPIO5 / LEDC channel 0
I (15358) board_motor: motor input 2 -> GPIO4 / LEDC channel 1
I (15364) board_motor: motor input 3 -> GPIO37 / LEDC channel 2
I (15369) board_motor: motor input 4 -> GPIO45 / LEDC channel 3
I (15375) rc_control: Motor initialized
I (15379) rc_tank: [STEP] Motor init OK
I (15382) rc_tank: [STEP] Display init starting...
I (15387) rc_video: Initializing Tank display
I (15392) display_hal: init ST7789V3 LCD 240x320 SPI host=1
E (15537) spi: spi_bus_initialize(816): SPI bus already initialized.
I (15658) display_hal: ST7789V3 LCD initialized
I (15658) board_display: display mapped: MOSI=GPIO13 SCK=GPIO12 CS=GPIO10 DC=GPIO16 BL=GPIO17 LCD_RST=IOEX P1_5 pclk=20000000
I (15663) rc_video: Tank display task started (status screen)
I (15664) rc_video: Tank display initialized (status task owns LCD)
I (15674) rc_tank: [STEP] Display init OK
I (15678) rc_tank: [STEP] Camera init starting...
I (15682) rc_video: Initializing camera (SP0A39 640x480 VYUY)
I (15688) board_camera: initializing SP0A39 camera mode=0 640x480
I (15693) camera_hal: init SP0A39 DVP 640x480 (SCCB manual mode)
I (15699) camera_hal: configuring IOEX pins for camera RESET/PWDN
I (15706) camera_hal: PWDN=HIGH (power down)
I (15719) camera_hal: PWDN=LOW (release sensor)
I (15919) camera_hal: RESET=LOW (assert reset)
I (15939) camera_hal: RESET=HIGH (release reset)
I (16939) camera_hal: full I2C scan after camera power-up (diagnostic only)...
I (16941) camera_hal:   post-powerup ACK at 0x15
I (16941) camera_hal:   post-powerup ACK at 0x18
I (16944) camera_hal:   post-powerup ACK at 0x21
I (16948) camera_hal:   post-powerup ACK at 0x22
I (16956) camera_hal:   post-powerup ACK at 0x40
I (16958) camera_hal:   post-powerup ACK at 0x51
I (16964) camera_hal:   post-powerup ACK at 0x68
I (16967) camera_hal: DVP GPIO diagnostics (checking PCLK/VSYNC/HSYNC activity)...
I (17033) camera_hal: DVP diagnostics: PCLK_changes=0 VSYNC_changes=0 HSYNC_changes=0
W (17033) camera_hal: PCLK has no transitions - MCLK likely not reaching sensor or sensor not active
I (17038) camera_hal: using sensor address 0x21
I (17043) camera_hal: SP0A39 I2C device added at 0x21
I (17049) camera_hal: SP0A39 chip ID: 0x0A39
I (17171) camera_hal: SP0A39 register init done: VYUY 640x480 (359 regs)
I (17172) camera_hal: [CAM-PROBE] SP0A39 p0_31 stage=post_table value=0x00 expected=0x01
E (17175) camera_hal: camera_hal_verify_expected_output_p0_31(92): unexpected p0_31=0x00 at post_table
W (17184) camera_hal: [CAM-PROBE] output state differs after table; continuing: ESP_ERR_INVALID_RESPONSE
I (17213) camera_hal: [CAM-PROBE] SP0A39 p0_31 stage=post_delay value=0x01 expected=0x01
I (17214) camera_hal: camera HAL initialized (sensor ready, DVP capture not yet implemented)
I (17218) board_camera: camera ready
I (17226) camera_hal: SP0A39 output regs: P0:1c=0x00 P0:30=0x01 P0:31=0x01 P1:32=0x15 P1:34=0xeb P1:35=0x00 P1:36=0x10
I (17358) rc_video:   3 DMA-capable PSRAM framebuffers allocated (600 KB each)
I (17361) dvp_ext: DVP Extended camera controller driver is initialized
I (17362) dvp_ext: [STABLE-DVP] assembly uses GDMA-EOF direct copy; dma=102400 half=51200 queue_data_events=suppressed eof_desc=probe
I (17372) rc_video: [STABLE-CAPTURE] staged DVP controller created dma=102400 half=51200
I (17380) rc_video: Camera initialized
I (17384) rc_tank: [STEP] Camera init OK
W (17388) rc_tank: [DVP-MATRIX] pre-network stage=8 strategy=cold_preview_120 frames=120 rebuild=0 wifi=off video_tx=not_created
I (17400) camera_hal: [CAM-PROBE] SP0A39 p0_31 stage=dvp_started value=0x01 expected=0x01
I (17448) rc_video: Round9 local camera preview enabled (240x180 at 80,0; DVP started)
I (22118) rc_video: Round9 preview displayed=30 fps=4.65 capture_fps=4.65 Avg(ms): convert=41.6 draw=35.9 | complete=30 size_err=0 identity_err=0
I (26868) rc_video: Round9 preview displayed=60 fps=6.32 capture_fps=6.32 Avg(ms): convert=41.6 draw=36.4 | complete=60 size_err=0 identity_err=0
I (31618) rc_video: Round9 preview displayed=90 fps=6.32 capture_fps=6.32 Avg(ms): convert=41.6 draw=36.5 | complete=90 size_err=0 identity_err=0
W (36294) rc_video: [COLD-PREFLIGHT] complete target=120 captured=120 complete_delta=120 incomplete_delta=0 incomplete_blocks_delta=0; not a pass gate until live Q60/UDP
I (36298) rc_tank: [STEP] Network init starting...
I (36306) rc_net: Initializing as SoftAP (Tank)
I (36312) pp: pp rom version: e7ae62f
I (36313) net80211: net80211 rom version: e7ae62f
I (36316) wifi:wifi driver task: 3fce49e8, prio:23, stack:6656, core=0
I (36327) wifi:wifi firmware version: 0947e8b
I (36328) wifi:wifi certification version: v7.0
I (36329) wifi:config NVS flash: enabled
I (36333) wifi:config nano formatting: disabled
I (36337) wifi:Init data frame dynamic rx buffer num: 32
I (36342) wifi:Init static rx mgmt buffer num: 5
I (36346) wifi:Init management short buffer num: 32
I (36351) wifi:Init dynamic tx buffer num: 64
I (36355) wifi:Init static tx FG buffer num: 2
I (36359) wifi:Init static rx buffer size: 1600
I (36363) wifi:Init static rx buffer num: 10
I (36367) wifi:Init dynamic rx buffer num: 32
I (36374) wifi_init: rx ba win: 6
I (36374) wifi_init: accept mbox: 6
I (36378) wifi_init: tcpip mbox: 16
I (36382) wifi_init: udp mbox: 6
I (36384) wifi_init: tcp mbox: 6
I (36388) wifi_init: tcp tx win: 5760
I (36390) wifi_init: tcp rx win: 5760
I (36394) wifi_init: tcp mss: 1440
I (36398) wifi_init: WiFi IRAM OP enabled
I (36400) wifi_init: WiFi RX IRAM OP enabled
I (36405) rc_net: AP set_mode/config, SSID=RC_TANK_F3AE79 ch=1
I (36415) phy_init: phy_version 711,97bcf0a2,Aug 25 2025,19:04:10
I (36454) wifi:mode : softAP (44:1b:f6:f3:ae:79)
I (36458) wifi:Total power save buffer number: 32
I (36459) wifi:Init max length of beacon: 752/752
I (36460) wifi:Init max length of beacon: 752/752
I (36462) rc_net: SoftAP started, SSID: RC_TANK_F3AE79, Password: 12345678
I (36464) esp_netif_lwip: DHCP server started on interface WIFI_AP_DEF with IP: 192.168.4.1
I (36479) rc_tank: [STEP] Network init OK
I (36483) rc_tank: Tank SoftAP ready, waiting for remote...
I (36488) rc_control: Ctrl RX task started
I (36492) rc_video: Round9 preview displayed=120 fps=6.15 capture_fps=6.15 Avg(ms): convert=44.0 draw=38.3 | complete=120 size_err=0 identity_err=0
I (36493) rc_control: Tank control started
I (36509) rc_tank: Tank running (video + control; audio disabled)
I (36514) rc_tank: app_main done, idle loop
I (41236) rc_video: Round9 preview displayed=150 fps=6.32 capture_fps=6.32 Avg(ms): convert=42.1 draw=36.6 | complete=150 size_err=0 identity_err=0
I (44238) wifi:new:<1,1>, old:<1,1>, ap:<1,1>, sta:<255,255>, prof:1, snd_ch_cfg:0x0
I (44239) wifi:station: 44:1b:f6:f3:ae:40 join, AID=1, bgn, 40U
I (44266) rc_net: STA connected, MAC: 44:1b:f6:f3:ae:40
I (44331) esp_netif_lwip: DHCP server assigned IP to a client, IP is: 192.168.4.2
I (44332) rc_net: STA assigned IP: 192.168.4.2
I (44332) rc_video: Local preview stop requested; waiting for video_tx handoff
I (44339) rc_tank: Network connected, peer: 192.168.4.2
W (44345) rc_tank: [DVP-MATRIX] start stage=8 strategy=cold_preview_120 preflight_frames=120 video_tx=not_created
I (44355) rc_net: Ctrl UDP socket bound to port 8001
I (44359) rc_net: Video UDP socket bound to port 8002
I (44364) rc_net: Audio TCP listening on port 8003
I (44368) rc_tank: Socket channels started

[HOST-DVP-MATRIX 12:06:31] COLD-R3 stage=8 visible window begin
I (44448) rc_video: Local preview quiesced before video_tx; drained_ready_signals=0 stable_ready_preserved=1
I (44448) rc_video: Tank display ownership returned to status task after preview handoff
I (44461) rc_video: Video TX task started (240x180, sensor-driven, Q=60)
I (44462) rc_video: TX theory: raw=614400 B/frame, encoded YUV=86400 B/frame, target10fps raw=0.86 MB/s
I (44470) rc_video: PSRAM TX buffers: subsample=86400B jpeg=43200B send=43208B free_psram=5592524 free_internal=59483
I (44517) rc_video: TX buffer caps: subsample=0x3c350120(psram=1) jpeg=0x3c3652a4(psram=1) send=0x3c36fea8(psram=1)
I (44519) rc_video: Tank video started (camera source)
W (44620) rc_tank: [DVP-MATRIX] observe stage=8 strategy=cold_preview_120 duration_ms=90000 under live Q60/UDP load
I (44614) rc_net: [CAM-PROBE] Video TX seq=0 jpeg_len=9509 crc32=0xd327665c chunks=8
W (44632) rc_net: Video UDP send failed: seq=0 chunk=4/8 bytes=1208 sent=-1 errno=12 attempts=4
W (44635) rc_video: Video send failed: ESP_FAIL
W (44732) rc_video: Video send failed: ESP_FAIL
W (44785) rc_video: Video send failed: ESP_FAIL
W (44932) rc_video: Video send failed: ESP_FAIL
W (44984) rc_video: Video send failed: ESP_FAIL
W (45129) rc_video: Video send failed: ESP_FAIL
W (45181) rc_video: Video send failed: ESP_FAIL
W (45330) rc_video: Video send failed: ESP_FAIL
I (45427) wifi:<ba-add>idx:2 (ifx:1, 44:1b:f6:f3:ae:40), tid:0, ssn:0, winSize:64
I (47556) rc_net: [CAM-PROBE] Video TX seq=30 jpeg_len=9263 crc32=0x09596d8a chunks=8
I (48300) rc_video: Sent 30 | cap_fps=10.2 send_fps=7.8 capture_size_errors=0 capture_identity_errors=0 | Avg(ms): wait=19.4 cache=0.9 subsample=23.5 encode=44.2 send=10.5 total=98.4 | JPEG=9272B
I (48308) rc_video: [VIDEO-TX] handoff cap=209 get=418 select_fail=0 finished=209 signal=209 acquire=208 acquire_fail=0 release_fail=0 backup=0/0
I (48320) rc_video: [STABLE-CAPTURE] pause=209/209 timeout=0 quiesce=208 resume=208 lifecycle_errors=0 repairs=38 staged_events=2305 copies=2299 fallback=0 errors=0 prepare=209 stale_queue=0 pending_vsync=189 sync=209 complete=209 incomplete=0 incomplete_blocks=0 hold=209/209 hold_timeout=0
I (50566) rc_net: [CAM-PROBE] Video TX seq=60 jpeg_len=9268 crc32=0x2bcb033a chunks=8
I (51308) rc_video: Sent 60 | cap_fps=10.0 send_fps=10.0 capture_size_errors=0 capture_identity_errors=0 | Avg(ms): wait=19.5 cache=0.8 subsample=23.5 encode=44.2 send=10.2 total=98.3 | JPEG=9271B
I (51316) rc_video: [VIDEO-TX] handoff cap=239 get=478 select_fail=0 finished=239 signal=239 acquire=238 acquire_fail=0 release_fail=0 backup=0/0
I (51328) rc_video: [STABLE-CAPTURE] pause=239/239 timeout=0 quiesce=238 resume=238 lifecycle_errors=0 repairs=68 staged_events=2638 copies=2629 fallback=0 errors=0 prepare=239 stale_queue=0 pending_vsync=204 sync=239 complete=239 incomplete=0 incomplete_blocks=0 hold=239/239 hold_timeout=0
I (53571) rc_net: [CAM-PROBE] Video TX seq=90 jpeg_len=9287 crc32=0x9ce0b7f2 chunks=8
I (54316) rc_video: Sent 90 | cap_fps=10.0 send_fps=10.0 capture_size_errors=0 capture_identity_errors=0 | Avg(ms): wait=20.5 cache=0.8 subsample=23.4 encode=44.4 send=9.0 total=98.1 | JPEG=9375B
I (54323) rc_video: [VIDEO-TX] handoff cap=269 get=538 select_fail=0 finished=269 signal=269 acquire=268 acquire_fail=0 release_fail=0 backup=0/0
I (54336) rc_video: [STABLE-CAPTURE] pause=269/269 timeout=0 quiesce=268 resume=268 lifecycle_errors=0 repairs=98 staged_events=2973 copies=2959 fallback=0 errors=0 prepare=269 stale_queue=0 pending_vsync=219 sync=269 complete=269 incomplete=0 incomplete_blocks=0 hold=269/269 hold_timeout=0
I (56577) rc_net: [CAM-PROBE] Video TX seq=120 jpeg_len=9279 crc32=0x401fbeb7 chunks=8
I (57321) rc_video: Sent 120 | cap_fps=10.0 send_fps=10.0 capture_size_errors=0 capture_identity_errors=0 | Avg(ms): wait=19.0 cache=0.8 subsample=23.5 encode=44.9 send=9.9 total=98.2 | JPEG=9375B
I (57328) rc_video: [VIDEO-TX] handoff cap=299 get=598 select_fail=0 finished=299 signal=299 acquire=298 acquire_fail=0 release_fail=0 backup=0/0
I (57341) rc_video: [STABLE-CAPTURE] pause=299/299 timeout=0 quiesce=298 resume=298 lifecycle_errors=0 repairs=128 staged_events=3311 copies=3289 fallback=0 errors=0 prepare=299 stale_queue=0 pending_vsync=234 sync=299 complete=299 incomplete=0 incomplete_blocks=0 hold=299/299 hold_timeout=0
I (59588) rc_net: [CAM-PROBE] Video TX seq=150 jpeg_len=9416 crc32=0xae88e82c chunks=8
I (60330) rc_video: Sent 150 | cap_fps=10.0 send_fps=10.0 capture_size_errors=0 capture_identity_errors=0 | Avg(ms): wait=20.6 cache=0.8 subsample=23.5 encode=44.8 send=8.4 total=98.1 | JPEG=9300B
I (60338) rc_video: [VIDEO-TX] handoff cap=329 get=658 select_fail=0 finished=329 signal=329 acquire=328 acquire_fail=0 release_fail=0 backup=0/0
I (60351) rc_video: [STABLE-CAPTURE] pause=329/329 timeout=0 quiesce=328 resume=328 lifecycle_errors=0 repairs=158 staged_events=3647 copies=3619 fallback=0 errors=0 prepare=329 stale_queue=0 pending_vsync=249 sync=329 complete=329 incomplete=0 incomplete_blocks=0 hold=329/329 hold_timeout=0
I (62592) rc_net: [CAM-PROBE] Video TX seq=180 jpeg_len=9294 crc32=0x10284309 chunks=8
I (63339) rc_video: Sent 180 | cap_fps=10.0 send_fps=10.0 capture_size_errors=0 capture_identity_errors=0 | Avg(ms): wait=22.1 cache=0.8 subsample=23.9 encode=44.6 send=6.8 total=98.2 | JPEG=9279B
I (63346) rc_video: [VIDEO-TX] handoff cap=359 get=718 select_fail=0 finished=359 signal=359 acquire=358 acquire_fail=0 release_fail=0 backup=0/0
I (63359) rc_video: [STABLE-CAPTURE] pause=359/359 timeout=0 quiesce=358 resume=358 lifecycle_errors=0 repairs=188 staged_events=3986 copies=3949 fallback=0 errors=0 prepare=359 stale_queue=0 pending_vsync=264 sync=359 complete=359 incomplete=0 incomplete_blocks=0 hold=359/359 hold_timeout=0
I (65601) rc_net: [CAM-PROBE] Video TX seq=210 jpeg_len=9249 crc32=0x3a45eb77 chunks=8
I (66346) rc_video: Sent 210 | cap_fps=10.0 send_fps=10.0 capture_size_errors=0 capture_identity_errors=0 | Avg(ms): wait=21.6 cache=0.8 subsample=24.2 encode=44.4 send=6.9 total=98.0 | JPEG=9262B
I (66353) rc_video: [VIDEO-TX] handoff cap=389 get=778 select_fail=0 finished=389 signal=389 acquire=388 acquire_fail=0 release_fail=0 backup=0/0
I (66366) rc_video: [STABLE-CAPTURE] pause=389/389 timeout=0 quiesce=388 resume=388 lifecycle_errors=0 repairs=218 staged_events=4321 copies=4279 fallback=0 errors=0 prepare=389 stale_queue=0 pending_vsync=279 sync=389 complete=389 incomplete=0 incomplete_blocks=0 hold=389/389 hold_timeout=0
I (68609) rc_net: [CAM-PROBE] Video TX seq=240 jpeg_len=9230 crc32=0x089b0cb0 chunks=8
I (69356) rc_video: Sent 240 | cap_fps=10.0 send_fps=10.0 capture_size_errors=0 capture_identity_errors=0 | Avg(ms): wait=22.2 cache=0.8 subsample=24.4 encode=44.3 send=6.5 total=98.1 | JPEG=9315B
I (69364) rc_video: [VIDEO-TX] handoff cap=419 get=838 select_fail=0 finished=419 signal=419 acquire=418 acquire_fail=0 release_fail=0 backup=0/0
I (69376) rc_video: [STABLE-CAPTURE] pause=419/419 timeout=0 quiesce=418 resume=418 lifecycle_errors=0 repairs=248 staged_events=4659 copies=4609 fallback=0 errors=0 prepare=419 stale_queue=0 pending_vsync=294 sync=419 complete=419 incomplete=0 incomplete_blocks=0 hold=419/419 hold_timeout=0
I (71618) rc_net: [CAM-PROBE] Video TX seq=270 jpeg_len=9266 crc32=0xa7878023 chunks=8
I (72359) rc_video: Sent 270 | cap_fps=10.0 send_fps=10.0 capture_size_errors=0 capture_identity_errors=0 | Avg(ms): wait=17.6 cache=0.8 subsample=24.4 encode=43.8 send=11.4 total=98.0 | JPEG=9279B
I (72367) rc_video: [VIDEO-TX] handoff cap=449 get=898 select_fail=0 finished=449 signal=449 acquire=448 acquire_fail=0 release_fail=0 backup=0/0
I (72379) rc_video: [STABLE-CAPTURE] pause=449/449 timeout=0 quiesce=448 resume=448 lifecycle_errors=0 repairs=278 staged_events=4993 copies=4939 fallback=0 errors=0 prepare=449 stale_queue=0 pending_vsync=309 sync=449 complete=449 incomplete=0 incomplete_blocks=0 hold=449/449 hold_timeout=0
I (74626) rc_net: [CAM-PROBE] Video TX seq=300 jpeg_len=9266 crc32=0x4fd0a0b0 chunks=8
I (75372) rc_video: Sent 300 | cap_fps=10.0 send_fps=10.0 capture_size_errors=0 capture_identity_errors=0 | Avg(ms): wait=18.1 cache=0.8 subsample=24.1 encode=43.8 send=10.2 total=97.0 | JPEG=9282B
I (75379) rc_video: [VIDEO-TX] handoff cap=479 get=958 select_fail=0 finished=479 signal=479 acquire=478 acquire_fail=0 release_fail=0 backup=0/0
I (75392) rc_video: [STABLE-CAPTURE] pause=479/479 timeout=0 quiesce=478 resume=478 lifecycle_errors=0 repairs=308 staged_events=5328 copies=5269 fallback=0 errors=0 prepare=479 stale_queue=0 pending_vsync=324 sync=479 complete=479 incomplete=0 incomplete_blocks=0 hold=479/479 hold_timeout=0
I (77633) rc_net: [CAM-PROBE] Video TX seq=330 jpeg_len=9248 crc32=0x5d6ed232 chunks=8
I (78376) rc_video: Sent 330 | cap_fps=10.0 send_fps=10.0 capture_size_errors=0 capture_identity_errors=0 | Avg(ms): wait=21.1 cache=0.9 subsample=23.9 encode=43.4 send=8.8 total=98.1 | JPEG=9281B
I (78383) rc_video: [VIDEO-TX] handoff cap=509 get=1018 select_fail=0 finished=509 signal=509 acquire=508 acquire_fail=0 release_fail=0 backup=0/0
I (78396) rc_video: [STABLE-CAPTURE] pause=509/509 timeout=0 quiesce=508 resume=508 lifecycle_errors=0 repairs=338 staged_events=5661 copies=5599 fallback=0 errors=0 prepare=509 stale_queue=0 pending_vsync=339 sync=509 complete=509 incomplete=0 incomplete_blocks=0 hold=509/509 hold_timeout=0
I (80641) rc_net: [CAM-PROBE] Video TX seq=360 jpeg_len=9258 crc32=0x180da8d8 chunks=8
I (81384) rc_video: Sent 360 | cap_fps=10.0 send_fps=10.0 capture_size_errors=0 capture_identity_errors=0 | Avg(ms): wait=24.0 cache=0.8 subsample=23.8 encode=44.1 send=5.5 total=98.2 | JPEG=9236B
I (81392) rc_video: [VIDEO-TX] handoff cap=539 get=1078 select_fail=0 finished=539 signal=539 acquire=538 acquire_fail=0 release_fail=0 backup=0/0
I (81405) rc_video: [STABLE-CAPTURE] pause=539/539 timeout=0 quiesce=538 resume=538 lifecycle_errors=0 repairs=368 staged_events=5996 copies=5929 fallback=0 errors=0 prepare=539 stale_queue=0 pending_vsync=354 sync=539 complete=539 incomplete=0 incomplete_blocks=0 hold=539/539 hold_timeout=0
I (83652) rc_net: [CAM-PROBE] Video TX seq=390 jpeg_len=9284 crc32=0xe8661f72 chunks=8
I (84392) rc_video: Sent 390 | cap_fps=10.0 send_fps=10.0 capture_size_errors=0 capture_identity_errors=0 | Avg(ms): wait=22.5 cache=0.9 subsample=23.7 encode=43.7 send=6.1 total=97.0 | JPEG=9273B
I (84400) rc_video: [VIDEO-TX] handoff cap=569 get=1138 select_fail=0 finished=569 signal=569 acquire=568 acquire_fail=0 release_fail=0 backup=0/0
I (84413) rc_video: [STABLE-CAPTURE] pause=569/569 timeout=0 quiesce=568 resume=568 lifecycle_errors=0 repairs=398 staged_events=6332 copies=6259 fallback=0 errors=0 prepare=569 stale_queue=0 pending_vsync=369 sync=569 complete=569 incomplete=0 incomplete_blocks=0 hold=569/569 hold_timeout=0
I (86660) rc_net: [CAM-PROBE] Video TX seq=420 jpeg_len=9280 crc32=0x07eeef1c chunks=8
I (87403) rc_video: Sent 420 | cap_fps=10.0 send_fps=10.0 capture_size_errors=0 capture_identity_errors=0 | Avg(ms): wait=22.5 cache=0.8 subsample=23.2 encode=43.9 send=7.9 total=98.3 | JPEG=9291B
I (87411) rc_video: [VIDEO-TX] handoff cap=599 get=1198 select_fail=0 finished=599 signal=599 acquire=598 acquire_fail=0 release_fail=0 backup=0/0
I (87424) rc_video: [STABLE-CAPTURE] pause=599/599 timeout=0 quiesce=598 resume=598 lifecycle_errors=0 repairs=428 staged_events=6670 copies=6589 fallback=0 errors=0 prepare=599 stale_queue=0 pending_vsync=384 sync=599 complete=599 incomplete=0 incomplete_blocks=0 hold=599/599 hold_timeout=0
I (89669) rc_net: [CAM-PROBE] Video TX seq=450 jpeg_len=9244 crc32=0x2aacb6de chunks=8
I (90413) rc_video: Sent 450 | cap_fps=10.0 send_fps=10.0 capture_size_errors=0 capture_identity_errors=0 | Avg(ms): wait=20.7 cache=0.9 subsample=23.5 encode=44.0 send=9.1 total=98.3 | JPEG=9261B
I (90420) rc_video: [VIDEO-TX] handoff cap=629 get=1258 select_fail=0 finished=629 signal=629 acquire=628 acquire_fail=0 release_fail=0 backup=0/0
I (90433) rc_video: [STABLE-CAPTURE] pause=629/629 timeout=0 quiesce=628 resume=628 lifecycle_errors=0 repairs=458 staged_events=7008 copies=6919 fallback=0 errors=0 prepare=629 stale_queue=0 pending_vsync=399 sync=629 complete=629 incomplete=0 incomplete_blocks=0 hold=629/629 hold_timeout=0
I (92677) rc_net: [CAM-PROBE] Video TX seq=480 jpeg_len=9265 crc32=0x397270c0 chunks=8
I (93422) rc_video: Sent 480 | cap_fps=10.0 send_fps=10.0 capture_size_errors=0 capture_identity_errors=0 | Avg(ms): wait=21.1 cache=0.8 subsample=23.5 encode=43.9 send=8.8 total=98.0 | JPEG=9253B
I (93429) rc_video: [VIDEO-TX] handoff cap=659 get=1318 select_fail=0 finished=659 signal=659 acquire=658 acquire_fail=0 release_fail=0 backup=0/0
I (93442) rc_video: [STABLE-CAPTURE] pause=659/659 timeout=0 quiesce=658 resume=658 lifecycle_errors=0 repairs=488 staged_events=7344 copies=7249 fallback=0 errors=0 prepare=659 stale_queue=0 pending_vsync=414 sync=659 complete=659 incomplete=0 incomplete_blocks=0 hold=659/659 hold_timeout=0
I (95683) rc_net: [CAM-PROBE] Video TX seq=510 jpeg_len=9221 crc32=0x50c1ab88 chunks=8
I (96427) rc_video: Sent 510 | cap_fps=10.0 send_fps=10.0 capture_size_errors=0 capture_identity_errors=0 | Avg(ms): wait=20.8 cache=0.8 subsample=23.4 encode=43.9 send=9.2 total=98.2 | JPEG=9265B
I (96435) rc_video: [VIDEO-TX] handoff cap=689 get=1378 select_fail=0 finished=689 signal=689 acquire=688 acquire_fail=0 release_fail=0 backup=0/0
I (96448) rc_video: [STABLE-CAPTURE] pause=689/689 timeout=0 quiesce=688 resume=688 lifecycle_errors=0 repairs=518 staged_events=7679 copies=7579 fallback=0 errors=0 prepare=689 stale_queue=0 pending_vsync=429 sync=689 complete=689 incomplete=0 incomplete_blocks=0 hold=689/689 hold_timeout=0
I (98692) rc_net: [CAM-PROBE] Video TX seq=540 jpeg_len=9274 crc32=0xb12d1677 chunks=8
I (99436) rc_video: Sent 540 | cap_fps=10.0 send_fps=10.0 capture_size_errors=0 capture_identity_errors=0 | Avg(ms): wait=20.5 cache=0.8 subsample=23.5 encode=44.3 send=9.2 total=98.2 | JPEG=9261B
I (99444) rc_video: [VIDEO-TX] handoff cap=719 get=1438 select_fail=0 finished=719 signal=719 acquire=718 acquire_fail=0 release_fail=0 backup=0/0
I (99456) rc_video: [STABLE-CAPTURE] pause=719/719 timeout=0 quiesce=718 resume=718 lifecycle_errors=0 repairs=548 staged_events=8013 copies=7909 fallback=0 errors=0 prepare=719 stale_queue=0 pending_vsync=444 sync=719 complete=719 incomplete=0 incomplete_blocks=0 hold=719/719 hold_timeout=0
I (101699) rc_net: [CAM-PROBE] Video TX seq=570 jpeg_len=9253 crc32=0x7e3e1a9b chunks=8
I (102444) rc_video: Sent 570 | cap_fps=10.0 send_fps=10.0 capture_size_errors=0 capture_identity_errors=0 | Avg(ms): wait=20.2 cache=0.8 subsample=23.3 encode=44.7 send=9.2 total=98.1 | JPEG=9214B
I (102452) rc_video: [VIDEO-TX] handoff cap=749 get=1498 select_fail=0 finished=749 signal=749 acquire=748 acquire_fail=0 release_fail=0 backup=0/0
I (102465) rc_video: [STABLE-CAPTURE] pause=749/749 timeout=0 quiesce=748 resume=748 lifecycle_errors=0 repairs=578 staged_events=8346 copies=8239 fallback=0 errors=0 prepare=749 stale_queue=0 pending_vsync=459 sync=749 complete=749 incomplete=0 incomplete_blocks=0 hold=749/749 hold_timeout=0
I (104773) rc_net: [CAM-PROBE] Video TX seq=600 jpeg_len=9268 crc32=0xafde05d5 chunks=8
I (105473) rc_video: Sent 600 | cap_fps=9.6 send_fps=9.9 capture_size_errors=0 capture_identity_errors=0 | Avg(ms): wait=19.7 cache=0.8 subsample=24.0 encode=43.4 send=11.0 total=98.8 | JPEG=9249B
I (105481) rc_video: [VIDEO-TX] handoff cap=779 get=1558 select_fail=0 finished=779 signal=779 acquire=778 acquire_fail=0 release_fail=0 backup=0/0
I (105494) rc_video: [STABLE-CAPTURE] pause=779/779 timeout=0 quiesce=778 resume=778 lifecycle_errors=0 repairs=608 staged_events=8683 copies=8569 fallback=0 errors=0 prepare=779 stale_queue=0 pending_vsync=475 sync=779 complete=779 incomplete=0 incomplete_blocks=0 hold=779/779 hold_timeout=0
I (107780) rc_net: [CAM-PROBE] Video TX seq=630 jpeg_len=9240 crc32=0x2cfdbc0b chunks=8
I (108431) rc_video: Sent 630 | cap_fps=10.1 send_fps=10.1 capture_size_errors=0 capture_identity_errors=0 | Avg(ms): wait=20.2 cache=0.8 subsample=24.0 encode=44.1 send=7.4 total=96.5 | JPEG=9255B
I (108441) rc_video: [VIDEO-TX] handoff cap=808 get=1617 select_fail=0 finished=808 signal=808 acquire=808 acquire_fail=0 release_fail=0 backup=0/0
I (108482) rc_video: [STABLE-CAPTURE] pause=809/809 timeout=0 quiesce=808 resume=808 lifecycle_errors=0 repairs=638 staged_events=9018 copies=8899 fallback=0 errors=0 prepare=809 stale_queue=0 pending_vsync=490 sync=809 complete=809 incomplete=0 incomplete_blocks=0 hold=809/809 hold_timeout=0
I (110724) rc_net: [CAM-PROBE] Video TX seq=660 jpeg_len=9272 crc32=0xf330fac8 chunks=8
I (111466) rc_video: Sent 660 | cap_fps=10.2 send_fps=9.9 capture_size_errors=0 capture_identity_errors=0 | Avg(ms): wait=20.8 cache=0.8 subsample=23.7 encode=44.6 send=6.9 total=96.8 | JPEG=9263B
I (111473) rc_video: [VIDEO-TX] handoff cap=839 get=1678 select_fail=0 finished=839 signal=839 acquire=838 acquire_fail=0 release_fail=0 backup=0/0
I (111486) rc_video: [STABLE-CAPTURE] pause=839/839 timeout=0 quiesce=838 resume=838 lifecycle_errors=0 repairs=668 staged_events=9350 copies=9229 fallback=0 errors=0 prepare=839 stale_queue=0 pending_vsync=505 sync=839 complete=839 incomplete=0 incomplete_blocks=0 hold=839/839 hold_timeout=0
I (113733) rc_net: [CAM-PROBE] Video TX seq=690 jpeg_len=9441 crc32=0x177b2d53 chunks=8
I (114474) rc_video: Sent 690 | cap_fps=10.0 send_fps=10.0 capture_size_errors=0 capture_identity_errors=0 | Avg(ms): wait=20.7 cache=0.8 subsample=23.8 encode=45.1 send=7.8 total=98.2 | JPEG=9255B
I (114481) rc_video: [VIDEO-TX] handoff cap=869 get=1738 select_fail=0 finished=869 signal=869 acquire=868 acquire_fail=0 release_fail=0 backup=0/0
I (114494) rc_video: [STABLE-CAPTURE] pause=869/869 timeout=0 quiesce=868 resume=868 lifecycle_errors=0 repairs=698 staged_events=9686 copies=9559 fallback=0 errors=0 prepare=869 stale_queue=0 pending_vsync=520 sync=869 complete=869 incomplete=0 incomplete_blocks=0 hold=869/869 hold_timeout=0
I (116740) rc_net: [CAM-PROBE] Video TX seq=720 jpeg_len=9229 crc32=0x89e5cf03 chunks=8
I (117484) rc_video: Sent 720 | cap_fps=10.0 send_fps=10.0 capture_size_errors=0 capture_identity_errors=0 | Avg(ms): wait=19.1 cache=0.8 subsample=23.9 encode=45.2 send=9.3 total=98.3 | JPEG=9273B
I (117492) rc_video: [VIDEO-TX] handoff cap=899 get=1798 select_fail=0 finished=899 signal=899 acquire=898 acquire_fail=0 release_fail=0 backup=0/0
I (117505) rc_video: [STABLE-CAPTURE] pause=899/899 timeout=0 quiesce=898 resume=898 lifecycle_errors=0 repairs=728 staged_events=10020 copies=9889 fallback=0 errors=0 prepare=899 stale_queue=0 pending_vsync=535 sync=899 complete=899 incomplete=0 incomplete_blocks=0 hold=899/899 hold_timeout=0
I (119749) rc_net: [CAM-PROBE] Video TX seq=750 jpeg_len=9283 crc32=0x3b1cabb0 chunks=8
I (120489) rc_video: Sent 750 | cap_fps=10.0 send_fps=10.0 capture_size_errors=0 capture_identity_errors=0 | Avg(ms): wait=20.6 cache=0.8 subsample=24.1 encode=44.3 send=8.2 total=98.1 | JPEG=9286B
I (120497) rc_video: [VIDEO-TX] handoff cap=929 get=1858 select_fail=0 finished=929 signal=929 acquire=928 acquire_fail=0 release_fail=0 backup=0/0
I (120510) rc_video: [STABLE-CAPTURE] pause=929/929 timeout=0 quiesce=928 resume=928 lifecycle_errors=0 repairs=758 staged_events=10355 copies=10219 fallback=0 errors=0 prepare=929 stale_queue=0 pending_vsync=550 sync=929 complete=929 incomplete=0 incomplete_blocks=0 hold=929/929 hold_timeout=0
I (122820) rc_net: [CAM-PROBE] Video TX seq=780 jpeg_len=9231 crc32=0x54639582 chunks=8
I (123476) rc_video: Sent 780 | cap_fps=9.7 send_fps=10.0 capture_size_errors=0 capture_identity_errors=0 | Avg(ms): wait=21.9 cache=0.8 subsample=23.9 encode=42.4 send=7.2 total=96.1 | JPEG=9276B
I (123519) rc_video: [VIDEO-TX] handoff cap=958 get=1917 select_fail=0 finished=958 signal=958 acquire=958 acquire_fail=0 release_fail=0 backup=0/0
I (123525) rc_video: [STABLE-CAPTURE] pause=959/959 timeout=0 quiesce=958 resume=958 lifecycle_errors=0 repairs=788 staged_events=10691 copies=10549 fallback=0 errors=0 prepare=959 stale_queue=0 pending_vsync=566 sync=959 complete=959 incomplete=0 incomplete_blocks=0 hold=959/959 hold_timeout=0
I (125828) rc_net: [CAM-PROBE] Video TX seq=810 jpeg_len=9269 crc32=0xb2bb2da6 chunks=8
I (126479) rc_video: Sent 810 | cap_fps=10.0 send_fps=10.0 capture_size_errors=0 capture_identity_errors=0 | Avg(ms): wait=21.1 cache=0.9 subsample=23.4 encode=44.0 send=7.8 total=97.0 | JPEG=9275B
I (126489) rc_video: [VIDEO-TX] handoff cap=988 get=1977 select_fail=0 finished=988 signal=988 acquire=988 acquire_fail=0 release_fail=0 backup=0/0
I (126530) rc_video: [STABLE-CAPTURE] pause=989/989 timeout=0 quiesce=988 resume=988 lifecycle_errors=0 repairs=818 staged_events=11025 copies=10879 fallback=0 errors=0 prepare=989 stale_queue=0 pending_vsync=582 sync=989 complete=989 incomplete=0 incomplete_blocks=0 hold=989/989 hold_timeout=0
I (128841) rc_net: [CAM-PROBE] Video TX seq=840 jpeg_len=9552 crc32=0xb02333d6 chunks=8
I (129555) rc_video: Sent 840 | cap_fps=10.1 send_fps=9.8 capture_size_errors=0 capture_identity_errors=0 | Avg(ms): wait=22.5 cache=0.8 subsample=23.2 encode=42.8 send=9.8 total=99.2 | JPEG=9250B
I (129562) rc_video: [VIDEO-TX] handoff cap=1019 get=2038 select_fail=0 finished=1019 signal=1019 acquire=1018 acquire_fail=0 release_fail=0 backup=0/0
I (129576) rc_video: [STABLE-CAPTURE] pause=1019/1019 timeout=0 quiesce=1018 resume=1018 lifecycle_errors=0 repairs=848 staged_events=11362 copies=11209 fallback=0 errors=0 prepare=1019 stale_queue=0 pending_vsync=598 sync=1019 complete=1019 incomplete=0 incomplete_blocks=0 hold=1019/1019 hold_timeout=0
I (131817) rc_net: [CAM-PROBE] Video TX seq=870 jpeg_len=9244 crc32=0x2a24fe31 chunks=8
I (132564) rc_video: Sent 870 | cap_fps=10.0 send_fps=10.0 capture_size_errors=0 capture_identity_errors=0 | Avg(ms): wait=20.9 cache=0.9 subsample=23.4 encode=44.3 send=8.6 total=98.2 | JPEG=9266B
I (132571) rc_video: [VIDEO-TX] handoff cap=1049 get=2098 select_fail=0 finished=1049 signal=1049 acquire=1048 acquire_fail=0 release_fail=0 backup=0/0
I (132584) rc_video: [STABLE-CAPTURE] pause=1049/1049 timeout=0 quiesce=1048 resume=1048 lifecycle_errors=0 repairs=878 staged_events=11698 copies=11539 fallback=0 errors=0 prepare=1049 stale_queue=0 pending_vsync=613 sync=1049 complete=1049 incomplete=0 incomplete_blocks=0 hold=1049/1049 hold_timeout=0
W (134620) rc_tank: [DVP-MATRIX] result stage=8 strategy=cold_preview_120 complete=1069 incomplete=0 incomplete_blocks=0 mismatch_hist=0,0,0,0,0,0,0,0,13,32,908 prepare=1070 pending=624 hold=1069/1069 hold_timeout=0
W (134633) rc_tank: [DVP-MATRIX] confirmation complete strategy=cold_preview_120; automatic restarts stopped

[HOST-DVP-MATRIX 12:08:01] COLD-R3 confirmation complete; hold 30s
I (134830) rc_net: [CAM-PROBE] Video TX seq=900 jpeg_len=9250 crc32=0x3d1a89aa chunks=8
I (135571) rc_video: Sent 900 | cap_fps=10.0 send_fps=10.0 capture_size_errors=0 capture_identity_errors=0 | Avg(ms): wait=19.0 cache=0.8 subsample=23.4 encode=44.4 send=10.5 total=98.1 | JPEG=9273B
I (135578) rc_video: [VIDEO-TX] handoff cap=1079 get=2158 select_fail=0 finished=1079 signal=1079 acquire=1078 acquire_fail=0 release_fail=0 backup=0/0
I (135592) rc_video: [STABLE-CAPTURE] pause=1079/1079 timeout=0 quiesce=1078 resume=1078 lifecycle_errors=0 repairs=908 staged_events=12032 copies=11869 fallback=0 errors=0 prepare=1079 stale_queue=0 pending_vsync=628 sync=1079 complete=1079 incomplete=0 incomplete_blocks=0 hold=1079/1079 hold_timeout=0
I (137835) rc_net: [CAM-PROBE] Video TX seq=930 jpeg_len=9298 crc32=0x99ecb647 chunks=8
I (138580) rc_video: Sent 930 | cap_fps=10.0 send_fps=10.0 capture_size_errors=0 capture_identity_errors=0 | Avg(ms): wait=20.8 cache=0.8 subsample=23.5 encode=44.5 send=8.7 total=98.3 | JPEG=9251B
I (138588) rc_video: [VIDEO-TX] handoff cap=1109 get=2218 select_fail=0 finished=1109 signal=1109 acquire=1108 acquire_fail=0 release_fail=0 backup=0/0
I (138601) rc_video: [STABLE-CAPTURE] pause=1109/1109 timeout=0 quiesce=1108 resume=1108 lifecycle_errors=0 repairs=938 staged_events=12368 copies=12199 fallback=0 errors=0 prepare=1109 stale_queue=0 pending_vsync=643 sync=1109 complete=1109 incomplete=0 incomplete_blocks=0 hold=1109/1109 hold_timeout=0
I (140848) rc_net: [CAM-PROBE] Video TX seq=960 jpeg_len=9261 crc32=0xa17c9222 chunks=8
I (141587) rc_video: Sent 960 | cap_fps=10.0 send_fps=10.0 capture_size_errors=0 capture_identity_errors=0 | Avg(ms): wait=19.1 cache=0.8 subsample=23.7 encode=44.6 send=9.8 total=98.1 | JPEG=9229B
I (141594) rc_video: [VIDEO-TX] handoff cap=1139 get=2278 select_fail=0 finished=1139 signal=1139 acquire=1138 acquire_fail=0 release_fail=0 backup=0/0
I (141607) rc_video: [STABLE-CAPTURE] pause=1139/1139 timeout=0 quiesce=1138 resume=1138 lifecycle_errors=0 repairs=968 staged_events=12701 copies=12529 fallback=0 errors=0 prepare=1139 stale_queue=0 pending_vsync=658 sync=1139 complete=1139 incomplete=0 incomplete_blocks=0 hold=1139/1139 hold_timeout=0
I (143851) rc_net: [CAM-PROBE] Video TX seq=990 jpeg_len=9380 crc32=0xfce00338 chunks=8
I (144595) rc_video: Sent 990 | cap_fps=10.0 send_fps=10.0 capture_size_errors=0 capture_identity_errors=0 | Avg(ms): wait=22.1 cache=0.8 subsample=23.5 encode=45.0 send=6.7 total=98.0 | JPEG=9242B
I (144603) rc_video: [VIDEO-TX] handoff cap=1169 get=2338 select_fail=0 finished=1169 signal=1169 acquire=1168 acquire_fail=0 release_fail=0 backup=0/0
I (144616) rc_video: [STABLE-CAPTURE] pause=1169/1169 timeout=0 quiesce=1168 resume=1168 lifecycle_errors=0 repairs=998 staged_events=13033 copies=12859 fallback=0 errors=0 prepare=1169 stale_queue=0 pending_vsync=673 sync=1169 complete=1169 incomplete=0 incomplete_blocks=0 hold=1169/1169 hold_timeout=0
I (146862) rc_net: [CAM-PROBE] Video TX seq=1020 jpeg_len=9244 crc32=0x099805fa chunks=8
I (147602) rc_video: Sent 1020 | cap_fps=10.0 send_fps=10.0 capture_size_errors=0 capture_identity_errors=0 | Avg(ms): wait=19.2 cache=0.8 subsample=23.9 encode=44.7 send=8.2 total=96.7 | JPEG=9311B
I (147609) rc_video: [VIDEO-TX] handoff cap=1199 get=2398 select_fail=0 finished=1199 signal=1199 acquire=1198 acquire_fail=0 release_fail=0 backup=0/0
I (147623) rc_video: [STABLE-CAPTURE] pause=1199/1199 timeout=0 quiesce=1198 resume=1198 lifecycle_errors=0 repairs=1028 staged_events=13369 copies=13189 fallback=0 errors=0 prepare=1199 stale_queue=0 pending_vsync=688 sync=1199 complete=1199 incomplete=0 incomplete_blocks=0 hold=1199/1199 hold_timeout=0
I (149867) rc_net: [CAM-PROBE] Video TX seq=1050 jpeg_len=9276 crc32=0x09871c28 chunks=8
I (150609) rc_video: Sent 1050 | cap_fps=10.0 send_fps=10.0 capture_size_errors=0 capture_identity_errors=0 | Avg(ms): wait=20.7 cache=0.9 subsample=24.2 encode=44.5 send=7.9 total=98.2 | JPEG=9241B
I (150617) rc_video: [VIDEO-TX] handoff cap=1229 get=2458 select_fail=0 finished=1229 signal=1229 acquire=1228 acquire_fail=0 release_fail=0 backup=0/0
I (150630) rc_video: [STABLE-CAPTURE] pause=1229/1229 timeout=0 quiesce=1228 resume=1228 lifecycle_errors=0 repairs=1058 staged_events=13706 copies=13519 fallback=0 errors=0 prepare=1229 stale_queue=0 pending_vsync=703 sync=1229 complete=1229 incomplete=0 incomplete_blocks=0 hold=1229/1229 hold_timeout=0
I (152879) rc_net: [CAM-PROBE] Video TX seq=1080 jpeg_len=9256 crc32=0x4e6e036a chunks=8
I (153592) rc_video: Sent 1080 | cap_fps=9.7 send_fps=10.1 capture_size_errors=0 capture_identity_errors=0 | Avg(ms): wait=21.8 cache=0.8 subsample=24.6 encode=42.2 send=8.0 total=97.3 | JPEG=9247B
I (153638) rc_video: [VIDEO-TX] handoff cap=1258 get=2517 select_fail=0 finished=1258 signal=1258 acquire=1258 acquire_fail=0 release_fail=0 backup=0/0
I (153641) rc_video: [STABLE-CAPTURE] pause=1258/1258 timeout=0 quiesce=1258 resume=1258 lifecycle_errors=0 repairs=1088 staged_events=14044 copies=13849 fallback=0 errors=0 prepare=1259 stale_queue=0 pending_vsync=719 sync=1259 complete=1259 incomplete=0 incomplete_blocks=0 hold=1258/1258 hold_timeout=0
I (155947) rc_net: [CAM-PROBE] Video TX seq=1110 jpeg_len=9274 crc32=0x6ba4328a chunks=8
I (156601) rc_video: Sent 1110 | cap_fps=10.0 send_fps=10.0 capture_size_errors=0 capture_identity_errors=0 | Avg(ms): wait=22.7 cache=0.9 subsample=23.3 encode=44.1 send=6.2 total=97.2 | JPEG=9215B
I (156609) rc_video: [VIDEO-TX] handoff cap=1288 get=2577 select_fail=0 finished=1288 signal=1288 acquire=1288 acquire_fail=0 release_fail=0 backup=0/0
I (156649) rc_video: [STABLE-CAPTURE] pause=1288/1288 timeout=0 quiesce=1288 resume=1288 lifecycle_errors=0 repairs=1118 staged_events=14377 copies=14179 fallback=0 errors=0 prepare=1289 stale_queue=0 pending_vsync=735 sync=1289 complete=1289 incomplete=0 incomplete_blocks=0 hold=1288/1288 hold_timeout=0
I (158959) rc_net: [CAM-PROBE] Video TX seq=1140 jpeg_len=9280 crc32=0x093031e6 chunks=8
I (159611) rc_video: Sent 1140 | cap_fps=10.0 send_fps=10.0 capture_size_errors=0 capture_identity_errors=0 | Avg(ms): wait=21.6 cache=0.8 subsample=23.4 encode=42.6 send=8.9 total=97.4 | JPEG=9294B
I (159658) rc_video: [VIDEO-TX] handoff cap=1319 get=2638 select_fail=0 finished=1319 signal=1319 acquire=1318 acquire_fail=0 release_fail=0 backup=0/0
I (159661) rc_video: [STABLE-CAPTURE] pause=1319/1319 timeout=0 quiesce=1318 resume=1318 lifecycle_errors=0 repairs=1148 staged_events=14714 copies=14509 fallback=0 errors=0 prepare=1319 stale_queue=0 pending_vsync=751 sync=1319 complete=1319 incomplete=0 incomplete_blocks=0 hold=1319/1319 hold_timeout=0
I (161965) rc_net: [CAM-PROBE] Video TX seq=1170 jpeg_len=9283 crc32=0xba5748f0 chunks=8
I (162617) rc_video: Sent 1170 | cap_fps=10.0 send_fps=10.0 capture_size_errors=0 capture_identity_errors=0 | Avg(ms): wait=21.7 cache=0.9 subsample=23.3 encode=43.9 send=7.2 total=97.1 | JPEG=9293B
I (162662) rc_video: [VIDEO-TX] handoff cap=1348 get=2697 select_fail=0 finished=1348 signal=1348 acquire=1348 acquire_fail=0 release_fail=0 backup=0/0
I (162667) rc_video: [STABLE-CAPTURE] pause=1349/1349 timeout=0 quiesce=1348 resume=1348 lifecycle_errors=0 repairs=1178 staged_events=15053 copies=14839 fallback=0 errors=0 prepare=1349 stale_queue=0 pending_vsync=767 sync=1349 complete=1349 incomplete=0 incomplete_blocks=0 hold=1349/1349 hold_timeout=0

[HOST-DVP-MATRIX 12:08:31] COLD-R3 capture end stages=[0, 1, 2, 3, 4, 5, 6, 7, 8] recoveries=9 complete=True
