
[HOST-DVP-MATRIX 12:20:31] SYNC-R1 capture begin

[HOST-DVP-MATRIX 12:20:31] Tank RAM bootloader start
esptool.py v4.12.dev2
Serial port COM7
Connecting....
Chip is ESP32-S3 (QFN56) (revision v0.2)
Features: WiFi, BLE
Crystal is 40MHz
MAC: 44:1b:f6:f3:ae:78
Uploading stub...
Running stub...
Stub running...
RAM boot...
Downloading 5360 bytes at 3fce2820... done!
Downloading 3364 bytes at 403c8700... done!
Downloading 12016 bytes at 403cb700... done!
All segments done, executing at 403c8924
Exiting immediately.

[HOST-DVP-MATRIX 12:20:34] Tank RAM bootloader complete
2926) boot: chip revision: v0.2
I (2929) boot: efuse block revision: v1.3
I (2933) boot.esp32s3: Boot SPI Speed : 80MHz
I (2937) boot.esp32s3: SPI Mode       : SLOW READ
I (2941) boot.esp32s3: SPI Flash Size : 8MB
I (2945) boot: Enabling RNG early entropy source...
I (2950) boot: Partition Table:
I (2953) boot: ## Label            Usage          Type ST Offset   Length
I (2959) boot:  0 nvs              WiFi data        01 02 00009000 00006000
I (2966) boot:  1 phy_init         RF data          01 01 0000f000 00001000
I (2972) boot:  2 factory          factory app      00 00 00010000 00300000
I (2979) boot:  3 storage          Unknown data     01 82 00310000 00100000
I (2986) boot: End of partition table
I (2989) esp_image: segment 0: paddr=00010020 vaddr=3c0a0020 size=24db0h (150960) map
I (3089) esp_image: segment 1: paddr=00034dd8 vaddr=3fca0d00 size=05560h ( 21856) load
I (3103) esp_image: segment 2: paddr=0003a340 vaddr=40374000 size=05cd8h ( 23768) load
I (3119) esp_image: segment 3: paddr=00040020 vaddr=42000020 size=9b798h (636824) map
I (3508) esp_image: segment 4: paddr=000db7c0 vaddr=40379cd8 size=16fe0h ( 94176) load
I (3569) esp_image: segment 5: paddr=000f27a8 vaddr=50000000 size=00020h (    32) load
I (3581) boot: Loaded app from partition at offset 0x10000
I (3581) boot: Disabling RNG early entropy source...
I (3593) esp_psram: Found 8MB PSRAM device
I (3593) esp_psram: Speed: 80MHz
I (3593) cpu_start: Multicore app
I (4511) esp_psram: SPI SRAM memory test OK
I (4520) cpu_start: GPIO 44 and 43 are used as console UART I/O pins
I (4521) cpu_start: Pro cpu start user code
I (4521) cpu_start: cpu freq: 240000000 Hz
I (4522) app_init: Application information:
I (4526) app_init: Project name:     rc_tank_demo
I (4531) app_init: App version:      1
I (4534) app_init: Compile time:     Aug 26 2026 12:18:42
I (4539) app_init: ELF file SHA256:  5f9ce93e0...
I (4544) app_init: ESP-IDF:          GIT-NOTFOUND
I (4548) efuse_init: Min chip rev:     v0.0
I (4552) efuse_init: Max chip rev:     v0.99 
I (4556) efuse_init: Chip rev:         v0.2
I (4560) heap_init: Initializing. RAM available for dynamic allocation:
I (4567) heap_init: At 3FCAA3D0 len 0003F340 (252 KiB): RAM
I (4572) heap_init: At 3FCE9710 len 00005724 (21 KiB): RAM
I (4577) heap_init: At 3FCF0000 len 00008000 (32 KiB): DRAM
I (4582) heap_init: At 600FE000 len 00001FE8 (7 KiB): RTCRAM
I (4588) esp_psram: Adding pool of 8192K of PSRAM memory to heap allocator
I (4596) spi_flash: detected chip: generic
I (4598) spi_flash: flash io: dio
I (4602) sleep_gpio: Configure to isolate all GPIO pins in sleep state
I (4608) sleep_gpio: Enable automatic switching of GPIO sleep configuration
I (4615) main_task: Started on CPU0
I (4639) esp_psram: Reserving pool of 64K of internal memory for DMA/internal allocations
I (4640) main_task: Calling app_main()
I (4646) rc_tank: === RC Tank Demo (EX-035) Role: TANK ===
I (4646) rc_tank: Startup delay 10 s (open serial monitor now)...
I (4650) rc_tank:   starting in 10 s
I (5654) rc_tank:   starting in 9 s
I (6654) rc_tank:   starting in 8 s
I (7654) rc_tank:   starting in 7 s
I (8654) rc_tank:   starting in 6 s
I (9654) rc_tank:   starting in 5 s
I (10654) rc_tank:   starting in 4 s
I (11654) rc_tank:   starting in 3 s
I (12654) rc_tank:   starting in 2 s
I (13654) rc_tank:   starting in 1 s
I (14654) rc_tank: Starting Tank role (P1: network, P2: control, P3: video)
I (14654) board_laiwfs300: init board support package
I (14654) board_laiwfs300: init capability registry
I (14659) board_laiwfs300: init I2C bus: SDA=GPIO48 SCL=GPIO47
I (14665) bus_i2c: I2C0 initialized: SDA=GPIO48 SCL=GPIO47 speed=100000Hz
I (14671) board_laiwfs300: --- I2C bus scan (0x08-0x77) ---
I (14678) board_laiwfs300:   I2C device ACK at 0x15
I (14681) board_laiwfs300:   I2C device ACK at 0x18
I (14686) board_laiwfs300:   I2C device ACK at 0x21
I (14690) board_laiwfs300:   I2C device ACK at 0x22
I (14698) board_laiwfs300:   I2C device ACK at 0x40
I (14701) board_laiwfs300:   I2C device ACK at 0x51
I (14707) board_laiwfs300:   I2C device ACK at 0x68
I (14710) board_laiwfs300: --- I2C scan done: 7 device(s) found ---
W (14714) board_laiwfs300: TPT29555A (IOEX) NOT found at 0x20 (NACK)
I (14720) board_laiwfs300: ES8311 (Codec) found at 0x18
I (14725) board_laiwfs300: ES7210 (ADC) found at 0x40
I (14730) board_laiwfs300: AIP8563 (RTC) found at 0x51
I (14735) board_laiwfs300: BMI260 (IMU @0x68) found at 0x68
W (14740) board_laiwfs300: BMI260 (IMU @0x69) NOT found at 0x69 (NACK)
I (14746) board_laiwfs300: SP0A39 (Camera) found at 0x21
I (14753) board_laiwfs300: ES8311 chip ID: 0x83 0x11
I (14757) board_laiwfs300: ES7210 chip ID: 0x72
I (14762) board_laiwfs300: AIP8563 RTC time: 23:53:47 (BCD raw)
I (14766) board_laiwfs300: BMI260 chip ID: 0x27 (expect 0x27)
I (14771) board_laiwfs300: init SPI bus manager
I (14777) board_laiwfs300: init ADC service
I (14780) board_adc: ADC1 oneshot initialized
I (14784) board_laiwfs300: init board power service
I (14789) board_laiwfs300: ADC D0_DETECT (GPIO1): raw=4095 (~3100 mV)
I (14794) board_laiwfs300: ADC BAT_ADC (GPIO7): raw=1643 (~1243 mV)
I (14800) board_laiwfs300: ADC SW_ADC (GPIO8): raw=4095 (~3100 mV)
I (14806) board_laiwfs300: init IO expander: TPT29555A addr=0x22
I (14815) io_expander: TPT29555A initialized at 0x22
I (14817) board_laiwfs300: IO expander initialized OK
I (14821) board_laiwfs300: init module detect
I (14826) board_laiwfs300: register detection rules
I (14830) board_laiwfs300: register default capabilities
I (14835) board_laiwfs300: board init complete (ioex=OK)
I (14840) rc_tank: [STEP] Motor init starting...
I (14845) board_motor: motor input 1 -> GPIO5 / LEDC channel 0
I (14850) board_motor: motor input 2 -> GPIO4 / LEDC channel 1
I (14856) board_motor: motor input 3 -> GPIO37 / LEDC channel 2
I (14861) board_motor: motor input 4 -> GPIO45 / LEDC channel 3
I (14867) rc_control: Motor initialized
I (14871) rc_tank: [STEP] Motor init OK
I (14874) rc_tank: [STEP] Display init starting...
I (14879) rc_video: Initializing Tank display
I (14884) display_hal: init ST7789V3 LCD 240x320 SPI host=1
E (15029) spi: spi_bus_initialize(816): SPI bus already initialized.
I (15150) display_hal: ST7789V3 LCD initialized
I (15150) board_display: display mapped: MOSI=GPIO13 SCK=GPIO12 CS=GPIO10 DC=GPIO16 BL=GPIO17 LCD_RST=IOEX P1_5 pclk=20000000
I (15155) rc_video: Tank display task started (status screen)
I (15156) rc_video: Tank display initialized (status task owns LCD)
I (15166) rc_tank: [STEP] Display init OK
I (15170) rc_tank: [STEP] Camera init starting...
I (15174) rc_video: Initializing camera (SP0A39 640x480 VYUY)
I (15180) board_camera: initializing SP0A39 camera mode=0 640x480
I (15185) camera_hal: init SP0A39 DVP 640x480 (SCCB manual mode)
I (15191) camera_hal: configuring IOEX pins for camera RESET/PWDN
I (15198) camera_hal: PWDN=HIGH (power down)
I (15211) camera_hal: PWDN=LOW (release sensor)
I (15411) camera_hal: RESET=LOW (assert reset)
I (15431) camera_hal: RESET=HIGH (release reset)
I (16431) camera_hal: full I2C scan after camera power-up (diagnostic only)...
I (16433) camera_hal:   post-powerup ACK at 0x15
I (16433) camera_hal:   post-powerup ACK at 0x18
I (16436) camera_hal:   post-powerup ACK at 0x21
I (16440) camera_hal:   post-powerup ACK at 0x22
I (16448) camera_hal:   post-powerup ACK at 0x40
I (16450) camera_hal:   post-powerup ACK at 0x51
I (16456) camera_hal:   post-powerup ACK at 0x68
I (16459) camera_hal: DVP GPIO diagnostics (checking PCLK/VSYNC/HSYNC activity)...
I (16525) camera_hal: DVP diagnostics: PCLK_changes=0 VSYNC_changes=0 HSYNC_changes=0
W (16525) camera_hal: PCLK has no transitions - MCLK likely not reaching sensor or sensor not active
I (16530) camera_hal: using sensor address 0x21
I (16535) camera_hal: SP0A39 I2C device added at 0x21
I (16541) camera_hal: SP0A39 chip ID: 0x0A39
I (16663) camera_hal: SP0A39 register init done: VYUY 640x480 (359 regs)
I (16664) camera_hal: [CAM-PROBE] SP0A39 p0_31 stage=post_table value=0x00 expected=0x01
E (16666) camera_hal: camera_hal_verify_expected_output_p0_31(92): unexpected p0_31=0x00 at post_table
W (16676) camera_hal: [CAM-PROBE] output state differs after table; continuing: ESP_ERR_INVALID_RESPONSE
I (16705) camera_hal: [CAM-PROBE] SP0A39 p0_31 stage=post_delay value=0x01 expected=0x01
I (16706) camera_hal: camera HAL initialized (sensor ready, DVP capture not yet implemented)
I (16710) board_camera: camera ready
I (16718) camera_hal: SP0A39 output regs: P0:1c=0x00 P0:30=0x01 P0:31=0x01 P1:32=0x15 P1:34=0xeb P1:35=0x00 P1:36=0x10
I (16850) rc_video:   3 DMA-capable PSRAM framebuffers allocated (600 KB each)
I (16853) dvp_ext: DVP Extended camera controller driver is initialized
I (16853) dvp_ext: [STABLE-DVP] assembly uses GDMA-EOF direct copy; dma=102400 half=51200 queue_data_events=suppressed eof_desc=probe
I (16864) rc_video: [STABLE-CAPTURE] staged DVP controller created dma=102400 half=51200
I (16872) rc_video: Camera initialized
I (16876) rc_tank: [STEP] Camera init OK
W (16881) rc_tank: [DVP-MATRIX] pre-network stage=0 strategy=sync_direct frames=0 sync_defer=0 wifi=off video_tx=not_created
I (16890) rc_tank: [STEP] Network init starting...
I (16896) rc_net: Initializing as SoftAP (Tank)
I (16900) pp: pp rom version: e7ae62f
I (16903) net80211: net80211 rom version: e7ae62f
I (16909) wifi:wifi driver task: 3fce4910, prio:23, stack:6656, core=0
I (16917) wifi:wifi firmware version: 0947e8b
I (16918) wifi:wifi certification version: v7.0
I (16921) wifi:config NVS flash: enabled
I (16925) wifi:config nano formatting: disabled
I (16929) wifi:Init data frame dynamic rx buffer num: 32
I (16934) wifi:Init static rx mgmt buffer num: 5
I (16939) wifi:Init management short buffer num: 32
I (16943) wifi:Init dynamic tx buffer num: 64
I (16947) wifi:Init static tx FG buffer num: 2
I (16952) wifi:Init static rx buffer size: 1600
I (16956) wifi:Init static rx buffer num: 10
I (16960) wifi:Init dynamic rx buffer num: 32
I (16965) wifi_init: rx ba win: 6
I (16967) wifi_init: accept mbox: 6
I (16970) wifi_init: tcpip mbox: 16
I (16973) wifi_init: udp mbox: 6
I (16976) wifi_init: tcp mbox: 6
I (16979) wifi_init: tcp tx win: 5760
I (16983) wifi_init: tcp rx win: 5760
I (16986) wifi_init: tcp mss: 1440
I (16989) wifi_init: WiFi IRAM OP enabled
I (16993) wifi_init: WiFi RX IRAM OP enabled
I (16997) rc_net: AP set_mode/config, SSID=RC_TANK_F3AE79 ch=1
I (17078) phy_init: phy_version 711,97bcf0a2,Aug 25 2025,19:04:10
W (17079) phy_init: failed to load RF calibration data (0x1102), falling back to full calibration
I (17117) phy_init: Saving new calibration data due to checksum failure or outdated calibration data, mode(2)
I (17126) wifi:mode : softAP (44:1b:f6:f3:ae:79)
I (17131) wifi:Total power save buffer number: 32
I (17132) wifi:Init max length of beacon: 752/752
I (17132) wifi:Init max length of beacon: 752/752
I (17135) rc_net: SoftAP started, SSID: RC_TANK_F3AE79, Password: 12345678
I (17136) esp_netif_lwip: DHCP server started on interface WIFI_AP_DEF with IP: 192.168.4.1
I (17149) rc_tank: [STEP] Network init OK
I (17152) rc_tank: Tank SoftAP ready, waiting for remote...
I (17157) rc_control: Ctrl RX task started
I (17161) rc_control: Tank control started
I (17165) rc_tank: Tank running (video + control; audio disabled)
I (17171) rc_tank: app_main done, idle loop
I (24687) wifi:new:<1,1>, old:<1,1>, ap:<1,1>, sta:<255,255>, prof:1, snd_ch_cfg:0x0
I (24688) wifi:station: 44:1b:f6:f3:ae:40 join, AID=1, bgn, 40U
I (24714) rc_net: STA connected, MAC: 44:1b:f6:f3:ae:40
I (24754) esp_netif_lwip: DHCP server assigned IP to a client, IP is: 192.168.4.2
I (24755) rc_net: STA assigned IP: 192.168.4.2
I (24755) rc_tank: Network connected, peer: 192.168.4.2
W (24761) rc_tank: [DVP-MATRIX] start stage=0 strategy=sync_direct preflight_frames=0 sync_defer=0 video_tx=not_created
I (24772) rc_net: Ctrl UDP socket bound to port 8001
I (24776) rc_net: Video UDP socket bound to port 8002
I (24781) rc_net: Audio TCP listening on port 8003
I (24785) rc_tank: Socket channels started
I (24788) rc_video: No local preview active; formal video handoff skipped
I (24797) camera_hal: [CAM-PROBE] SP0A39 p0_31 stage=dvp_started value=0x01 expected=0x01
I (24811) rc_video: Video TX task started (240x180, sensor-driven, Q=60)
I (24811) rc_video: TX theory: raw=614400 B/frame, encoded YUV=86400 B/frame, target10fps raw=0.86 MB/s
I (24817) rc_video: PSRAM TX buffers: subsample=86400B jpeg=43200B send=43208B free_psram=5592524 free_internal=59679
I (24817) rc_video: TX buffer caps: subsample=0x3c350120(psram=1) jpeg=0x3c3652a4(psram=1) send=0x3c36fea8(psram=1)
I (24854) rc_video: Tank video started (camera source)
W (24854) rc_tank: [DVP-MATRIX] observe stage=0 strategy=sync_direct duration_ms=45000 sync_defer=0 under live Q60/UDP load
I (24893) rc_net: [CAM-PROBE] Video TX seq=0 jpeg_len=9124 crc32=0x9d50903c chunks=8
W (24946) rc_net: Video UDP send failed: seq=0 chunk=4/8 bytes=1208 sent=-1 errno=12 attempts=4
W (24947) rc_video: Video send failed: ESP_FAIL
W (24999) rc_video: Video send failed: ESP_FAIL

[HOST-DVP-MATRIX 12:20:57] SYNC-R1 stage=0 visible window begin
W (25137) rc_video: Video send failed: ESP_FAIL
W (25233) rc_video: Video send failed: ESP_FAIL
W (25373) rc_video: Video send failed: ESP_FAIL
W (25494) rc_video: Video send failed: ESP_FAIL
W (25569) rc_video: Video send failed: ESP_FAIL
W (25669) rc_video: Video send failed: ESP_FAIL
I (25843) wifi:<ba-add>idx:2 (ifx:1, 44:1b:f6:f3:ae:40), tid:0, ssn:0, winSize:64
I (28415) rc_net: [CAM-PROBE] Video TX seq=30 jpeg_len=9093 crc32=0x5313164a chunks=8
I (29232) rc_video: Sent 30 | cap_fps=8.6 send_fps=6.8 capture_size_errors=0 capture_identity_errors=0 | Avg(ms): wait=50.7 cache=1.6 subsample=23.4 encode=24.4 send=7.1 total=107.1 | JPEG=9668B
I (29239) rc_video: [VIDEO-TX] handoff cap=38 get=76 select_fail=0 finished=38 signal=38 acquire=38 acquire_fail=0 release_fail=0 backup=0/0
I (29250) rc_video: [STABLE-CAPTURE] pause=38/38 timeout=0 quiesce=38 resume=38 lifecycle_errors=0 repairs=38 staged_events=618 copies=597 fallback=0 errors=0 prepare=39 stale_queue=0 pending_vsync=19 sync=56 complete=38 incomplete=18 incomplete_blocks=178 hold=38/38 hold_timeout=0
I (31881) rc_net: [CAM-PROBE] Video TX seq=60 jpeg_len=9921 crc32=0x843890f5 chunks=9
I (32638) rc_video: Sent 60 | cap_fps=8.8 send_fps=8.8 capture_size_errors=0 capture_identity_errors=0 | Avg(ms): wait=44.2 cache=1.5 subsample=23.7 encode=24.7 send=6.1 total=100.2 | JPEG=9717B
I (32646) rc_video: [VIDEO-TX] handoff cap=68 get=136 select_fail=0 finished=68 signal=68 acquire=68 acquire_fail=0 release_fail=0 backup=0/0
I (32654) rc_video: [STABLE-CAPTURE] pause=68/68 timeout=0 quiesce=68 resume=68 lifecycle_errors=0 repairs=68 staged_events=1085 copies=1048 fallback=0 errors=0 prepare=69 stale_queue=0 pending_vsync=33 sync=98 complete=68 incomplete=30 incomplete_blocks=298 hold=68/68 hold_timeout=0
I (35183) rc_net: [CAM-PROBE] Video TX seq=90 jpeg_len=9140 crc32=0x41f4d7a4 chunks=8
I (35935) rc_video: Sent 90 | cap_fps=9.0 send_fps=9.0 capture_size_errors=0 capture_identity_errors=0 | Avg(ms): wait=41.6 cache=1.5 subsample=23.5 encode=24.7 send=6.3 total=97.6 | JPEG=9112B
I (35935) rc_video: [VIDEO-TX] handoff cap=98 get=197 select_fail=0 finished=98 signal=98 acquire=98 acquire_fail=0 release_fail=0 backup=0/0
I (35935) rc_video: [STABLE-CAPTURE] pause=98/98 timeout=0 quiesce=98 resume=98 lifecycle_errors=0 repairs=98 staged_events=1540 copies=1487 fallback=0 errors=0 prepare=99 stale_queue=0 pending_vsync=46 sync=138 complete=97 incomplete=41 incomplete_blocks=408 hold=98/98 hold_timeout=0
I (38529) rc_net: [CAM-PROBE] Video TX seq=120 jpeg_len=9266 crc32=0xe323cf6b chunks=8
I (39286) rc_video: Sent 120 | cap_fps=9.0 send_fps=9.0 capture_size_errors=0 capture_identity_errors=0 | Avg(ms): wait=42.4 cache=1.4 subsample=23.3 encode=24.4 send=6.1 total=97.6 | JPEG=9572B
I (39293) rc_video: [VIDEO-TX] handoff cap=128 get=256 select_fail=0 finished=128 signal=128 acquire=128 acquire_fail=0 release_fail=0 backup=0/0
I (39303) rc_video: [STABLE-CAPTURE] pause=128/128 timeout=0 quiesce=128 resume=128 lifecycle_errors=0 repairs=128 staged_events=1988 copies=1918 fallback=0 errors=0 prepare=129 stale_queue=0 pending_vsync=60 sync=179 complete=126 incomplete=53 incomplete_blocks=528 hold=128/128 hold_timeout=0
I (41972) rc_net: [CAM-PROBE] Video TX seq=150 jpeg_len=9121 crc32=0x7b6c1e31 chunks=8
I (42783) rc_video: Sent 150 | cap_fps=8.5 send_fps=8.5 capture_size_errors=0 capture_identity_errors=0 | Avg(ms): wait=48.7 cache=1.5 subsample=23.5 encode=24.5 send=6.2 total=104.4 | JPEG=9066B
I (42783) rc_video: [VIDEO-TX] handoff cap=158 get=317 select_fail=0 finished=158 signal=158 acquire=158 acquire_fail=0 release_fail=0 backup=0/0
I (42783) rc_video: [STABLE-CAPTURE] pause=158/158 timeout=0 quiesce=158 resume=158 lifecycle_errors=0 repairs=158 staged_events=2479 copies=2394 fallback=0 errors=0 prepare=159 stale_queue=0 pending_vsync=74 sync=223 complete=156 incomplete=67 incomplete_blocks=666 hold=158/158 hold_timeout=0
I (45477) rc_net: [CAM-PROBE] Video TX seq=180 jpeg_len=8620 crc32=0xec0cfd22 chunks=8
I (46291) rc_video: Sent 180 | cap_fps=8.6 send_fps=8.6 capture_size_errors=0 capture_identity_errors=0 | Avg(ms): wait=47.4 cache=1.4 subsample=23.7 encode=24.2 send=6.1 total=102.7 | JPEG=9678B
I (46298) rc_video: [VIDEO-TX] handoff cap=188 get=376 select_fail=0 finished=188 signal=188 acquire=188 acquire_fail=0 release_fail=0 backup=0/0
I (46308) rc_video: [STABLE-CAPTURE] pause=188/188 timeout=0 quiesce=188 resume=188 lifecycle_errors=0 repairs=188 staged_events=2947 copies=2846 fallback=0 errors=0 prepare=189 stale_queue=0 pending_vsync=90 sync=266 complete=186 incomplete=80 incomplete_blocks=796 hold=188/188 hold_timeout=0
I (48997) rc_net: [CAM-PROBE] Video TX seq=210 jpeg_len=9091 crc32=0xd24fa62e chunks=8
I (49749) rc_video: Sent 210 | cap_fps=8.6 send_fps=8.6 capture_size_errors=0 capture_identity_errors=0 | Avg(ms): wait=46.2 cache=1.5 subsample=23.3 encode=24.8 send=6.4 total=102.2 | JPEG=9087B
I (49749) rc_video: [VIDEO-TX] handoff cap=218 get=437 select_fail=0 finished=218 signal=218 acquire=218 acquire_fail=0 release_fail=0 backup=0/0
I (49749) rc_video: [STABLE-CAPTURE] pause=218/218 timeout=0 quiesce=218 resume=218 lifecycle_errors=0 repairs=218 staged_events=3425 copies=3307 fallback=0 errors=0 prepare=219 stale_queue=0 pending_vsync=102 sync=311 complete=215 incomplete=96 incomplete_blocks=926 hold=218/218 hold_timeout=0
I (52422) rc_net: [CAM-PROBE] Video TX seq=240 jpeg_len=9559 crc32=0x73d18ba2 chunks=8
I (53232) rc_video: Sent 240 | cap_fps=8.6 send_fps=8.6 capture_size_errors=0 capture_identity_errors=0 | Avg(ms): wait=47.1 cache=1.4 subsample=23.6 encode=24.2 send=6.2 total=102.6 | JPEG=9089B
I (53232) rc_video: [VIDEO-TX] handoff cap=248 get=497 select_fail=0 finished=248 signal=248 acquire=248 acquire_fail=0 release_fail=0 backup=0/0
I (53232) rc_video: [STABLE-CAPTURE] pause=248/248 timeout=0 quiesce=248 resume=248 lifecycle_errors=0 repairs=248 staged_events=3900 copies=3767 fallback=0 errors=0 prepare=249 stale_queue=0 pending_vsync=117 sync=354 complete=244 incomplete=110 incomplete_blocks=1066 hold=248/248 hold_timeout=0
I (55765) rc_net: [CAM-PROBE] Video TX seq=270 jpeg_len=9077 crc32=0x3cda7e69 chunks=8
I (56582) rc_video: Sent 270 | cap_fps=9.0 send_fps=9.0 capture_size_errors=0 capture_identity_errors=0 | Avg(ms): wait=40.7 cache=1.5 subsample=23.5 encode=24.5 send=6.4 total=96.6 | JPEG=9793B
I (56590) rc_video: [VIDEO-TX] handoff cap=278 get=556 select_fail=0 finished=278 signal=278 acquire=278 acquire_fail=0 release_fail=0 backup=0/0
I (56599) rc_video: [STABLE-CAPTURE] pause=278/278 timeout=0 quiesce=278 resume=278 lifecycle_errors=0 repairs=278 staged_events=4348 copies=4198 fallback=0 errors=0 prepare=279 stale_queue=0 pending_vsync=131 sync=395 complete=274 incomplete=121 incomplete_blocks=1176 hold=278/278 hold_timeout=0
I (59290) rc_net: [CAM-PROBE] Video TX seq=300 jpeg_len=9109 crc32=0x5293805f chunks=8
I (60039) rc_video: Sent 300 | cap_fps=8.6 send_fps=8.6 capture_size_errors=0 capture_identity_errors=0 | Avg(ms): wait=48.0 cache=1.5 subsample=23.2 encode=24.4 send=6.1 total=103.2 | JPEG=8400B
I (60039) rc_video: [VIDEO-TX] handoff cap=308 get=617 select_fail=0 finished=308 signal=308 acquire=308 acquire_fail=0 release_fail=0 backup=0/0
I (60090) rc_video: [STABLE-CAPTURE] pause=309/309 timeout=0 quiesce=308 resume=308 lifecycle_errors=0 repairs=308 staged_events=4833 copies=4668 fallback=0 errors=0 prepare=309 stale_queue=0 pending_vsync=145 sync=439 complete=305 incomplete=134 incomplete_blocks=1306 hold=309/309 hold_timeout=0
I (62615) rc_net: [CAM-PROBE] Video TX seq=330 jpeg_len=9067 crc32=0x45b4a954 chunks=8
I (63431) rc_video: Sent 330 | cap_fps=8.9 send_fps=8.9 capture_size_errors=0 capture_identity_errors=0 | Avg(ms): wait=43.1 cache=1.5 subsample=23.4 encode=24.4 send=6.1 total=98.6 | JPEG=9675B
I (63438) rc_video: [VIDEO-TX] handoff cap=338 get=676 select_fail=0 finished=338 signal=338 acquire=338 acquire_fail=0 release_fail=0 backup=0/0
I (63446) rc_video: [STABLE-CAPTURE] pause=338/338 timeout=0 quiesce=338 resume=338 lifecycle_errors=0 repairs=338 staged_events=5282 copies=5100 fallback=0 errors=0 prepare=339 stale_queue=0 pending_vsync=159 sync=479 complete=334 incomplete=145 incomplete_blocks=1416 hold=338/338 hold_timeout=0
I (66174) rc_net: [CAM-PROBE] Video TX seq=360 jpeg_len=9065 crc32=0x7349104b chunks=8
I (66992) rc_video: Sent 360 | cap_fps=8.4 send_fps=8.4 capture_size_errors=0 capture_identity_errors=0 | Avg(ms): wait=50.3 cache=1.4 subsample=23.3 encode=24.2 send=6.2 total=105.4 | JPEG=9358B
I (66999) rc_video: [VIDEO-TX] handoff cap=368 get=736 select_fail=0 finished=368 signal=368 acquire=368 acquire_fail=0 release_fail=0 backup=0/0
I (67008) rc_video: [STABLE-CAPTURE] pause=368/368 timeout=0 quiesce=368 resume=368 lifecycle_errors=0 repairs=368 staged_events=5771 copies=5574 fallback=0 errors=0 prepare=369 stale_queue=0 pending_vsync=174 sync=524 complete=364 incomplete=160 incomplete_blocks=1561 hold=368/368 hold_timeout=0
I (69700) rc_net: [CAM-PROBE] Video TX seq=390 jpeg_len=9106 crc32=0x822a023c chunks=8
W (69858) rc_tank: [DVP-MATRIX] result stage=0 strategy=sync_direct complete=389 incomplete=171 incomplete_blocks=1671 sync_defer=0 released=0 collisions=0 release_errors=0 defer_hist=0,0,0,0,0,0,0,0,0,0,0 mismatch_hist=0,1,0,2,89,204,157,47,7,15,187 prepare=393 pending=185 hold=392/392 hold_timeout=0
W (69877) rc_tank: [DVP-MATRIX] advance stage=1; restart in 1s
I (70474) rc_video: Sent 390 | cap_fps=8.6 send_fps=8.6 capture_size_errors=0 capture_identity_errors=0 | Avg(ms): wait=47.6 cache=1.4 subsample=23.4 encode=24.4 send=6.5 total=103.2 | JPEG=9742B
I (70482) rc_video: [VIDEO-TX] handoff cap=398 get=796 select_fail=0 finished=398 signal=398 acquire=398 acquire_fail=0 release_fail=0 backup=0/0
I (70491) rc_video: [STABLE-CAPTURE] pause=398/398 timeout=0 quiesce=398 resume=398 lifecycle_errors=0 repairs=398 staged_events=6246 copies=6034 fallback=0 errors=0 prepare=399 stale_queue=0 pending_vsync=188 sync=567 complete=394 incomplete=173 incomplete_blocks=1691 hold=398/398 hold_timeout=0
I (70894) wifi:station: 44:1b:f6:f3:ae:40 leave, AID = 1, reason = 2, bss_flags is 756835, bss:0x3fcf13d8
I (70895) wifi:new:<1,0>, old:<1,1>, ap:<1,1>, sta:<255,255>, prof:1, snd_ch_cfg:0x0
I (70902) wifi:<ba-del>idx:2, tid:0
I (70904) wifi:new:<1,1>, old:<1,0>, ap:<1,1>, sta:<255,255>, prof:1, snd_ch_cfg:0x0
I (70914) rc_net: STA disconnected, MAC: 44:1b:f6:f3:ae:40
W (70917) rc_control: Network disconnected: motor stop enforced
W (70922) rc_tank: Network disconnected
W (70957) rc_video: Video send failed: ESP_ERR_INVALID_STATE
W (71046) rc_video: Video send failed: ESP_ERR_INVALID_STATE
W (71122) rc_video: Video send failed: ESP_ERR_INVALID_STATE
W (71259) rc_video: Video send failed: ESP_ERR_INVALID_STATE
W (71362) rc_video: Video send failed: ESP_ERR_INVALID_STATE
W (71438) rc_video: Video send failed: ESP_ERR_INVALID_STATE
W (71557) rc_video: Video send failed: ESP_ERR_INVALID_STATE
W (71636) rc_video: Video send failed: ESP_ERR_INVALID_STATE
W (71834) rc_video: Video send failed: ESP_ERR_INVALID_STATE
W (71953) rc_video: Video send failed: ESP_ERR_INVALID_STATE
W (72089) rc_video: Video send failed: ESP_ERR_INVALID_STATE
W (72190) rc_video: Video send failed: ESP_ERR_INVALID_STATE
W (72269) rc_video: Video send failed: ESP_ERR_INVALID_STATE
W (72388) rc_video: Video send failed: ESP_ERR_INVALID_STATE
W (72525) rc_video: Video send failed: ESP_ERR_INVALID_STATE
W (72629) rc_video: Video send failed: ESP_ERR_INVALID_STATE
W (72705) rc_video: Video send failed: ESP_ERR_INVALID_STATE
W (72823) rc_video: Video send failed: ESP_ERR_INVALID_STATE
W (72942) rc_video: Video send failed: ESP_ERR_INVALID_STATE
W (73021) rc_video: Video send failed: ESP_ERR_INVALID_STATE
W (73159) rc_video: Video send failed: ESP_ERR_INVALID_STATE
W (73259) rc_video: Video send failed: ESP_ERR_INVALID_STATE
W (73338) rc_video: Video send failed: ESP_ERR_INVALID_STATE
W (73457) rc_video: Video send failed: ESP_ERR_INVALID_STATE
W (73575) rc_video: Video send failed: ESP_ERR_INVALID_STATE
W (73713) rc_video: Video send failed: ESP_ERR_INVALID_STATE
W (73813) rc_video: Video send failed: ESP_ERR_INVALID_STATE
W (73892) rc_video: Video send failed: ESP_ERR_INVALID_STATE
I (73933) wifi:flush txq
I (73933) wifi:stop sw txq
I (73934) wifi:lmac stop hw txq
ESP-ROM:esp32s3-20210327
Build:Mar 27 2021
rst:0xc (RTC_SW_CPU_RST),boot:0x3 (DOWNLOAD(USB/UART0))
Saved PC:0x403812c5
waiting for download

[HOST-DVP-MATRIX 12:21:46] SYNC-R1 Tank restart recovery=2

[HOST-DVP-MATRIX 12:21:46] Tank RAM bootloader start
esptool.py v4.12.dev2
Serial port COM7
Connecting.........
Chip is ESP32-S3 (QFN56) (revision v0.2)
Features: WiFi, BLE
Crystal is 40MHz
MAC: 44:1b:f6:f3:ae:78
Uploading stub...
Running stub...
Stub running...
RAM boot...
Downloading 5360 bytes at 3fce2820... done!
Downloading 3364 bytes at 403c8700... done!
Downloading 12016 bytes at 403cb700... done!
All segments done, executing at 403c8924
Exiting immediately.

[HOST-DVP-MATRIX 12:21:50] Tank RAM bootloader complete
sion: v0.2
I (3434) boot: efuse block revision: v1.3
I (3437) boot.esp32s3: Boot SPI Speed : 80MHz
I (3441) boot.esp32s3: SPI Mode       : SLOW READ
I (3446) boot.esp32s3: SPI Flash Size : 8MB
I (3450) boot: Enabling RNG early entropy source...
I (3455) boot: Partition Table:
I (3457) boot: ## Label            Usage          Type ST Offset   Length
I (3464) boot:  0 nvs              WiFi data        01 02 00009000 00006000
I (3470) boot:  1 phy_init         RF data          01 01 0000f000 00001000
I (3477) boot:  2 factory          factory app      00 00 00010000 00300000
I (3484) boot:  3 storage          Unknown data     01 82 00310000 00100000
I (3491) boot: End of partition table
I (3494) esp_image: segment 0: paddr=00010020 vaddr=3c0a0020 size=24db0h (150960) map
I (3594) esp_image: segment 1: paddr=00034dd8 vaddr=3fca0d00 size=05560h ( 21856) load
I (3608) esp_image: segment 2: paddr=0003a340 vaddr=40374000 size=05cd8h ( 23768) load
I (3624) esp_image: segment 3: paddr=00040020 vaddr=42000020 size=9b798h (636824) map
I (4013) esp_image: segment 4: paddr=000db7c0 vaddr=40379cd8 size=16fe0h ( 94176) load
I (4074) esp_image: segment 5: paddr=000f27a8 vaddr=50000000 size=00020h (    32) load
I (4085) boot: Loaded app from partition at offset 0x10000
I (4086) boot: Disabling RNG early entropy source...
I (4098) esp_psram: Found 8MB PSRAM device
I (4098) esp_psram: Speed: 80MHz
I (4098) cpu_start: Multicore app
I (5016) esp_psram: SPI SRAM memory test OK
I (5025) cpu_start: GPIO 44 and 43 are used as console UART I/O pins
I (5026) cpu_start: Pro cpu start user code
I (5026) cpu_start: cpu freq: 240000000 Hz
I (5027) app_init: Application information:
I (5031) app_init: Project name:     rc_tank_demo
I (5035) app_init: App version:      1
I (5039) app_init: Compile time:     Aug 26 2026 12:18:42
I (5044) app_init: ELF file SHA256:  5f9ce93e0...
I (5048) app_init: ESP-IDF:          GIT-NOTFOUND
I (5053) efuse_init: Min chip rev:     v0.0
I (5057) efuse_init: Max chip rev:     v0.99 
I (5061) efuse_init: Chip rev:         v0.2
I (5065) heap_init: Initializing. RAM available for dynamic allocation:
I (5071) heap_init: At 3FCAA3D0 len 0003F340 (252 KiB): RAM
I (5076) heap_init: At 3FCE9710 len 00005724 (21 KiB): RAM
I (5082) heap_init: At 3FCF0000 len 00008000 (32 KiB): DRAM
I (5087) heap_init: At 600FE000 len 00001FE8 (7 KiB): RTCRAM
I (5093) esp_psram: Adding pool of 8192K of PSRAM memory to heap allocator
I (5100) spi_flash: detected chip: generic
I (5103) spi_flash: flash io: dio
I (5107) sleep_gpio: Configure to isolate all GPIO pins in sleep state
I (5112) sleep_gpio: Enable automatic switching of GPIO sleep configuration
I (5119) main_task: Started on CPU0
I (5143) esp_psram: Reserving pool of 64K of internal memory for DMA/internal allocations
I (5144) main_task: Calling app_main()
I (5160) rc_tank: === RC Tank Demo (EX-035) Role: TANK ===
I (5161) rc_tank: Startup delay 10 s (open serial monitor now)...
I (5161) rc_tank:   starting in 10 s
I (6164) rc_tank:   starting in 9 s
I (7164) rc_tank:   starting in 8 s
I (8164) rc_tank:   starting in 7 s
I (9164) rc_tank:   starting in 6 s
I (10164) rc_tank:   starting in 5 s
I (11164) rc_tank:   starting in 4 s
I (12164) rc_tank:   starting in 3 s
I (13164) rc_tank:   starting in 2 s
I (14164) rc_tank:   starting in 1 s
I (15164) rc_tank: Starting Tank role (P1: network, P2: control, P3: video)
I (15164) board_laiwfs300: init board support package
I (15164) board_laiwfs300: init capability registry
I (15169) board_laiwfs300: init I2C bus: SDA=GPIO48 SCL=GPIO47
I (15175) bus_i2c: I2C0 initialized: SDA=GPIO48 SCL=GPIO47 speed=100000Hz
I (15181) board_laiwfs300: --- I2C bus scan (0x08-0x77) ---
I (15188) board_laiwfs300:   I2C device ACK at 0x15
I (15191) board_laiwfs300:   I2C device ACK at 0x18
I (15196) board_laiwfs300:   I2C device ACK at 0x21
I (15200) board_laiwfs300:   I2C device ACK at 0x22
I (15208) board_laiwfs300:   I2C device ACK at 0x40
I (15211) board_laiwfs300:   I2C device ACK at 0x51
I (15217) board_laiwfs300:   I2C device ACK at 0x68
I (15220) board_laiwfs300: --- I2C scan done: 7 device(s) found ---
W (15224) board_laiwfs300: TPT29555A (IOEX) NOT found at 0x20 (NACK)
I (15230) board_laiwfs300: ES8311 (Codec) found at 0x18
I (15235) board_laiwfs300: ES7210 (ADC) found at 0x40
I (15240) board_laiwfs300: AIP8563 (RTC) found at 0x51
I (15245) board_laiwfs300: BMI260 (IMU @0x68) found at 0x68
W (15250) board_laiwfs300: BMI260 (IMU @0x69) NOT found at 0x69 (NACK)
I (15256) board_laiwfs300: SP0A39 (Camera) found at 0x21
I (15263) board_laiwfs300: ES8311 chip ID: 0x83 0x11
I (15267) board_laiwfs300: ES7210 chip ID: 0x72
I (15272) board_laiwfs300: AIP8563 RTC time: 23:55:02 (BCD raw)
I (15276) board_laiwfs300: BMI260 chip ID: 0x27 (expect 0x27)
I (15281) board_laiwfs300: init SPI bus manager
I (15287) board_laiwfs300: init ADC service
I (15290) board_adc: ADC1 oneshot initialized
I (15294) board_laiwfs300: init board power service
I (15299) board_laiwfs300: ADC D0_DETECT (GPIO1): raw=4095 (~3100 mV)
I (15304) board_laiwfs300: ADC BAT_ADC (GPIO7): raw=1651 (~1249 mV)
I (15310) board_laiwfs300: ADC SW_ADC (GPIO8): raw=4095 (~3100 mV)
I (15316) board_laiwfs300: init IO expander: TPT29555A addr=0x22
I (15325) io_expander: TPT29555A initialized at 0x22
I (15327) board_laiwfs300: IO expander initialized OK
I (15331) board_laiwfs300: init module detect
I (15336) board_laiwfs300: register detection rules
I (15340) board_laiwfs300: register default capabilities
I (15345) board_laiwfs300: board init complete (ioex=OK)
I (15350) rc_tank: [STEP] Motor init starting...
I (15355) board_motor: motor input 1 -> GPIO5 / LEDC channel 0
I (15360) board_motor: motor input 2 -> GPIO4 / LEDC channel 1
I (15366) board_motor: motor input 3 -> GPIO37 / LEDC channel 2
I (15371) board_motor: motor input 4 -> GPIO45 / LEDC channel 3
I (15377) rc_control: Motor initialized
I (15380) rc_tank: [STEP] Motor init OK
I (15384) rc_tank: [STEP] Display init starting...
I (15389) rc_video: Initializing Tank display
I (15394) display_hal: init ST7789V3 LCD 240x320 SPI host=1
E (15539) spi: spi_bus_initialize(816): SPI bus already initialized.
I (15660) display_hal: ST7789V3 LCD initialized
I (15660) board_display: display mapped: MOSI=GPIO13 SCK=GPIO12 CS=GPIO10 DC=GPIO16 BL=GPIO17 LCD_RST=IOEX P1_5 pclk=20000000
I (15665) rc_video: Tank display task started (status screen)
I (15666) rc_video: Tank display initialized (status task owns LCD)
I (15676) rc_tank: [STEP] Display init OK
I (15680) rc_tank: [STEP] Camera init starting...
I (15684) rc_video: Initializing camera (SP0A39 640x480 VYUY)
I (15690) board_camera: initializing SP0A39 camera mode=0 640x480
I (15695) camera_hal: init SP0A39 DVP 640x480 (SCCB manual mode)
I (15701) camera_hal: configuring IOEX pins for camera RESET/PWDN
I (15708) camera_hal: PWDN=HIGH (power down)
I (15721) camera_hal: PWDN=LOW (release sensor)
I (15921) camera_hal: RESET=LOW (assert reset)
I (15941) camera_hal: RESET=HIGH (release reset)
I (16941) camera_hal: full I2C scan after camera power-up (diagnostic only)...
I (16943) camera_hal:   post-powerup ACK at 0x15
I (16943) camera_hal:   post-powerup ACK at 0x18
I (16946) camera_hal:   post-powerup ACK at 0x21
I (16950) camera_hal:   post-powerup ACK at 0x22
I (16958) camera_hal:   post-powerup ACK at 0x40
I (16960) camera_hal:   post-powerup ACK at 0x51
I (16966) camera_hal:   post-powerup ACK at 0x68
I (16969) camera_hal: DVP GPIO diagnostics (checking PCLK/VSYNC/HSYNC activity)...
I (17035) camera_hal: DVP diagnostics: PCLK_changes=0 VSYNC_changes=0 HSYNC_changes=0
W (17035) camera_hal: PCLK has no transitions - MCLK likely not reaching sensor or sensor not active
I (17040) camera_hal: using sensor address 0x21
I (17045) camera_hal: SP0A39 I2C device added at 0x21
I (17051) camera_hal: SP0A39 chip ID: 0x0A39
I (17173) camera_hal: SP0A39 register init done: VYUY 640x480 (359 regs)
I (17174) camera_hal: [CAM-PROBE] SP0A39 p0_31 stage=post_table value=0x00 expected=0x01
E (17176) camera_hal: camera_hal_verify_expected_output_p0_31(92): unexpected p0_31=0x00 at post_table
W (17186) camera_hal: [CAM-PROBE] output state differs after table; continuing: ESP_ERR_INVALID_RESPONSE
I (17215) camera_hal: [CAM-PROBE] SP0A39 p0_31 stage=post_delay value=0x01 expected=0x01
I (17216) camera_hal: camera HAL initialized (sensor ready, DVP capture not yet implemented)
I (17220) board_camera: camera ready
I (17228) camera_hal: SP0A39 output regs: P0:1c=0x00 P0:30=0x01 P0:31=0x01 P1:32=0x15 P1:34=0xeb P1:35=0x00 P1:36=0x10
I (17360) rc_video:   3 DMA-capable PSRAM framebuffers allocated (600 KB each)
I (17363) dvp_ext: DVP Extended camera controller driver is initialized
I (17363) dvp_ext: [STABLE-DVP] assembly uses GDMA-EOF direct copy; dma=102400 half=51200 queue_data_events=suppressed eof_desc=probe
I (17374) rc_video: [STABLE-CAPTURE] staged DVP controller created dma=102400 half=51200
I (17382) rc_video: Camera initialized
I (17386) rc_tank: [STEP] Camera init OK
W (17390) rc_tank: [DVP-MATRIX] pre-network stage=1 strategy=sync_defer_to_eof11 frames=0 sync_defer=1 wifi=off video_tx=not_created
I (17401) rc_tank: [STEP] Network init starting...
I (17407) rc_net: Initializing as SoftAP (Tank)
I (17411) pp: pp rom version: e7ae62f
I (17414) net80211: net80211 rom version: e7ae62f
I (17419) wifi:wifi driver task: 3fce4a38, prio:23, stack:6656, core=0
I (17430) wifi:wifi firmware version: 0947e8b
I (17431) wifi:wifi certification version: v7.0
I (17432) wifi:config NVS flash: enabled
I (17436) wifi:config nano formatting: disabled
I (17440) wifi:Init data frame dynamic rx buffer num: 32
I (17445) wifi:Init static rx mgmt buffer num: 5
I (17449) wifi:Init management short buffer num: 32
I (17454) wifi:Init dynamic tx buffer num: 64
I (17458) wifi:Init static tx FG buffer num: 2
I (17462) wifi:Init static rx buffer size: 1600
I (17467) wifi:Init static rx buffer num: 10
I (17470) wifi:Init dynamic rx buffer num: 32
I (17476) wifi_init: rx ba win: 6
I (17478) wifi_init: accept mbox: 6
I (17481) wifi_init: tcpip mbox: 16
I (17484) wifi_init: udp mbox: 6
I (17487) wifi_init: tcp mbox: 6
I (17490) wifi_init: tcp tx win: 5760
I (17493) wifi_init: tcp rx win: 5760
I (17497) wifi_init: tcp mss: 1440
I (17500) wifi_init: WiFi IRAM OP enabled
I (17503) wifi_init: WiFi RX IRAM OP enabled
I (17508) rc_net: AP set_mode/config, SSID=RC_TANK_F3AE79 ch=1
I (17518) phy_init: phy_version 711,97bcf0a2,Aug 25 2025,19:04:10
I (17557) wifi:mode : softAP (44:1b:f6:f3:ae:79)
I (17561) wifi:Total power save buffer number: 32
I (17562) wifi:Init max length of beacon: 752/752
I (17563) wifi:Init max length of beacon: 752/752
I (17565) rc_net: SoftAP started, SSID: RC_TANK_F3AE79, Password: 12345678
I (17567) esp_netif_lwip: DHCP server started on interface WIFI_AP_DEF with IP: 192.168.4.1
I (17579) rc_tank: [STEP] Network init OK
I (17582) rc_tank: Tank SoftAP ready, waiting for remote...
I (17588) rc_control: Ctrl RX task started
I (17592) rc_control: Tank control started
I (17595) rc_tank: Tank running (video + control; audio disabled)
I (17601) rc_tank: app_main done, idle loop
I (19258) wifi:new:<1,1>, old:<1,1>, ap:<1,1>, sta:<255,255>, prof:1, snd_ch_cfg:0x0
I (19259) wifi:station: 44:1b:f6:f3:ae:40 join, AID=1, bgn, 40U
I (19278) wifi:station: 44:1b:f6:f3:ae:40 leave, AID = 1, reason = 3, bss_flags is 34311266, bss:0x3fcf1374
I (19279) wifi:new:<1,0>, old:<1,1>, ap:<1,1>, sta:<255,255>, prof:1, snd_ch_cfg:0x0
I (19286) wifi:new:<1,1>, old:<1,0>, ap:<1,1>, sta:<255,255>, prof:1, snd_ch_cfg:0x0
I (26907) wifi:new:<1,1>, old:<1,1>, ap:<1,1>, sta:<255,255>, prof:1, snd_ch_cfg:0x0
I (26908) wifi:station: 44:1b:f6:f3:ae:40 join, AID=1, bgn, 40U
I (26947) rc_net: STA connected, MAC: 44:1b:f6:f3:ae:40
I (26984) esp_netif_lwip: DHCP server assigned IP to a client, IP is: 192.168.4.2
I (26985) rc_net: STA assigned IP: 192.168.4.2
I (26986) rc_tank: Network connected, peer: 192.168.4.2
W (26992) rc_tank: [DVP-MATRIX] start stage=1 strategy=sync_defer_to_eof11 preflight_frames=0 sync_defer=1 video_tx=not_created
I (27002) rc_net: Ctrl UDP socket bound to port 8001
I (27006) rc_net: Video UDP socket bound to port 8002
I (27012) rc_net: Audio TCP listening on port 8003
I (27015) rc_tank: Socket channels started
I (27019) rc_video: No local preview active; formal video handoff skipped
I (27027) camera_hal: [CAM-PROBE] SP0A39 p0_31 stage=dvp_started value=0x01 expected=0x01
I (27041) rc_video: Video TX task started (240x180, sensor-driven, Q=60)
I (27042) rc_video: TX theory: raw=614400 B/frame, encoded YUV=86400 B/frame, target10fps raw=0.86 MB/s
I (27049) rc_video: PSRAM TX buffers: subsample=86400B jpeg=43200B send=43208B free_psram=5592524 free_internal=59679
I (27059) rc_video: TX buffer caps: subsample=0x3c350120(psram=1) jpeg=0x3c3652a4(psram=1) send=0x3c36fea8(psram=1)
I (27109) rc_video: Tank video started (camera source)
W (27110) rc_tank: [DVP-MATRIX] observe stage=1 strategy=sync_defer_to_eof11 duration_ms=45000 sync_defer=1 under live Q60/UDP load
I (27148) rc_net: [CAM-PROBE] Video TX seq=0 jpeg_len=9103 crc32=0x2584fb5a chunks=8
W (27196) rc_net: Video UDP send failed: seq=0 chunk=4/8 bytes=1208 sent=-1 errno=12 attempts=4
W (27197) rc_video: Video send failed: ESP_FAIL
W (27250) rc_video: Video send failed: ESP_FAIL

[HOST-DVP-MATRIX 12:22:14] SYNC-R1 stage=1 visible window begin
W (27386) rc_video: Video send failed: ESP_FAIL
W (27466) rc_video: Video send failed: ESP_FAIL
W (27551) rc_video: Video send failed: ESP_FAIL
W (27605) rc_video: Video send failed: ESP_FAIL
W (27747) rc_video: Video send failed: ESP_FAIL
W (27823) rc_video: Video send failed: ESP_FAIL
W (27902) rc_video: Video send failed: ESP_FAIL
W (27985) rc_video: Video send failed: ESP_FAIL
I (28051) wifi:<ba-add>idx:2 (ifx:1, 44:1b:f6:f3:ae:40), tid:0, ssn:0, winSize:64
I (29854) rc_net: [CAM-PROBE] Video TX seq=30 jpeg_len=8657 crc32=0x161523f1 chunks=8
I (30667) rc_video: Sent 30 | cap_fps=11.0 send_fps=8.2 capture_size_errors=0 capture_identity_errors=0 | Avg(ms): wait=21.5 cache=1.4 subsample=23.3 encode=25.6 send=6.1 total=77.8 | JPEG=8576B
I (30667) rc_video: [VIDEO-TX] handoff cap=40 get=81 select_fail=0 finished=40 signal=40 acquire=40 acquire_fail=0 release_fail=0 backup=0/0
I (30718) rc_video: [STABLE-CAPTURE] pause=41/41 timeout=0 quiesce=40 resume=40 lifecycle_errors=0 repairs=40 staged_events=480 copies=451 fallback=0 errors=0 prepare=41 stale_queue=0 pending_vsync=12 sync=41 complete=41 incomplete=0 incomplete_blocks=0 hold=41/41 hold_timeout=0
I (32606) rc_net: [CAM-PROBE] Video TX seq=60 jpeg_len=8640 crc32=0x83252206 chunks=8
I (33437) rc_video: Sent 60 | cap_fps=10.8 send_fps=10.8 capture_size_errors=0 capture_identity_errors=0 | Avg(ms): wait=20.5 cache=1.4 subsample=23.8 encode=25.3 send=5.9 total=77.0 | JPEG=8640B
I (33437) rc_video: [VIDEO-TX] handoff cap=70 get=141 select_fail=0 finished=70 signal=70 acquire=70 acquire_fail=0 release_fail=0 backup=0/0
I (33488) rc_video: [STABLE-CAPTURE] pause=71/71 timeout=0 quiesce=70 resume=70 lifecycle_errors=0 repairs=70 staged_events=831 copies=781 fallback=0 errors=0 prepare=71 stale_queue=0 pending_vsync=22 sync=71 complete=71 incomplete=0 incomplete_blocks=0 hold=71/71 hold_timeout=0
I (35377) rc_net: [CAM-PROBE] Video TX seq=90 jpeg_len=9121 crc32=0x355585dd chunks=8
I (36192) rc_video: Sent 90 | cap_fps=11.0 send_fps=11.0 capture_size_errors=0 capture_identity_errors=0 | Avg(ms): wait=19.5 cache=1.4 subsample=23.4 encode=25.3 send=6.2 total=75.6 | JPEG=8695B
I (36199) rc_video: [VIDEO-TX] handoff cap=100 get=200 select_fail=0 finished=100 signal=100 acquire=100 acquire_fail=0 release_fail=0 backup=0/0
I (36211) rc_video: [STABLE-CAPTURE] pause=100/100 timeout=0 quiesce=100 resume=100 lifecycle_errors=0 repairs=100 staged_events=1173 copies=1101 fallback=0 errors=0 prepare=101 stale_queue=0 pending_vsync=31 sync=100 complete=100 incomplete=0 incomplete_blocks=0 hold=100/100 hold_timeout=0
I (38147) rc_net: [CAM-PROBE] Video TX seq=120 jpeg_len=8666 crc32=0xdd4b0bd5 chunks=8
I (38979) rc_video: Sent 120 | cap_fps=10.7 send_fps=10.7 capture_size_errors=0 capture_identity_errors=0 | Avg(ms): wait=23.5 cache=1.4 subsample=23.4 encode=25.1 send=6.1 total=79.7 | JPEG=8458B
I (38979) rc_video: [VIDEO-TX] handoff cap=130 get=261 select_fail=0 finished=130 signal=130 acquire=130 acquire_fail=0 release_fail=0 backup=0/0
I (39027) rc_video: [STABLE-CAPTURE] pause=130/130 timeout=0 quiesce=130 resume=130 lifecycle_errors=0 repairs=130 staged_events=1532 copies=1441 fallback=0 errors=0 prepare=131 stale_queue=0 pending_vsync=41 sync=131 complete=131 incomplete=0 incomplete_blocks=0 hold=130/130 hold_timeout=0
I (40878) rc_net: [CAM-PROBE] Video TX seq=150 jpeg_len=8603 crc32=0xee39696b chunks=8
I (41713) rc_video: Sent 150 | cap_fps=11.0 send_fps=11.0 capture_size_errors=0 capture_identity_errors=0 | Avg(ms): wait=18.7 cache=1.4 subsample=23.2 encode=25.4 send=6.1 total=74.8 | JPEG=9089B
I (41713) rc_video: [VIDEO-TX] handoff cap=160 get=321 select_fail=0 finished=160 signal=160 acquire=160 acquire_fail=0 release_fail=0 backup=0/0
I (41713) rc_video: [STABLE-CAPTURE] pause=160/160 timeout=0 quiesce=160 resume=160 lifecycle_errors=0 repairs=160 staged_events=1883 copies=1770 fallback=0 errors=0 prepare=161 stale_queue=0 pending_vsync=49 sync=160 complete=160 incomplete=0 incomplete_blocks=0 hold=160/160 hold_timeout=0
I (43628) rc_net: [CAM-PROBE] Video TX seq=180 jpeg_len=8783 crc32=0x3a375dc9 chunks=8
I (44463) rc_video: Sent 180 | cap_fps=11.0 send_fps=11.0 capture_size_errors=0 capture_identity_errors=0 | Avg(ms): wait=20.3 cache=1.3 subsample=23.5 encode=25.3 send=5.9 total=76.4 | JPEG=8575B
I (44470) rc_video: [VIDEO-TX] handoff cap=190 get=380 select_fail=0 finished=190 signal=190 acquire=190 acquire_fail=0 release_fail=0 backup=0/0
I (44483) rc_video: [STABLE-CAPTURE] pause=190/190 timeout=0 quiesce=190 resume=190 lifecycle_errors=0 repairs=190 staged_events=2224 copies=2091 fallback=0 errors=0 prepare=191 stale_queue=0 pending_vsync=59 sync=190 complete=190 incomplete=0 incomplete_blocks=0 hold=190/190 hold_timeout=0
I (46380) rc_net: [CAM-PROBE] Video TX seq=210 jpeg_len=8637 crc32=0x424a7e80 chunks=8
I (47211) rc_video: Sent 210 | cap_fps=10.8 send_fps=10.8 capture_size_errors=0 capture_identity_errors=0 | Avg(ms): wait=21.7 cache=1.4 subsample=23.2 encode=25.3 send=6.2 total=77.8 | JPEG=9125B
I (47211) rc_video: [VIDEO-TX] handoff cap=220 get=441 select_fail=0 finished=220 signal=220 acquire=220 acquire_fail=0 release_fail=0 backup=0/0
I (47211) rc_video: [STABLE-CAPTURE] pause=220/220 timeout=0 quiesce=220 resume=220 lifecycle_errors=0 repairs=220 staged_events=2584 copies=2430 fallback=0 errors=0 prepare=221 stale_queue=0 pending_vsync=67 sync=220 complete=220 incomplete=0 incomplete_blocks=0 hold=220/220 hold_timeout=0
I (49169) rc_net: [CAM-PROBE] Video TX seq=240 jpeg_len=8568 crc32=0x24959044 chunks=8
I (50040) rc_video: Sent 240 | cap_fps=11.0 send_fps=10.7 capture_size_errors=0 capture_identity_errors=0 | Avg(ms): wait=22.1 cache=1.4 subsample=23.6 encode=25.3 send=6.9 total=79.3 | JPEG=8616B
I (50048) rc_video: [VIDEO-TX] handoff cap=251 get=502 select_fail=0 finished=251 signal=251 acquire=250 acquire_fail=0 release_fail=0 backup=0/0
I (50061) rc_video: [STABLE-CAPTURE] pause=251/251 timeout=0 quiesce=250 resume=250 lifecycle_errors=0 repairs=250 staged_events=2935 copies=2761 fallback=0 errors=0 prepare=251 stale_queue=0 pending_vsync=76 sync=251 complete=251 incomplete=0 incomplete_blocks=0 hold=251/251 hold_timeout=0
I (51961) rc_net: [CAM-PROBE] Video TX seq=270 jpeg_len=8641 crc32=0x642471bd chunks=8
I (52831) rc_video: Sent 270 | cap_fps=10.3 send_fps=10.7 capture_size_errors=0 capture_identity_errors=0 | Avg(ms): wait=24.0 cache=1.5 subsample=23.5 encode=25.0 send=6.8 total=80.7 | JPEG=9195B
I (52831) rc_video: [VIDEO-TX] handoff cap=280 get=561 select_fail=0 finished=280 signal=280 acquire=280 acquire_fail=0 release_fail=0 backup=0/0
I (52831) rc_video: [STABLE-CAPTURE] pause=280/280 timeout=0 quiesce=280 resume=280 lifecycle_errors=0 repairs=280 staged_events=3284 copies=3090 fallback=0 errors=0 prepare=281 stale_queue=0 pending_vsync=87 sync=280 complete=280 incomplete=0 incomplete_blocks=0 hold=280/280 hold_timeout=0
I (54734) rc_net: [CAM-PROBE] Video TX seq=300 jpeg_len=9102 crc32=0x230d2fb9 chunks=8
I (55562) rc_video: Sent 300 | cap_fps=11.0 send_fps=11.0 capture_size_errors=0 capture_identity_errors=0 | Avg(ms): wait=18.7 cache=1.4 subsample=23.3 encode=25.3 send=6.2 total=75.0 | JPEG=8601B
I (55562) rc_video: [VIDEO-TX] handoff cap=310 get=621 select_fail=0 finished=310 signal=310 acquire=310 acquire_fail=0 release_fail=0 backup=0/0
I (55611) rc_video: [STABLE-CAPTURE] pause=310/310 timeout=0 quiesce=310 resume=310 lifecycle_errors=0 repairs=310 staged_events=3636 copies=3421 fallback=0 errors=0 prepare=311 stale_queue=0 pending_vsync=96 sync=311 complete=311 incomplete=0 incomplete_blocks=0 hold=310/310 hold_timeout=0
I (57481) rc_net: [CAM-PROBE] Video TX seq=330 jpeg_len=8652 crc32=0x47b10785 chunks=8
I (58293) rc_video: Sent 330 | cap_fps=11.0 send_fps=11.0 capture_size_errors=0 capture_identity_errors=0 | Avg(ms): wait=18.0 cache=1.4 subsample=23.5 encode=25.6 send=7.1 total=75.6 | JPEG=9099B
I (58293) rc_video: [VIDEO-TX] handoff cap=340 get=681 select_fail=0 finished=340 signal=340 acquire=340 acquire_fail=0 release_fail=0 backup=0/0
I (58293) rc_video: [STABLE-CAPTURE] pause=340/340 timeout=0 quiesce=340 resume=340 lifecycle_errors=0 repairs=340 staged_events=3987 copies=3750 fallback=0 errors=0 prepare=341 stale_queue=0 pending_vsync=104 sync=340 complete=340 incomplete=0 incomplete_blocks=0 hold=340/340 hold_timeout=0
I (60193) rc_net: [CAM-PROBE] Video TX seq=360 jpeg_len=8619 crc32=0x81240053 chunks=8
I (61024) rc_video: Sent 360 | cap_fps=11.0 send_fps=11.0 capture_size_errors=0 capture_identity_errors=0 | Avg(ms): wait=19.1 cache=1.5 subsample=23.3 encode=25.3 send=6.1 total=75.3 | JPEG=9091B
I (61024) rc_video: [VIDEO-TX] handoff cap=370 get=741 select_fail=0 finished=370 signal=370 acquire=370 acquire_fail=0 release_fail=0 backup=0/0
I (61024) rc_video: [STABLE-CAPTURE] pause=370/370 timeout=0 quiesce=370 resume=370 lifecycle_errors=0 repairs=370 staged_events=4338 copies=4080 fallback=0 errors=0 prepare=371 stale_queue=0 pending_vsync=113 sync=370 complete=370 incomplete=0 incomplete_blocks=0 hold=370/370 hold_timeout=0
I (62903) rc_net: [CAM-PROBE] Video TX seq=390 jpeg_len=8638 crc32=0xb0d6db20 chunks=8
I (63755) rc_video: Sent 390 | cap_fps=11.0 send_fps=11.0 capture_size_errors=0 capture_identity_errors=0 | Avg(ms): wait=19.9 cache=1.4 subsample=23.6 encode=25.6 send=5.9 total=76.4 | JPEG=8648B
I (63755) rc_video: [VIDEO-TX] handoff cap=400 get=801 select_fail=0 finished=400 signal=400 acquire=400 acquire_fail=0 release_fail=0 backup=0/0
I (63802) rc_video: [STABLE-CAPTURE] pause=400/400 timeout=0 quiesce=400 resume=400 lifecycle_errors=0 repairs=400 staged_events=4690 copies=4411 fallback=0 errors=0 prepare=401 stale_queue=0 pending_vsync=122 sync=401 complete=401 incomplete=0 incomplete_blocks=0 hold=400/400 hold_timeout=0
I (65655) rc_net: [CAM-PROBE] Video TX seq=420 jpeg_len=8689 crc32=0x55a2dc21 chunks=8
I (66486) rc_video: Sent 420 | cap_fps=11.0 send_fps=11.0 capture_size_errors=0 capture_identity_errors=0 | Avg(ms): wait=18.7 cache=1.4 subsample=23.5 encode=25.5 send=6.1 total=75.2 | JPEG=9121B
I (66486) rc_video: [VIDEO-TX] handoff cap=430 get=861 select_fail=0 finished=430 signal=430 acquire=430 acquire_fail=0 release_fail=0 backup=0/0
I (66486) rc_video: [STABLE-CAPTURE] pause=430/430 timeout=0 quiesce=430 resume=430 lifecycle_errors=0 repairs=430 staged_events=5041 copies=4740 fallback=0 errors=0 prepare=431 stale_queue=0 pending_vsync=130 sync=430 complete=430 incomplete=0 incomplete_blocks=0 hold=430/430 hold_timeout=0
I (68426) rc_net: [CAM-PROBE] Video TX seq=450 jpeg_len=9062 crc32=0xd79b63a6 chunks=8
I (69257) rc_video: Sent 450 | cap_fps=10.8 send_fps=10.8 capture_size_errors=0 capture_identity_errors=0 | Avg(ms): wait=22.2 cache=1.4 subsample=23.1 encode=25.4 send=6.8 total=78.8 | JPEG=8612B
I (69257) rc_video: [VIDEO-TX] handoff cap=460 get=921 select_fail=0 finished=460 signal=460 acquire=460 acquire_fail=0 release_fail=0 backup=0/0
I (69308) rc_video: [STABLE-CAPTURE] pause=461/461 timeout=0 quiesce=460 resume=460 lifecycle_errors=0 repairs=460 staged_events=5392 copies=5071 fallback=0 errors=0 prepare=461 stale_queue=0 pending_vsync=140 sync=461 complete=461 incomplete=0 incomplete_blocks=0 hold=461/461 hold_timeout=0
I (71196) rc_net: [CAM-PROBE] Video TX seq=480 jpeg_len=9151 crc32=0xd23dc3b5 chunks=8
I (72027) rc_video: Sent 480 | cap_fps=10.9 send_fps=10.9 capture_size_errors=0 capture_identity_errors=0 | Avg(ms): wait=20.2 cache=1.4 subsample=23.2 encode=25.1 send=6.4 total=76.3 | JPEG=9065B
I (72027) rc_video: [VIDEO-TX] handoff cap=490 get=981 select_fail=0 finished=490 signal=490 acquire=490 acquire_fail=0 release_fail=0 backup=0/0
I (72027) rc_video: [STABLE-CAPTURE] pause=490/490 timeout=0 quiesce=490 resume=490 lifecycle_errors=0 repairs=490 staged_events=5741 copies=5399 fallback=0 errors=0 prepare=491 stale_queue=0 pending_vsync=149 sync=490 complete=490 incomplete=0 incomplete_blocks=0 hold=490/490 hold_timeout=0
W (72115) rc_tank: [DVP-MATRIX] result stage=1 strategy=sync_defer_to_eof11 complete=491 incomplete=0 incomplete_blocks=0 sync_defer=137 released=137 collisions=0 release_errors=0 defer_hist=0,0,0,0,0,0,0,0,0,0,137 mismatch_hist=0,0,0,3,170,337,154,42,12,12,157 prepare=491 pending=149 hold=491/491 hold_timeout=0
W (72134) rc_tank: [DVP-MATRIX] advance stage=2; restart in 1s
I (73138) wifi:station: 44:1b:f6:f3:ae:40 leave, AID = 1, reason = 2, bss_flags is 756835, bss:0x3fcf1374
I (73139) wifi:new:<1,0>, old:<1,1>, ap:<1,1>, sta:<255,255>, prof:1, snd_ch_cfg:0x0
I (73146) wifi:<ba-del>idx:2, tid:0
I (73148) wifi:new:<1,1>, old:<1,0>, ap:<1,1>, sta:<255,255>, prof:1, snd_ch_cfg:0x0
I (73157) rc_net: STA disconnected, MAC: 44:1b:f6:f3:ae:40
W (73161) rc_control: Network disconnected: motor stop enforced
W (73166) rc_tank: Network disconnected
W (73198) rc_video: Video send failed: ESP_ERR_INVALID_STATE
W (73294) rc_video: Video send failed: ESP_ERR_INVALID_STATE
W (73376) rc_video: Video send failed: ESP_ERR_INVALID_STATE
W (73452) rc_video: Video send failed: ESP_ERR_INVALID_STATE
W (73531) rc_video: Video send failed: ESP_ERR_INVALID_STATE
I (73585) wifi:flush txq
I (73586) wifi:stop sw txq
I (73586) wifi:lmac stop hw txq
†žESP-ROM:esp32s3-20210327
Build:Mar 27 2021
rst:0xc (RTC_SW_CPU_RST),boot:0x3 (DOWNLOAD(USB/UART0))
Saved PC:0x403812c5
waiting for download

[HOST-DVP-MATRIX 12:23:00] SYNC-R1 Tank restart recovery=3

[HOST-DVP-MATRIX 12:23:00] Tank RAM bootloader start
esptool.py v4.12.dev2
Serial port COM7
Connecting.........
Chip is ESP32-S3 (QFN56) (revision v0.2)
Features: WiFi, BLE
Crystal is 40MHz
MAC: 44:1b:f6:f3:ae:78
Uploading stub...
Running stub...
Stub running...
RAM boot...
Downloading 5360 bytes at 3fce2820... done!
Downloading 3364 bytes at 403c8700... done!
Downloading 12016 bytes at 403cb700... done!
All segments done, executing at 403c8924
Exiting immediately.

[HOST-DVP-MATRIX 12:23:05] Tank RAM bootloader complete
) boot: efuse block revision: v1.3
I (3433) boot.esp32s3: Boot SPI Speed : 80MHz
I (3437) boot.esp32s3: SPI Mode       : SLOW READ
I (3441) boot.esp32s3: SPI Flash Size : 8MB
I (3445) boot: Enabling RNG early entropy source...
I (3450) boot: Partition Table:
I (3453) boot: ## Label            Usage          Type ST Offset   Length
I (3459) boot:  0 nvs              WiFi data        01 02 00009000 00006000
I (3466) boot:  1 phy_init         RF data          01 01 0000f000 00001000
I (3472) boot:  2 factory          factory app      00 00 00010000 00300000
I (3479) boot:  3 storage          Unknown data     01 82 00310000 00100000
I (3486) boot: End of partition table
I (3489) esp_image: segment 0: paddr=00010020 vaddr=3c0a0020 size=24db0h (150960) map
I (3589) esp_image: segment 1: paddr=00034dd8 vaddr=3fca0d00 size=05560h ( 21856) load
I (3603) esp_image: segment 2: paddr=0003a340 vaddr=40374000 size=05cd8h ( 23768) load
I (3619) esp_image: segment 3: paddr=00040020 vaddr=42000020 size=9b798h (636824) map
I (4008) esp_image: segment 4: paddr=000db7c0 vaddr=40379cd8 size=16fe0h ( 94176) load
I (4069) esp_image: segment 5: paddr=000f27a8 vaddr=50000000 size=00020h (    32) load
I (4081) boot: Loaded app from partition at offset 0x10000
I (4081) boot: Disabling RNG early entropy source...
I (4093) esp_psram: Found 8MB PSRAM device
I (4093) esp_psram: Speed: 80MHz
I (4093) cpu_start: Multicore app
I (5011) esp_psram: SPI SRAM memory test OK
I (5020) cpu_start: GPIO 44 and 43 are used as console UART I/O pins
I (5021) cpu_start: Pro cpu start user code
I (5021) cpu_start: cpu freq: 240000000 Hz
I (5022) app_init: Application information:
I (5026) app_init: Project name:     rc_tank_demo
I (5031) app_init: App version:      1
I (5034) app_init: Compile time:     Aug 26 2026 12:18:42
I (5039) app_init: ELF file SHA256:  5f9ce93e0...
I (5044) app_init: ESP-IDF:          GIT-NOTFOUND
I (5048) efuse_init: Min chip rev:     v0.0
I (5052) efuse_init: Max chip rev:     v0.99 
I (5056) efuse_init: Chip rev:         v0.2
I (5060) heap_init: Initializing. RAM available for dynamic allocation:
I (5067) heap_init: At 3FCAA3D0 len 0003F340 (252 KiB): RAM
I (5072) heap_init: At 3FCE9710 len 00005724 (21 KiB): RAM
I (5077) heap_init: At 3FCF0000 len 00008000 (32 KiB): DRAM
I (5082) heap_init: At 600FE000 len 00001FE8 (7 KiB): RTCRAM
I (5088) esp_psram: Adding pool of 8192K of PSRAM memory to heap allocator
I (5096) spi_flash: detected chip: generic
I (5098) spi_flash: flash io: dio
I (5102) sleep_gpio: Configure to isolate all GPIO pins in sleep state
I (5108) sleep_gpio: Enable automatic switching of GPIO sleep configuration
I (5115) main_task: Started on CPU0
I (5139) esp_psram: Reserving pool of 64K of internal memory for DMA/internal allocations
I (5140) main_task: Calling app_main()
I (5156) rc_tank: === RC Tank Demo (EX-035) Role: TANK ===
I (5157) rc_tank: Startup delay 10 s (open serial monitor now)...
I (5157) rc_tank:   starting in 10 s
I (6160) rc_tank:   starting in 9 s
I (7160) rc_tank:   starting in 8 s
I (8160) rc_tank:   starting in 7 s
I (9160) rc_tank:   starting in 6 s
I (10160) rc_tank:   starting in 5 s
I (11160) rc_tank:   starting in 4 s
I (12160) rc_tank:   starting in 3 s
I (13160) rc_tank:   starting in 2 s
I (14160) rc_tank:   starting in 1 s
I (15160) rc_tank: Starting Tank role (P1: network, P2: control, P3: video)
I (15160) board_laiwfs300: init board support package
I (15160) board_laiwfs300: init capability registry
I (15165) board_laiwfs300: init I2C bus: SDA=GPIO48 SCL=GPIO47
I (15171) bus_i2c: I2C0 initialized: SDA=GPIO48 SCL=GPIO47 speed=100000Hz
I (15177) board_laiwfs300: --- I2C bus scan (0x08-0x77) ---
I (15184) board_laiwfs300:   I2C device ACK at 0x15
I (15187) board_laiwfs300:   I2C device ACK at 0x18
I (15192) board_laiwfs300:   I2C device ACK at 0x21
I (15196) board_laiwfs300:   I2C device ACK at 0x22
I (15204) board_laiwfs300:   I2C device ACK at 0x40
I (15207) board_laiwfs300:   I2C device ACK at 0x51
I (15213) board_laiwfs300:   I2C device ACK at 0x68
I (15216) board_laiwfs300: --- I2C scan done: 7 device(s) found ---
W (15220) board_laiwfs300: TPT29555A (IOEX) NOT found at 0x20 (NACK)
I (15226) board_laiwfs300: ES8311 (Codec) found at 0x18
I (15231) board_laiwfs300: ES7210 (ADC) found at 0x40
I (15236) board_laiwfs300: AIP8563 (RTC) found at 0x51
I (15241) board_laiwfs300: BMI260 (IMU @0x68) found at 0x68
W (15246) board_laiwfs300: BMI260 (IMU @0x69) NOT found at 0x69 (NACK)
I (15252) board_laiwfs300: SP0A39 (Camera) found at 0x21
I (15259) board_laiwfs300: ES8311 chip ID: 0x83 0x11
I (15263) board_laiwfs300: ES7210 chip ID: 0x72
I (15268) board_laiwfs300: AIP8563 RTC time: 23:56:17 (BCD raw)
I (15272) board_laiwfs300: BMI260 chip ID: 0x27 (expect 0x27)
I (15277) board_laiwfs300: init SPI bus manager
I (15283) board_laiwfs300: init ADC service
I (15286) board_adc: ADC1 oneshot initialized
I (15290) board_laiwfs300: init board power service
I (15295) board_laiwfs300: ADC D0_DETECT (GPIO1): raw=4095 (~3100 mV)
I (15300) board_laiwfs300: ADC BAT_ADC (GPIO7): raw=1641 (~1242 mV)
I (15306) board_laiwfs300: ADC SW_ADC (GPIO8): raw=4095 (~3100 mV)
I (15312) board_laiwfs300: init IO expander: TPT29555A addr=0x22
I (15321) io_expander: TPT29555A initialized at 0x22
I (15323) board_laiwfs300: IO expander initialized OK
I (15327) board_laiwfs300: init module detect
I (15332) board_laiwfs300: register detection rules
I (15336) board_laiwfs300: register default capabilities
I (15341) board_laiwfs300: board init complete (ioex=OK)
I (15346) rc_tank: [STEP] Motor init starting...
I (15351) board_motor: motor input 1 -> GPIO5 / LEDC channel 0
I (15356) board_motor: motor input 2 -> GPIO4 / LEDC channel 1
I (15362) board_motor: motor input 3 -> GPIO37 / LEDC channel 2
I (15367) board_motor: motor input 4 -> GPIO45 / LEDC channel 3
I (15373) rc_control: Motor initialized
I (15376) rc_tank: [STEP] Motor init OK
I (15380) rc_tank: [STEP] Display init starting...
I (15385) rc_video: Initializing Tank display
I (15390) display_hal: init ST7789V3 LCD 240x320 SPI host=1
E (15535) spi: spi_bus_initialize(816): SPI bus already initialized.
I (15656) display_hal: ST7789V3 LCD initialized
I (15656) board_display: display mapped: MOSI=GPIO13 SCK=GPIO12 CS=GPIO10 DC=GPIO16 BL=GPIO17 LCD_RST=IOEX P1_5 pclk=20000000
I (15661) rc_video: Tank display task started (status screen)
I (15662) rc_video: Tank display initialized (status task owns LCD)
I (15672) rc_tank: [STEP] Display init OK
I (15676) rc_tank: [STEP] Camera init starting...
I (15680) rc_video: Initializing camera (SP0A39 640x480 VYUY)
I (15686) board_camera: initializing SP0A39 camera mode=0 640x480
I (15691) camera_hal: init SP0A39 DVP 640x480 (SCCB manual mode)
I (15697) camera_hal: configuring IOEX pins for camera RESET/PWDN
I (15704) camera_hal: PWDN=HIGH (power down)
I (15717) camera_hal: PWDN=LOW (release sensor)
I (15917) camera_hal: RESET=LOW (assert reset)
I (15937) camera_hal: RESET=HIGH (release reset)
I (16937) camera_hal: full I2C scan after camera power-up (diagnostic only)...
I (16939) camera_hal:   post-powerup ACK at 0x15
I (16939) camera_hal:   post-powerup ACK at 0x18
I (16942) camera_hal:   post-powerup ACK at 0x21
I (16946) camera_hal:   post-powerup ACK at 0x22
I (16954) camera_hal:   post-powerup ACK at 0x40
I (16956) camera_hal:   post-powerup ACK at 0x51
I (16962) camera_hal:   post-powerup ACK at 0x68
I (16965) camera_hal: DVP GPIO diagnostics (checking PCLK/VSYNC/HSYNC activity)...
I (17031) camera_hal: DVP diagnostics: PCLK_changes=0 VSYNC_changes=0 HSYNC_changes=0
W (17031) camera_hal: PCLK has no transitions - MCLK likely not reaching sensor or sensor not active
I (17036) camera_hal: using sensor address 0x21
I (17041) camera_hal: SP0A39 I2C device added at 0x21
I (17047) camera_hal: SP0A39 chip ID: 0x0A39
I (17169) camera_hal: SP0A39 register init done: VYUY 640x480 (359 regs)
I (17170) camera_hal: [CAM-PROBE] SP0A39 p0_31 stage=post_table value=0x00 expected=0x01
E (17172) camera_hal: camera_hal_verify_expected_output_p0_31(92): unexpected p0_31=0x00 at post_table
W (17182) camera_hal: [CAM-PROBE] output state differs after table; continuing: ESP_ERR_INVALID_RESPONSE
I (17211) camera_hal: [CAM-PROBE] SP0A39 p0_31 stage=post_delay value=0x01 expected=0x01
I (17212) camera_hal: camera HAL initialized (sensor ready, DVP capture not yet implemented)
I (17216) board_camera: camera ready
I (17224) camera_hal: SP0A39 output regs: P0:1c=0x00 P0:30=0x01 P0:31=0x01 P1:32=0x15 P1:34=0xeb P1:35=0x00 P1:36=0x10
I (17356) rc_video:   3 DMA-capable PSRAM framebuffers allocated (600 KB each)
I (17359) dvp_ext: DVP Extended camera controller driver is initialized
I (17359) dvp_ext: [STABLE-DVP] assembly uses GDMA-EOF direct copy; dma=102400 half=51200 queue_data_events=suppressed eof_desc=probe
I (17370) rc_video: [STABLE-CAPTURE] staged DVP controller created dma=102400 half=51200
I (17378) rc_video: Camera initialized
I (17382) rc_tank: [STEP] Camera init OK
W (17386) rc_tank: [DVP-MATRIX] pre-network stage=2 strategy=sync_direct frames=0 sync_defer=0 wifi=off video_tx=not_created
I (17396) rc_tank: [STEP] Network init starting...
I (17402) rc_net: Initializing as SoftAP (Tank)
I (17406) pp: pp rom version: e7ae62f
I (17409) net80211: net80211 rom version: e7ae62f
I (17414) wifi:wifi driver task: 3fce4a38, prio:23, stack:6656, core=0
I (17426) wifi:wifi firmware version: 0947e8b
I (17426) wifi:wifi certification version: v7.0
I (17427) wifi:config NVS flash: enabled
I (17431) wifi:config nano formatting: disabled
I (17435) wifi:Init data frame dynamic rx buffer num: 32
I (17440) wifi:Init static rx mgmt buffer num: 5
I (17445) wifi:Init management short buffer num: 32
I (17449) wifi:Init dynamic tx buffer num: 64
I (17453) wifi:Init static tx FG buffer num: 2
I (17458) wifi:Init static rx buffer size: 1600
I (17462) wifi:Init static rx buffer num: 10
I (17466) wifi:Init dynamic rx buffer num: 32
I (17471) wifi_init: rx ba win: 6
I (17473) wifi_init: accept mbox: 6
I (17476) wifi_init: tcpip mbox: 16
I (17479) wifi_init: udp mbox: 6
I (17482) wifi_init: tcp mbox: 6
I (17485) wifi_init: tcp tx win: 5760
I (17489) wifi_init: tcp rx win: 5760
I (17492) wifi_init: tcp mss: 1440
I (17495) wifi_init: WiFi IRAM OP enabled
I (17499) wifi_init: WiFi RX IRAM OP enabled
I (17503) rc_net: AP set_mode/config, SSID=RC_TANK_F3AE79 ch=1
I (17513) phy_init: phy_version 711,97bcf0a2,Aug 25 2025,19:04:10
I (17555) wifi:mode : softAP (44:1b:f6:f3:ae:79)
I (17559) wifi:Total power save buffer number: 32
I (17560) wifi:Init max length of beacon: 752/752
I (17561) wifi:Init max length of beacon: 752/752
I (17564) rc_net: SoftAP started, SSID: RC_TANK_F3AE79, Password: 12345678
I (17565) esp_netif_lwip: DHCP server started on interface WIFI_AP_DEF with IP: 192.168.4.1
I (17577) rc_tank: [STEP] Network init OK
I (17581) rc_tank: Tank SoftAP ready, waiting for remote...
I (17586) rc_control: Ctrl RX task started
I (17590) rc_control: Tank control started
I (17594) rc_tank: Tank running (video + control; audio disabled)
I (17599) rc_tank: app_main done, idle loop
I (21869) wifi:new:<1,1>, old:<1,1>, ap:<1,1>, sta:<255,255>, prof:1, snd_ch_cfg:0x0
I (21870) wifi:station: 44:1b:f6:f3:ae:40 join, AID=1, bgn, 40U
I (21877) wifi:station: 44:1b:f6:f3:ae:40 leave, AID = 1, reason = 3, bss_flags is 34311266, bss:0x3fcf1374
I (21881) wifi:new:<1,0>, old:<1,1>, ap:<1,1>, sta:<255,255>, prof:1, snd_ch_cfg:0x0
I (21890) wifi:new:<1,1>, old:<1,0>, ap:<1,1>, sta:<255,255>, prof:1, snd_ch_cfg:0x0
I (29512) wifi:new:<1,1>, old:<1,1>, ap:<1,1>, sta:<255,255>, prof:1, snd_ch_cfg:0x0
I (29513) wifi:station: 44:1b:f6:f3:ae:40 join, AID=1, bgn, 40U
I (29547) rc_net: STA connected, MAC: 44:1b:f6:f3:ae:40
I (29583) esp_netif_lwip: DHCP server assigned IP to a client, IP is: 192.168.4.2
I (29584) rc_net: STA assigned IP: 192.168.4.2
I (29584) rc_tank: Network connected, peer: 192.168.4.2
W (29590) rc_tank: [DVP-MATRIX] start stage=2 strategy=sync_direct preflight_frames=0 sync_defer=0 video_tx=not_created
I (29601) rc_net: Ctrl UDP socket bound to port 8001
I (29605) rc_net: Video UDP socket bound to port 8002
I (29610) rc_net: Audio TCP listening on port 8003
I (29614) rc_tank: Socket channels started
I (29617) rc_video: No local preview active; formal video handoff skipped
I (29626) camera_hal: [CAM-PROBE] SP0A39 p0_31 stage=dvp_started value=0x01 expected=0x01
I (29681) rc_video: Video TX task started (240x180, sensor-driven, Q=60)
I (29682) rc_video: TX theory: raw=614400 B/frame, encoded YUV=86400 B/frame, target10fps raw=0.86 MB/s
I (29687) rc_video: PSRAM TX buffers: subsample=86400B jpeg=43200B send=43208B free_psram=5592524 free_internal=59655
I (29690) rc_video: Tank video started (camera source)
I (29697) rc_video: TX buffer caps: subsample=0x3c350120(psram=1) jpeg=0x3c3652a4(psram=1) send=0x3c36fea8(psram=1)
W (29702) rc_tank: [DVP-MATRIX] observe stage=2 strategy=sync_direct duration_ms=45000 sync_defer=0 under live Q60/UDP load
I (29753) rc_net: [CAM-PROBE] Video TX seq=0 jpeg_len=9348 crc32=0x6c0d07f7 chunks=8
W (29799) rc_net: Video UDP send failed: seq=0 chunk=4/8 bytes=1208 sent=-1 errno=12 attempts=4
W (29800) rc_video: Video send failed: ESP_FAIL

[HOST-DVP-MATRIX 12:23:31] SYNC-R1 stage=2 visible window begin
W (29895) rc_video: Video send failed: ESP_FAIL
W (30032) rc_video: Video send failed: ESP_FAIL
W (30133) rc_video: Video send failed: ESP_FAIL
W (30269) rc_video: Video send failed: ESP_FAIL
W (30393) rc_video: Video send failed: ESP_FAIL
W (30477) rc_video: Video send failed: ESP_FAIL
W (30530) rc_video: Video send failed: ESP_FAIL
I (30676) wifi:<ba-add>idx:2 (ifx:1, 44:1b:f6:f3:ae:40), tid:0, ssn:0, winSize:64
I (33139) rc_net: [CAM-PROBE] Video TX seq=30 jpeg_len=9643 crc32=0x170e7f04 chunks=9
I (33951) rc_video: Sent 30 | cap_fps=8.6 send_fps=7.0 capture_size_errors=0 capture_identity_errors=0 | Avg(ms): wait=48.4 cache=1.5 subsample=23.2 encode=24.5 send=6.4 total=104.0 | JPEG=9078B
I (33951) rc_video: [VIDEO-TX] handoff cap=38 get=77 select_fail=0 finished=38 signal=38 acquire=38 acquire_fail=0 release_fail=0 backup=0/0
I (33998) rc_video: [STABLE-CAPTURE] pause=39/39 timeout=0 quiesce=38 resume=38 lifecycle_errors=0 repairs=38 staged_events=600 copies=579 fallback=0 errors=0 prepare=39 stale_queue=0 pending_vsync=18 sync=54 complete=38 incomplete=16 incomplete_blocks=160 hold=39/39 hold_timeout=0
I (36622) rc_net: [CAM-PROBE] Video TX seq=60 jpeg_len=9386 crc32=0xe65fce5c chunks=8
I (37312) rc_video: Sent 60 | cap_fps=8.9 send_fps=8.9 capture_size_errors=0 capture_identity_errors=0 | Avg(ms): wait=42.9 cache=1.5 subsample=23.6 encode=24.6 send=5.9 total=98.6 | JPEG=8525B
I (37312) rc_video: [VIDEO-TX] handoff cap=68 get=137 select_fail=0 finished=68 signal=68 acquire=68 acquire_fail=0 release_fail=0 backup=0/0
I (37365) rc_video: [STABLE-CAPTURE] pause=69/69 timeout=0 quiesce=68 resume=68 lifecycle_errors=0 repairs=68 staged_events=1058 copies=1020 fallback=0 errors=0 prepare=69 stale_queue=0 pending_vsync=32 sync=95 complete=66 incomplete=29 incomplete_blocks=290 hold=69/69 hold_timeout=0
I (39996) rc_net: [CAM-PROBE] Video TX seq=90 jpeg_len=9895 crc32=0xa8a0c2fe chunks=9
I (40756) rc_video: Sent 90 | cap_fps=8.7 send_fps=8.7 capture_size_errors=0 capture_identity_errors=0 | Avg(ms): wait=44.5 cache=1.4 subsample=23.6 encode=24.3 send=6.1 total=99.9 | JPEG=9060B
I (40756) rc_video: [VIDEO-TX] handoff cap=98 get=197 select_fail=0 finished=98 signal=98 acquire=98 acquire_fail=0 release_fail=0 backup=0/0
I (40756) rc_video: [STABLE-CAPTURE] pause=98/98 timeout=0 quiesce=98 resume=98 lifecycle_errors=0 repairs=98 staged_events=1524 copies=1470 fallback=0 errors=0 prepare=99 stale_queue=0 pending_vsync=47 sync=136 complete=95 incomplete=41 incomplete_blocks=410 hold=98/98 hold_timeout=0
I (43349) rc_net: [CAM-PROBE] Video TX seq=120 jpeg_len=9671 crc32=0x0a458c98 chunks=9
I (44159) rc_video: Sent 120 | cap_fps=8.8 send_fps=8.8 capture_size_errors=0 capture_identity_errors=0 | Avg(ms): wait=45.4 cache=1.5 subsample=23.4 encode=24.4 send=5.9 total=100.6 | JPEG=9052B
I (44159) rc_video: [VIDEO-TX] handoff cap=128 get=257 select_fail=0 finished=128 signal=128 acquire=128 acquire_fail=0 release_fail=0 backup=0/0
I (44159) rc_video: [STABLE-CAPTURE] pause=128/128 timeout=0 quiesce=128 resume=128 lifecycle_errors=0 repairs=128 staged_events=1992 copies=1922 fallback=0 errors=0 prepare=129 stale_queue=0 pending_vsync=61 sync=178 complete=125 incomplete=53 incomplete_blocks=530 hold=128/128 hold_timeout=0
I (46793) rc_net: [CAM-PROBE] Video TX seq=150 jpeg_len=9663 crc32=0x6152469e chunks=9
I (47603) rc_video: Sent 150 | cap_fps=8.7 send_fps=8.7 capture_size_errors=0 capture_identity_errors=0 | Avg(ms): wait=46.1 cache=1.5 subsample=23.5 encode=24.3 send=6.2 total=101.7 | JPEG=9042B
I (47603) rc_video: [VIDEO-TX] handoff cap=158 get=317 select_fail=0 finished=158 signal=158 acquire=158 acquire_fail=0 release_fail=0 backup=0/0
I (47603) rc_video: [STABLE-CAPTURE] pause=158/158 timeout=0 quiesce=158 resume=158 lifecycle_errors=0 repairs=158 staged_events=2457 copies=2372 fallback=0 errors=0 prepare=159 stale_queue=0 pending_vsync=76 sync=220 complete=155 incomplete=65 incomplete_blocks=650 hold=158/158 hold_timeout=0
I (50255) rc_net: [CAM-PROBE] Video TX seq=180 jpeg_len=8550 crc32=0x5510f8cc chunks=8
I (51113) rc_video: Sent 180 | cap_fps=8.6 send_fps=8.6 capture_size_errors=0 capture_identity_errors=0 | Avg(ms): wait=47.2 cache=1.5 subsample=23.4 encode=24.4 send=6.0 total=102.5 | JPEG=9645B
I (51120) rc_video: [VIDEO-TX] handoff cap=188 get=376 select_fail=0 finished=188 signal=188 acquire=188 acquire_fail=0 release_fail=0 backup=0/0
I (51129) rc_video: [STABLE-CAPTURE] pause=188/188 timeout=0 quiesce=188 resume=188 lifecycle_errors=0 repairs=188 staged_events=2935 copies=2833 fallback=0 errors=0 prepare=189 stale_queue=0 pending_vsync=91 sync=264 complete=185 incomplete=79 incomplete_blocks=789 hold=188/188 hold_timeout=0
I (53820) rc_net: [CAM-PROBE] Video TX seq=210 jpeg_len=9069 crc32=0xa5c6dccf chunks=8
I (54569) rc_video: Sent 210 | cap_fps=8.6 send_fps=8.6 capture_size_errors=0 capture_identity_errors=0 | Avg(ms): wait=47.2 cache=1.6 subsample=23.2 encode=24.4 send=6.4 total=102.9 | JPEG=9079B
I (54569) rc_video: [VIDEO-TX] handoff cap=218 get=437 select_fail=0 finished=218 signal=218 acquire=218 acquire_fail=0 release_fail=0 backup=0/0
I (54569) rc_video: [STABLE-CAPTURE] pause=218/218 timeout=0 quiesce=218 resume=218 lifecycle_errors=0 repairs=218 staged_events=3420 copies=3303 fallback=0 errors=0 prepare=219 stale_queue=0 pending_vsync=105 sync=307 complete=215 incomplete=92 incomplete_blocks=919 hold=218/218 hold_timeout=0
I (57242) rc_net: [CAM-PROBE] Video TX seq=240 jpeg_len=9353 crc32=0xbb0957c6 chunks=8
I (57894) rc_video: Sent 240 | cap_fps=9.0 send_fps=9.0 capture_size_errors=0 capture_identity_errors=0 | Avg(ms): wait=40.7 cache=1.5 subsample=23.4 encode=24.8 send=6.2 total=96.6 | JPEG=8564B
I (57894) rc_video: [VIDEO-TX] handoff cap=248 get=497 select_fail=0 finished=248 signal=248 acquire=248 acquire_fail=0 release_fail=0 backup=0/0
I (57946) rc_video: [STABLE-CAPTURE] pause=249/249 timeout=0 quiesce=248 resume=248 lifecycle_errors=0 repairs=248 staged_events=3879 copies=3745 fallback=0 errors=0 prepare=249 stale_queue=0 pending_vsync=118 sync=349 complete=245 incomplete=104 incomplete_blocks=1039 hold=249/249 hold_timeout=0
I (60368) rc_net: [CAM-PROBE] Video TX seq=270 jpeg_len=9681 crc32=0xe1d9e502 chunks=9
I (61086) rc_video: Sent 270 | cap_fps=9.5 send_fps=9.5 capture_size_errors=0 capture_identity_errors=0 | Avg(ms): wait=34.9 cache=1.5 subsample=23.1 encode=25.0 send=6.2 total=90.6 | JPEG=9492B
I (61094) rc_video: [VIDEO-TX] handoff cap=278 get=556 select_fail=0 finished=278 signal=278 acquire=278 acquire_fail=0 release_fail=0 backup=0/0
I (61103) rc_video: [STABLE-CAPTURE] pause=278/278 timeout=0 quiesce=278 resume=278 lifecycle_errors=0 repairs=278 staged_events=4299 copies=4146 fallback=0 errors=0 prepare=279 stale_queue=0 pending_vsync=130 sync=386 complete=273 incomplete=113 incomplete_blocks=1129 hold=278/278 hold_timeout=0
I (63614) rc_net: [CAM-PROBE] Video TX seq=300 jpeg_len=9303 crc32=0x7a423e2d chunks=8
I (64424) rc_video: Sent 300 | cap_fps=8.9 send_fps=8.9 capture_size_errors=0 capture_identity_errors=0 | Avg(ms): wait=42.7 cache=1.4 subsample=23.2 encode=24.7 send=6.2 total=98.3 | JPEG=9035B
I (64424) rc_video: [VIDEO-TX] handoff cap=308 get=617 select_fail=0 finished=308 signal=308 acquire=308 acquire_fail=0 release_fail=0 backup=0/0
I (64424) rc_video: [STABLE-CAPTURE] pause=308/308 timeout=0 quiesce=308 resume=308 lifecycle_errors=0 repairs=308 staged_events=4763 copies=4594 fallback=0 errors=0 prepare=309 stale_queue=0 pending_vsync=143 sync=427 complete=303 incomplete=124 incomplete_blocks=1239 hold=308/308 hold_timeout=0
I (67057) rc_net: [CAM-PROBE] Video TX seq=330 jpeg_len=9686 crc32=0x34708e38 chunks=9
I (67868) rc_video: Sent 330 | cap_fps=8.7 send_fps=8.7 capture_size_errors=0 capture_identity_errors=0 | Avg(ms): wait=45.9 cache=1.4 subsample=23.7 encode=24.3 send=6.3 total=101.6 | JPEG=9079B
I (67868) rc_video: [VIDEO-TX] handoff cap=338 get=677 select_fail=0 finished=338 signal=338 acquire=338 acquire_fail=0 release_fail=0 backup=0/0
I (67868) rc_video: [STABLE-CAPTURE] pause=338/338 timeout=0 quiesce=338 resume=338 lifecycle_errors=0 repairs=338 staged_events=5230 copies=5046 fallback=0 errors=0 prepare=339 stale_queue=0 pending_vsync=158 sync=469 complete=333 incomplete=136 incomplete_blocks=1359 hold=338/338 hold_timeout=0
I (70480) rc_net: [CAM-PROBE] Video TX seq=360 jpeg_len=9223 crc32=0x4c2c5df1 chunks=8
I (71296) rc_video: Sent 360 | cap_fps=8.8 send_fps=8.8 capture_size_errors=0 capture_identity_errors=0 | Avg(ms): wait=44.0 cache=1.4 subsample=23.8 encode=24.4 send=6.0 total=99.7 | JPEG=9325B
I (71304) rc_video: [VIDEO-TX] handoff cap=368 get=736 select_fail=0 finished=368 signal=368 acquire=368 acquire_fail=0 release_fail=0 backup=0/0
I (71314) rc_video: [STABLE-CAPTURE] pause=368/368 timeout=0 quiesce=368 resume=368 lifecycle_errors=0 repairs=368 staged_events=5689 copies=5489 fallback=0 errors=0 prepare=369 stale_queue=0 pending_vsync=173 sync=511 complete=362 incomplete=149 incomplete_blocks=1489 hold=368/368 hold_timeout=0
I (73808) rc_net: [CAM-PROBE] Video TX seq=390 jpeg_len=9055 crc32=0x8c88feea chunks=8
I (74560) rc_video: Sent 390 | cap_fps=9.1 send_fps=9.1 capture_size_errors=0 capture_identity_errors=0 | Avg(ms): wait=40.4 cache=1.4 subsample=23.3 encode=24.6 send=7.2 total=96.9 | JPEG=9052B
I (74560) rc_video: [VIDEO-TX] handoff cap=398 get=797 select_fail=0 finished=398 signal=398 acquire=398 acquire_fail=0 release_fail=0 backup=0/0
I (74560) rc_video: [STABLE-CAPTURE] pause=398/398 timeout=0 quiesce=398 resume=398 lifecycle_errors=0 repairs=398 staged_events=6134 copies=5918 fallback=0 errors=0 prepare=399 stale_queue=0 pending_vsync=186 sync=550 complete=391 incomplete=159 incomplete_blocks=1589 hold=398/398 hold_timeout=0
W (74723) rc_tank: [DVP-MATRIX] result stage=2 strategy=sync_direct complete=393 incomplete=159 incomplete_blocks=1589 sync_defer=0 released=0 collisions=0 release_errors=0 defer_hist=0,0,0,0,0,0,0,0,0,0,0 mismatch_hist=0,0,0,1,95,211,147,38,10,14,189 prepare=400 pending=187 hold=400/400 hold_timeout=0
W (74745) rc_tank: [DVP-MATRIX] advance stage=3; restart in 1s
I (75785) wifi:station: 44:1b:f6:f3:ae:40 leave, AID = 1, reason = 2, bss_flags is 756835, bss:0x3fcf1374
I (75786) wifi:new:<1,0>, old:<1,1>, ap:<1,1>, sta:<255,255>, prof:1, snd_ch_cfg:0x0
I (75832) wifi:<ba-del>idx:2, tid:0
I (75833) wifi:new:<1,1>, old:<1,0>, ap:<1,1>, sta:<255,255>, prof:1, snd_ch_cfg:0x0
I (75836) rc_net: STA disconnected, MAC: 44:1b:f6:f3:ae:40
W (75838) rc_control: Network disconnected: motor stop enforced
W (75843) rc_tank: Network disconnected
W (75900) rc_video: Video send failed: ESP_ERR_INVALID_STATE
W (75984) rc_video: Video send failed: ESP_ERR_INVALID_STATE
W (76118) rc_video: Video send failed: ESP_ERR_INVALID_STATE
W (76219) rc_video: Video send failed: ESP_ERR_INVALID_STATE
W (76298) rc_video: Video send failed: ESP_ERR_INVALID_STATE
W (76377) rc_video: Video send failed: ESP_ERR_INVALID_STATE
W (76456) rc_video: Video send failed: ESP_ERR_INVALID_STATE
W (76535) rc_video: Video send failed: ESP_ERR_INVALID_STATE
W (76615) rc_video: Video send failed: ESP_ERR_INVALID_STATE
W (76892) rc_video: Video send failed: ESP_ERR_INVALID_STATE
W (77208) rc_video: Video send failed: ESP_ERR_INVALID_STATE
W (77327) rc_video: Video send failed: ESP_ERR_INVALID_STATE
W (77464) rc_video: Video send failed: ESP_ERR_INVALID_STATE
W (77564) rc_video: Video send failed: ESP_ERR_INVALID_STATE
W (77644) rc_video: Video send failed: ESP_ERR_INVALID_STATE
W (77762) rc_video: Video send failed: ESP_ERR_INVALID_STATE
W (77900) rc_video: Video send failed: ESP_ERR_INVALID_STATE
W (78000) rc_video: Video send failed: ESP_ERR_INVALID_STATE
W (78079) rc_video: Video send failed: ESP_ERR_INVALID_STATE
W (78198) rc_video: Video send failed: ESP_ERR_INVALID_STATE
W (78335) rc_video: Video send failed: ESP_ERR_INVALID_STATE
W (78435) rc_video: Video send failed: ESP_ERR_INVALID_STATE
W (78514) rc_video: Video send failed: ESP_ERR_INVALID_STATE
W (78633) rc_video: Video send failed: ESP_ERR_INVALID_STATE
W (78752) rc_video: Video send failed: ESP_ERR_INVALID_STATE
W (78871) rc_video: Video send failed: ESP_ERR_INVALID_STATE
W (78989) rc_video: Video send failed: ESP_ERR_INVALID_STATE
W (79108) rc_video: Video send failed: ESP_ERR_INVALID_STATE
W (79187) rc_video: Video send failed: ESP_ERR_INVALID_STATE
W (79306) rc_video: Video send failed: ESP_ERR_INVALID_STATE
W (79443) rc_video: Video send failed: ESP_ERR_INVALID_STATE
I (79524) wifi:flush txq
I (79525) wifi:stop sw txq
I (79525) wifi:lmac stop hw txq
†žESP-ROM:esp32s3-20210327
Build:Mar 27 2021
rst:0xc (RTC_SW_CPU_RST),boot:0x2 (DOWNLOAD(USB/UART0))
Saved PC:0x403812c5
waiting for download

[HOST-DVP-MATRIX 12:28:02] SYNC-R1-RESUME capture begin

[HOST-DVP-MATRIX 12:28:02] Tank RAM bootloader start
esptool.py v4.12.dev2
Serial port COM7
Connecting....
Chip is ESP32-S3 (QFN56) (revision v0.2)
Features: WiFi, BLE
Crystal is 40MHz
MAC: 44:1b:f6:f3:ae:78
Uploading stub...
Running stub...
Stub running...
RAM boot...
Downloading 5360 bytes at 3fce2820... done!
Downloading 3364 bytes at 403c8700... done!
Downloading 12016 bytes at 403cb700... done!
All segments done, executing at 403c8924
Exiting immediately.

[HOST-DVP-MATRIX 12:28:06] Tank RAM bootloader complete
928) boot: chip revision: v0.2
I (2931) boot: efuse block revision: v1.3
I (2935) boot.esp32s3: Boot SPI Speed : 80MHz
I (2939) boot.esp32s3: SPI Mode       : SLOW READ
I (2943) boot.esp32s3: SPI Flash Size : 8MB
I (2947) boot: Enabling RNG early entropy source...
I (2952) boot: Partition Table:
I (2955) boot: ## Label            Usage          Type ST Offset   Length
I (2961) boot:  0 nvs              WiFi data        01 02 00009000 00006000
I (2968) boot:  1 phy_init         RF data          01 01 0000f000 00001000
I (2975) boot:  2 factory          factory app      00 00 00010000 00300000
I (2981) boot:  3 storage          Unknown data     01 82 00310000 00100000
I (2988) boot: End of partition table
I (2992) esp_image: segment 0: paddr=00010020 vaddr=3c0a0020 size=24db0h (150960) map
I (3091) esp_image: segment 1: paddr=00034dd8 vaddr=3fca0d00 size=05560h ( 21856) load
I (3105) esp_image: segment 2: paddr=0003a340 vaddr=40374000 size=05cd8h ( 23768) load
I (3121) esp_image: segment 3: paddr=00040020 vaddr=42000020 size=9b798h (636824) map
I (3510) esp_image: segment 4: paddr=000db7c0 vaddr=40379cd8 size=16fe0h ( 94176) load
I (3571) esp_image: segment 5: paddr=000f27a8 vaddr=50000000 size=00020h (    32) load
I (3583) boot: Loaded app from partition at offset 0x10000
I (3583) boot: Disabling RNG early entropy source...
I (3595) esp_psram: Found 8MB PSRAM device
I (3595) esp_psram: Speed: 80MHz
I (3596) cpu_start: Multicore app
I (4513) esp_psram: SPI SRAM memory test OK
I (4522) cpu_start: GPIO 44 and 43 are used as console UART I/O pins
I (4523) cpu_start: Pro cpu start user code
I (4523) cpu_start: cpu freq: 240000000 Hz
I (4525) app_init: Application information:
I (4528) app_init: Project name:     rc_tank_demo
I (4533) app_init: App version:      1
I (4536) app_init: Compile time:     Aug 26 2026 12:18:42
I (4541) app_init: ELF file SHA256:  5f9ce93e0...
I (4546) app_init: ESP-IDF:          GIT-NOTFOUND
I (4550) efuse_init: Min chip rev:     v0.0
I (4554) efuse_init: Max chip rev:     v0.99 
I (4558) efuse_init: Chip rev:         v0.2
I (4562) heap_init: Initializing. RAM available for dynamic allocation:
I (4569) heap_init: At 3FCAA3D0 len 0003F340 (252 KiB): RAM
I (4574) heap_init: At 3FCE9710 len 00005724 (21 KiB): RAM
I (4579) heap_init: At 3FCF0000 len 00008000 (32 KiB): DRAM
I (4584) heap_init: At 600FE000 len 00001FE8 (7 KiB): RTCRAM
I (4590) esp_psram: Adding pool of 8192K of PSRAM memory to heap allocator
I (4598) spi_flash: detected chip: generic
I (4600) spi_flash: flash io: dio
I (4604) sleep_gpio: Configure to isolate all GPIO pins in sleep state
I (4610) sleep_gpio: Enable automatic switching of GPIO sleep configuration
I (4617) main_task: Started on CPU0
I (4641) esp_psram: Reserving pool of 64K of internal memory for DMA/internal allocations
I (4642) main_task: Calling app_main()
I (4658) rc_tank: === RC Tank Demo (EX-035) Role: TANK ===
I (4659) rc_tank: Startup delay 10 s (open serial monitor now)...
I (4659) rc_tank:   starting in 10 s
I (5662) rc_tank:   starting in 9 s
I (6662) rc_tank:   starting in 8 s
I (7662) rc_tank:   starting in 7 s
I (8662) rc_tank:   starting in 6 s
I (9662) rc_tank:   starting in 5 s
I (10662) rc_tank:   starting in 4 s
I (11662) rc_tank:   starting in 3 s
I (12662) rc_tank:   starting in 2 s
I (13662) rc_tank:   starting in 1 s
I (14662) rc_tank: Starting Tank role (P1: network, P2: control, P3: video)
I (14662) board_laiwfs300: init board support package
I (14662) board_laiwfs300: init capability registry
I (14667) board_laiwfs300: init I2C bus: SDA=GPIO48 SCL=GPIO47
I (14673) bus_i2c: I2C0 initialized: SDA=GPIO48 SCL=GPIO47 speed=100000Hz
I (14679) board_laiwfs300: --- I2C bus scan (0x08-0x77) ---
I (14686) board_laiwfs300:   I2C device ACK at 0x15
I (14689) board_laiwfs300:   I2C device ACK at 0x18
I (14694) board_laiwfs300:   I2C device ACK at 0x21
I (14698) board_laiwfs300:   I2C device ACK at 0x22
I (14706) board_laiwfs300:   I2C device ACK at 0x40
I (14709) board_laiwfs300:   I2C device ACK at 0x51
I (14715) board_laiwfs300:   I2C device ACK at 0x68
I (14718) board_laiwfs300: --- I2C scan done: 7 device(s) found ---
W (14722) board_laiwfs300: TPT29555A (IOEX) NOT found at 0x20 (NACK)
I (14728) board_laiwfs300: ES8311 (Codec) found at 0x18
I (14733) board_laiwfs300: ES7210 (ADC) found at 0x40
I (14738) board_laiwfs300: AIP8563 (RTC) found at 0x51
I (14743) board_laiwfs300: BMI260 (IMU @0x68) found at 0x68
W (14748) board_laiwfs300: BMI260 (IMU @0x69) NOT found at 0x69 (NACK)
I (14754) board_laiwfs300: SP0A39 (Camera) found at 0x21
I (14761) board_laiwfs300: ES8311 chip ID: 0x83 0x11
I (14765) board_laiwfs300: ES7210 chip ID: 0x72
I (14770) board_laiwfs300: AIP8563 RTC time: 00:01:18 (BCD raw)
I (14774) board_laiwfs300: BMI260 chip ID: 0x27 (expect 0x27)
I (14779) board_laiwfs300: init SPI bus manager
I (14785) board_laiwfs300: init ADC service
I (14788) board_adc: ADC1 oneshot initialized
I (14792) board_laiwfs300: init board power service
I (14797) board_laiwfs300: ADC D0_DETECT (GPIO1): raw=4095 (~3100 mV)
I (14802) board_laiwfs300: ADC BAT_ADC (GPIO7): raw=1645 (~1245 mV)
I (14808) board_laiwfs300: ADC SW_ADC (GPIO8): raw=4095 (~3100 mV)
I (14814) board_laiwfs300: init IO expander: TPT29555A addr=0x22
I (14823) io_expander: TPT29555A initialized at 0x22
I (14825) board_laiwfs300: IO expander initialized OK
I (14829) board_laiwfs300: init module detect
I (14834) board_laiwfs300: register detection rules
I (14838) board_laiwfs300: register default capabilities
I (14843) board_laiwfs300: board init complete (ioex=OK)
I (14848) rc_tank: [STEP] Motor init starting...
I (14853) board_motor: motor input 1 -> GPIO5 / LEDC channel 0
I (14858) board_motor: motor input 2 -> GPIO4 / LEDC channel 1
I (14864) board_motor: motor input 3 -> GPIO37 / LEDC channel 2
I (14869) board_motor: motor input 4 -> GPIO45 / LEDC channel 3
I (14875) rc_control: Motor initialized
I (14878) rc_tank: [STEP] Motor init OK
I (14882) rc_tank: [STEP] Display init starting...
I (14887) rc_video: Initializing Tank display
I (14892) display_hal: init ST7789V3 LCD 240x320 SPI host=1
E (15037) spi: spi_bus_initialize(816): SPI bus already initialized.
I (15158) display_hal: ST7789V3 LCD initialized
I (15158) board_display: display mapped: MOSI=GPIO13 SCK=GPIO12 CS=GPIO10 DC=GPIO16 BL=GPIO17 LCD_RST=IOEX P1_5 pclk=20000000
I (15163) rc_video: Tank display task started (status screen)
I (15164) rc_video: Tank display initialized (status task owns LCD)
I (15174) rc_tank: [STEP] Display init OK
I (15178) rc_tank: [STEP] Camera init starting...
I (15182) rc_video: Initializing camera (SP0A39 640x480 VYUY)
I (15188) board_camera: initializing SP0A39 camera mode=0 640x480
I (15193) camera_hal: init SP0A39 DVP 640x480 (SCCB manual mode)
I (15199) camera_hal: configuring IOEX pins for camera RESET/PWDN
I (15206) camera_hal: PWDN=HIGH (power down)
I (15219) camera_hal: PWDN=LOW (release sensor)
I (15419) camera_hal: RESET=LOW (assert reset)
I (15439) camera_hal: RESET=HIGH (release reset)
I (16439) camera_hal: full I2C scan after camera power-up (diagnostic only)...
I (16441) camera_hal:   post-powerup ACK at 0x15
I (16441) camera_hal:   post-powerup ACK at 0x18
I (16444) camera_hal:   post-powerup ACK at 0x21
I (16448) camera_hal:   post-powerup ACK at 0x22
I (16456) camera_hal:   post-powerup ACK at 0x40
I (16458) camera_hal:   post-powerup ACK at 0x51
I (16464) camera_hal:   post-powerup ACK at 0x68
I (16467) camera_hal: DVP GPIO diagnostics (checking PCLK/VSYNC/HSYNC activity)...
I (16533) camera_hal: DVP diagnostics: PCLK_changes=0 VSYNC_changes=0 HSYNC_changes=0
W (16533) camera_hal: PCLK has no transitions - MCLK likely not reaching sensor or sensor not active
I (16538) camera_hal: using sensor address 0x21
I (16543) camera_hal: SP0A39 I2C device added at 0x21
I (16549) camera_hal: SP0A39 chip ID: 0x0A39
I (16671) camera_hal: SP0A39 register init done: VYUY 640x480 (359 regs)
I (16672) camera_hal: [CAM-PROBE] SP0A39 p0_31 stage=post_table value=0x00 expected=0x01
E (16674) camera_hal: camera_hal_verify_expected_output_p0_31(92): unexpected p0_31=0x00 at post_table
W (16684) camera_hal: [CAM-PROBE] output state differs after table; continuing: ESP_ERR_INVALID_RESPONSE
I (16713) camera_hal: [CAM-PROBE] SP0A39 p0_31 stage=post_delay value=0x01 expected=0x01
I (16714) camera_hal: camera HAL initialized (sensor ready, DVP capture not yet implemented)
I (16718) board_camera: camera ready
I (16726) camera_hal: SP0A39 output regs: P0:1c=0x00 P0:30=0x01 P0:31=0x01 P1:32=0x15 P1:34=0xeb P1:35=0x00 P1:36=0x10
I (16858) rc_video:   3 DMA-capable PSRAM framebuffers allocated (600 KB each)
I (16861) dvp_ext: DVP Extended camera controller driver is initialized
I (16861) dvp_ext: [STABLE-DVP] assembly uses GDMA-EOF direct copy; dma=102400 half=51200 queue_data_events=suppressed eof_desc=probe
I (16872) rc_video: [STABLE-CAPTURE] staged DVP controller created dma=102400 half=51200
I (16880) rc_video: Camera initialized
I (16884) rc_tank: [STEP] Camera init OK
W (16888) rc_tank: [DVP-MATRIX] pre-network stage=3 strategy=sync_defer_to_eof11 frames=0 sync_defer=1 wifi=off video_tx=not_created
I (16899) rc_tank: [STEP] Network init starting...
I (16905) rc_net: Initializing as SoftAP (Tank)
I (16909) pp: pp rom version: e7ae62f
I (16912) net80211: net80211 rom version: e7ae62f
I (16917) wifi:wifi driver task: 3fce4a38, prio:23, stack:6656, core=0
I (16928) wifi:wifi firmware version: 0947e8b
I (16929) wifi:wifi certification version: v7.0
I (16930) wifi:config NVS flash: enabled
I (16934) wifi:config nano formatting: disabled
I (16938) wifi:Init data frame dynamic rx buffer num: 32
I (16943) wifi:Init static rx mgmt buffer num: 5
I (16947) wifi:Init management short buffer num: 32
I (16952) wifi:Init dynamic tx buffer num: 64
I (16956) wifi:Init static tx FG buffer num: 2
I (16960) wifi:Init static rx buffer size: 1600
I (16965) wifi:Init static rx buffer num: 10
I (16968) wifi:Init dynamic rx buffer num: 32
I (16974) wifi_init: rx ba win: 6
I (16976) wifi_init: accept mbox: 6
I (16979) wifi_init: tcpip mbox: 16
I (16982) wifi_init: udp mbox: 6
I (16985) wifi_init: tcp mbox: 6
I (16988) wifi_init: tcp tx win: 5760
I (16991) wifi_init: tcp rx win: 5760
I (16995) wifi_init: tcp mss: 1440
I (16998) wifi_init: WiFi IRAM OP enabled
I (17001) wifi_init: WiFi RX IRAM OP enabled
I (17006) rc_net: AP set_mode/config, SSID=RC_TANK_F3AE79 ch=1
I (17016) phy_init: phy_version 711,97bcf0a2,Aug 25 2025,19:04:10
I (17054) wifi:mode : softAP (44:1b:f6:f3:ae:79)
I (17059) wifi:Total power save buffer number: 32
I (17060) wifi:Init max length of beacon: 752/752
I (17060) wifi:Init max length of beacon: 752/752
I (17063) rc_net: SoftAP started, SSID: RC_TANK_F3AE79, Password: 12345678
I (17064) esp_netif_lwip: DHCP server started on interface WIFI_AP_DEF with IP: 192.168.4.1
I (17076) rc_tank: [STEP] Network init OK
I (17080) rc_tank: Tank SoftAP ready, waiting for remote...
I (17085) rc_control: Ctrl RX task started
I (17089) rc_control: Tank control started
I (17093) rc_tank: Tank running (video + control; audio disabled)
I (17099) rc_tank: app_main done, idle loop
I (20436) wifi:new:<1,1>, old:<1,1>, ap:<1,1>, sta:<255,255>, prof:1, snd_ch_cfg:0x0
I (20437) wifi:station: 44:1b:f6:f3:ae:40 join, AID=1, bgn, 40U
I (20475) rc_net: STA connected, MAC: 44:1b:f6:f3:ae:40
I (20513) esp_netif_lwip: DHCP server assigned IP to a client, IP is: 192.168.4.2
I (20514) rc_net: STA assigned IP: 192.168.4.2
I (20514) rc_tank: Network connected, peer: 192.168.4.2
W (20521) rc_tank: [DVP-MATRIX] start stage=3 strategy=sync_defer_to_eof11 preflight_frames=0 sync_defer=1 video_tx=not_created
I (20532) rc_net: Ctrl UDP socket bound to port 8001
I (20535) rc_net: Video UDP socket bound to port 8002
I (20541) rc_net: Audio TCP listening on port 8003
I (20544) rc_tank: Socket channels started
I (20548) rc_video: No local preview active; formal video handoff skipped
I (20556) camera_hal: [CAM-PROBE] SP0A39 p0_31 stage=dvp_started value=0x01 expected=0x01
I (20570) rc_video: Video TX task started (240x180, sensor-driven, Q=60)
I (20570) rc_video: TX theory: raw=614400 B/frame, encoded YUV=86400 B/frame, target10fps raw=0.86 MB/s
I (20578) rc_video: PSRAM TX buffers: subsample=86400B jpeg=43200B send=43208B free_psram=5592524 free_internal=59659
I (20590) rc_video: TX buffer caps: subsample=0x3c350120(psram=1) jpeg=0x3c3652a4(psram=1) send=0x3c36fea8(psram=1)
I (20590) rc_video: Tank video started (camera source)
W (20630) rc_tank: [DVP-MATRIX] observe stage=3 strategy=sync_defer_to_eof11 duration_ms=45000 sync_defer=1 under live Q60/UDP load
I (20666) rc_net: [CAM-PROBE] Video TX seq=0 jpeg_len=9318 crc32=0x0a2d4fab chunks=8
W (20716) rc_net: Video UDP send failed: seq=0 chunk=4/8 bytes=1208 sent=-1 errno=12 attempts=4
W (20717) rc_video: Video send failed: ESP_FAIL
W (20770) rc_video: Video send failed: ESP_FAIL

[HOST-DVP-MATRIX 12:28:23] SYNC-R1-RESUME stage=3 visible window begin
W (20910) rc_video: Video send failed: ESP_FAIL
W (20988) rc_video: Video send failed: ESP_FAIL
W (21073) rc_video: Video send failed: ESP_FAIL
W (21126) rc_video: Video send failed: ESP_FAIL
W (21269) rc_video: Video send failed: ESP_FAIL
W (21322) rc_video: Video send failed: ESP_FAIL
W (21463) rc_video: Video send failed: ESP_FAIL
W (21546) rc_video: Video send failed: ESP_FAIL
I (21595) wifi:<ba-add>idx:2 (ifx:1, 44:1b:f6:f3:ae:40), tid:0, ssn:0, winSize:64
I (23437) rc_net: [CAM-PROBE] Video TX seq=30 jpeg_len=8531 crc32=0xf8393e10 chunks=8
I (24268) rc_video: Sent 30 | cap_fps=10.8 send_fps=8.1 capture_size_errors=0 capture_identity_errors=0 | Avg(ms): wait=23.0 cache=1.4 subsample=23.3 encode=25.1 send=6.1 total=78.9 | JPEG=8563B
I (24268) rc_video: [VIDEO-TX] handoff cap=40 get=81 select_fail=0 finished=40 signal=40 acquire=40 acquire_fail=0 release_fail=0 backup=0/0
I (24315) rc_video: [STABLE-CAPTURE] pause=40/40 timeout=0 quiesce=40 resume=40 lifecycle_errors=0 repairs=40 staged_events=478 copies=451 fallback=0 errors=0 prepare=41 stale_queue=0 pending_vsync=14 sync=41 complete=41 incomplete=0 incomplete_blocks=0 hold=40/40 hold_timeout=0
I (26226) rc_net: [CAM-PROBE] Video TX seq=60 jpeg_len=8698 crc32=0xcda3dcfe chunks=8
I (27038) rc_video: Sent 60 | cap_fps=10.8 send_fps=10.8 capture_size_errors=0 capture_identity_errors=0 | Avg(ms): wait=21.5 cache=1.4 subsample=23.7 encode=25.3 send=6.0 total=77.9 | JPEG=8652B
I (27038) rc_video: [VIDEO-TX] handoff cap=70 get=141 select_fail=0 finished=70 signal=70 acquire=70 acquire_fail=0 release_fail=0 backup=0/0
I (27090) rc_video: [STABLE-CAPTURE] pause=71/71 timeout=0 quiesce=70 resume=70 lifecycle_errors=0 repairs=70 staged_events=829 copies=781 fallback=0 errors=0 prepare=71 stale_queue=0 pending_vsync=24 sync=71 complete=71 incomplete=0 incomplete_blocks=0 hold=71/71 hold_timeout=0
I (28956) rc_net: [CAM-PROBE] Video TX seq=90 jpeg_len=8667 crc32=0xdb3f8411 chunks=8
I (29769) rc_video: Sent 90 | cap_fps=11.0 send_fps=11.0 capture_size_errors=0 capture_identity_errors=0 | Avg(ms): wait=19.2 cache=1.4 subsample=23.2 encode=25.3 send=6.0 total=75.1 | JPEG=8636B
I (29769) rc_video: [VIDEO-TX] handoff cap=100 get=201 select_fail=0 finished=100 signal=100 acquire=100 acquire_fail=0 release_fail=0 backup=0/0
I (29820) rc_video: [STABLE-CAPTURE] pause=101/101 timeout=0 quiesce=100 resume=100 lifecycle_errors=0 repairs=100 staged_events=1182 copies=1111 fallback=0 errors=0 prepare=101 stale_queue=0 pending_vsync=31 sync=101 complete=101 incomplete=0 incomplete_blocks=0 hold=101/101 hold_timeout=0
I (31709) rc_net: [CAM-PROBE] Video TX seq=120 jpeg_len=9170 crc32=0xd1904243 chunks=8
I (32540) rc_video: Sent 120 | cap_fps=10.8 send_fps=10.8 capture_size_errors=0 capture_identity_errors=0 | Avg(ms): wait=21.3 cache=1.4 subsample=23.6 encode=25.3 send=6.1 total=77.7 | JPEG=8673B
I (32540) rc_video: [VIDEO-TX] handoff cap=130 get=261 select_fail=0 finished=130 signal=130 acquire=130 acquire_fail=0 release_fail=0 backup=0/0
I (32589) rc_video: [STABLE-CAPTURE] pause=130/130 timeout=0 quiesce=130 resume=130 lifecycle_errors=0 repairs=130 staged_events=1534 copies=1441 fallback=0 errors=0 prepare=131 stale_queue=0 pending_vsync=40 sync=131 complete=131 incomplete=0 incomplete_blocks=0 hold=130/130 hold_timeout=0
I (34440) rc_net: [CAM-PROBE] Video TX seq=150 jpeg_len=8611 crc32=0xf63bc820 chunks=8
I (35257) rc_video: Sent 150 | cap_fps=11.2 send_fps=11.2 capture_size_errors=0 capture_identity_errors=0 | Avg(ms): wait=17.3 cache=1.5 subsample=23.1 encode=25.4 send=6.2 total=73.6 | JPEG=8668B
I (35264) rc_video: [VIDEO-TX] handoff cap=160 get=320 select_fail=0 finished=160 signal=160 acquire=160 acquire_fail=0 release_fail=0 backup=0/0
I (35274) rc_video: [STABLE-CAPTURE] pause=160/160 timeout=0 quiesce=160 resume=160 lifecycle_errors=0 repairs=160 staged_events=1877 copies=1761 fallback=0 errors=0 prepare=161 stale_queue=0 pending_vsync=47 sync=160 complete=160 incomplete=0 incomplete_blocks=0 hold=160/160 hold_timeout=0
I (37149) rc_net: [CAM-PROBE] Video TX seq=180 jpeg_len=8552 crc32=0x4d41f3c6 chunks=8
I (37962) rc_video: Sent 180 | cap_fps=11.0 send_fps=11.0 capture_size_errors=0 capture_identity_errors=0 | Avg(ms): wait=18.9 cache=1.4 subsample=23.4 encode=25.7 send=6.1 total=75.5 | JPEG=8606B
I (37962) rc_video: [VIDEO-TX] handoff cap=190 get=381 select_fail=0 finished=190 signal=190 acquire=190 acquire_fail=0 release_fail=0 backup=0/0
I (38010) rc_video: [STABLE-CAPTURE] pause=190/190 timeout=0 quiesce=190 resume=190 lifecycle_errors=0 repairs=190 staged_events=2238 copies=2101 fallback=0 errors=0 prepare=191 stale_queue=0 pending_vsync=54 sync=191 complete=191 incomplete=0 incomplete_blocks=0 hold=190/190 hold_timeout=0
I (39865) rc_net: [CAM-PROBE] Video TX seq=210 jpeg_len=9033 crc32=0xfde95236 chunks=8
I (40693) rc_video: Sent 210 | cap_fps=11.0 send_fps=11.0 capture_size_errors=0 capture_identity_errors=0 | Avg(ms): wait=18.7 cache=1.5 subsample=23.2 encode=25.4 send=6.1 total=74.9 | JPEG=9084B
I (40693) rc_video: [VIDEO-TX] handoff cap=220 get=441 select_fail=0 finished=220 signal=220 acquire=220 acquire_fail=0 release_fail=0 backup=0/0
I (40693) rc_video: [STABLE-CAPTURE] pause=220/220 timeout=0 quiesce=220 resume=220 lifecycle_errors=0 repairs=220 staged_events=2589 copies=2430 fallback=0 errors=0 prepare=221 stale_queue=0 pending_vsync=62 sync=220 complete=220 incomplete=0 incomplete_blocks=0 hold=220/220 hold_timeout=0
I (42593) rc_net: [CAM-PROBE] Video TX seq=240 jpeg_len=8598 crc32=0x7db9badf chunks=8
I (43408) rc_video: Sent 240 | cap_fps=11.1 send_fps=11.1 capture_size_errors=0 capture_identity_errors=0 | Avg(ms): wait=16.8 cache=1.4 subsample=23.8 encode=25.4 send=5.9 total=73.3 | JPEG=8595B
I (43415) rc_video: [VIDEO-TX] handoff cap=250 get=500 select_fail=0 finished=250 signal=250 acquire=250 acquire_fail=0 release_fail=0 backup=0/0
I (43427) rc_video: [STABLE-CAPTURE] pause=250/250 timeout=0 quiesce=250 resume=250 lifecycle_errors=0 repairs=250 staged_events=2932 copies=2751 fallback=0 errors=0 prepare=251 stale_queue=0 pending_vsync=71 sync=250 complete=250 incomplete=0 incomplete_blocks=0 hold=250/250 hold_timeout=0
I (45284) rc_net: [CAM-PROBE] Video TX seq=270 jpeg_len=8687 crc32=0xc6d78b7e chunks=8
I (46116) rc_video: Sent 270 | cap_fps=11.0 send_fps=11.0 capture_size_errors=0 capture_identity_errors=0 | Avg(ms): wait=19.5 cache=1.4 subsample=23.3 encode=25.6 send=6.1 total=75.9 | JPEG=8658B
I (46116) rc_video: [VIDEO-TX] handoff cap=280 get=561 select_fail=0 finished=280 signal=280 acquire=280 acquire_fail=0 release_fail=0 backup=0/0
I (46167) rc_video: [STABLE-CAPTURE] pause=281/281 timeout=0 quiesce=280 resume=280 lifecycle_errors=0 repairs=280 staged_events=3293 copies=3091 fallback=0 errors=0 prepare=281 stale_queue=0 pending_vsync=79 sync=281 complete=281 incomplete=0 incomplete_blocks=0 hold=281/281 hold_timeout=0
I (48095) rc_net: [CAM-PROBE] Video TX seq=300 jpeg_len=8657 crc32=0x8d7e374f chunks=8
I (48926) rc_video: Sent 300 | cap_fps=10.7 send_fps=10.7 capture_size_errors=0 capture_identity_errors=0 | Avg(ms): wait=23.3 cache=1.4 subsample=23.7 encode=25.1 send=6.0 total=79.4 | JPEG=8656B
I (48926) rc_video: [VIDEO-TX] handoff cap=310 get=621 select_fail=0 finished=310 signal=310 acquire=310 acquire_fail=0 release_fail=0 backup=0/0
I (48975) rc_video: [STABLE-CAPTURE] pause=310/310 timeout=0 quiesce=310 resume=310 lifecycle_errors=0 repairs=310 staged_events=3643 copies=3421 fallback=0 errors=0 prepare=311 stale_queue=0 pending_vsync=88 sync=311 complete=311 incomplete=0 incomplete_blocks=0 hold=310/310 hold_timeout=0
I (50826) rc_net: [CAM-PROBE] Video TX seq=330 jpeg_len=9056 crc32=0x353c0c9e chunks=8
I (51657) rc_video: Sent 330 | cap_fps=11.0 send_fps=11.0 capture_size_errors=0 capture_identity_errors=0 | Avg(ms): wait=18.7 cache=1.4 subsample=23.7 encode=25.5 send=6.1 total=75.4 | JPEG=8543B
I (51657) rc_video: [VIDEO-TX] handoff cap=340 get=681 select_fail=0 finished=340 signal=340 acquire=340 acquire_fail=0 release_fail=0 backup=0/0
I (51709) rc_video: [STABLE-CAPTURE] pause=341/341 timeout=0 quiesce=340 resume=340 lifecycle_errors=0 repairs=340 staged_events=3995 copies=3751 fallback=0 errors=0 prepare=341 stale_queue=0 pending_vsync=95 sync=341 complete=341 incomplete=0 incomplete_blocks=0 hold=341/341 hold_timeout=0
I (53596) rc_net: [CAM-PROBE] Video TX seq=360 jpeg_len=8624 crc32=0xec452506 chunks=8
I (54427) rc_video: Sent 360 | cap_fps=10.9 send_fps=10.9 capture_size_errors=0 capture_identity_errors=0 | Avg(ms): wait=21.6 cache=1.4 subsample=23.2 encode=25.2 send=7.0 total=78.4 | JPEG=9107B
I (54427) rc_video: [VIDEO-TX] handoff cap=370 get=741 select_fail=0 finished=370 signal=370 acquire=370 acquire_fail=0 release_fail=0 backup=0/0
I (54427) rc_video: [STABLE-CAPTURE] pause=370/370 timeout=0 quiesce=370 resume=370 lifecycle_errors=0 repairs=370 staged_events=4345 copies=4080 fallback=0 errors=0 prepare=371 stale_queue=0 pending_vsync=105 sync=370 complete=370 incomplete=0 incomplete_blocks=0 hold=370/370 hold_timeout=0
I (56367) rc_net: [CAM-PROBE] Video TX seq=390 jpeg_len=8631 crc32=0xe07d61ab chunks=8
I (57237) rc_video: Sent 390 | cap_fps=10.7 send_fps=10.7 capture_size_errors=0 capture_identity_errors=0 | Avg(ms): wait=22.7 cache=1.4 subsample=23.6 encode=25.1 send=6.2 total=78.9 | JPEG=9170B
I (57237) rc_video: [VIDEO-TX] handoff cap=400 get=801 select_fail=0 finished=400 signal=400 acquire=400 acquire_fail=0 release_fail=0 backup=0/0
I (57237) rc_video: [STABLE-CAPTURE] pause=400/400 timeout=0 quiesce=400 resume=400 lifecycle_errors=0 repairs=400 staged_events=4695 copies=4410 fallback=0 errors=0 prepare=401 stale_queue=0 pending_vsync=114 sync=400 complete=400 incomplete=0 incomplete_blocks=0 hold=400/400 hold_timeout=0
I (59177) rc_net: [CAM-PROBE] Video TX seq=420 jpeg_len=9193 crc32=0xc933671d chunks=8
I (60030) rc_video: Sent 420 | cap_fps=10.8 send_fps=10.8 capture_size_errors=0 capture_identity_errors=0 | Avg(ms): wait=22.0 cache=1.4 subsample=23.4 encode=25.0 send=6.9 total=78.7 | JPEG=8495B
I (60038) rc_video: [VIDEO-TX] handoff cap=430 get=860 select_fail=0 finished=430 signal=430 acquire=430 acquire_fail=0 release_fail=0 backup=0/0
I (60048) rc_video: [STABLE-CAPTURE] pause=430/430 timeout=0 quiesce=430 resume=430 lifecycle_errors=0 repairs=430 staged_events=5035 copies=4730 fallback=0 errors=0 prepare=431 stale_queue=0 pending_vsync=123 sync=430 complete=430 incomplete=0 incomplete_blocks=0 hold=430/430 hold_timeout=0
I (61966) rc_net: [CAM-PROBE] Video TX seq=450 jpeg_len=8615 crc32=0xbf425a2c chunks=8
I (62779) rc_video: Sent 450 | cap_fps=10.8 send_fps=10.8 capture_size_errors=0 capture_identity_errors=0 | Avg(ms): wait=20.8 cache=1.5 subsample=23.4 encode=25.5 send=6.1 total=77.4 | JPEG=8647B
I (62779) rc_video: [VIDEO-TX] handoff cap=460 get=921 select_fail=0 finished=460 signal=460 acquire=460 acquire_fail=0 release_fail=0 backup=0/0
I (62827) rc_video: [STABLE-CAPTURE] pause=460/460 timeout=0 quiesce=460 resume=460 lifecycle_errors=0 repairs=460 staged_events=5396 copies=5071 fallback=0 errors=0 prepare=461 stale_queue=0 pending_vsync=132 sync=461 complete=461 incomplete=0 incomplete_blocks=0 hold=460/460 hold_timeout=0
I (64718) rc_net: [CAM-PROBE] Video TX seq=480 jpeg_len=8696 crc32=0x45a4b93b chunks=8
I (65552) rc_video: Sent 480 | cap_fps=10.8 send_fps=10.8 capture_size_errors=0 capture_identity_errors=0 | Avg(ms): wait=20.9 cache=1.4 subsample=23.2 encode=25.2 send=7.3 total=78.0 | JPEG=9154B
I (65552) rc_video: [VIDEO-TX] handoff cap=490 get=981 select_fail=0 finished=490 signal=490 acquire=490 acquire_fail=0 release_fail=0 backup=0/0
I (65552) rc_video: [STABLE-CAPTURE] pause=490/490 timeout=0 quiesce=490 resume=490 lifecycle_errors=0 repairs=490 staged_events=5746 copies=5400 fallback=0 errors=0 prepare=491 stale_queue=0 pending_vsync=140 sync=490 complete=490 incomplete=0 incomplete_blocks=0 hold=490/490 hold_timeout=0
W (65635) rc_tank: [DVP-MATRIX] result stage=3 strategy=sync_defer_to_eof11 complete=491 incomplete=0 incomplete_blocks=0 sync_defer=136 released=136 collisions=0 release_errors=0 defer_hist=0,0,0,0,0,0,0,0,0,2,134 mismatch_hist=0,0,0,5,173,340,156,40,20,20,161 prepare=491 pending=140 hold=491/491 hold_timeout=0
W (65655) rc_tank: [DVP-MATRIX] advance stage=4; restart in 1s
W (66660) rc_net: Video UDP send failed: seq=501 chunk=1/8 bytes=1208 sent=-1 errno=-1 attempts=4
W (66660) rc_video: Video send failed: ESP_FAIL
I (66701) wifi:station: 44:1b:f6:f3:ae:40 leave, AID = 1, reason = 2, bss_flags is 756851, bss:0x3fcf1374
I (66702) wifi:new:<1,0>, old:<1,1>, ap:<1,1>, sta:<255,255>, prof:1, snd_ch_cfg:0x0
I (66709) wifi:<ba-del>idx:2, tid:0
I (66711) wifi:new:<1,1>, old:<1,0>, ap:<1,1>, sta:<255,255>, prof:1, snd_ch_cfg:0x0
I (66720) rc_net: STA disconnected, MAC: 44:1b:f6:f3:ae:40
W (66723) rc_control: Network disconnected: motor stop enforced
W (66729) rc_tank: Network disconnected
W (66763) rc_video: Video send failed: ESP_ERR_INVALID_STATE
W (66855) rc_video: Video send failed: ESP_ERR_INVALID_STATE
W (66934) rc_video: Video send failed: ESP_ERR_INVALID_STATE
W (67014) rc_video: Video send failed: ESP_ERR_INVALID_STATE
W (67096) rc_video: Video send failed: ESP_ERR_INVALID_STATE
W (67172) rc_video: Video send failed: ESP_ERR_INVALID_STATE
W (67251) rc_video: Video send failed: ESP_ERR_INVALID_STATE
I (67314) wifi:flush txq
I (67315) wifi:stop sw txq
I (67315) wifi:lmac stop hw txq
†žESP-ROM:esp32s3-20210327
Build:Mar 27 2021
rst:0xc (RTC_SW_CPU_RST),boot:0x3 (DOWNLOAD(USB/UART0))
Saved PC:0x403812c5
waiting for download

[HOST-DVP-MATRIX 12:29:10] SYNC-R1-RESUME Tank restart recovery=2

[HOST-DVP-MATRIX 12:29:10] Tank RAM bootloader start
esptool.py v4.12.dev2
Serial port COM7
Connecting....
Chip is ESP32-S3 (QFN56) (revision v0.2)
Features: WiFi, BLE
Crystal is 40MHz
MAC: 44:1b:f6:f3:ae:78
Uploading stub...
Running stub...
Stub running...
RAM boot...
Downloading 5360 bytes at 3fce2820... done!
Downloading 3364 bytes at 403c8700... done!
Downloading 12016 bytes at 403cb700... done!
All segments done, executing at 403c8924
Exiting immediately.

[HOST-DVP-MATRIX 12:29:13] Tank RAM bootloader complete
revision: v0.2
I (2942) boot: efuse block revision: v1.3
I (2946) boot.esp32s3: Boot SPI Speed : 80MHz
I (2950) boot.esp32s3: SPI Mode       : SLOW READ
I (2954) boot.esp32s3: SPI Flash Size : 8MB
I (2958) boot: Enabling RNG early entropy source...
I (2963) boot: Partition Table:
I (2966) boot: ## Label            Usage          Type ST Offset   Length
I (2972) boot:  0 nvs              WiFi data        01 02 00009000 00006000
I (2979) boot:  1 phy_init         RF data          01 01 0000f000 00001000
I (2986) boot:  2 factory          factory app      00 00 00010000 00300000
I (2992) boot:  3 storage          Unknown data     01 82 00310000 00100000
I (2999) boot: End of partition table
I (3003) esp_image: segment 0: paddr=00010020 vaddr=3c0a0020 size=24db0h (150960) map
I (3102) esp_image: segment 1: paddr=00034dd8 vaddr=3fca0d00 size=05560h ( 21856) load
I (3116) esp_image: segment 2: paddr=0003a340 vaddr=40374000 size=05cd8h ( 23768) load
I (3132) esp_image: segment 3: paddr=00040020 vaddr=42000020 size=9b798h (636824) map
I (3521) esp_image: segment 4: paddr=000db7c0 vaddr=40379cd8 size=16fe0h ( 94176) load
I (3582) esp_image: segment 5: paddr=000f27a8 vaddr=50000000 size=00020h (    32) load
I (3594) boot: Loaded app from partition at offset 0x10000
I (3594) boot: Disabling RNG early entropy source...
I (3606) esp_psram: Found 8MB PSRAM device
I (3606) esp_psram: Speed: 80MHz
I (3607) cpu_start: Multicore app
I (4524) esp_psram: SPI SRAM memory test OK
I (4533) cpu_start: GPIO 44 and 43 are used as console UART I/O pins
I (4534) cpu_start: Pro cpu start user code
I (4534) cpu_start: cpu freq: 240000000 Hz
I (4536) app_init: Application information:
I (4539) app_init: Project name:     rc_tank_demo
I (4544) app_init: App version:      1
I (4547) app_init: Compile time:     Aug 26 2026 12:18:42
I (4553) app_init: ELF file SHA256:  5f9ce93e0...
I (4557) app_init: ESP-IDF:          GIT-NOTFOUND
I (4561) efuse_init: Min chip rev:     v0.0
I (4565) efuse_init: Max chip rev:     v0.99 
I (4569) efuse_init: Chip rev:         v0.2
I (4573) heap_init: Initializing. RAM available for dynamic allocation:
I (4580) heap_init: At 3FCAA3D0 len 0003F340 (252 KiB): RAM
I (4585) heap_init: At 3FCE9710 len 00005724 (21 KiB): RAM
I (4590) heap_init: At 3FCF0000 len 00008000 (32 KiB): DRAM
I (4595) heap_init: At 600FE000 len 00001FE8 (7 KiB): RTCRAM
I (4601) esp_psram: Adding pool of 8192K of PSRAM memory to heap allocator
I (4609) spi_flash: detected chip: generic
I (4611) spi_flash: flash io: dio
I (4615) sleep_gpio: Configure to isolate all GPIO pins in sleep state
I (4621) sleep_gpio: Enable automatic switching of GPIO sleep configuration
I (4628) main_task: Started on CPU0
I (4652) esp_psram: Reserving pool of 64K of internal memory for DMA/internal allocations
I (4653) main_task: Calling app_main()
I (4669) rc_tank: === RC Tank Demo (EX-035) Role: TANK ===
I (4670) rc_tank: Startup delay 10 s (open serial monitor now)...
I (4670) rc_tank:   starting in 10 s
I (5673) rc_tank:   starting in 9 s
I (6673) rc_tank:   starting in 8 s
I (7673) rc_tank:   starting in 7 s
I (8673) rc_tank:   starting in 6 s
I (9673) rc_tank:   starting in 5 s
I (10673) rc_tank:   starting in 4 s
I (11673) rc_tank:   starting in 3 s
I (12673) rc_tank:   starting in 2 s
I (13673) rc_tank:   starting in 1 s
I (14673) rc_tank: Starting Tank role (P1: network, P2: control, P3: video)
I (14673) board_laiwfs300: init board support package
I (14673) board_laiwfs300: init capability registry
I (14678) board_laiwfs300: init I2C bus: SDA=GPIO48 SCL=GPIO47
I (14684) bus_i2c: I2C0 initialized: SDA=GPIO48 SCL=GPIO47 speed=100000Hz
I (14690) board_laiwfs300: --- I2C bus scan (0x08-0x77) ---
I (14697) board_laiwfs300:   I2C device ACK at 0x15
I (14700) board_laiwfs300:   I2C device ACK at 0x18
I (14705) board_laiwfs300:   I2C device ACK at 0x21
I (14709) board_laiwfs300:   I2C device ACK at 0x22
I (14717) board_laiwfs300:   I2C device ACK at 0x40
I (14720) board_laiwfs300:   I2C device ACK at 0x51
I (14726) board_laiwfs300:   I2C device ACK at 0x68
I (14729) board_laiwfs300: --- I2C scan done: 7 device(s) found ---
W (14733) board_laiwfs300: TPT29555A (IOEX) NOT found at 0x20 (NACK)
I (14739) board_laiwfs300: ES8311 (Codec) found at 0x18
I (14744) board_laiwfs300: ES7210 (ADC) found at 0x40
I (14749) board_laiwfs300: AIP8563 (RTC) found at 0x51
I (14754) board_laiwfs300: BMI260 (IMU @0x68) found at 0x68
W (14759) board_laiwfs300: BMI260 (IMU @0x69) NOT found at 0x69 (NACK)
I (14765) board_laiwfs300: SP0A39 (Camera) found at 0x21
I (14772) board_laiwfs300: ES8311 chip ID: 0x83 0x11
I (14776) board_laiwfs300: ES7210 chip ID: 0x72
I (14781) board_laiwfs300: AIP8563 RTC time: 00:02:26 (BCD raw)
I (14785) board_laiwfs300: BMI260 chip ID: 0x27 (expect 0x27)
I (14790) board_laiwfs300: init SPI bus manager
I (14796) board_laiwfs300: init ADC service
I (14799) board_adc: ADC1 oneshot initialized
I (14803) board_laiwfs300: init board power service
I (14808) board_laiwfs300: ADC D0_DETECT (GPIO1): raw=4095 (~3100 mV)
I (14813) board_laiwfs300: ADC BAT_ADC (GPIO7): raw=1649 (~1248 mV)
I (14819) board_laiwfs300: ADC SW_ADC (GPIO8): raw=4095 (~3100 mV)
I (14825) board_laiwfs300: init IO expander: TPT29555A addr=0x22
I (14834) io_expander: TPT29555A initialized at 0x22
I (14836) board_laiwfs300: IO expander initialized OK
I (14840) board_laiwfs300: init module detect
I (14845) board_laiwfs300: register detection rules
I (14849) board_laiwfs300: register default capabilities
I (14854) board_laiwfs300: board init complete (ioex=OK)
I (14859) rc_tank: [STEP] Motor init starting...
I (14864) board_motor: motor input 1 -> GPIO5 / LEDC channel 0
I (14869) board_motor: motor input 2 -> GPIO4 / LEDC channel 1
I (14875) board_motor: motor input 3 -> GPIO37 / LEDC channel 2
I (14880) board_motor: motor input 4 -> GPIO45 / LEDC channel 3
I (14886) rc_control: Motor initialized
I (14889) rc_tank: [STEP] Motor init OK
I (14893) rc_tank: [STEP] Display init starting...
I (14898) rc_video: Initializing Tank display
I (14903) display_hal: init ST7789V3 LCD 240x320 SPI host=1
E (15048) spi: spi_bus_initialize(816): SPI bus already initialized.
I (15169) display_hal: ST7789V3 LCD initialized
I (15169) board_display: display mapped: MOSI=GPIO13 SCK=GPIO12 CS=GPIO10 DC=GPIO16 BL=GPIO17 LCD_RST=IOEX P1_5 pclk=20000000
I (15174) rc_video: Tank display task started (status screen)
I (15175) rc_video: Tank display initialized (status task owns LCD)
I (15185) rc_tank: [STEP] Display init OK
I (15189) rc_tank: [STEP] Camera init starting...
I (15193) rc_video: Initializing camera (SP0A39 640x480 VYUY)
I (15199) board_camera: initializing SP0A39 camera mode=0 640x480
I (15204) camera_hal: init SP0A39 DVP 640x480 (SCCB manual mode)
I (15210) camera_hal: configuring IOEX pins for camera RESET/PWDN
I (15217) camera_hal: PWDN=HIGH (power down)
I (15230) camera_hal: PWDN=LOW (release sensor)
I (15430) camera_hal: RESET=LOW (assert reset)
I (15450) camera_hal: RESET=HIGH (release reset)
I (16450) camera_hal: full I2C scan after camera power-up (diagnostic only)...
I (16452) camera_hal:   post-powerup ACK at 0x15
I (16452) camera_hal:   post-powerup ACK at 0x18
I (16455) camera_hal:   post-powerup ACK at 0x21
I (16459) camera_hal:   post-powerup ACK at 0x22
I (16467) camera_hal:   post-powerup ACK at 0x40
I (16469) camera_hal:   post-powerup ACK at 0x51
I (16475) camera_hal:   post-powerup ACK at 0x68
I (16478) camera_hal: DVP GPIO diagnostics (checking PCLK/VSYNC/HSYNC activity)...
I (16544) camera_hal: DVP diagnostics: PCLK_changes=0 VSYNC_changes=0 HSYNC_changes=0
W (16544) camera_hal: PCLK has no transitions - MCLK likely not reaching sensor or sensor not active
I (16549) camera_hal: using sensor address 0x21
I (16554) camera_hal: SP0A39 I2C device added at 0x21
I (16560) camera_hal: SP0A39 chip ID: 0x0A39
I (16682) camera_hal: SP0A39 register init done: VYUY 640x480 (359 regs)
I (16683) camera_hal: [CAM-PROBE] SP0A39 p0_31 stage=post_table value=0x00 expected=0x01
E (16685) camera_hal: camera_hal_verify_expected_output_p0_31(92): unexpected p0_31=0x00 at post_table
W (16695) camera_hal: [CAM-PROBE] output state differs after table; continuing: ESP_ERR_INVALID_RESPONSE
I (16724) camera_hal: [CAM-PROBE] SP0A39 p0_31 stage=post_delay value=0x01 expected=0x01
I (16725) camera_hal: camera HAL initialized (sensor ready, DVP capture not yet implemented)
I (16729) board_camera: camera ready
I (16737) camera_hal: SP0A39 output regs: P0:1c=0x00 P0:30=0x01 P0:31=0x01 P1:32=0x15 P1:34=0xeb P1:35=0x00 P1:36=0x10
I (16869) rc_video:   3 DMA-capable PSRAM framebuffers allocated (600 KB each)
I (16872) dvp_ext: DVP Extended camera controller driver is initialized
I (16872) dvp_ext: [STABLE-DVP] assembly uses GDMA-EOF direct copy; dma=102400 half=51200 queue_data_events=suppressed eof_desc=probe
I (16883) rc_video: [STABLE-CAPTURE] staged DVP controller created dma=102400 half=51200
I (16891) rc_video: Camera initialized
I (16895) rc_tank: [STEP] Camera init OK
W (16899) rc_tank: [DVP-MATRIX] pre-network stage=4 strategy=sync_direct frames=0 sync_defer=0 wifi=off video_tx=not_created
I (16909) rc_tank: [STEP] Network init starting...
I (16915) rc_net: Initializing as SoftAP (Tank)
I (16919) pp: pp rom version: e7ae62f
I (16922) net80211: net80211 rom version: e7ae62f
I (16927) wifi:wifi driver task: 3fce4a38, prio:23, stack:6656, core=0
I (16939) wifi:wifi firmware version: 0947e8b
I (16939) wifi:wifi certification version: v7.0
I (16940) wifi:config NVS flash: enabled
I (16944) wifi:config nano formatting: disabled
I (16948) wifi:Init data frame dynamic rx buffer num: 32
I (16953) wifi:Init static rx mgmt buffer num: 5
I (16958) wifi:Init management short buffer num: 32
I (16962) wifi:Init dynamic tx buffer num: 64
I (16966) wifi:Init static tx FG buffer num: 2
I (16971) wifi:Init static rx buffer size: 1600
I (16975) wifi:Init static rx buffer num: 10
I (16979) wifi:Init dynamic rx buffer num: 32
I (16984) wifi_init: rx ba win: 6
I (16986) wifi_init: accept mbox: 6
I (16989) wifi_init: tcpip mbox: 16
I (16992) wifi_init: udp mbox: 6
I (16995) wifi_init: tcp mbox: 6
I (16998) wifi_init: tcp tx win: 5760
I (17002) wifi_init: tcp rx win: 5760
I (17005) wifi_init: tcp mss: 1440
I (17008) wifi_init: WiFi IRAM OP enabled
I (17012) wifi_init: WiFi RX IRAM OP enabled
I (17016) rc_net: AP set_mode/config, SSID=RC_TANK_F3AE79 ch=1
I (17026) phy_init: phy_version 711,97bcf0a2,Aug 25 2025,19:04:10
I (17067) wifi:mode : softAP (44:1b:f6:f3:ae:79)
I (17072) wifi:Total power save buffer number: 32
I (17073) wifi:Init max length of beacon: 752/752
I (17073) wifi:Init max length of beacon: 752/752
I (17076) rc_net: SoftAP started, SSID: RC_TANK_F3AE79, Password: 12345678
I (17077) esp_netif_lwip: DHCP server started on interface WIFI_AP_DEF with IP: 192.168.4.1
I (17090) rc_tank: [STEP] Network init OK
I (17093) rc_tank: Tank SoftAP ready, waiting for remote...
I (17099) rc_control: Ctrl RX task started
I (17102) rc_control: Tank control started
I (17106) rc_tank: Tank running (video + control; audio disabled)
I (17112) rc_tank: app_main done, idle loop
I (23703) wifi:removing station <44:1b:f6:f3:ae:40> after unsuccessful auth/assoc, AID = 0
W (23704) wifi:rm mis
I (23704) wifi:new:<1,0>, old:<1,1>, ap:<1,1>, sta:<255,255>, prof:1, snd_ch_cfg:0x0
I (23711) wifi:new:<1,1>, old:<1,0>, ap:<1,1>, sta:<255,255>, prof:1, snd_ch_cfg:0x0
I (30108) wifi:new:<1,1>, old:<1,1>, ap:<1,1>, sta:<255,255>, prof:1, snd_ch_cfg:0x0
I (30110) wifi:station: 44:1b:f6:f3:ae:40 join, AID=1, bgn, 40U
I (30143) rc_net: STA connected, MAC: 44:1b:f6:f3:ae:40
I (30180) esp_netif_lwip: DHCP server assigned IP to a client, IP is: 192.168.4.2
I (30181) rc_net: STA assigned IP: 192.168.4.2
I (30181) rc_tank: Network connected, peer: 192.168.4.2
W (30187) rc_tank: [DVP-MATRIX] start stage=4 strategy=sync_direct preflight_frames=0 sync_defer=0 video_tx=not_created
I (30198) rc_net: Ctrl UDP socket bound to port 8001
I (30202) rc_net: Video UDP socket bound to port 8002
I (30207) rc_net: Audio TCP listening on port 8003
I (30211) rc_tank: Socket channels started
I (30214) rc_video: No local preview active; formal video handoff skipped
I (30223) camera_hal: [CAM-PROBE] SP0A39 p0_31 stage=dvp_started value=0x01 expected=0x01
I (30236) rc_video: Video TX task started (240x180, sensor-driven, Q=60)
I (30237) rc_video: TX theory: raw=614400 B/frame, encoded YUV=86400 B/frame, target10fps raw=0.86 MB/s
I (30244) rc_video: PSRAM TX buffers: subsample=86400B jpeg=43200B send=43208B free_psram=5592524 free_internal=59519
I (30252) rc_video: Tank video started (camera source)
I (30255) rc_video: TX buffer caps: subsample=0x3c350120(psram=1) jpeg=0x3c3652a4(psram=1) send=0x3c36fea8(psram=1)
W (30298) rc_tank: [DVP-MATRIX] observe stage=4 strategy=sync_direct duration_ms=45000 sync_defer=0 under live Q60/UDP load
I (30337) rc_net: [CAM-PROBE] Video TX seq=0 jpeg_len=9112 crc32=0xb702e9be chunks=8
W (30384) rc_net: Video UDP send failed: seq=0 chunk=4/8 bytes=1208 sent=-1 errno=12 attempts=4
W (30385) rc_video: Video send failed: ESP_FAIL
W (30439) rc_video: Video send failed: ESP_FAIL

[HOST-DVP-MATRIX 12:29:41] SYNC-R1-RESUME stage=4 visible window begin
W (30574) rc_video: Video send failed: ESP_FAIL
W (30673) rc_video: Video send failed: ESP_FAIL
W (30861) rc_video: Video send failed: ESP_FAIL
W (30915) rc_video: Video send failed: ESP_FAIL
W (31052) rc_video: Video send failed: ESP_FAIL
W (31133) rc_video: Video send failed: ESP_FAIL
I (31247) wifi:<ba-add>idx:2 (ifx:1, 44:1b:f6:f3:ae:40), tid:0, ssn:0, winSize:64
I (33741) rc_net: [CAM-PROBE] Video TX seq=30 jpeg_len=9130 crc32=0x8de29b5f chunks=8
I (34490) rc_video: Sent 30 | cap_fps=8.9 send_fps=7.0 capture_size_errors=0 capture_identity_errors=0 | Avg(ms): wait=44.7 cache=1.5 subsample=23.3 encode=24.6 send=6.1 total=100.2 | JPEG=9183B
I (34490) rc_video: [VIDEO-TX] handoff cap=38 get=77 select_fail=0 finished=38 signal=38 acquire=38 acquire_fail=0 release_fail=0 backup=0/0
I (34490) rc_video: [STABLE-CAPTURE] pause=38/38 timeout=0 quiesce=38 resume=38 lifecycle_errors=0 repairs=38 staged_events=589 copies=568 fallback=0 errors=0 prepare=39 stale_queue=0 pending_vsync=18 sync=52 complete=38 incomplete=14 incomplete_blocks=140 hold=38/38 hold_timeout=0
I (37083) rc_net: [CAM-PROBE] Video TX seq=60 jpeg_len=9459 crc32=0xb351503a chunks=8
I (37841) rc_video: Sent 60 | cap_fps=9.0 send_fps=9.0 capture_size_errors=0 capture_identity_errors=0 | Avg(ms): wait=40.5 cache=1.4 subsample=23.6 encode=24.6 send=6.3 total=96.5 | JPEG=9401B
I (37848) rc_video: [VIDEO-TX] handoff cap=68 get=136 select_fail=0 finished=68 signal=68 acquire=68 acquire_fail=0 release_fail=0 backup=0/0
I (37857) rc_video: [STABLE-CAPTURE] pause=68/68 timeout=0 quiesce=68 resume=68 lifecycle_errors=0 repairs=68 staged_events=1040 copies=1002 fallback=0 errors=0 prepare=69 stale_queue=0 pending_vsync=32 sync=93 complete=67 incomplete=26 incomplete_blocks=260 hold=68/68 hold_timeout=0
I (40546) rc_net: [CAM-PROBE] Video TX seq=90 jpeg_len=9144 crc32=0xf588222d chunks=8
I (41363) rc_video: Sent 90 | cap_fps=8.5 send_fps=8.5 capture_size_errors=0 capture_identity_errors=0 | Avg(ms): wait=49.1 cache=1.4 subsample=23.5 encode=24.5 send=6.1 total=104.7 | JPEG=9643B
I (41370) rc_video: [VIDEO-TX] handoff cap=98 get=196 select_fail=0 finished=98 signal=98 acquire=98 acquire_fail=0 release_fail=0 backup=0/0
I (41380) rc_video: [STABLE-CAPTURE] pause=98/98 timeout=0 quiesce=98 resume=98 lifecycle_errors=0 repairs=98 staged_events=1526 copies=1473 fallback=0 errors=0 prepare=99 stale_queue=0 pending_vsync=47 sync=137 complete=97 incomplete=40 incomplete_blocks=400 hold=98/98 hold_timeout=0
I (43931) rc_net: [CAM-PROBE] Video TX seq=120 jpeg_len=9513 crc32=0xadde50ec chunks=8
I (44741) rc_video: Sent 120 | cap_fps=8.8 send_fps=8.8 capture_size_errors=0 capture_identity_errors=0 | Avg(ms): wait=44.9 cache=1.5 subsample=23.2 encode=24.8 send=6.2 total=100.6 | JPEG=9315B
I (44741) rc_video: [VIDEO-TX] handoff cap=128 get=257 select_fail=0 finished=128 signal=128 acquire=128 acquire_fail=0 release_fail=0 backup=0/0
I (44741) rc_video: [STABLE-CAPTURE] pause=128/128 timeout=0 quiesce=128 resume=128 lifecycle_errors=0 repairs=128 staged_events=2003 copies=1934 fallback=0 errors=0 prepare=129 stale_queue=0 pending_vsync=60 sync=179 complete=127 incomplete=52 incomplete_blocks=520 hold=128/128 hold_timeout=0
I (47235) rc_net: [CAM-PROBE] Video TX seq=150 jpeg_len=9139 crc32=0x5be21834 chunks=8
I (47987) rc_video: Sent 150 | cap_fps=9.2 send_fps=9.2 capture_size_errors=0 capture_identity_errors=0 | Avg(ms): wait=37.5 cache=1.6 subsample=23.6 encode=24.7 send=6.0 total=93.4 | JPEG=9164B
I (47987) rc_video: [VIDEO-TX] handoff cap=158 get=317 select_fail=0 finished=158 signal=158 acquire=158 acquire_fail=0 release_fail=0 backup=0/0
I (47987) rc_video: [STABLE-CAPTURE] pause=158/158 timeout=0 quiesce=158 resume=158 lifecycle_errors=0 repairs=158 staged_events=2440 copies=2354 fallback=0 errors=0 prepare=159 stale_queue=0 pending_vsync=73 sync=218 complete=157 incomplete=61 incomplete_blocks=610 hold=158/158 hold_timeout=0
I (50480) rc_net: [CAM-PROBE] Video TX seq=180 jpeg_len=9189 crc32=0x5518482c chunks=8
I (51297) rc_video: Sent 180 | cap_fps=9.1 send_fps=9.1 capture_size_errors=0 capture_identity_errors=0 | Avg(ms): wait=39.2 cache=1.5 subsample=23.5 encode=24.7 send=6.1 total=94.9 | JPEG=9750B
I (51304) rc_video: [VIDEO-TX] handoff cap=188 get=376 select_fail=0 finished=188 signal=188 acquire=188 acquire_fail=0 release_fail=0 backup=0/0
I (51314) rc_video: [STABLE-CAPTURE] pause=188/188 timeout=0 quiesce=188 resume=188 lifecycle_errors=0 repairs=188 staged_events=2879 copies=2776 fallback=0 errors=0 prepare=189 stale_queue=0 pending_vsync=87 sync=258 complete=186 incomplete=72 incomplete_blocks=720 hold=188/188 hold_timeout=0
I (53945) rc_net: [CAM-PROBE] Video TX seq=210 jpeg_len=9406 crc32=0x57254b94 chunks=8
I (54755) rc_video: Sent 210 | cap_fps=8.6 send_fps=8.6 capture_size_errors=0 capture_identity_errors=0 | Avg(ms): wait=47.6 cache=1.5 subsample=23.3 encode=24.4 send=6.4 total=103.1 | JPEG=9196B
I (54755) rc_video: [VIDEO-TX] handoff cap=218 get=437 select_fail=0 finished=218 signal=218 acquire=218 acquire_fail=0 release_fail=0 backup=0/0
I (54755) rc_video: [STABLE-CAPTURE] pause=218/218 timeout=0 quiesce=218 resume=218 lifecycle_errors=0 repairs=218 staged_events=3364 copies=3246 fallback=0 errors=0 prepare=219 stale_queue=0 pending_vsync=101 sync=301 complete=216 incomplete=85 incomplete_blocks=850 hold=218/218 hold_timeout=0
I (57327) rc_net: [CAM-PROBE] Video TX seq=240 jpeg_len=9174 crc32=0x83fba2ec chunks=8
I (58067) rc_video: Sent 240 | cap_fps=9.1 send_fps=9.1 capture_size_errors=0 capture_identity_errors=0 | Avg(ms): wait=37.6 cache=1.4 subsample=23.5 encode=24.7 send=8.2 total=95.5 | JPEG=9742B
I (58074) rc_video: [VIDEO-TX] handoff cap=248 get=496 select_fail=0 finished=248 signal=248 acquire=248 acquire_fail=0 release_fail=0 backup=0/0
I (58083) rc_video: [STABLE-CAPTURE] pause=248/248 timeout=0 quiesce=248 resume=248 lifecycle_errors=0 repairs=248 staged_events=3804 copies=3668 fallback=0 errors=0 prepare=249 stale_queue=0 pending_vsync=115 sync=341 complete=245 incomplete=96 incomplete_blocks=960 hold=248/248 hold_timeout=0
I (60711) rc_net: [CAM-PROBE] Video TX seq=270 jpeg_len=9632 crc32=0x80d03761 chunks=9
I (61486) rc_video: Sent 270 | cap_fps=8.7 send_fps=8.7 capture_size_errors=0 capture_identity_errors=0 | Avg(ms): wait=46.3 cache=1.4 subsample=23.6 encode=24.6 send=6.0 total=101.8 | JPEG=9138B
I (61486) rc_video: [VIDEO-TX] handoff cap=278 get=557 select_fail=0 finished=278 signal=278 acquire=278 acquire_fail=0 release_fail=0 backup=0/0
I (61486) rc_video: [STABLE-CAPTURE] pause=278/278 timeout=0 quiesce=278 resume=278 lifecycle_errors=0 repairs=278 staged_events=4280 copies=4129 fallback=0 errors=0 prepare=279 stale_queue=0 pending_vsync=129 sync=383 complete=275 incomplete=108 incomplete_blocks=1080 hold=278/278 hold_timeout=0
I (64195) rc_net: [CAM-PROBE] Video TX seq=300 jpeg_len=9230 crc32=0x893571cf chunks=8
I (65009) rc_video: Sent 300 | cap_fps=8.5 send_fps=8.5 capture_size_errors=0 capture_identity_errors=0 | Avg(ms): wait=50.7 cache=1.5 subsample=23.3 encode=24.3 send=6.3 total=105.9 | JPEG=9170B
I (65009) rc_video: [VIDEO-TX] handoff cap=308 get=617 select_fail=0 finished=308 signal=308 acquire=308 acquire_fail=0 release_fail=0 backup=0/0
I (65009) rc_video: [STABLE-CAPTURE] pause=308/308 timeout=0 quiesce=308 resume=308 lifecycle_errors=0 repairs=308 staged_events=4765 copies=4599 fallback=0 errors=0 prepare=309 stale_queue=0 pending_vsync=144 sync=427 complete=305 incomplete=122 incomplete_blocks=1220 hold=308/308 hold_timeout=0
I (67658) rc_net: [CAM-PROBE] Video TX seq=330 jpeg_len=9155 crc32=0xf6a27725 chunks=8
I (68473) rc_video: Sent 330 | cap_fps=8.7 send_fps=8.7 capture_size_errors=0 capture_identity_errors=0 | Avg(ms): wait=46.8 cache=1.4 subsample=23.4 encode=24.4 send=6.0 total=102.1 | JPEG=9459B
I (68480) rc_video: [VIDEO-TX] handoff cap=338 get=676 select_fail=0 finished=338 signal=338 acquire=338 acquire_fail=0 release_fail=0 backup=0/0
I (68492) rc_video: [STABLE-CAPTURE] pause=338/338 timeout=0 quiesce=338 resume=338 lifecycle_errors=0 repairs=338 staged_events=5226 copies=5044 fallback=0 errors=0 prepare=339 stale_queue=0 pending_vsync=159 sync=470 complete=335 incomplete=135 incomplete_blocks=1340 hold=338/338 hold_timeout=0
I (71141) rc_net: [CAM-PROBE] Video TX seq=360 jpeg_len=9152 crc32=0x351e43c5 chunks=8
I (71813) rc_video: Sent 360 | cap_fps=8.9 send_fps=8.9 capture_size_errors=0 capture_identity_errors=0 | Avg(ms): wait=41.3 cache=1.5 subsample=23.5 encode=24.7 send=6.2 total=97.2 | JPEG=8723B
I (71813) rc_video: [VIDEO-TX] handoff cap=368 get=737 select_fail=0 finished=368 signal=368 acquire=368 acquire_fail=0 release_fail=0 backup=0/0
I (71865) rc_video: [STABLE-CAPTURE] pause=369/369 timeout=0 quiesce=368 resume=368 lifecycle_errors=0 repairs=368 staged_events=5693 copies=5495 fallback=0 errors=0 prepare=369 stale_queue=0 pending_vsync=172 sync=512 complete=366 incomplete=146 incomplete_blocks=1450 hold=369/369 hold_timeout=0
I (74487) rc_net: [CAM-PROBE] Video TX seq=390 jpeg_len=9360 crc32=0xa403056d chunks=8
I (75296) rc_video: Sent 390 | cap_fps=8.6 send_fps=8.6 capture_size_errors=0 capture_identity_errors=0 | Avg(ms): wait=47.3 cache=1.5 subsample=23.5 encode=24.5 send=6.2 total=103.0 | JPEG=9300B
I (75296) rc_video: [VIDEO-TX] handoff cap=398 get=797 select_fail=0 finished=398 signal=398 acquire=398 acquire_fail=0 release_fail=0 backup=0/0
I (75296) rc_video: [STABLE-CAPTURE] pause=398/398 timeout=0 quiesce=398 resume=398 lifecycle_errors=0 repairs=398 staged_events=6169 copies=5955 fallback=0 errors=0 prepare=399 stale_queue=0 pending_vsync=185 sync=554 complete=395 incomplete=159 incomplete_blocks=1580 hold=398/398 hold_timeout=0
W (75346) rc_tank: [DVP-MATRIX] result stage=4 strategy=sync_direct complete=396 incomplete=159 incomplete_blocks=1580 sync_defer=0 released=0 collisions=0 release_errors=0 defer_hist=0,0,0,0,0,0,0,0,0,0,0 mismatch_hist=0,1,0,1,82,209,135,41,8,12,188 prepare=399 pending=185 hold=398/398 hold_timeout=0
W (75398) rc_tank: [DVP-MATRIX] advance stage=5; restart in 1s
I (76399) wifi:station: 44:1b:f6:f3:ae:40 leave, AID = 1, reason = 2, bss_flags is 756851, bss:0x3fcf1374
I (76401) wifi:new:<1,0>, old:<1,1>, ap:<1,1>, sta:<255,255>, prof:1, snd_ch_cfg:0x0
I (76446) wifi:<ba-del>idx:2, tid:0
I (76447) wifi:new:<1,1>, old:<1,0>, ap:<1,1>, sta:<255,255>, prof:1, snd_ch_cfg:0x0
I (76450) rc_net: STA disconnected, MAC: 44:1b:f6:f3:ae:40
W (76405) rc_net: Video UDP send failed: seq=407 chunk=1/8 bytes=1208 sent=-1 errno=-1 attempts=4
W (76455) rc_video: Video send failed: ESP_FAIL
W (76452) rc_control: Network disconnected: motor stop enforced
W (76496) rc_tank: Network disconnected
W (76559) rc_video: Video send failed: ESP_ERR_INVALID_STATE
W (76642) rc_video: Video send failed: ESP_ERR_INVALID_STATE
W (76724) rc_video: Video send failed: ESP_ERR_INVALID_STATE
W (76840) rc_video: Video send failed: ESP_ERR_INVALID_STATE
W (76919) rc_video: Video send failed: ESP_ERR_INVALID_STATE
W (77038) rc_video: Video send failed: ESP_ERR_INVALID_STATE
W (77157) rc_video: Video send failed: ESP_ERR_INVALID_STATE
W (77275) rc_video: Video send failed: ESP_ERR_INVALID_STATE
W (77394) rc_video: Video send failed: ESP_ERR_INVALID_STATE
I (77501) wifi:flush txq
I (77502) wifi:stop sw txq
I (77502) wifi:lmac stop hw txq
ESP-ROM:esp32s3-20210327
Build:Mar 27 2021
rst:0xc (RTC_SW_CPU_RST),boot:0x3 (DOWNLOAD(USB/UART0))
Saved PC:0x403812c5
waiting for download

[HOST-DVP-MATRIX 12:30:28] SYNC-R1-RESUME Tank restart recovery=3

[HOST-DVP-MATRIX 12:30:28] Tank RAM bootloader start
esptool.py v4.12.dev2
Serial port COM7
Connecting..............
Chip is ESP32-S3 (QFN56) (revision v0.2)
Features: WiFi, BLE
Crystal is 40MHz
MAC: 44:1b:f6:f3:ae:78
Uploading stub...
Running stub...
Stub running...
RAM boot...
Downloading 5360 bytes at 3fce2820... done!
Downloading 3364 bytes at 403c8700... done!
Downloading 12016 bytes at 403cb700... done!
All segments done, executing at 403c8924
Exiting immediately.

[HOST-DVP-MATRIX 12:30:33] Tank RAM bootloader complete
2
I (2929) boot: efuse block revision: v1.3
I (2933) boot.esp32s3: Boot SPI Speed : 80MHz
I (2937) boot.esp32s3: SPI Mode       : SLOW READ
I (2941) boot.esp32s3: SPI Flash Size : 8MB
I (2945) boot: Enabling RNG early entropy source...
I (2950) boot: Partition Table:
I (2953) boot: ## Label            Usage          Type ST Offset   Length
I (2959) boot:  0 nvs              WiFi data        01 02 00009000 00006000
I (2966) boot:  1 phy_init         RF data          01 01 0000f000 00001000
I (2973) boot:  2 factory          factory app      00 00 00010000 00300000
I (2979) boot:  3 storage          Unknown data     01 82 00310000 00100000
I (2986) boot: End of partition table
I (2990) esp_image: segment 0: paddr=00010020 vaddr=3c0a0020 size=24db0h (150960) map
I (3089) esp_image: segment 1: paddr=00034dd8 vaddr=3fca0d00 size=05560h ( 21856) load
I (3103) esp_image: segment 2: paddr=0003a340 vaddr=40374000 size=05cd8h ( 23768) load
I (3119) esp_image: segment 3: paddr=00040020 vaddr=42000020 size=9b798h (636824) map
I (3508) esp_image: segment 4: paddr=000db7c0 vaddr=40379cd8 size=16fe0h ( 94176) load
I (3570) esp_image: segment 5: paddr=000f27a8 vaddr=50000000 size=00020h (    32) load
I (3581) boot: Loaded app from partition at offset 0x10000
I (3581) boot: Disabling RNG early entropy source...
I (3593) esp_psram: Found 8MB PSRAM device
I (3593) esp_psram: Speed: 80MHz
I (3594) cpu_start: Multicore app
I (4512) esp_psram: SPI SRAM memory test OK
I (4520) cpu_start: GPIO 44 and 43 are used as console UART I/O pins
I (4521) cpu_start: Pro cpu start user code
I (4521) cpu_start: cpu freq: 240000000 Hz
I (4523) app_init: Application information:
I (4527) app_init: Project name:     rc_tank_demo
I (4531) app_init: App version:      1
I (4534) app_init: Compile time:     Aug 26 2026 12:18:42
I (4540) app_init: ELF file SHA256:  5f9ce93e0...
I (4544) app_init: ESP-IDF:          GIT-NOTFOUND
I (4548) efuse_init: Min chip rev:     v0.0
I (4552) efuse_init: Max chip rev:     v0.99 
I (4556) efuse_init: Chip rev:         v0.2
I (4560) heap_init: Initializing. RAM available for dynamic allocation:
I (4567) heap_init: At 3FCAA3D0 len 0003F340 (252 KiB): RAM
I (4572) heap_init: At 3FCE9710 len 00005724 (21 KiB): RAM
I (4577) heap_init: At 3FCF0000 len 00008000 (32 KiB): DRAM
I (4582) heap_init: At 600FE000 len 00001FE8 (7 KiB): RTCRAM
I (4588) esp_psram: Adding pool of 8192K of PSRAM memory to heap allocator
I (4596) spi_flash: detected chip: generic
I (4598) spi_flash: flash io: dio
I (4602) sleep_gpio: Configure to isolate all GPIO pins in sleep state
I (4608) sleep_gpio: Enable automatic switching of GPIO sleep configuration
I (4615) main_task: Started on CPU0
I (4639) esp_psram: Reserving pool of 64K of internal memory for DMA/internal allocations
I (4640) main_task: Calling app_main()
I (4656) rc_tank: === RC Tank Demo (EX-035) Role: TANK ===
I (4657) rc_tank: Startup delay 10 s (open serial monitor now)...
I (4657) rc_tank:   starting in 10 s
I (5660) rc_tank:   starting in 9 s
I (6660) rc_tank:   starting in 8 s
I (7660) rc_tank:   starting in 7 s
I (8660) rc_tank:   starting in 6 s
I (9660) rc_tank:   starting in 5 s
I (10660) rc_tank:   starting in 4 s
I (11660) rc_tank:   starting in 3 s
I (12660) rc_tank:   starting in 2 s
I (13660) rc_tank:   starting in 1 s
I (14660) rc_tank: Starting Tank role (P1: network, P2: control, P3: video)
I (14660) board_laiwfs300: init board support package
I (14660) board_laiwfs300: init capability registry
I (14665) board_laiwfs300: init I2C bus: SDA=GPIO48 SCL=GPIO47
I (14671) bus_i2c: I2C0 initialized: SDA=GPIO48 SCL=GPIO47 speed=100000Hz
I (14677) board_laiwfs300: --- I2C bus scan (0x08-0x77) ---
I (14684) board_laiwfs300:   I2C device ACK at 0x15
I (14687) board_laiwfs300:   I2C device ACK at 0x18
I (14692) board_laiwfs300:   I2C device ACK at 0x21
I (14696) board_laiwfs300:   I2C device ACK at 0x22
I (14704) board_laiwfs300:   I2C device ACK at 0x40
I (14707) board_laiwfs300:   I2C device ACK at 0x51
I (14713) board_laiwfs300:   I2C device ACK at 0x68
I (14716) board_laiwfs300: --- I2C scan done: 7 device(s) found ---
W (14720) board_laiwfs300: TPT29555A (IOEX) NOT found at 0x20 (NACK)
I (14726) board_laiwfs300: ES8311 (Codec) found at 0x18
I (14731) board_laiwfs300: ES7210 (ADC) found at 0x40
I (14736) board_laiwfs300: AIP8563 (RTC) found at 0x51
I (14741) board_laiwfs300: BMI260 (IMU @0x68) found at 0x68
W (14746) board_laiwfs300: BMI260 (IMU @0x69) NOT found at 0x69 (NACK)
I (14752) board_laiwfs300: SP0A39 (Camera) found at 0x21
I (14759) board_laiwfs300: ES8311 chip ID: 0x83 0x11
I (14763) board_laiwfs300: ES7210 chip ID: 0x72
I (14768) board_laiwfs300: AIP8563 RTC time: 00:03:45 (BCD raw)
I (14772) board_laiwfs300: BMI260 chip ID: 0x27 (expect 0x27)
I (14777) board_laiwfs300: init SPI bus manager
I (14783) board_laiwfs300: init ADC service
I (14786) board_adc: ADC1 oneshot initialized
I (14790) board_laiwfs300: init board power service
I (14795) board_laiwfs300: ADC D0_DETECT (GPIO1): raw=4095 (~3100 mV)
I (14800) board_laiwfs300: ADC BAT_ADC (GPIO7): raw=1641 (~1242 mV)
I (14806) board_laiwfs300: ADC SW_ADC (GPIO8): raw=4095 (~3100 mV)
I (14812) board_laiwfs300: init IO expander: TPT29555A addr=0x22
I (14821) io_expander: TPT29555A initialized at 0x22
I (14823) board_laiwfs300: IO expander initialized OK
I (14827) board_laiwfs300: init module detect
I (14832) board_laiwfs300: register detection rules
I (14836) board_laiwfs300: register default capabilities
I (14841) board_laiwfs300: board init complete (ioex=OK)
I (14846) rc_tank: [STEP] Motor init starting...
I (14851) board_motor: motor input 1 -> GPIO5 / LEDC channel 0
I (14856) board_motor: motor input 2 -> GPIO4 / LEDC channel 1
I (14862) board_motor: motor input 3 -> GPIO37 / LEDC channel 2
I (14867) board_motor: motor input 4 -> GPIO45 / LEDC channel 3
I (14873) rc_control: Motor initialized
I (14876) rc_tank: [STEP] Motor init OK
I (14880) rc_tank: [STEP] Display init starting...
I (14885) rc_video: Initializing Tank display
I (14890) display_hal: init ST7789V3 LCD 240x320 SPI host=1
E (15035) spi: spi_bus_initialize(816): SPI bus already initialized.
I (15156) display_hal: ST7789V3 LCD initialized
I (15156) board_display: display mapped: MOSI=GPIO13 SCK=GPIO12 CS=GPIO10 DC=GPIO16 BL=GPIO17 LCD_RST=IOEX P1_5 pclk=20000000
I (15161) rc_video: Tank display task started (status screen)
I (15162) rc_video: Tank display initialized (status task owns LCD)
I (15172) rc_tank: [STEP] Display init OK
I (15176) rc_tank: [STEP] Camera init starting...
I (15180) rc_video: Initializing camera (SP0A39 640x480 VYUY)
I (15186) board_camera: initializing SP0A39 camera mode=0 640x480
I (15191) camera_hal: init SP0A39 DVP 640x480 (SCCB manual mode)
I (15197) camera_hal: configuring IOEX pins for camera RESET/PWDN
I (15204) camera_hal: PWDN=HIGH (power down)
I (15217) camera_hal: PWDN=LOW (release sensor)
I (15417) camera_hal: RESET=LOW (assert reset)
I (15437) camera_hal: RESET=HIGH (release reset)
I (16437) camera_hal: full I2C scan after camera power-up (diagnostic only)...
I (16439) camera_hal:   post-powerup ACK at 0x15
I (16439) camera_hal:   post-powerup ACK at 0x18
I (16442) camera_hal:   post-powerup ACK at 0x21
I (16446) camera_hal:   post-powerup ACK at 0x22
I (16454) camera_hal:   post-powerup ACK at 0x40
I (16456) camera_hal:   post-powerup ACK at 0x51
I (16462) camera_hal:   post-powerup ACK at 0x68
I (16465) camera_hal: DVP GPIO diagnostics (checking PCLK/VSYNC/HSYNC activity)...
I (16531) camera_hal: DVP diagnostics: PCLK_changes=0 VSYNC_changes=0 HSYNC_changes=0
W (16531) camera_hal: PCLK has no transitions - MCLK likely not reaching sensor or sensor not active
I (16536) camera_hal: using sensor address 0x21
I (16541) camera_hal: SP0A39 I2C device added at 0x21
I (16547) camera_hal: SP0A39 chip ID: 0x0A39
I (16669) camera_hal: SP0A39 register init done: VYUY 640x480 (359 regs)
I (16670) camera_hal: [CAM-PROBE] SP0A39 p0_31 stage=post_table value=0x00 expected=0x01
E (16672) camera_hal: camera_hal_verify_expected_output_p0_31(92): unexpected p0_31=0x00 at post_table
W (16682) camera_hal: [CAM-PROBE] output state differs after table; continuing: ESP_ERR_INVALID_RESPONSE
I (16711) camera_hal: [CAM-PROBE] SP0A39 p0_31 stage=post_delay value=0x01 expected=0x01
I (16712) camera_hal: camera HAL initialized (sensor ready, DVP capture not yet implemented)
I (16716) board_camera: camera ready
I (16724) camera_hal: SP0A39 output regs: P0:1c=0x00 P0:30=0x01 P0:31=0x01 P1:32=0x15 P1:34=0xeb P1:35=0x00 P1:36=0x10
I (16856) rc_video:   3 DMA-capable PSRAM framebuffers allocated (600 KB each)
I (16859) dvp_ext: DVP Extended camera controller driver is initialized
I (16859) dvp_ext: [STABLE-DVP] assembly uses GDMA-EOF direct copy; dma=102400 half=51200 queue_data_events=suppressed eof_desc=probe
I (16870) rc_video: [STABLE-CAPTURE] staged DVP controller created dma=102400 half=51200
I (16878) rc_video: Camera initialized
I (16882) rc_tank: [STEP] Camera init OK
W (16886) rc_tank: [DVP-MATRIX] pre-network stage=5 strategy=sync_defer_to_eof11 frames=0 sync_defer=1 wifi=off video_tx=not_created
I (16897) rc_tank: [STEP] Network init starting...
I (16903) rc_net: Initializing as SoftAP (Tank)
I (16907) pp: pp rom version: e7ae62f
I (16910) net80211: net80211 rom version: e7ae62f
I (16915) wifi:wifi driver task: 3fce4a38, prio:23, stack:6656, core=0
I (16926) wifi:wifi firmware version: 0947e8b
I (16927) wifi:wifi certification version: v7.0
I (16928) wifi:config NVS flash: enabled
I (16932) wifi:config nano formatting: disabled
I (16936) wifi:Init data frame dynamic rx buffer num: 32
I (16941) wifi:Init static rx mgmt buffer num: 5
I (16945) wifi:Init management short buffer num: 32
I (16950) wifi:Init dynamic tx buffer num: 64
I (16954) wifi:Init static tx FG buffer num: 2
I (16958) wifi:Init static rx buffer size: 1600
I (16963) wifi:Init static rx buffer num: 10
I (16966) wifi:Init dynamic rx buffer num: 32
I (16972) wifi_init: rx ba win: 6
I (16974) wifi_init: accept mbox: 6
I (16977) wifi_init: tcpip mbox: 16
I (16980) wifi_init: udp mbox: 6
I (16983) wifi_init: tcp mbox: 6
I (16986) wifi_init: tcp tx win: 5760
I (16989) wifi_init: tcp rx win: 5760
I (16993) wifi_init: tcp mss: 1440
I (16996) wifi_init: WiFi IRAM OP enabled
I (16999) wifi_init: WiFi RX IRAM OP enabled
I (17004) rc_net: AP set_mode/config, SSID=RC_TANK_F3AE79 ch=1
I (17014) phy_init: phy_version 711,97bcf0a2,Aug 25 2025,19:04:10
I (17057) wifi:mode : softAP (44:1b:f6:f3:ae:79)
I (17061) wifi:Total power save buffer number: 32
I (17062) wifi:Init max length of beacon: 752/752
I (17063) wifi:Init max length of beacon: 752/752
I (17065) rc_net: SoftAP started, SSID: RC_TANK_F3AE79, Password: 12345678
I (17066) esp_netif_lwip: DHCP server started on interface WIFI_AP_DEF with IP: 192.168.4.1
I (17079) rc_tank: [STEP] Network init OK
I (17082) rc_tank: Tank SoftAP ready, waiting for remote...
I (17088) rc_control: Ctrl RX task started
I (17091) rc_control: Tank control started
I (17095) rc_tank: Tank running (video + control; audio disabled)
I (17101) rc_tank: app_main done, idle loop
I (19920) wifi:new:<1,1>, old:<1,1>, ap:<1,1>, sta:<255,255>, prof:1, snd_ch_cfg:0x0
I (19921) wifi:station: 44:1b:f6:f3:ae:40 join, AID=1, bgn, 40U
I (19963) rc_net: STA connected, MAC: 44:1b:f6:f3:ae:40
I (20007) esp_netif_lwip: DHCP server assigned IP to a client, IP is: 192.168.4.2
I (20008) rc_net: STA assigned IP: 192.168.4.2
I (20008) rc_tank: Network connected, peer: 192.168.4.2
W (20014) rc_tank: [DVP-MATRIX] start stage=5 strategy=sync_defer_to_eof11 preflight_frames=0 sync_defer=1 video_tx=not_created
I (20025) rc_net: Ctrl UDP socket bound to port 8001
I (20029) rc_net: Video UDP socket bound to port 8002
I (20034) rc_net: Audio TCP listening on port 8003
I (20038) rc_tank: Socket channels started
I (20042) rc_video: No local preview active; formal video handoff skipped
I (20051) camera_hal: [CAM-PROBE] SP0A39 p0_31 stage=dvp_started value=0x01 expected=0x01
I (20064) rc_video: Video TX task started (240x180, sensor-driven, Q=60)
I (20064) rc_video: TX theory: raw=614400 B/frame, encoded YUV=86400 B/frame, target10fps raw=0.86 MB/s
I (20110) rc_video: PSRAM TX buffers: subsample=86400B jpeg=43200B send=43208B free_psram=5592524 free_internal=59499
I (20110) rc_video: TX buffer caps: subsample=0x3c350120(psram=1) jpeg=0x3c3652a4(psram=1) send=0x3c36fea8(psram=1)
I (20114) rc_video: Tank video started (camera source)
W (20125) rc_tank: [DVP-MATRIX] observe stage=5 strategy=sync_defer_to_eof11 duration_ms=45000 sync_defer=1 under live Q60/UDP load
I (20168) rc_net: [CAM-PROBE] Video TX seq=0 jpeg_len=9218 crc32=0xd4e970bc chunks=8
W (20179) rc_net: Video UDP send failed: seq=0 chunk=4/8 bytes=1208 sent=-1 errno=12 attempts=4
W (20180) rc_video: Video send failed: ESP_FAIL

[HOST-DVP-MATRIX 12:30:50] SYNC-R1-RESUME stage=5 visible window begin
W (20312) rc_video: Video send failed: ESP_FAIL
W (20396) rc_video: Video send failed: ESP_FAIL
W (20449) rc_video: Video send failed: ESP_FAIL
W (20594) rc_video: Video send failed: ESP_FAIL
W (20647) rc_video: Video send failed: ESP_FAIL
W (20788) rc_video: Video send failed: ESP_FAIL
W (20867) rc_video: Video send failed: ESP_FAIL
W (20948) rc_video: Video send failed: ESP_FAIL
W (21003) rc_video: Video send failed: ESP_FAIL
I (21153) wifi:<ba-add>idx:2 (ifx:1, 44:1b:f6:f3:ae:40), tid:0, ssn:0, winSize:64
I (22959) rc_net: [CAM-PROBE] Video TX seq=30 jpeg_len=9222 crc32=0x1a26acc6 chunks=8
I (23791) rc_video: Sent 30 | cap_fps=10.8 send_fps=8.1 capture_size_errors=0 capture_identity_errors=0 | Avg(ms): wait=24.5 cache=1.4 subsample=23.5 encode=25.2 send=6.2 total=80.8 | JPEG=8736B
I (23791) rc_video: [VIDEO-TX] handoff cap=40 get=81 select_fail=0 finished=40 signal=40 acquire=40 acquire_fail=0 release_fail=0 backup=0/0
I (23842) rc_video: [STABLE-CAPTURE] pause=41/41 timeout=0 quiesce=40 resume=40 lifecycle_errors=0 repairs=40 staged_events=477 copies=451 fallback=0 errors=0 prepare=41 stale_queue=0 pending_vsync=14 sync=41 complete=41 incomplete=0 incomplete_blocks=0 hold=41/41 hold_timeout=0
I (25690) rc_net: [CAM-PROBE] Video TX seq=60 jpeg_len=8740 crc32=0xd80ac45a chunks=8
I (26522) rc_video: Sent 60 | cap_fps=11.0 send_fps=11.0 capture_size_errors=0 capture_identity_errors=0 | Avg(ms): wait=19.3 cache=1.4 subsample=23.6 encode=25.6 send=6.2 total=76.2 | JPEG=8679B
I (26522) rc_video: [VIDEO-TX] handoff cap=70 get=141 select_fail=0 finished=70 signal=70 acquire=70 acquire_fail=0 release_fail=0 backup=0/0
I (26569) rc_video: [STABLE-CAPTURE] pause=70/70 timeout=0 quiesce=70 resume=70 lifecycle_errors=0 repairs=70 staged_events=829 copies=781 fallback=0 errors=0 prepare=71 stale_queue=0 pending_vsync=23 sync=71 complete=71 incomplete=0 incomplete_blocks=0 hold=70/70 hold_timeout=0
I (28461) rc_net: [CAM-PROBE] Video TX seq=90 jpeg_len=9203 crc32=0xb8f40b08 chunks=8
I (29316) rc_video: Sent 90 | cap_fps=10.8 send_fps=10.8 capture_size_errors=0 capture_identity_errors=0 | Avg(ms): wait=21.4 cache=1.4 subsample=23.3 encode=25.0 send=6.2 total=77.3 | JPEG=8738B
I (29323) rc_video: [VIDEO-TX] handoff cap=100 get=200 select_fail=0 finished=100 signal=100 acquire=100 acquire_fail=0 release_fail=0 backup=0/0
I (29335) rc_video: [STABLE-CAPTURE] pause=100/100 timeout=0 quiesce=100 resume=100 lifecycle_errors=0 repairs=100 staged_events=1170 copies=1101 fallback=0 errors=0 prepare=101 stale_queue=0 pending_vsync=32 sync=100 complete=100 incomplete=0 incomplete_blocks=0 hold=100/100 hold_timeout=0
I (31271) rc_net: [CAM-PROBE] Video TX seq=120 jpeg_len=9229 crc32=0x3d860679 chunks=8
I (32102) rc_video: Sent 120 | cap_fps=10.7 send_fps=10.7 capture_size_errors=0 capture_identity_errors=0 | Avg(ms): wait=23.2 cache=1.4 subsample=23.4 encode=25.4 send=6.1 total=79.5 | JPEG=9221B
I (32102) rc_video: [VIDEO-TX] handoff cap=130 get=261 select_fail=0 finished=130 signal=130 acquire=130 acquire_fail=0 release_fail=0 backup=0/0
I (32102) rc_video: [STABLE-CAPTURE] pause=130/130 timeout=0 quiesce=130 resume=130 lifecycle_errors=0 repairs=130 staged_events=1528 copies=1440 fallback=0 errors=0 prepare=131 stale_queue=0 pending_vsync=41 sync=130 complete=130 incomplete=0 incomplete_blocks=0 hold=130/130 hold_timeout=0
I (34002) rc_net: [CAM-PROBE] Video TX seq=150 jpeg_len=8714 crc32=0x606bf516 chunks=8
I (34833) rc_video: Sent 150 | cap_fps=11.0 send_fps=11.0 capture_size_errors=0 capture_identity_errors=0 | Avg(ms): wait=18.7 cache=1.4 subsample=23.3 encode=25.5 send=6.3 total=75.2 | JPEG=9219B
I (34833) rc_video: [VIDEO-TX] handoff cap=160 get=321 select_fail=0 finished=160 signal=160 acquire=160 acquire_fail=0 release_fail=0 backup=0/0
I (34833) rc_video: [STABLE-CAPTURE] pause=160/160 timeout=0 quiesce=160 resume=160 lifecycle_errors=0 repairs=160 staged_events=1879 copies=1770 fallback=0 errors=0 prepare=161 stale_queue=0 pending_vsync=49 sync=160 complete=160 incomplete=0 incomplete_blocks=0 hold=160/160 hold_timeout=0
I (36751) rc_net: [CAM-PROBE] Video TX seq=180 jpeg_len=8629 crc32=0x49c5583e chunks=8
I (37564) rc_video: Sent 180 | cap_fps=11.0 send_fps=11.0 capture_size_errors=0 capture_identity_errors=0 | Avg(ms): wait=18.8 cache=1.4 subsample=23.7 encode=25.5 send=6.1 total=75.5 | JPEG=8720B
I (37564) rc_video: [VIDEO-TX] handoff cap=190 get=381 select_fail=0 finished=190 signal=190 acquire=190 acquire_fail=0 release_fail=0 backup=0/0
I (37613) rc_video: [STABLE-CAPTURE] pause=190/190 timeout=0 quiesce=190 resume=190 lifecycle_errors=0 repairs=190 staged_events=2232 copies=2101 fallback=0 errors=0 prepare=191 stale_queue=0 pending_vsync=58 sync=191 complete=191 incomplete=0 incomplete_blocks=0 hold=190/190 hold_timeout=0
I (39464) rc_net: [CAM-PROBE] Video TX seq=210 jpeg_len=9200 crc32=0x1b6f26c5 chunks=8
I (40295) rc_video: Sent 210 | cap_fps=11.0 send_fps=11.0 capture_size_errors=0 capture_identity_errors=0 | Avg(ms): wait=18.5 cache=1.4 subsample=23.4 encode=25.6 send=6.1 total=75.0 | JPEG=8478B
I (40295) rc_video: [VIDEO-TX] handoff cap=220 get=441 select_fail=0 finished=220 signal=220 acquire=220 acquire_fail=0 release_fail=0 backup=0/0
I (40346) rc_video: [STABLE-CAPTURE] pause=221/221 timeout=0 quiesce=220 resume=220 lifecycle_errors=0 repairs=220 staged_events=2584 copies=2431 fallback=0 errors=0 prepare=221 stale_queue=0 pending_vsync=66 sync=221 complete=221 incomplete=0 incomplete_blocks=0 hold=221/221 hold_timeout=0
I (42252) rc_net: [CAM-PROBE] Video TX seq=240 jpeg_len=8644 crc32=0xf2dd2c13 chunks=8
I (43066) rc_video: Sent 240 | cap_fps=10.9 send_fps=10.9 capture_size_errors=0 capture_identity_errors=0 | Avg(ms): wait=20.3 cache=1.4 subsample=23.7 encode=25.3 send=6.2 total=76.8 | JPEG=9178B
I (43066) rc_video: [VIDEO-TX] handoff cap=250 get=501 select_fail=0 finished=250 signal=250 acquire=250 acquire_fail=0 release_fail=0 backup=0/0
I (43066) rc_video: [STABLE-CAPTURE] pause=250/250 timeout=0 quiesce=250 resume=250 lifecycle_errors=0 repairs=250 staged_events=2933 copies=2759 fallback=0 errors=0 prepare=251 stale_queue=0 pending_vsync=75 sync=250 complete=250 incomplete=0 incomplete_blocks=0 hold=250/250 hold_timeout=0
I (45023) rc_net: [CAM-PROBE] Video TX seq=270 jpeg_len=8563 crc32=0xb2285dc1 chunks=8
I (45864) rc_video: Sent 270 | cap_fps=10.8 send_fps=10.8 capture_size_errors=0 capture_identity_errors=0 | Avg(ms): wait=23.0 cache=1.5 subsample=23.5 encode=25.1 send=5.9 total=78.9 | JPEG=9078B
I (45871) rc_video: [VIDEO-TX] handoff cap=280 get=561 select_fail=0 finished=280 signal=280 acquire=280 acquire_fail=0 release_fail=0 backup=0/0
I (45879) rc_video: [STABLE-CAPTURE] pause=280/280 timeout=0 quiesce=280 resume=280 lifecycle_errors=0 repairs=280 staged_events=3276 copies=3082 fallback=0 errors=0 prepare=281 stale_queue=0 pending_vsync=85 sync=280 complete=280 incomplete=0 incomplete_blocks=0 hold=280/280 hold_timeout=0
I (47754) rc_net: [CAM-PROBE] Video TX seq=300 jpeg_len=8605 crc32=0x3442ac08 chunks=8
I (48570) rc_video: Sent 300 | cap_fps=11.0 send_fps=11.0 capture_size_errors=0 capture_identity_errors=0 | Avg(ms): wait=18.8 cache=1.4 subsample=23.5 encode=25.5 send=6.0 total=75.2 | JPEG=8953B
I (48570) rc_video: [VIDEO-TX] handoff cap=310 get=621 select_fail=0 finished=310 signal=310 acquire=310 acquire_fail=0 release_fail=0 backup=0/0
I (48570) rc_video: [STABLE-CAPTURE] pause=310/310 timeout=0 quiesce=310 resume=310 lifecycle_errors=0 repairs=310 staged_events=3635 copies=3420 fallback=0 errors=0 prepare=311 stale_queue=0 pending_vsync=93 sync=310 complete=310 incomplete=0 incomplete_blocks=0 hold=310/310 hold_timeout=0
I (50485) rc_net: [CAM-PROBE] Video TX seq=330 jpeg_len=8238 crc32=0x554cc999 chunks=7
I (51298) rc_video: Sent 330 | cap_fps=11.0 send_fps=11.0 capture_size_errors=0 capture_identity_errors=0 | Avg(ms): wait=20.2 cache=1.4 subsample=23.5 encode=25.3 send=5.6 total=75.9 | JPEG=8201B
I (51298) rc_video: [VIDEO-TX] handoff cap=340 get=681 select_fail=0 finished=340 signal=340 acquire=340 acquire_fail=0 release_fail=0 backup=0/0
I (51346) rc_video: [STABLE-CAPTURE] pause=340/340 timeout=0 quiesce=340 resume=340 lifecycle_errors=0 repairs=340 staged_events=3987 copies=3751 fallback=0 errors=0 prepare=341 stale_queue=0 pending_vsync=101 sync=341 complete=341 incomplete=0 incomplete_blocks=0 hold=340/340 hold_timeout=0
I (53198) rc_net: [CAM-PROBE] Video TX seq=360 jpeg_len=8217 crc32=0x796bd731 chunks=7
I (53990) rc_video: Sent 360 | cap_fps=11.1 send_fps=11.1 capture_size_errors=0 capture_identity_errors=0 | Avg(ms): wait=18.0 cache=1.4 subsample=23.2 encode=25.3 send=6.0 total=73.9 | JPEG=8318B
I (53990) rc_video: [VIDEO-TX] handoff cap=370 get=741 select_fail=0 finished=370 signal=370 acquire=370 acquire_fail=0 release_fail=0 backup=0/0
I (54042) rc_video: [STABLE-CAPTURE] pause=371/371 timeout=0 quiesce=370 resume=370 lifecycle_errors=0 repairs=370 staged_events=4340 copies=4081 fallback=0 errors=0 prepare=371 stale_queue=0 pending_vsync=106 sync=371 complete=371 incomplete=0 incomplete_blocks=0 hold=371/371 hold_timeout=0
I (55890) rc_net: [CAM-PROBE] Video TX seq=390 jpeg_len=8312 crc32=0x71e54ea9 chunks=7
I (56744) rc_video: Sent 390 | cap_fps=11.0 send_fps=11.0 capture_size_errors=0 capture_identity_errors=0 | Avg(ms): wait=19.0 cache=1.4 subsample=23.5 encode=25.0 send=5.8 total=74.8 | JPEG=8358B
I (56751) rc_video: [VIDEO-TX] handoff cap=400 get=800 select_fail=0 finished=400 signal=400 acquire=400 acquire_fail=0 release_fail=0 backup=0/0
I (56763) rc_video: [STABLE-CAPTURE] pause=400/400 timeout=0 quiesce=400 resume=400 lifecycle_errors=0 repairs=400 staged_events=4682 copies=4401 fallback=0 errors=0 prepare=401 stale_queue=0 pending_vsync=115 sync=400 complete=400 incomplete=0 incomplete_blocks=0 hold=400/400 hold_timeout=0
I (58599) rc_net: [CAM-PROBE] Video TX seq=420 jpeg_len=8291 crc32=0xb60ee8ac chunks=7
I (59452) rc_video: Sent 420 | cap_fps=11.0 send_fps=11.0 capture_size_errors=0 capture_identity_errors=0 | Avg(ms): wait=19.2 cache=1.4 subsample=23.2 encode=25.4 send=5.9 total=74.9 | JPEG=8969B
I (59452) rc_video: [VIDEO-TX] handoff cap=430 get=861 select_fail=0 finished=430 signal=430 acquire=430 acquire_fail=0 release_fail=0 backup=0/0
I (59452) rc_video: [STABLE-CAPTURE] pause=430/430 timeout=0 quiesce=430 resume=430 lifecycle_errors=0 repairs=430 staged_events=5042 copies=4740 fallback=0 errors=0 prepare=431 stale_queue=0 pending_vsync=123 sync=430 complete=430 incomplete=0 incomplete_blocks=0 hold=430/430 hold_timeout=0
I (61379) rc_net: [CAM-PROBE] Video TX seq=450 jpeg_len=8584 crc32=0xf0a0c3b5 chunks=8
I (62183) rc_video: Sent 450 | cap_fps=11.0 send_fps=11.0 capture_size_errors=0 capture_identity_errors=0 | Avg(ms): wait=18.9 cache=1.4 subsample=23.4 encode=25.3 send=6.1 total=75.2 | JPEG=8986B
I (62183) rc_video: [VIDEO-TX] handoff cap=460 get=921 select_fail=0 finished=460 signal=460 acquire=460 acquire_fail=0 release_fail=0 backup=0/0
I (62183) rc_video: [STABLE-CAPTURE] pause=460/460 timeout=0 quiesce=460 resume=460 lifecycle_errors=0 repairs=460 staged_events=5394 copies=5070 fallback=0 errors=0 prepare=461 stale_queue=0 pending_vsync=130 sync=460 complete=460 incomplete=0 incomplete_blocks=0 hold=460/460 hold_timeout=0
I (64082) rc_net: [CAM-PROBE] Video TX seq=480 jpeg_len=8487 crc32=0x99ae3551 chunks=8
I (64914) rc_video: Sent 480 | cap_fps=11.0 send_fps=11.0 capture_size_errors=0 capture_identity_errors=0 | Avg(ms): wait=18.7 cache=1.4 subsample=23.3 encode=25.2 send=6.1 total=74.6 | JPEG=8487B
I (64914) rc_video: [VIDEO-TX] handoff cap=490 get=981 select_fail=0 finished=490 signal=490 acquire=490 acquire_fail=0 release_fail=0 backup=0/0
I (64962) rc_video: [STABLE-CAPTURE] pause=490/490 timeout=0 quiesce=490 resume=490 lifecycle_errors=0 repairs=490 staged_events=5746 copies=5401 fallback=0 errors=0 prepare=491 stale_queue=0 pending_vsync=139 sync=491 complete=491 incomplete=0 incomplete_blocks=0 hold=490/490 hold_timeout=0
W (65156) rc_tank: [DVP-MATRIX] result stage=5 strategy=sync_defer_to_eof11 complete=493 incomplete=0 incomplete_blocks=0 sync_defer=130 released=130 collisions=0 release_errors=0 defer_hist=0,0,0,0,0,0,0,0,0,0,130 mismatch_hist=0,0,1,2,199,338,161,34,11,14,156 prepare=493 pending=139 hold=492/492 hold_timeout=0
W (65177) rc_tank: [DVP-MATRIX] advance stage=6; restart in 1s
I (66180) wifi:station: 44:1b:f6:f3:ae:40 leave, AID = 1, reason = 2, bss_flags is 756835, bss:0x3fcf1374
I (66181) wifi:new:<1,0>, old:<1,1>, ap:<1,1>, sta:<255,255>, prof:1, snd_ch_cfg:0x0
I (66187) wifi:<ba-del>idx:2, tid:0
I (66189) wifi:new:<1,1>, old:<1,0>, ap:<1,1>, sta:<255,255>, prof:1, snd_ch_cfg:0x0
I (66199) rc_net: STA disconnected, MAC: 44:1b:f6:f3:ae:40
W (66202) rc_control: Network disconnected: motor stop enforced
W (66205) rc_video: Video send failed: ESP_ERR_INVALID_STATE
W (66208) rc_tank: Network disconnected
W (66302) rc_video: Video send failed: ESP_ERR_INVALID_STATE
W (66378) rc_video: Video send failed: ESP_ERR_INVALID_STATE
W (66457) rc_video: Video send failed: ESP_ERR_INVALID_STATE
W (66536) rc_video: Video send failed: ESP_ERR_INVALID_STATE
W (66616) rc_video: Video send failed: ESP_ERR_INVALID_STATE
I (66669) wifi:flush txq
I (66670) wifi:stop sw txq
I (66670) wifi:lmac stop hw txq
ESP-ROM:esp32s3-20210327
Build:Mar 27 2021
rst:0xc (RTC_SW_CPU_RST),boot:0x3 (DOWNLOAD(USB/UART0))
Saved PC:0x403812c5
waiting for download

[HOST-DVP-MATRIX 12:31:37] SYNC-R1-RESUME Tank restart recovery=4

[HOST-DVP-MATRIX 12:31:37] Tank RAM bootloader start
esptool.py v4.12.dev2
Serial port COM7
Connecting....
Chip is ESP32-S3 (QFN56) (revision v0.2)
Features: WiFi, BLE
Crystal is 40MHz
MAC: 44:1b:f6:f3:ae:78
Uploading stub...
Running stub...
Stub running...
RAM boot...
Downloading 5360 bytes at 3fce2820... done!
Downloading 3364 bytes at 403c8700... done!
Downloading 12016 bytes at 403cb700... done!
All segments done, executing at 403c8924
Exiting immediately.

[HOST-DVP-MATRIX 12:31:40] Tank RAM bootloader complete
(2929) boot: chip revision: v0.2
I (2932) boot: efuse block revision: v1.3
I (2936) boot.esp32s3: Boot SPI Speed : 80MHz
I (2940) boot.esp32s3: SPI Mode       : SLOW READ
I (2944) boot.esp32s3: SPI Flash Size : 8MB
I (2948) boot: Enabling RNG early entropy source...
I (2953) boot: Partition Table:
I (2955) boot: ## Label            Usage          Type ST Offset   Length
I (2962) boot:  0 nvs              WiFi data        01 02 00009000 00006000
I (2969) boot:  1 phy_init         RF data          01 01 0000f000 00001000
I (2975) boot:  2 factory          factory app      00 00 00010000 00300000
I (2982) boot:  3 storage          Unknown data     01 82 00310000 00100000
I (2989) boot: End of partition table
I (2992) esp_image: segment 0: paddr=00010020 vaddr=3c0a0020 size=24db0h (150960) map
I (3092) esp_image: segment 1: paddr=00034dd8 vaddr=3fca0d00 size=05560h ( 21856) load
I (3106) esp_image: segment 2: paddr=0003a340 vaddr=40374000 size=05cd8h ( 23768) load
I (3122) esp_image: segment 3: paddr=00040020 vaddr=42000020 size=9b798h (636824) map
I (3511) esp_image: segment 4: paddr=000db7c0 vaddr=40379cd8 size=16fe0h ( 94176) load
I (3572) esp_image: segment 5: paddr=000f27a8 vaddr=50000000 size=00020h (    32) load
I (3584) boot: Loaded app from partition at offset 0x10000
I (3584) boot: Disabling RNG early entropy source...
I (3596) esp_psram: Found 8MB PSRAM device
I (3596) esp_psram: Speed: 80MHz
I (3596) cpu_start: Multicore app
I (4514) esp_psram: SPI SRAM memory test OK
I (4523) cpu_start: GPIO 44 and 43 are used as console UART I/O pins
I (4524) cpu_start: Pro cpu start user code
I (4524) cpu_start: cpu freq: 240000000 Hz
I (4525) app_init: Application information:
I (4529) app_init: Project name:     rc_tank_demo
I (4534) app_init: App version:      1
I (4537) app_init: Compile time:     Aug 26 2026 12:18:42
I (4542) app_init: ELF file SHA256:  5f9ce93e0...
I (4547) app_init: ESP-IDF:          GIT-NOTFOUND
I (4551) efuse_init: Min chip rev:     v0.0
I (4555) efuse_init: Max chip rev:     v0.99 
I (4559) efuse_init: Chip rev:         v0.2
I (4563) heap_init: Initializing. RAM available for dynamic allocation:
I (4570) heap_init: At 3FCAA3D0 len 0003F340 (252 KiB): RAM
I (4575) heap_init: At 3FCE9710 len 00005724 (21 KiB): RAM
I (4580) heap_init: At 3FCF0000 len 00008000 (32 KiB): DRAM
I (4585) heap_init: At 600FE000 len 00001FE8 (7 KiB): RTCRAM
I (4591) esp_psram: Adding pool of 8192K of PSRAM memory to heap allocator
I (4599) spi_flash: detected chip: generic
I (4601) spi_flash: flash io: dio
I (4605) sleep_gpio: Configure to isolate all GPIO pins in sleep state
I (4611) sleep_gpio: Enable automatic switching of GPIO sleep configuration
I (4618) main_task: Started on CPU0
I (4642) esp_psram: Reserving pool of 64K of internal memory for DMA/internal allocations
I (4643) main_task: Calling app_main()
I (4659) rc_tank: === RC Tank Demo (EX-035) Role: TANK ===
I (4660) rc_tank: Startup delay 10 s (open serial monitor now)...
I (4660) rc_tank:   starting in 10 s
I (5663) rc_tank:   starting in 9 s
I (6663) rc_tank:   starting in 8 s
I (7663) rc_tank:   starting in 7 s
I (8663) rc_tank:   starting in 6 s
I (9663) rc_tank:   starting in 5 s
I (10663) rc_tank:   starting in 4 s
I (11663) rc_tank:   starting in 3 s
I (12663) rc_tank:   starting in 2 s
I (13663) rc_tank:   starting in 1 s
I (14663) rc_tank: Starting Tank role (P1: network, P2: control, P3: video)
I (14663) board_laiwfs300: init board support package
I (14663) board_laiwfs300: init capability registry
I (14668) board_laiwfs300: init I2C bus: SDA=GPIO48 SCL=GPIO47
I (14674) bus_i2c: I2C0 initialized: SDA=GPIO48 SCL=GPIO47 speed=100000Hz
I (14680) board_laiwfs300: --- I2C bus scan (0x08-0x77) ---
I (14687) board_laiwfs300:   I2C device ACK at 0x15
I (14690) board_laiwfs300:   I2C device ACK at 0x18
I (14695) board_laiwfs300:   I2C device ACK at 0x21
I (14699) board_laiwfs300:   I2C device ACK at 0x22
I (14707) board_laiwfs300:   I2C device ACK at 0x40
I (14710) board_laiwfs300:   I2C device ACK at 0x51
I (14716) board_laiwfs300:   I2C device ACK at 0x68
I (14719) board_laiwfs300: --- I2C scan done: 7 device(s) found ---
W (14723) board_laiwfs300: TPT29555A (IOEX) NOT found at 0x20 (NACK)
I (14729) board_laiwfs300: ES8311 (Codec) found at 0x18
I (14734) board_laiwfs300: ES7210 (ADC) found at 0x40
I (14739) board_laiwfs300: AIP8563 (RTC) found at 0x51
I (14744) board_laiwfs300: BMI260 (IMU @0x68) found at 0x68
W (14749) board_laiwfs300: BMI260 (IMU @0x69) NOT found at 0x69 (NACK)
I (14755) board_laiwfs300: SP0A39 (Camera) found at 0x21
I (14762) board_laiwfs300: ES8311 chip ID: 0x83 0x11
I (14766) board_laiwfs300: ES7210 chip ID: 0x72
I (14771) board_laiwfs300: AIP8563 RTC time: 00:04:52 (BCD raw)
I (14775) board_laiwfs300: BMI260 chip ID: 0x27 (expect 0x27)
I (14780) board_laiwfs300: init SPI bus manager
I (14786) board_laiwfs300: init ADC service
I (14789) board_adc: ADC1 oneshot initialized
I (14793) board_laiwfs300: init board power service
I (14798) board_laiwfs300: ADC D0_DETECT (GPIO1): raw=4095 (~3100 mV)
I (14803) board_laiwfs300: ADC BAT_ADC (GPIO7): raw=1651 (~1249 mV)
I (14809) board_laiwfs300: ADC SW_ADC (GPIO8): raw=4095 (~3100 mV)
I (14815) board_laiwfs300: init IO expander: TPT29555A addr=0x22
I (14824) io_expander: TPT29555A initialized at 0x22
I (14826) board_laiwfs300: IO expander initialized OK
I (14830) board_laiwfs300: init module detect
I (14835) board_laiwfs300: register detection rules
I (14839) board_laiwfs300: register default capabilities
I (14844) board_laiwfs300: board init complete (ioex=OK)
I (14849) rc_tank: [STEP] Motor init starting...
I (14854) board_motor: motor input 1 -> GPIO5 / LEDC channel 0
I (14859) board_motor: motor input 2 -> GPIO4 / LEDC channel 1
I (14865) board_motor: motor input 3 -> GPIO37 / LEDC channel 2
I (14870) board_motor: motor input 4 -> GPIO45 / LEDC channel 3
I (14876) rc_control: Motor initialized
I (14879) rc_tank: [STEP] Motor init OK
I (14883) rc_tank: [STEP] Display init starting...
I (14888) rc_video: Initializing Tank display
I (14893) display_hal: init ST7789V3 LCD 240x320 SPI host=1
E (15038) spi: spi_bus_initialize(816): SPI bus already initialized.
I (15159) display_hal: ST7789V3 LCD initialized
I (15159) board_display: display mapped: MOSI=GPIO13 SCK=GPIO12 CS=GPIO10 DC=GPIO16 BL=GPIO17 LCD_RST=IOEX P1_5 pclk=20000000
I (15164) rc_video: Tank display task started (status screen)
I (15165) rc_video: Tank display initialized (status task owns LCD)
I (15175) rc_tank: [STEP] Display init OK
I (15179) rc_tank: [STEP] Camera init starting...
I (15183) rc_video: Initializing camera (SP0A39 640x480 VYUY)
I (15189) board_camera: initializing SP0A39 camera mode=0 640x480
I (15194) camera_hal: init SP0A39 DVP 640x480 (SCCB manual mode)
I (15200) camera_hal: configuring IOEX pins for camera RESET/PWDN
I (15207) camera_hal: PWDN=HIGH (power down)
I (15220) camera_hal: PWDN=LOW (release sensor)
I (15420) camera_hal: RESET=LOW (assert reset)
I (15440) camera_hal: RESET=HIGH (release reset)
I (16440) camera_hal: full I2C scan after camera power-up (diagnostic only)...
I (16442) camera_hal:   post-powerup ACK at 0x15
I (16442) camera_hal:   post-powerup ACK at 0x18
I (16445) camera_hal:   post-powerup ACK at 0x21
I (16449) camera_hal:   post-powerup ACK at 0x22
I (16457) camera_hal:   post-powerup ACK at 0x40
I (16459) camera_hal:   post-powerup ACK at 0x51
I (16465) camera_hal:   post-powerup ACK at 0x68
I (16468) camera_hal: DVP GPIO diagnostics (checking PCLK/VSYNC/HSYNC activity)...
I (16534) camera_hal: DVP diagnostics: PCLK_changes=0 VSYNC_changes=0 HSYNC_changes=0
W (16534) camera_hal: PCLK has no transitions - MCLK likely not reaching sensor or sensor not active
I (16539) camera_hal: using sensor address 0x21
I (16544) camera_hal: SP0A39 I2C device added at 0x21
I (16550) camera_hal: SP0A39 chip ID: 0x0A39
I (16672) camera_hal: SP0A39 register init done: VYUY 640x480 (359 regs)
I (16673) camera_hal: [CAM-PROBE] SP0A39 p0_31 stage=post_table value=0x00 expected=0x01
E (16675) camera_hal: camera_hal_verify_expected_output_p0_31(92): unexpected p0_31=0x00 at post_table
W (16685) camera_hal: [CAM-PROBE] output state differs after table; continuing: ESP_ERR_INVALID_RESPONSE
I (16714) camera_hal: [CAM-PROBE] SP0A39 p0_31 stage=post_delay value=0x01 expected=0x01
I (16715) camera_hal: camera HAL initialized (sensor ready, DVP capture not yet implemented)
I (16719) board_camera: camera ready
I (16727) camera_hal: SP0A39 output regs: P0:1c=0x00 P0:30=0x01 P0:31=0x01 P1:32=0x15 P1:34=0xeb P1:35=0x00 P1:36=0x10
I (16859) rc_video:   3 DMA-capable PSRAM framebuffers allocated (600 KB each)
I (16862) dvp_ext: DVP Extended camera controller driver is initialized
I (16862) dvp_ext: [STABLE-DVP] assembly uses GDMA-EOF direct copy; dma=102400 half=51200 queue_data_events=suppressed eof_desc=probe
I (16873) rc_video: [STABLE-CAPTURE] staged DVP controller created dma=102400 half=51200
I (16881) rc_video: Camera initialized
I (16885) rc_tank: [STEP] Camera init OK
W (16889) rc_tank: [DVP-MATRIX] pre-network stage=6 strategy=sync_defer_to_eof11_cold120 frames=120 sync_defer=1 wifi=off video_tx=not_created
I (16902) camera_hal: [CAM-PROBE] SP0A39 p0_31 stage=dvp_started value=0x01 expected=0x01
I (16949) rc_video: Round9 local camera preview enabled (240x180 at 80,0; DVP started)
I (21619) rc_video: Round9 preview displayed=30 fps=4.65 capture_fps=4.65 Avg(ms): convert=41.6 draw=35.9 | complete=30 size_err=0 identity_err=0
I (26369) rc_video: Round9 preview displayed=60 fps=6.32 capture_fps=6.32 Avg(ms): convert=41.6 draw=36.4 | complete=60 size_err=0 identity_err=0
I (31119) rc_video: Round9 preview displayed=90 fps=6.32 capture_fps=6.32 Avg(ms): convert=41.6 draw=36.4 | complete=90 size_err=0 identity_err=0
W (35795) rc_video: [COLD-PREFLIGHT] complete target=120 captured=120 complete_delta=120 incomplete_delta=0 incomplete_blocks_delta=0; not a pass gate until live Q60/UDP
I (35799) rc_tank: [STEP] Network init starting...
I (35807) rc_net: Initializing as SoftAP (Tank)
I (35813) pp: pp rom version: e7ae62f
I (35814) net80211: net80211 rom version: e7ae62f
I (35817) wifi:wifi driver task: 3fce4ad0, prio:23, stack:6656, core=0
I (35828) wifi:wifi firmware version: 0947e8b
I (35829) wifi:wifi certification version: v7.0
I (35830) wifi:config NVS flash: enabled
I (35834) wifi:config nano formatting: disabled
I (35838) wifi:Init data frame dynamic rx buffer num: 32
I (35843) wifi:Init static rx mgmt buffer num: 5
I (35847) wifi:Init management short buffer num: 32
I (35852) wifi:Init dynamic tx buffer num: 64
I (35856) wifi:Init static tx FG buffer num: 2
I (35860) wifi:Init static rx buffer size: 1600
I (35864) wifi:Init static rx buffer num: 10
I (35868) wifi:Init dynamic rx buffer num: 32
I (35875) wifi_init: rx ba win: 6
I (35875) wifi_init: accept mbox: 6
I (35879) wifi_init: tcpip mbox: 16
I (35883) wifi_init: udp mbox: 6
I (35885) wifi_init: tcp mbox: 6
I (35889) wifi_init: tcp tx win: 5760
I (35891) wifi_init: tcp rx win: 5760
I (35895) wifi_init: tcp mss: 1440
I (35899) wifi_init: WiFi IRAM OP enabled
I (35901) wifi_init: WiFi RX IRAM OP enabled
I (35906) rc_net: AP set_mode/config, SSID=RC_TANK_F3AE79 ch=1
I (35916) phy_init: phy_version 711,97bcf0a2,Aug 25 2025,19:04:10
I (35961) wifi:mode : softAP (44:1b:f6:f3:ae:79)
I (35965) wifi:Total power save buffer number: 32
I (35966) wifi:Init max length of beacon: 752/752
I (35967) wifi:Init max length of beacon: 752/752
I (35969) rc_net: SoftAP started, SSID: RC_TANK_F3AE79, Password: 12345678
I (35970) esp_netif_lwip: DHCP server started on interface WIFI_AP_DEF with IP: 192.168.4.1
I (35983) rc_tank: [STEP] Network init OK
I (35987) rc_tank: Tank SoftAP ready, waiting for remote...
I (35993) rc_control: Ctrl RX task started
I (35996) rc_control: Tank control started
I (36000) rc_tank: Tank running (video + control; audio disabled)
I (36006) rc_tank: app_main done, idle loop
I (36024) rc_video: Round9 preview displayed=120 fps=6.12 capture_fps=6.12 Avg(ms): convert=45.1 draw=38.2 | complete=120 size_err=0 identity_err=0
I (40183) wifi:new:<1,1>, old:<1,1>, ap:<1,1>, sta:<255,255>, prof:1, snd_ch_cfg:0x0
I (40220) wifi:station: 44:1b:f6:f3:ae:40 join, AID=1, bgn, 40U
I (40245) rc_net: STA connected, MAC: 44:1b:f6:f3:ae:40
I (40278) esp_netif_lwip: DHCP server assigned IP to a client, IP is: 192.168.4.2
I (40279) rc_net: STA assigned IP: 192.168.4.2
I (40279) rc_video: Local preview stop requested; waiting for video_tx handoff
I (40286) rc_tank: Network connected, peer: 192.168.4.2
W (40292) rc_tank: [DVP-MATRIX] start stage=6 strategy=sync_defer_to_eof11_cold120 preflight_frames=120 sync_defer=1 video_tx=not_created
I (40304) rc_net: Ctrl UDP socket bound to port 8001
I (40308) rc_net: Video UDP socket bound to port 8002
I (40314) rc_net: Audio TCP listening on port 8003
I (40317) rc_tank: Socket channels started
I (40365) rc_video: Local preview quiesced before video_tx; drained_ready_signals=0 stable_ready_preserved=1
I (40365) rc_video: Tank display ownership returned to status task after preview handoff
I (40373) rc_video: Tank video started (camera source)
W (40377) rc_tank: [DVP-MATRIX] observe stage=6 strategy=sync_defer_to_eof11_cold120 duration_ms=45000 sync_defer=1 under live Q60/UDP load
I (40377) rc_video: Video TX task started (240x180, sensor-driven, Q=60)
I (40424) rc_video: TX theory: raw=614400 B/frame, encoded YUV=86400 B/frame, target10fps raw=0.86 MB/s
I (40434) rc_video: PSRAM TX buffers: subsample=86400B jpeg=43200B send=43208B free_psram=5592524 free_internal=54879
I (40444) rc_video: TX buffer caps: subsample=0x3c350120(psram=1) jpeg=0x3c3652a4(psram=1) send=0x3c36fea8(psram=1)
I (40499) rc_net: [CAM-PROBE] Video TX seq=0 jpeg_len=9268 crc32=0xaa97a6f4 chunks=8
W (40548) rc_net: Video UDP send failed: seq=0 chunk=4/8 bytes=1208 sent=-1 errno=12 attempts=4
W (40549) rc_video: Video send failed: ESP_FAIL
W (40610) rc_video: Video send failed: ESP_FAIL

[HOST-DVP-MATRIX 12:32:18] SYNC-R1-RESUME stage=6 visible window begin
W (40738) rc_video: Video send failed: ESP_FAIL
W (40825) rc_video: Video send failed: ESP_FAIL
W (40878) rc_video: Video send failed: ESP_FAIL
W (41022) rc_video: Video send failed: ESP_FAIL
W (41075) rc_video: Video send failed: ESP_FAIL
W (41214) rc_video: Video send failed: ESP_FAIL
W (41298) rc_video: Video send failed: ESP_FAIL
I (41410) wifi:<ba-add>idx:2 (ifx:1, 44:1b:f6:f3:ae:40), tid:0, ssn:0, winSize:64
I (43286) rc_net: [CAM-PROBE] Video TX seq=30 jpeg_len=9060 crc32=0x67750b49 chunks=8
I (44043) rc_video: Sent 30 | cap_fps=10.5 send_fps=8.3 capture_size_errors=0 capture_identity_errors=0 | Avg(ms): wait=22.8 cache=1.4 subsample=23.6 encode=25.5 send=6.4 total=79.7 | JPEG=9143B
I (44050) rc_video: [VIDEO-TX] handoff cap=186 get=372 select_fail=0 finished=186 signal=186 acquire=186 acquire_fail=0 release_fail=0 backup=0/0
I (44061) rc_video: [STABLE-CAPTURE] pause=186/186 timeout=0 quiesce=186 resume=186 lifecycle_errors=0 repairs=39 staged_events=2074 copies=2047 fallback=0 errors=0 prepare=187 stale_queue=0 pending_vsync=162 sync=186 complete=186 incomplete=0 incomplete_blocks=0 hold=186/186 hold_timeout=0
I (46077) rc_net: [CAM-PROBE] Video TX seq=60 jpeg_len=9647 crc32=0xcfd8243b chunks=9
I (46789) rc_video: Sent 60 | cap_fps=10.8 send_fps=10.8 capture_size_errors=0 capture_identity_errors=0 | Avg(ms): wait=20.4 cache=1.4 subsample=23.4 encode=25.9 send=6.4 total=77.6 | JPEG=9156B
I (46789) rc_video: [VIDEO-TX] handoff cap=216 get=433 select_fail=0 finished=216 signal=216 acquire=216 acquire_fail=0 release_fail=0 backup=0/0
I (46842) rc_video: [STABLE-CAPTURE] pause=217/217 timeout=0 quiesce=216 resume=216 lifecycle_errors=0 repairs=69 staged_events=2434 copies=2387 fallback=0 errors=0 prepare=217 stale_queue=0 pending_vsync=171 sync=217 complete=217 incomplete=0 incomplete_blocks=0 hold=217/217 hold_timeout=0
I (48847) rc_net: [CAM-PROBE] Video TX seq=90 jpeg_len=9120 crc32=0x9c0ae2b7 chunks=8
I (49583) rc_video: Sent 90 | cap_fps=10.8 send_fps=10.8 capture_size_errors=0 capture_identity_errors=0 | Avg(ms): wait=21.2 cache=1.4 subsample=23.4 encode=25.4 send=6.4 total=77.8 | JPEG=9124B
I (49590) rc_video: [VIDEO-TX] handoff cap=246 get=492 select_fail=0 finished=246 signal=246 acquire=246 acquire_fail=0 release_fail=0 backup=0/0
I (49603) rc_video: [STABLE-CAPTURE] pause=246/246 timeout=0 quiesce=246 resume=246 lifecycle_errors=0 repairs=99 staged_events=2775 copies=2707 fallback=0 errors=0 prepare=247 stale_queue=0 pending_vsync=181 sync=246 complete=246 incomplete=0 incomplete_blocks=0 hold=246/246 hold_timeout=0
I (51597) rc_net: [CAM-PROBE] Video TX seq=120 jpeg_len=9092 crc32=0xff5e1841 chunks=8
I (52317) rc_video: Sent 120 | cap_fps=11.0 send_fps=11.0 capture_size_errors=0 capture_identity_errors=0 | Avg(ms): wait=18.4 cache=1.4 subsample=23.5 encode=25.9 send=6.5 total=75.7 | JPEG=9056B
I (52324) rc_video: [VIDEO-TX] handoff cap=276 get=552 select_fail=0 finished=276 signal=276 acquire=276 acquire_fail=0 release_fail=0 backup=0/0
I (52334) rc_video: [STABLE-CAPTURE] pause=276/276 timeout=0 quiesce=276 resume=276 lifecycle_errors=0 repairs=129 staged_events=3126 copies=3037 fallback=0 errors=0 prepare=277 stale_queue=0 pending_vsync=190 sync=276 complete=276 incomplete=0 incomplete_blocks=0 hold=276/276 hold_timeout=0
I (54368) rc_net: [CAM-PROBE] Video TX seq=150 jpeg_len=9037 crc32=0x527c43ab chunks=8
I (55141) rc_video: Sent 150 | cap_fps=10.5 send_fps=10.5 capture_size_errors=0 capture_identity_errors=0 | Avg(ms): wait=24.8 cache=1.4 subsample=23.6 encode=25.3 send=6.2 total=81.2 | JPEG=9716B
I (55141) rc_video: [VIDEO-TX] handoff cap=306 get=613 select_fail=0 finished=306 signal=306 acquire=306 acquire_fail=0 release_fail=0 backup=0/0
I (55141) rc_video: [STABLE-CAPTURE] pause=306/306 timeout=0 quiesce=306 resume=306 lifecycle_errors=0 repairs=159 staged_events=3483 copies=3376 fallback=0 errors=0 prepare=307 stale_queue=0 pending_vsync=198 sync=306 complete=306 incomplete=0 incomplete_blocks=0 hold=306/306 hold_timeout=0
I (57162) rc_net: [CAM-PROBE] Video TX seq=180 jpeg_len=9637 crc32=0xdc2bbc43 chunks=9
I (57894) rc_video: Sent 180 | cap_fps=11.0 send_fps=11.0 capture_size_errors=0 capture_identity_errors=0 | Avg(ms): wait=17.4 cache=1.4 subsample=23.7 encode=25.7 send=7.7 total=75.9 | JPEG=9105B
I (57901) rc_video: [VIDEO-TX] handoff cap=336 get=672 select_fail=0 finished=336 signal=336 acquire=336 acquire_fail=0 release_fail=0 backup=0/0
I (57911) rc_video: [STABLE-CAPTURE] pause=336/336 timeout=0 quiesce=336 resume=336 lifecycle_errors=0 repairs=189 staged_events=3824 copies=3696 fallback=0 errors=0 prepare=337 stale_queue=0 pending_vsync=208 sync=336 complete=336 incomplete=0 incomplete_blocks=0 hold=336/336 hold_timeout=0
I (59893) rc_net: [CAM-PROBE] Video TX seq=210 jpeg_len=9670 crc32=0xd6d6e352 chunks=9
I (60642) rc_video: Sent 210 | cap_fps=10.8 send_fps=10.8 capture_size_errors=0 capture_identity_errors=0 | Avg(ms): wait=20.0 cache=1.4 subsample=23.4 encode=25.8 send=6.4 total=77.0 | JPEG=9118B
I (60642) rc_video: [VIDEO-TX] handoff cap=366 get=733 select_fail=0 finished=366 signal=366 acquire=366 acquire_fail=0 release_fail=0 backup=0/0
I (60693) rc_video: [STABLE-CAPTURE] pause=367/367 timeout=0 quiesce=366 resume=366 lifecycle_errors=0 repairs=219 staged_events=4185 copies=4037 fallback=0 errors=0 prepare=367 stale_queue=0 pending_vsync=215 sync=367 complete=367 incomplete=0 incomplete_blocks=0 hold=367/367 hold_timeout=0
I (62661) rc_net: [CAM-PROBE] Video TX seq=240 jpeg_len=8981 crc32=0xbdaf865b chunks=8
I (63397) rc_video: Sent 240 | cap_fps=11.0 send_fps=11.0 capture_size_errors=0 capture_identity_errors=0 | Avg(ms): wait=18.4 cache=1.3 subsample=23.7 encode=25.9 send=7.1 total=76.4 | JPEG=9245B
I (63404) rc_video: [VIDEO-TX] handoff cap=396 get=792 select_fail=0 finished=396 signal=396 acquire=396 acquire_fail=0 release_fail=0 backup=0/0
I (63416) rc_video: [STABLE-CAPTURE] pause=396/396 timeout=0 quiesce=396 resume=396 lifecycle_errors=0 repairs=249 staged_events=4527 copies=4357 fallback=0 errors=0 prepare=397 stale_queue=0 pending_vsync=224 sync=396 complete=396 incomplete=0 incomplete_blocks=0 hold=396/396 hold_timeout=0
I (65431) rc_net: [CAM-PROBE] Video TX seq=270 jpeg_len=9242 crc32=0xeb5ce549 chunks=8
I (66167) rc_video: Sent 270 | cap_fps=10.8 send_fps=10.8 capture_size_errors=0 capture_identity_errors=0 | Avg(ms): wait=21.1 cache=1.4 subsample=23.4 encode=25.6 send=6.4 total=77.8 | JPEG=9239B
I (66174) rc_video: [VIDEO-TX] handoff cap=426 get=852 select_fail=0 finished=426 signal=426 acquire=426 acquire_fail=0 release_fail=0 backup=0/0
I (66186) rc_video: [STABLE-CAPTURE] pause=426/426 timeout=0 quiesce=426 resume=426 lifecycle_errors=0 repairs=279 staged_events=4877 copies=4687 fallback=0 errors=0 prepare=427 stale_queue=0 pending_vsync=234 sync=426 complete=426 incomplete=0 incomplete_blocks=0 hold=426/426 hold_timeout=0
I (68221) rc_net: [CAM-PROBE] Video TX seq=300 jpeg_len=9213 crc32=0x5b2a860f chunks=8
I (68954) rc_video: Sent 300 | cap_fps=10.7 send_fps=10.7 capture_size_errors=0 capture_identity_errors=0 | Avg(ms): wait=22.8 cache=1.4 subsample=23.6 encode=25.6 send=6.3 total=79.8 | JPEG=9130B
I (68954) rc_video: [VIDEO-TX] handoff cap=456 get=913 select_fail=0 finished=456 signal=456 acquire=456 acquire_fail=0 release_fail=0 backup=0/0
I (69006) rc_video: [STABLE-CAPTURE] pause=457/457 timeout=0 quiesce=456 resume=456 lifecycle_errors=0 repairs=309 staged_events=5236 copies=5027 fallback=0 errors=0 prepare=457 stale_queue=0 pending_vsync=243 sync=457 complete=457 incomplete=0 incomplete_blocks=0 hold=457/457 hold_timeout=0
I (70972) rc_net: [CAM-PROBE] Video TX seq=330 jpeg_len=9743 crc32=0x5189f0f1 chunks=9
I (71727) rc_video: Sent 330 | cap_fps=10.9 send_fps=10.9 capture_size_errors=0 capture_identity_errors=0 | Avg(ms): wait=19.5 cache=1.4 subsample=23.4 encode=25.8 send=6.6 total=76.7 | JPEG=9703B
I (71727) rc_video: [VIDEO-TX] handoff cap=486 get=973 select_fail=0 finished=486 signal=486 acquire=486 acquire_fail=0 release_fail=0 backup=0/0
I (71727) rc_video: [STABLE-CAPTURE] pause=486/486 timeout=0 quiesce=486 resume=486 lifecycle_errors=0 repairs=339 staged_events=5587 copies=5356 fallback=0 errors=0 prepare=487 stale_queue=0 pending_vsync=252 sync=486 complete=486 incomplete=0 incomplete_blocks=0 hold=486/486 hold_timeout=0
I (73782) rc_net: [CAM-PROBE] Video TX seq=360 jpeg_len=9707 crc32=0x60e65bca chunks=9
I (74518) rc_video: Sent 360 | cap_fps=10.8 send_fps=10.8 capture_size_errors=0 capture_identity_errors=0 | Avg(ms): wait=21.0 cache=1.4 subsample=23.3 encode=25.5 send=7.1 total=78.3 | JPEG=9110B
I (74525) rc_video: [VIDEO-TX] handoff cap=516 get=1032 select_fail=0 finished=516 signal=516 acquire=516 acquire_fail=0 release_fail=0 backup=0/0
I (74538) rc_video: [STABLE-CAPTURE] pause=516/516 timeout=0 quiesce=516 resume=516 lifecycle_errors=0 repairs=369 staged_events=5929 copies=5677 fallback=0 errors=0 prepare=517 stale_queue=0 pending_vsync=263 sync=516 complete=516 incomplete=0 incomplete_blocks=0 hold=516/516 hold_timeout=0
I (76553) rc_net: [CAM-PROBE] Video TX seq=390 jpeg_len=9166 crc32=0xb7364327 chunks=8
I (77305) rc_video: Sent 390 | cap_fps=10.7 send_fps=10.7 capture_size_errors=0 capture_identity_errors=0 | Avg(ms): wait=22.4 cache=1.4 subsample=23.6 encode=25.6 send=6.4 total=79.3 | JPEG=9246B
I (77305) rc_video: [VIDEO-TX] handoff cap=546 get=1093 select_fail=0 finished=546 signal=546 acquire=546 acquire_fail=0 release_fail=0 backup=0/0
I (77357) rc_video: [STABLE-CAPTURE] pause=547/547 timeout=0 quiesce=546 resume=546 lifecycle_errors=0 repairs=399 staged_events=6289 copies=6017 fallback=0 errors=0 prepare=547 stale_queue=0 pending_vsync=273 sync=547 complete=547 incomplete=0 incomplete_blocks=0 hold=547/547 hold_timeout=0
I (79302) rc_net: [CAM-PROBE] Video TX seq=420 jpeg_len=9205 crc32=0xdce941fe chunks=8
I (80036) rc_video: Sent 420 | cap_fps=11.0 send_fps=11.0 capture_size_errors=0 capture_identity_errors=0 | Avg(ms): wait=18.3 cache=1.4 subsample=23.2 encode=26.0 send=6.5 total=75.3 | JPEG=9185B
I (80036) rc_video: [VIDEO-TX] handoff cap=576 get=1153 select_fail=0 finished=576 signal=576 acquire=576 acquire_fail=0 release_fail=0 backup=0/0
I (80085) rc_video: [STABLE-CAPTURE] pause=576/576 timeout=0 quiesce=576 resume=576 lifecycle_errors=0 repairs=429 staged_events=6641 copies=6347 fallback=0 errors=0 prepare=577 stale_queue=0 pending_vsync=280 sync=577 complete=577 incomplete=0 incomplete_blocks=0 hold=576/576 hold_timeout=0
I (82074) rc_net: [CAM-PROBE] Video TX seq=450 jpeg_len=8978 crc32=0x203a512c chunks=8
W (82858) rc_net: Video UDP send failed: seq=458 chunk=1/8 bytes=1208 sent=-1 errno=12 attempts=4
W (82859) rc_video: Video send failed: ESP_FAIL
I (82915) rc_video: Sent 450 | cap_fps=10.9 send_fps=10.5 capture_size_errors=0 capture_identity_errors=0 | Avg(ms): wait=19.9 cache=1.4 subsample=23.4 encode=25.7 send=6.4 total=76.9 | JPEG=9147B
I (82922) rc_video: [VIDEO-TX] handoff cap=607 get=1215 select_fail=0 finished=607 signal=607 acquire=607 acquire_fail=0 release_fail=0 backup=0/0
I (82928) rc_video: [STABLE-CAPTURE] pause=607/607 timeout=0 quiesce=607 resume=607 lifecycle_errors=0 repairs=460 staged_events=6995 copies=6679 fallback=0 errors=0 prepare=608 stale_queue=0 pending_vsync=290 sync=607 complete=607 incomplete=0 incomplete_blocks=0 hold=607/607 hold_timeout=0
I (84865) rc_net: [CAM-PROBE] Video TX seq=480 jpeg_len=9076 crc32=0x82c179dd chunks=8
W (85467) rc_tank: [DVP-MATRIX] result stage=6 strategy=sync_defer_to_eof11_cold120 complete=635 incomplete=0 incomplete_blocks=0 sync_defer=118 released=118 collisions=0 release_errors=0 defer_hist=0,0,0,0,0,0,0,0,0,1,117 mismatch_hist=0,0,0,5,168,330,194,15,10,17,312 prepare=635 pending=298 hold=634/634 hold_timeout=0
W (85489) rc_tank: [DVP-MATRIX] advance stage=7; restart in 1s
I (85696) rc_video: Sent 480 | cap_fps=10.7 send_fps=10.7 capture_size_errors=0 capture_identity_errors=0 | Avg(ms): wait=22.6 cache=1.5 subsample=23.6 encode=25.6 send=6.5 total=79.8 | JPEG=8955B
I (85696) rc_video: [VIDEO-TX] handoff cap=637 get=1275 select_fail=0 finished=637 signal=637 acquire=637 acquire_fail=0 release_fail=0 backup=0/0
I (85748) rc_video: [STABLE-CAPTURE] pause=638/638 timeout=0 quiesce=637 resume=637 lifecycle_errors=0 repairs=490 staged_events=7353 copies=7018 fallback=0 errors=0 prepare=638 stale_queue=0 pending_vsync=299 sync=638 complete=638 incomplete=0 incomplete_blocks=0 hold=638/638 hold_timeout=0
I (86495) wifi:station: 44:1b:f6:f3:ae:40 leave, AID = 1, reason = 2, bss_flags is 756835, bss:0x3fcf13c4
I (86497) wifi:new:<1,0>, old:<1,1>, ap:<1,1>, sta:<255,255>, prof:1, snd_ch_cfg:0x0
I (86503) wifi:<ba-del>idx:2, tid:0
I (86505) wifi:new:<1,1>, old:<1,0>, ap:<1,1>, sta:<255,255>, prof:1, snd_ch_cfg:0x0
I (86515) rc_net: STA disconnected, MAC: 44:1b:f6:f3:ae:40
W (86519) rc_control: Network disconnected: motor stop enforced
W (86524) rc_tank: Network disconnected
W (86558) rc_video: Video send failed: ESP_ERR_INVALID_STATE
W (86646) rc_video: Video send failed: ESP_ERR_INVALID_STATE
W (86725) rc_video: Video send failed: ESP_ERR_INVALID_STATE
W (86804) rc_video: Video send failed: ESP_ERR_INVALID_STATE
W (86883) rc_video: Video send failed: ESP_ERR_INVALID_STATE
W (86965) rc_video: Video send failed: ESP_ERR_INVALID_STATE
W (87041) rc_video: Video send failed: ESP_ERR_INVALID_STATE
W (87124) rc_video: Video send failed: ESP_ERR_INVALID_STATE
W (87203) rc_video: Video send failed: ESP_ERR_INVALID_STATE
W (87279) rc_video: Video send failed: ESP_ERR_INVALID_STATE
W (87361) rc_video: Video send failed: ESP_ERR_INVALID_STATE
W (87437) rc_video: Video send failed: ESP_ERR_INVALID_STATE
W (87520) rc_video: Video send failed: ESP_ERR_INVALID_STATE
W (87596) rc_video: Video send failed: ESP_ERR_INVALID_STATE
W (87678) rc_video: Video send failed: ESP_ERR_INVALID_STATE
W (87757) rc_video: Video send failed: ESP_ERR_INVALID_STATE
W (87836) rc_video: Video send failed: ESP_ERR_INVALID_STATE
W (87915) rc_video: Video send failed: ESP_ERR_INVALID_STATE
W (87991) rc_video: Video send failed: ESP_ERR_INVALID_STATE
W (88071) rc_video: Video send failed: ESP_ERR_INVALID_STATE
W (88153) rc_video: Video send failed: ESP_ERR_INVALID_STATE
W (88229) rc_video: Video send failed: ESP_ERR_INVALID_STATE
W (88308) rc_video: Video send failed: ESP_ERR_INVALID_STATE
W (88390) rc_video: Video send failed: ESP_ERR_INVALID_STATE
W (88469) rc_video: Video send failed: ESP_ERR_INVALID_STATE
W (88545) rc_video: Video send failed: ESP_ERR_INVALID_STATE
W (88625) rc_video: Video send failed: ESP_ERR_INVALID_STATE
W (88704) rc_video: Video send failed: ESP_ERR_INVALID_STATE
W (88783) rc_video: Video send failed: ESP_ERR_INVALID_STATE
W (88865) rc_video: Video send failed: ESP_ERR_INVALID_STATE
W (88941) rc_video: Video send failed: ESP_ERR_INVALID_STATE
W (89020) rc_video: Video send failed: ESP_ERR_INVALID_STATE
W (89103) rc_video: Video send failed: ESP_ERR_INVALID_STATE
W (89182) rc_video: Video send failed: ESP_ERR_INVALID_STATE
W (89258) rc_video: Video send failed: ESP_ERR_INVALID_STATE
W (89337) rc_video: Video send failed: ESP_ERR_INVALID_STATE
W (89416) rc_video: Video send failed: ESP_ERR_INVALID_STATE
W (89495) rc_video: Video send failed: ESP_ERR_INVALID_STATE
W (89575) rc_video: Video send failed: ESP_ERR_INVALID_STATE
W (89654) rc_video: Video send failed: ESP_ERR_INVALID_STATE
I (89697) wifi:flush txq
I (89698) wifi:stop sw txq
I (89698) wifi:lmac stop hw txq
ESP-ROM:esp32s3-20210327
Build:Mar 27 2021
rst:0xc (RTC_SW_CPU_RST),boot:0x3 (DOWNLOAD(USB/UART0))
Saved PC:0x403812c5
waiting for download

[HOST-DVP-MATRIX 12:33:07] SYNC-R1-RESUME Tank restart recovery=5

[HOST-DVP-MATRIX 12:33:07] Tank RAM bootloader start
esptool.py v4.12.dev2
Serial port COM7
Connecting.....
Chip is ESP32-S3 (QFN56) (revision v0.2)
Features: WiFi, BLE
Crystal is 40MHz
MAC: 44:1b:f6:f3:ae:78
Uploading stub...
Running stub...
Stub running...
RAM boot...
Downloading 5360 bytes at 3fce2820... done!
Downloading 3364 bytes at 403c8700... done!
Downloading 12016 bytes at 403cb700... done!
All segments done, executing at 403c8924
Exiting immediately.

[HOST-DVP-MATRIX 12:33:10] Tank RAM bootloader complete
r
I (3091) boot: chip revision: v0.2
I (3094) boot: efuse block revision: v1.3
I (3098) boot.esp32s3: Boot SPI Speed : 80MHz
I (3102) boot.esp32s3: SPI Mode       : SLOW READ
I (3106) boot.esp32s3: SPI Flash Size : 8MB
I (3110) boot: Enabling RNG early entropy source...
I (3115) boot: Partition Table:
I (3117) boot: ## Label            Usage          Type ST Offset   Length
I (3124) boot:  0 nvs              WiFi data        01 02 00009000 00006000
I (3131) boot:  1 phy_init         RF data          01 01 0000f000 00001000
I (3137) boot:  2 factory          factory app      00 00 00010000 00300000
I (3144) boot:  3 storage          Unknown data     01 82 00310000 00100000
I (3151) boot: End of partition table
I (3154) esp_image: segment 0: paddr=00010020 vaddr=3c0a0020 size=24db0h (150960) map
I (3254) esp_image: segment 1: paddr=00034dd8 vaddr=3fca0d00 size=05560h ( 21856) load
I (3268) esp_image: segment 2: paddr=0003a340 vaddr=40374000 size=05cd8h ( 23768) load
I (3284) esp_image: segment 3: paddr=00040020 vaddr=42000020 size=9b798h (636824) map
I (3673) esp_image: segment 4: paddr=000db7c0 vaddr=40379cd8 size=16fe0h ( 94176) load
I (3734) esp_image: segment 5: paddr=000f27a8 vaddr=50000000 size=00020h (    32) load
I (3746) boot: Loaded app from partition at offset 0x10000
I (3746) boot: Disabling RNG early entropy source...
I (3758) esp_psram: Found 8MB PSRAM device
I (3758) esp_psram: Speed: 80MHz
I (3758) cpu_start: Multicore app
I (4676) esp_psram: SPI SRAM memory test OK
I (4685) cpu_start: GPIO 44 and 43 are used as console UART I/O pins
I (4686) cpu_start: Pro cpu start user code
I (4686) cpu_start: cpu freq: 240000000 Hz
I (4687) app_init: Application information:
I (4691) app_init: Project name:     rc_tank_demo
I (4696) app_init: App version:      1
I (4699) app_init: Compile time:     Aug 26 2026 12:18:42
I (4704) app_init: ELF file SHA256:  5f9ce93e0...
I (4709) app_init: ESP-IDF:          GIT-NOTFOUND
I (4713) efuse_init: Min chip rev:     v0.0
I (4717) efuse_init: Max chip rev:     v0.99 
I (4721) efuse_init: Chip rev:         v0.2
I (4725) heap_init: Initializing. RAM available for dynamic allocation:
I (4732) heap_init: At 3FCAA3D0 len 0003F340 (252 KiB): RAM
I (4737) heap_init: At 3FCE9710 len 00005724 (21 KiB): RAM
I (4742) heap_init: At 3FCF0000 len 00008000 (32 KiB): DRAM
I (4747) heap_init: At 600FE000 len 00001FE8 (7 KiB): RTCRAM
I (4753) esp_psram: Adding pool of 8192K of PSRAM memory to heap allocator
I (4761) spi_flash: detected chip: generic
I (4763) spi_flash: flash io: dio
I (4767) sleep_gpio: Configure to isolate all GPIO pins in sleep state
I (4773) sleep_gpio: Enable automatic switching of GPIO sleep configuration
I (4780) main_task: Started on CPU0
I (4804) esp_psram: Reserving pool of 64K of internal memory for DMA/internal allocations
I (4805) main_task: Calling app_main()
I (4819) rc_tank: === RC Tank Demo (EX-035) Role: TANK ===
I (4820) rc_tank: Startup delay 10 s (open serial monitor now)...
I (4820) rc_tank:   starting in 10 s
I (5823) rc_tank:   starting in 9 s
I (6823) rc_tank:   starting in 8 s
I (7823) rc_tank:   starting in 7 s
I (8823) rc_tank:   starting in 6 s
I (9823) rc_tank:   starting in 5 s
I (10823) rc_tank:   starting in 4 s
I (11823) rc_tank:   starting in 3 s
I (12823) rc_tank:   starting in 2 s
I (13823) rc_tank:   starting in 1 s
I (14823) rc_tank: Starting Tank role (P1: network, P2: control, P3: video)
I (14823) board_laiwfs300: init board support package
I (14823) board_laiwfs300: init capability registry
I (14828) board_laiwfs300: init I2C bus: SDA=GPIO48 SCL=GPIO47
I (14834) bus_i2c: I2C0 initialized: SDA=GPIO48 SCL=GPIO47 speed=100000Hz
I (14840) board_laiwfs300: --- I2C bus scan (0x08-0x77) ---
I (14847) board_laiwfs300:   I2C device ACK at 0x15
I (14850) board_laiwfs300:   I2C device ACK at 0x18
I (14855) board_laiwfs300:   I2C device ACK at 0x21
I (14859) board_laiwfs300:   I2C device ACK at 0x22
I (14867) board_laiwfs300:   I2C device ACK at 0x40
I (14870) board_laiwfs300:   I2C device ACK at 0x51
I (14876) board_laiwfs300:   I2C device ACK at 0x68
I (14879) board_laiwfs300: --- I2C scan done: 7 device(s) found ---
W (14883) board_laiwfs300: TPT29555A (IOEX) NOT found at 0x20 (NACK)
I (14889) board_laiwfs300: ES8311 (Codec) found at 0x18
I (14894) board_laiwfs300: ES7210 (ADC) found at 0x40
I (14899) board_laiwfs300: AIP8563 (RTC) found at 0x51
I (14904) board_laiwfs300: BMI260 (IMU @0x68) found at 0x68
W (14909) board_laiwfs300: BMI260 (IMU @0x69) NOT found at 0x69 (NACK)
I (14915) board_laiwfs300: SP0A39 (Camera) found at 0x21
I (14922) board_laiwfs300: ES8311 chip ID: 0x83 0x11
I (14926) board_laiwfs300: ES7210 chip ID: 0x72
I (14931) board_laiwfs300: AIP8563 RTC time: 00:06:23 (BCD raw)
I (14935) board_laiwfs300: BMI260 chip ID: 0x27 (expect 0x27)
I (14940) board_laiwfs300: init SPI bus manager
I (14946) board_laiwfs300: init ADC service
I (14949) board_adc: ADC1 oneshot initialized
I (14953) board_laiwfs300: init board power service
I (14958) board_laiwfs300: ADC D0_DETECT (GPIO1): raw=4095 (~3100 mV)
I (14963) board_laiwfs300: ADC BAT_ADC (GPIO7): raw=1640 (~1241 mV)
I (14969) board_laiwfs300: ADC SW_ADC (GPIO8): raw=4095 (~3100 mV)
I (14975) board_laiwfs300: init IO expander: TPT29555A addr=0x22
I (14984) io_expander: TPT29555A initialized at 0x22
I (14986) board_laiwfs300: IO expander initialized OK
I (14990) board_laiwfs300: init module detect
I (14995) board_laiwfs300: register detection rules
I (14999) board_laiwfs300: register default capabilities
I (15004) board_laiwfs300: board init complete (ioex=OK)
I (15009) rc_tank: [STEP] Motor init starting...
I (15014) board_motor: motor input 1 -> GPIO5 / LEDC channel 0
I (15019) board_motor: motor input 2 -> GPIO4 / LEDC channel 1
I (15025) board_motor: motor input 3 -> GPIO37 / LEDC channel 2
I (15030) board_motor: motor input 4 -> GPIO45 / LEDC channel 3
I (15036) rc_control: Motor initialized
I (15039) rc_tank: [STEP] Motor init OK
I (15043) rc_tank: [STEP] Display init starting...
I (15048) rc_video: Initializing Tank display
I (15053) display_hal: init ST7789V3 LCD 240x320 SPI host=1
E (15198) spi: spi_bus_initialize(816): SPI bus already initialized.
I (15319) display_hal: ST7789V3 LCD initialized
I (15319) board_display: display mapped: MOSI=GPIO13 SCK=GPIO12 CS=GPIO10 DC=GPIO16 BL=GPIO17 LCD_RST=IOEX P1_5 pclk=20000000
I (15324) rc_video: Tank display task started (status screen)
I (15325) rc_video: Tank display initialized (status task owns LCD)
I (15335) rc_tank: [STEP] Display init OK
I (15339) rc_tank: [STEP] Camera init starting...
I (15343) rc_video: Initializing camera (SP0A39 640x480 VYUY)
I (15349) board_camera: initializing SP0A39 camera mode=0 640x480
I (15354) camera_hal: init SP0A39 DVP 640x480 (SCCB manual mode)
I (15360) camera_hal: configuring IOEX pins for camera RESET/PWDN
I (15367) camera_hal: PWDN=HIGH (power down)
I (15380) camera_hal: PWDN=LOW (release sensor)
I (15580) camera_hal: RESET=LOW (assert reset)
I (15600) camera_hal: RESET=HIGH (release reset)
I (16600) camera_hal: full I2C scan after camera power-up (diagnostic only)...
I (16602) camera_hal:   post-powerup ACK at 0x15
I (16602) camera_hal:   post-powerup ACK at 0x18
I (16605) camera_hal:   post-powerup ACK at 0x21
I (16609) camera_hal:   post-powerup ACK at 0x22
I (16617) camera_hal:   post-powerup ACK at 0x40
I (16619) camera_hal:   post-powerup ACK at 0x51
I (16625) camera_hal:   post-powerup ACK at 0x68
I (16628) camera_hal: DVP GPIO diagnostics (checking PCLK/VSYNC/HSYNC activity)...
I (16694) camera_hal: DVP diagnostics: PCLK_changes=0 VSYNC_changes=0 HSYNC_changes=0
W (16694) camera_hal: PCLK has no transitions - MCLK likely not reaching sensor or sensor not active
I (16699) camera_hal: using sensor address 0x21
I (16704) camera_hal: SP0A39 I2C device added at 0x21
I (16710) camera_hal: SP0A39 chip ID: 0x0A39
I (16832) camera_hal: SP0A39 register init done: VYUY 640x480 (359 regs)
I (16833) camera_hal: [CAM-PROBE] SP0A39 p0_31 stage=post_table value=0x00 expected=0x01
E (16835) camera_hal: camera_hal_verify_expected_output_p0_31(92): unexpected p0_31=0x00 at post_table
W (16845) camera_hal: [CAM-PROBE] output state differs after table; continuing: ESP_ERR_INVALID_RESPONSE
I (16874) camera_hal: [CAM-PROBE] SP0A39 p0_31 stage=post_delay value=0x01 expected=0x01
I (16875) camera_hal: camera HAL initialized (sensor ready, DVP capture not yet implemented)
I (16879) board_camera: camera ready
I (16887) camera_hal: SP0A39 output regs: P0:1c=0x00 P0:30=0x01 P0:31=0x01 P1:32=0x15 P1:34=0xeb P1:35=0x00 P1:36=0x10
I (17019) rc_video:   3 DMA-capable PSRAM framebuffers allocated (600 KB each)
I (17022) dvp_ext: DVP Extended camera controller driver is initialized
I (17022) dvp_ext: [STABLE-DVP] assembly uses GDMA-EOF direct copy; dma=102400 half=51200 queue_data_events=suppressed eof_desc=probe
I (17033) rc_video: [STABLE-CAPTURE] staged DVP controller created dma=102400 half=51200
I (17041) rc_video: Camera initialized
I (17045) rc_tank: [STEP] Camera init OK
W (17049) rc_tank: [DVP-MATRIX] pre-network stage=7 strategy=sync_defer_to_eof11 frames=0 sync_defer=1 wifi=off video_tx=not_created
I (17060) rc_tank: [STEP] Network init starting...
I (17066) rc_net: Initializing as SoftAP (Tank)
I (17070) pp: pp rom version: e7ae62f
I (17073) net80211: net80211 rom version: e7ae62f
I (17078) wifi:wifi driver task: 3fce4a90, prio:23, stack:6656, core=0
I (17089) wifi:wifi firmware version: 0947e8b
I (17090) wifi:wifi certification version: v7.0
I (17091) wifi:config NVS flash: enabled
I (17095) wifi:config nano formatting: disabled
I (17099) wifi:Init data frame dynamic rx buffer num: 32
I (17104) wifi:Init static rx mgmt buffer num: 5
I (17108) wifi:Init management short buffer num: 32
I (17113) wifi:Init dynamic tx buffer num: 64
I (17117) wifi:Init static tx FG buffer num: 2
I (17121) wifi:Init static rx buffer size: 1600
I (17126) wifi:Init static rx buffer num: 10
I (17129) wifi:Init dynamic rx buffer num: 32
I (17135) wifi_init: rx ba win: 6
I (17137) wifi_init: accept mbox: 6
I (17140) wifi_init: tcpip mbox: 16
I (17143) wifi_init: udp mbox: 6
I (17146) wifi_init: tcp mbox: 6
I (17149) wifi_init: tcp tx win: 5760
I (17152) wifi_init: tcp rx win: 5760
I (17156) wifi_init: tcp mss: 1440
I (17159) wifi_init: WiFi IRAM OP enabled
I (17162) wifi_init: WiFi RX IRAM OP enabled
I (17167) rc_net: AP set_mode/config, SSID=RC_TANK_F3AE79 ch=1
I (17177) phy_init: phy_version 711,97bcf0a2,Aug 25 2025,19:04:10
I (17219) wifi:mode : softAP (44:1b:f6:f3:ae:79)
I (17223) wifi:Total power save buffer number: 32
I (17224) wifi:Init max length of beacon: 752/752
I (17225) wifi:Init max length of beacon: 752/752
I (17227) rc_net: SoftAP started, SSID: RC_TANK_F3AE79, Password: 12345678
I (17228) esp_netif_lwip: DHCP server started on interface WIFI_AP_DEF with IP: 192.168.4.1
I (17241) rc_tank: [STEP] Network init OK
I (17245) rc_tank: Tank SoftAP ready, waiting for remote...
I (17250) rc_control: Ctrl RX task started
I (17254) rc_control: Tank control started
I (17257) rc_tank: Tank running (video + control; audio disabled)
I (17263) rc_tank: app_main done, idle loop
I (19905) wifi:new:<1,1>, old:<1,1>, ap:<1,1>, sta:<255,255>, prof:1, snd_ch_cfg:0x0
I (19906) wifi:station: 44:1b:f6:f3:ae:40 join, AID=1, bgn, 40U
I (19935) rc_net: STA connected, MAC: 44:1b:f6:f3:ae:40
I (19976) esp_netif_lwip: DHCP server assigned IP to a client, IP is: 192.168.4.2
I (19977) rc_net: STA assigned IP: 192.168.4.2
I (19977) rc_tank: Network connected, peer: 192.168.4.2
W (19983) rc_tank: [DVP-MATRIX] start stage=7 strategy=sync_defer_to_eof11 preflight_frames=0 sync_defer=1 video_tx=not_created
I (19994) rc_net: Ctrl UDP socket bound to port 8001
I (19998) rc_net: Video UDP socket bound to port 8002
I (20003) rc_net: Audio TCP listening on port 8003
I (20007) rc_tank: Socket channels started
I (20011) rc_video: No local preview active; formal video handoff skipped
I (20019) camera_hal: [CAM-PROBE] SP0A39 p0_31 stage=dvp_started value=0x01 expected=0x01
I (20033) rc_video: Video TX task started (240x180, sensor-driven, Q=60)
I (20034) rc_video: TX theory: raw=614400 B/frame, encoded YUV=86400 B/frame, target10fps raw=0.86 MB/s
I (20075) rc_video: PSRAM TX buffers: subsample=86400B jpeg=43200B send=43208B free_psram=5592524 free_internal=59383
I (20076) rc_video: TX buffer caps: subsample=0x3c350120(psram=1) jpeg=0x3c3652a4(psram=1) send=0x3c36fea8(psram=1)
I (20079) rc_video: Tank video started (camera source)
W (20091) rc_tank: [DVP-MATRIX] observe stage=7 strategy=sync_defer_to_eof11 duration_ms=90000 sync_defer=1 under live Q60/UDP load
I (20135) rc_net: [CAM-PROBE] Video TX seq=0 jpeg_len=9657 crc32=0xbc3d986c chunks=9
W (20145) rc_net: Video UDP send failed: seq=0 chunk=4/9 bytes=1208 sent=-1 errno=12 attempts=4
W (20146) rc_video: Video send failed: ESP_FAIL

[HOST-DVP-MATRIX 12:33:27] SYNC-R1-RESUME stage=7 visible window begin
W (20277) rc_video: Video send failed: ESP_FAIL
W (20361) rc_video: Video send failed: ESP_FAIL
W (20414) rc_video: Video send failed: ESP_FAIL
W (20554) rc_video: Video send failed: ESP_FAIL
W (20639) rc_video: Video send failed: ESP_FAIL
W (20692) rc_video: Video send failed: ESP_FAIL
W (20831) rc_video: Video send failed: ESP_FAIL
W (20916) rc_video: Video send failed: ESP_FAIL
W (20970) rc_video: Video send failed: ESP_FAIL
I (21275) wifi:<ba-add>idx:2 (ifx:1, 44:1b:f6:f3:ae:40), tid:0, ssn:0, winSize:64
I (22885) rc_net: [CAM-PROBE] Video TX seq=30 jpeg_len=9149 crc32=0xfd6a29c8 chunks=8
I (23716) rc_video: Sent 30 | cap_fps=10.9 send_fps=8.2 capture_size_errors=0 capture_identity_errors=0 | Avg(ms): wait=22.4 cache=1.4 subsample=23.1 encode=25.9 send=6.4 total=79.3 | JPEG=9645B
I (23716) rc_video: [VIDEO-TX] handoff cap=40 get=81 select_fail=0 finished=40 signal=40 acquire=40 acquire_fail=0 release_fail=0 backup=0/0
I (23716) rc_video: [STABLE-CAPTURE] pause=40/40 timeout=0 quiesce=40 resume=40 lifecycle_errors=0 repairs=40 staged_events=477 copies=450 fallback=0 errors=0 prepare=41 stale_queue=0 pending_vsync=14 sync=40 complete=40 incomplete=0 incomplete_blocks=0 hold=40/40 hold_timeout=0
I (25656) rc_net: [CAM-PROBE] Video TX seq=60 jpeg_len=8940 crc32=0xc5d0472a chunks=8
I (26487) rc_video: Sent 60 | cap_fps=10.8 send_fps=10.8 capture_size_errors=0 capture_identity_errors=0 | Avg(ms): wait=21.0 cache=1.5 subsample=23.4 encode=25.5 send=6.5 total=77.8 | JPEG=9696B
I (26487) rc_video: [VIDEO-TX] handoff cap=70 get=141 select_fail=0 finished=70 signal=70 acquire=70 acquire_fail=0 release_fail=0 backup=0/0
I (26487) rc_video: [STABLE-CAPTURE] pause=70/70 timeout=0 quiesce=70 resume=70 lifecycle_errors=0 repairs=70 staged_events=827 copies=780 fallback=0 errors=0 prepare=71 stale_queue=0 pending_vsync=24 sync=70 complete=70 incomplete=0 incomplete_blocks=0 hold=70/70 hold_timeout=0
I (28426) rc_net: [CAM-PROBE] Video TX seq=90 jpeg_len=9067 crc32=0xe792d1ac chunks=8
I (29260) rc_video: Sent 90 | cap_fps=10.8 send_fps=10.8 capture_size_errors=0 capture_identity_errors=0 | Avg(ms): wait=22.5 cache=1.4 subsample=23.2 encode=25.6 send=6.4 total=79.2 | JPEG=9676B
I (29260) rc_video: [VIDEO-TX] handoff cap=100 get=201 select_fail=0 finished=100 signal=100 acquire=100 acquire_fail=0 release_fail=0 backup=0/0
I (29260) rc_video: [STABLE-CAPTURE] pause=100/100 timeout=0 quiesce=100 resume=100 lifecycle_errors=0 repairs=100 staged_events=1177 copies=1110 fallback=0 errors=0 prepare=101 stale_queue=0 pending_vsync=33 sync=100 complete=100 incomplete=0 incomplete_blocks=0 hold=100/100 hold_timeout=0
I (31236) rc_net: [CAM-PROBE] Video TX seq=120 jpeg_len=9127 crc32=0x0a756eb8 chunks=8
I (32067) rc_video: Sent 120 | cap_fps=10.7 send_fps=10.7 capture_size_errors=0 capture_identity_errors=0 | Avg(ms): wait=21.9 cache=1.4 subsample=23.6 encode=25.6 send=6.2 total=78.7 | JPEG=8877B
I (32067) rc_video: [VIDEO-TX] handoff cap=130 get=261 select_fail=0 finished=130 signal=130 acquire=130 acquire_fail=0 release_fail=0 backup=0/0
I (32120) rc_video: [STABLE-CAPTURE] pause=131/131 timeout=0 quiesce=130 resume=130 lifecycle_errors=0 repairs=130 staged_events=1527 copies=1441 fallback=0 errors=0 prepare=131 stale_queue=0 pending_vsync=42 sync=131 complete=131 incomplete=0 incomplete_blocks=0 hold=131/131 hold_timeout=0
I (33967) rc_net: [CAM-PROBE] Video TX seq=150 jpeg_len=8911 crc32=0x91411220 chunks=8
I (34782) rc_video: Sent 150 | cap_fps=11.2 send_fps=11.2 capture_size_errors=0 capture_identity_errors=0 | Avg(ms): wait=16.6 cache=1.4 subsample=23.1 encode=25.9 send=6.5 total=73.5 | JPEG=9099B
I (34790) rc_video: [VIDEO-TX] handoff cap=160 get=320 select_fail=0 finished=160 signal=160 acquire=160 acquire_fail=0 release_fail=0 backup=0/0
I (34802) rc_video: [STABLE-CAPTURE] pause=160/160 timeout=0 quiesce=160 resume=160 lifecycle_errors=0 repairs=160 staged_events=1870 copies=1761 fallback=0 errors=0 prepare=161 stale_queue=0 pending_vsync=50 sync=160 complete=160 incomplete=0 incomplete_blocks=0 hold=160/160 hold_timeout=0
I (36756) rc_net: [CAM-PROBE] Video TX seq=180 jpeg_len=9087 crc32=0x5c3f6ab0 chunks=8
I (37593) rc_video: Sent 180 | cap_fps=10.7 send_fps=10.7 capture_size_errors=0 capture_identity_errors=0 | Avg(ms): wait=22.7 cache=1.5 subsample=23.6 encode=25.4 send=6.3 total=79.5 | JPEG=8993B
I (37600) rc_video: [VIDEO-TX] handoff cap=190 get=380 select_fail=0 finished=190 signal=190 acquire=190 acquire_fail=0 release_fail=0 backup=0/0
I (37612) rc_video: [STABLE-CAPTURE] pause=190/190 timeout=0 quiesce=190 resume=190 lifecycle_errors=0 repairs=190 staged_events=2220 copies=2091 fallback=0 errors=0 prepare=191 stale_queue=0 pending_vsync=61 sync=190 complete=190 incomplete=0 incomplete_blocks=0 hold=190/190 hold_timeout=0
I (39511) rc_net: [CAM-PROBE] Video TX seq=210 jpeg_len=9660 crc32=0x026706e3 chunks=9
I (40340) rc_video: Sent 210 | cap_fps=10.8 send_fps=10.8 capture_size_errors=0 capture_identity_errors=0 | Avg(ms): wait=20.6 cache=1.4 subsample=23.3 encode=25.7 send=6.4 total=77.6 | JPEG=9101B
I (40340) rc_video: [VIDEO-TX] handoff cap=220 get=441 select_fail=0 finished=220 signal=220 acquire=220 acquire_fail=0 release_fail=0 backup=0/0
I (40392) rc_video: [STABLE-CAPTURE] pause=221/221 timeout=0 quiesce=220 resume=220 lifecycle_errors=0 repairs=220 staged_events=2580 copies=2431 fallback=0 errors=0 prepare=221 stale_queue=0 pending_vsync=70 sync=221 complete=221 incomplete=0 incomplete_blocks=0 hold=221/221 hold_timeout=0
I (42279) rc_net: [CAM-PROBE] Video TX seq=240 jpeg_len=9679 crc32=0xcee1e000 chunks=9
I (43110) rc_video: Sent 240 | cap_fps=10.8 send_fps=10.8 capture_size_errors=0 capture_identity_errors=0 | Avg(ms): wait=19.9 cache=1.4 subsample=23.6 encode=25.8 send=6.8 total=77.5 | JPEG=9745B
I (43110) rc_video: [VIDEO-TX] handoff cap=250 get=501 select_fail=0 finished=250 signal=250 acquire=250 acquire_fail=0 release_fail=0 backup=0/0
I (43110) rc_video: [STABLE-CAPTURE] pause=250/250 timeout=0 quiesce=250 resume=250 lifecycle_errors=0 repairs=250 staged_events=2930 copies=2760 fallback=0 errors=0 prepare=251 stale_queue=0 pending_vsync=78 sync=250 complete=250 incomplete=0 incomplete_blocks=0 hold=250/250 hold_timeout=0
I (45053) rc_net: [CAM-PROBE] Video TX seq=270 jpeg_len=9676 crc32=0x410fcd59 chunks=9
I (45877) rc_video: Sent 270 | cap_fps=10.9 send_fps=10.9 capture_size_errors=0 capture_identity_errors=0 | Avg(ms): wait=18.7 cache=1.4 subsample=23.5 encode=25.7 send=6.3 total=75.6 | JPEG=9045B
I (45884) rc_video: [VIDEO-TX] handoff cap=280 get=561 select_fail=0 finished=280 signal=280 acquire=280 acquire_fail=0 release_fail=0 backup=0/0
I (45884) rc_video: [STABLE-CAPTURE] pause=280/280 timeout=0 quiesce=280 resume=280 lifecycle_errors=0 repairs=280 staged_events=3275 copies=3084 fallback=0 errors=0 prepare=281 stale_queue=0 pending_vsync=88 sync=280 complete=280 incomplete=0 incomplete_blocks=0 hold=280/280 hold_timeout=0
I (47780) rc_net: [CAM-PROBE] Video TX seq=300 jpeg_len=9017 crc32=0x116b0da1 chunks=8
I (48595) rc_video: Sent 300 | cap_fps=11.0 send_fps=11.0 capture_size_errors=0 capture_identity_errors=0 | Avg(ms): wait=18.9 cache=1.4 subsample=23.3 encode=25.8 send=6.3 total=75.8 | JPEG=9156B
I (48603) rc_video: [VIDEO-TX] handoff cap=310 get=620 select_fail=0 finished=310 signal=310 acquire=310 acquire_fail=0 release_fail=0 backup=0/0
I (48615) rc_video: [STABLE-CAPTURE] pause=310/310 timeout=0 quiesce=310 resume=310 lifecycle_errors=0 repairs=310 staged_events=3623 copies=3411 fallback=0 errors=0 prepare=311 stale_queue=0 pending_vsync=97 sync=310 complete=310 incomplete=0 incomplete_blocks=0 hold=310/310 hold_timeout=0
I (50515) rc_net: [CAM-PROBE] Video TX seq=330 jpeg_len=9683 crc32=0x7f48d587 chunks=9
I (51343) rc_video: Sent 330 | cap_fps=10.8 send_fps=10.8 capture_size_errors=0 capture_identity_errors=0 | Avg(ms): wait=20.3 cache=1.5 subsample=23.4 encode=25.9 send=6.5 total=77.7 | JPEG=8879B
I (51343) rc_video: [VIDEO-TX] handoff cap=340 get=681 select_fail=0 finished=340 signal=340 acquire=340 acquire_fail=0 release_fail=0 backup=0/0
I (51391) rc_video: [STABLE-CAPTURE] pause=340/340 timeout=0 quiesce=340 resume=340 lifecycle_errors=0 repairs=340 staged_events=3983 copies=3751 fallback=0 errors=0 prepare=341 stale_queue=0 pending_vsync=105 sync=341 complete=341 incomplete=0 incomplete_blocks=0 hold=340/340 hold_timeout=0
I (53282) rc_net: [CAM-PROBE] Video TX seq=360 jpeg_len=9625 crc32=0x545c7c3d chunks=9
I (54116) rc_video: Sent 360 | cap_fps=10.9 send_fps=10.9 capture_size_errors=0 capture_identity_errors=0 | Avg(ms): wait=20.1 cache=1.5 subsample=23.2 encode=25.6 send=6.5 total=76.9 | JPEG=9652B
I (54116) rc_video: [VIDEO-TX] handoff cap=370 get=741 select_fail=0 finished=370 signal=370 acquire=370 acquire_fail=0 release_fail=0 backup=0/0
I (54116) rc_video: [STABLE-CAPTURE] pause=370/370 timeout=0 quiesce=370 resume=370 lifecycle_errors=0 repairs=370 staged_events=4333 copies=4080 fallback=0 errors=0 prepare=371 stale_queue=0 pending_vsync=114 sync=370 complete=370 incomplete=0 incomplete_blocks=0 hold=370/370 hold_timeout=0
I (56071) rc_net: [CAM-PROBE] Video TX seq=390 jpeg_len=8875 crc32=0x5c133cb0 chunks=8
I (56947) rc_video: Sent 390 | cap_fps=10.7 send_fps=10.7 capture_size_errors=0 capture_identity_errors=0 | Avg(ms): wait=22.3 cache=1.4 subsample=23.9 encode=25.3 send=6.1 total=79.0 | JPEG=8975B
I (56954) rc_video: [VIDEO-TX] handoff cap=400 get=800 select_fail=0 finished=400 signal=400 acquire=400 acquire_fail=0 release_fail=0 backup=0/0
I (56966) rc_video: [STABLE-CAPTURE] pause=400/400 timeout=0 quiesce=400 resume=400 lifecycle_errors=0 repairs=400 staged_events=4674 copies=4401 fallback=0 errors=0 prepare=401 stale_queue=0 pending_vsync=126 sync=400 complete=400 incomplete=0 incomplete_blocks=0 hold=400/400 hold_timeout=0
I (58863) rc_net: [CAM-PROBE] Video TX seq=420 jpeg_len=9103 crc32=0x5c25a274 chunks=8
I (59694) rc_video: Sent 420 | cap_fps=10.8 send_fps=10.8 capture_size_errors=0 capture_identity_errors=0 | Avg(ms): wait=20.2 cache=1.4 subsample=23.1 encode=25.7 send=6.5 total=77.0 | JPEG=9671B
I (59694) rc_video: [VIDEO-TX] handoff cap=430 get=861 select_fail=0 finished=430 signal=430 acquire=430 acquire_fail=0 release_fail=0 backup=0/0
I (59694) rc_video: [STABLE-CAPTURE] pause=430/430 timeout=0 quiesce=430 resume=430 lifecycle_errors=0 repairs=430 staged_events=5033 copies=4740 fallback=0 errors=0 prepare=431 stale_queue=0 pending_vsync=135 sync=430 complete=430 incomplete=0 incomplete_blocks=0 hold=430/430 hold_timeout=0
I (61633) rc_net: [CAM-PROBE] Video TX seq=450 jpeg_len=9660 crc32=0x410d1c04 chunks=9
I (62504) rc_video: Sent 450 | cap_fps=10.7 send_fps=10.7 capture_size_errors=0 capture_identity_errors=0 | Avg(ms): wait=20.9 cache=1.4 subsample=23.6 encode=25.4 send=7.4 total=78.7 | JPEG=9659B
I (62504) rc_video: [VIDEO-TX] handoff cap=460 get=921 select_fail=0 finished=460 signal=460 acquire=460 acquire_fail=0 release_fail=0 backup=0/0
I (62504) rc_video: [STABLE-CAPTURE] pause=460/460 timeout=0 quiesce=460 resume=460 lifecycle_errors=0 repairs=460 staged_events=5382 copies=5070 fallback=0 errors=0 prepare=461 stale_queue=0 pending_vsync=146 sync=460 complete=460 incomplete=0 incomplete_blocks=0 hold=460/460 hold_timeout=0
W (63665) rc_net: Video UDP send failed: seq=471 chunk=7/8 bytes=1208 sent=-1 errno=12 attempts=4
W (63666) rc_video: Video send failed: ESP_FAIL
I (64443) rc_net: [CAM-PROBE] Video TX seq=480 jpeg_len=8909 crc32=0x0ba50985 chunks=8
I (65396) rc_video: Sent 480 | cap_fps=10.7 send_fps=10.4 capture_size_errors=0 capture_identity_errors=0 | Avg(ms): wait=22.1 cache=1.4 subsample=23.4 encode=25.4 send=6.2 total=78.6 | JPEG=9658B
I (65396) rc_video: [VIDEO-TX] handoff cap=491 get=983 select_fail=0 finished=491 signal=491 acquire=491 acquire_fail=0 release_fail=0 backup=0/0
I (65396) rc_video: [STABLE-CAPTURE] pause=491/491 timeout=0 quiesce=491 resume=491 lifecycle_errors=0 repairs=491 staged_events=5744 copies=5411 fallback=0 errors=0 prepare=492 stale_queue=0 pending_vsync=155 sync=491 complete=491 incomplete=0 incomplete_blocks=0 hold=491/491 hold_timeout=0
I (67214) rc_net: [CAM-PROBE] Video TX seq=510 jpeg_len=9086 crc32=0xab4471c1 chunks=8
I (68187) rc_video: Sent 510 | cap_fps=10.8 send_fps=10.8 capture_size_errors=0 capture_identity_errors=0 | Avg(ms): wait=21.7 cache=1.4 subsample=23.5 encode=25.4 send=6.5 total=78.5 | JPEG=9060B
I (68195) rc_video: [VIDEO-TX] handoff cap=521 get=1042 select_fail=0 finished=521 signal=521 acquire=521 acquire_fail=0 release_fail=0 backup=0/0
I (68207) rc_video: [STABLE-CAPTURE] pause=521/521 timeout=0 quiesce=521 resume=521 lifecycle_errors=0 repairs=521 staged_events=6085 copies=5732 fallback=0 errors=0 prepare=522 stale_queue=0 pending_vsync=165 sync=521 complete=521 incomplete=0 incomplete_blocks=0 hold=521/521 hold_timeout=0
I (69984) rc_net: [CAM-PROBE] Video TX seq=540 jpeg_len=9035 crc32=0xc97bd203 chunks=8
I (70934) rc_video: Sent 540 | cap_fps=10.8 send_fps=10.8 capture_size_errors=0 capture_identity_errors=0 | Avg(ms): wait=20.8 cache=1.4 subsample=23.3 encode=25.8 send=7.0 total=78.3 | JPEG=9732B
I (70934) rc_video: [VIDEO-TX] handoff cap=551 get=1103 select_fail=0 finished=551 signal=551 acquire=551 acquire_fail=0 release_fail=0 backup=0/0
I (70934) rc_video: [STABLE-CAPTURE] pause=551/551 timeout=0 quiesce=551 resume=551 lifecycle_errors=0 repairs=551 staged_events=6444 copies=6071 fallback=0 errors=0 prepare=552 stale_queue=0 pending_vsync=173 sync=551 complete=551 incomplete=0 incomplete_blocks=0 hold=551/551 hold_timeout=0
I (72837) rc_net: [CAM-PROBE] Video TX seq=570 jpeg_len=9652 crc32=0xdf839bd3 chunks=9
I (73784) rc_video: Sent 570 | cap_fps=10.5 send_fps=10.5 capture_size_errors=0 capture_identity_errors=0 | Avg(ms): wait=24.1 cache=1.4 subsample=23.8 encode=25.3 send=7.9 total=82.4 | JPEG=9640B
I (73784) rc_video: [VIDEO-TX] handoff cap=581 get=1163 select_fail=0 finished=581 signal=581 acquire=581 acquire_fail=0 release_fail=0 backup=0/0
I (73784) rc_video: [STABLE-CAPTURE] pause=581/581 timeout=0 quiesce=581 resume=581 lifecycle_errors=0 repairs=581 staged_events=6792 copies=6401 fallback=0 errors=0 prepare=582 stale_queue=0 pending_vsync=185 sync=581 complete=581 incomplete=0 incomplete_blocks=0 hold=581/581 hold_timeout=0
I (75623) rc_net: [CAM-PROBE] Video TX seq=600 jpeg_len=9081 crc32=0xa82a1c9a chunks=8
I (76515) rc_video: Sent 600 | cap_fps=11.0 send_fps=11.0 capture_size_errors=0 capture_identity_errors=0 | Avg(ms): wait=19.6 cache=1.4 subsample=23.2 encode=25.9 send=6.3 total=76.5 | JPEG=9070B
I (76515) rc_video: [VIDEO-TX] handoff cap=611 get=1223 select_fail=0 finished=611 signal=611 acquire=611 acquire_fail=0 release_fail=0 backup=0/0
I (76568) rc_video: [STABLE-CAPTURE] pause=612/612 timeout=0 quiesce=611 resume=611 lifecycle_errors=0 repairs=611 staged_events=7144 copies=6732 fallback=0 errors=0 prepare=612 stale_queue=0 pending_vsync=194 sync=612 complete=612 incomplete=0 incomplete_blocks=0 hold=612/612 hold_timeout=0
I (78418) rc_net: [CAM-PROBE] Video TX seq=630 jpeg_len=9633 crc32=0x51274f13 chunks=9
I (79353) rc_video: Sent 630 | cap_fps=10.7 send_fps=10.7 capture_size_errors=0 capture_identity_errors=0 | Avg(ms): wait=22.0 cache=1.4 subsample=23.5 encode=25.4 send=6.4 total=78.8 | JPEG=9132B
I (79360) rc_video: [VIDEO-TX] handoff cap=641 get=1282 select_fail=0 finished=641 signal=641 acquire=641 acquire_fail=0 release_fail=0 backup=0/0
I (79368) rc_video: [STABLE-CAPTURE] pause=641/641 timeout=0 quiesce=641 resume=641 lifecycle_errors=0 repairs=641 staged_events=7485 copies=7053 fallback=0 errors=0 prepare=642 stale_queue=0 pending_vsync=204 sync=641 complete=641 incomplete=0 incomplete_blocks=0 hold=641/641 hold_timeout=0
I (81185) rc_net: [CAM-PROBE] Video TX seq=660 jpeg_len=9641 crc32=0xb4501f4c chunks=9
I (82119) rc_video: Sent 660 | cap_fps=10.8 send_fps=10.8 capture_size_errors=0 capture_identity_errors=0 | Avg(ms): wait=21.0 cache=1.4 subsample=23.7 encode=25.6 send=6.4 total=78.1 | JPEG=8908B
I (82126) rc_video: [VIDEO-TX] handoff cap=671 get=1342 select_fail=0 finished=671 signal=671 acquire=671 acquire_fail=0 release_fail=0 backup=0/0
I (82138) rc_video: [STABLE-CAPTURE] pause=671/671 timeout=0 quiesce=671 resume=671 lifecycle_errors=0 repairs=671 staged_events=7834 copies=7382 fallback=0 errors=0 prepare=672 stale_queue=0 pending_vsync=214 sync=671 complete=671 incomplete=0 incomplete_blocks=0 hold=671/671 hold_timeout=0
I (83975) rc_net: [CAM-PROBE] Video TX seq=690 jpeg_len=9033 crc32=0xbe1be699 chunks=8
I (84866) rc_video: Sent 690 | cap_fps=10.8 send_fps=10.8 capture_size_errors=0 capture_identity_errors=0 | Avg(ms): wait=21.0 cache=1.4 subsample=23.2 encode=25.8 send=6.4 total=77.8 | JPEG=9007B
I (84866) rc_video: [VIDEO-TX] handoff cap=701 get=1403 select_fail=0 finished=701 signal=701 acquire=701 acquire_fail=0 release_fail=0 backup=0/0
I (84916) rc_video: [STABLE-CAPTURE] pause=701/701 timeout=0 quiesce=701 resume=701 lifecycle_errors=0 repairs=701 staged_events=8194 copies=7722 fallback=0 errors=0 prepare=702 stale_queue=0 pending_vsync=221 sync=702 complete=702 incomplete=0 incomplete_blocks=0 hold=701/701 hold_timeout=0
I (86705) rc_net: [CAM-PROBE] Video TX seq=720 jpeg_len=9091 crc32=0x5ae77f84 chunks=8
I (87663) rc_video: Sent 720 | cap_fps=10.8 send_fps=10.8 capture_size_errors=0 capture_identity_errors=0 | Avg(ms): wait=20.9 cache=1.4 subsample=23.3 encode=25.5 send=6.5 total=77.6 | JPEG=9125B
I (87670) rc_video: [VIDEO-TX] handoff cap=731 get=1462 select_fail=0 finished=731 signal=731 acquire=731 acquire_fail=0 release_fail=0 backup=0/0
I (87680) rc_video: [STABLE-CAPTURE] pause=731/731 timeout=0 quiesce=731 resume=731 lifecycle_errors=0 repairs=731 staged_events=8536 copies=8042 fallback=0 errors=0 prepare=732 stale_queue=0 pending_vsync=230 sync=731 complete=731 incomplete=0 incomplete_blocks=0 hold=731/731 hold_timeout=0
I (89497) rc_net: [CAM-PROBE] Video TX seq=750 jpeg_len=8889 crc32=0x7e39c929 chunks=8
I (90407) rc_video: Sent 750 | cap_fps=10.8 send_fps=10.8 capture_size_errors=0 capture_identity_errors=0 | Avg(ms): wait=21.3 cache=1.4 subsample=23.2 encode=25.7 send=6.4 total=77.9 | JPEG=9076B
I (90407) rc_video: [VIDEO-TX] handoff cap=761 get=1523 select_fail=0 finished=761 signal=761 acquire=761 acquire_fail=0 release_fail=0 backup=0/0
I (90459) rc_video: [STABLE-CAPTURE] pause=762/762 timeout=0 quiesce=761 resume=761 lifecycle_errors=0 repairs=761 staged_events=8896 copies=8382 fallback=0 errors=0 prepare=762 stale_queue=0 pending_vsync=239 sync=762 complete=762 incomplete=0 incomplete_blocks=0 hold=762/762 hold_timeout=0
I (92310) rc_net: [CAM-PROBE] Video TX seq=780 jpeg_len=9817 crc32=0x551af429 chunks=9
W (92431) rc_net: Video UDP send failed: seq=781 chunk=1/8 bytes=1208 sent=-1 errno=12 attempts=4
W (92433) rc_video: Video send failed: ESP_FAIL
W (92519) rc_video: Video send failed: ESP_FAIL
W (92573) rc_video: Video send failed: ESP_FAIL
I (93495) rc_video: Sent 780 | cap_fps=10.7 send_fps=9.7 capture_size_errors=0 capture_identity_errors=0 | Avg(ms): wait=24.2 cache=1.4 subsample=23.6 encode=25.4 send=7.4 total=81.9 | JPEG=9649B
I (93495) rc_video: [VIDEO-TX] handoff cap=794 get=1589 select_fail=0 finished=794 signal=794 acquire=794 acquire_fail=0 release_fail=0 backup=0/0
I (93495) rc_video: [STABLE-CAPTURE] pause=794/794 timeout=0 quiesce=794 resume=794 lifecycle_errors=0 repairs=794 staged_events=9280 copies=8744 fallback=0 errors=0 prepare=795 stale_queue=0 pending_vsync=250 sync=794 complete=794 incomplete=0 incomplete_blocks=0 hold=794/794 hold_timeout=0
I (95038) rc_net: [CAM-PROBE] Video TX seq=810 jpeg_len=9133 crc32=0x14383c89 chunks=8
I (96249) rc_video: Sent 810 | cap_fps=11.0 send_fps=11.0 capture_size_errors=0 capture_identity_errors=0 | Avg(ms): wait=19.4 cache=1.5 subsample=23.2 encode=25.6 send=6.3 total=76.0 | JPEG=8982B
I (96256) rc_video: [VIDEO-TX] handoff cap=824 get=1648 select_fail=0 finished=824 signal=824 acquire=824 acquire_fail=0 release_fail=0 backup=0/0
I (96268) rc_video: [STABLE-CAPTURE] pause=824/824 timeout=0 quiesce=824 resume=824 lifecycle_errors=0 repairs=824 staged_events=9622 copies=9065 fallback=0 errors=0 prepare=825 stale_queue=0 pending_vsync=260 sync=824 complete=824 incomplete=0 incomplete_blocks=0 hold=824/824 hold_timeout=0
I (97827) rc_net: [CAM-PROBE] Video TX seq=840 jpeg_len=9129 crc32=0x77f9969f chunks=8
I (99039) rc_video: Sent 840 | cap_fps=10.7 send_fps=10.7 capture_size_errors=0 capture_identity_errors=0 | Avg(ms): wait=23.4 cache=1.4 subsample=23.3 encode=25.5 send=6.3 total=79.9 | JPEG=9600B
I (99039) rc_video: [VIDEO-TX] handoff cap=854 get=1709 select_fail=0 finished=854 signal=854 acquire=854 acquire_fail=0 release_fail=0 backup=0/0
I (99039) rc_video: [STABLE-CAPTURE] pause=854/854 timeout=0 quiesce=854 resume=854 lifecycle_errors=0 repairs=854 staged_events=9981 copies=9404 fallback=0 errors=0 prepare=855 stale_queue=0 pending_vsync=270 sync=854 complete=854 incomplete=0 incomplete_blocks=0 hold=854/854 hold_timeout=0
I (100619) rc_net: [CAM-PROBE] Video TX seq=870 jpeg_len=9613 crc32=0x9bf841d1 chunks=9
I (101809) rc_video: Sent 870 | cap_fps=10.8 send_fps=10.8 capture_size_errors=0 capture_identity_errors=0 | Avg(ms): wait=20.3 cache=1.5 subsample=23.3 encode=25.5 send=6.3 total=76.9 | JPEG=9678B
I (101809) rc_video: [VIDEO-TX] handoff cap=884 get=1769 select_fail=0 finished=884 signal=884 acquire=884 acquire_fail=0 release_fail=0 backup=0/0
I (101809) rc_video: [STABLE-CAPTURE] pause=884/884 timeout=0 quiesce=884 resume=884 lifecycle_errors=0 repairs=884 staged_events=10331 copies=9734 fallback=0 errors=0 prepare=885 stale_queue=0 pending_vsync=280 sync=884 complete=884 incomplete=0 incomplete_blocks=0 hold=884/884 hold_timeout=0
I (103408) rc_net: [CAM-PROBE] Video TX seq=900 jpeg_len=8970 crc32=0x36883d3f chunks=8
I (104601) rc_video: Sent 900 | cap_fps=10.8 send_fps=10.8 capture_size_errors=0 capture_identity_errors=0 | Avg(ms): wait=21.0 cache=1.4 subsample=23.2 encode=25.6 send=6.3 total=77.5 | JPEG=9111B
I (104608) rc_video: [VIDEO-TX] handoff cap=914 get=1828 select_fail=0 finished=914 signal=914 acquire=914 acquire_fail=0 release_fail=0 backup=0/0
I (104620) rc_video: [STABLE-CAPTURE] pause=914/914 timeout=0 quiesce=914 resume=914 lifecycle_errors=0 repairs=914 staged_events=10673 copies=10055 fallback=0 errors=0 prepare=915 stale_queue=0 pending_vsync=290 sync=914 complete=914 incomplete=0 incomplete_blocks=0 hold=914/914 hold_timeout=0
I (106139) rc_net: [CAM-PROBE] Video TX seq=930 jpeg_len=9069 crc32=0x02fc6d8e chunks=8
I (107308) rc_video: Sent 930 | cap_fps=11.0 send_fps=11.0 capture_size_errors=0 capture_identity_errors=0 | Avg(ms): wait=18.8 cache=1.4 subsample=23.1 encode=25.8 send=6.5 total=75.6 | JPEG=9065B
I (107308) rc_video: [VIDEO-TX] handoff cap=944 get=1889 select_fail=0 finished=944 signal=944 acquire=944 acquire_fail=0 release_fail=0 backup=0/0
I (107359) rc_video: [STABLE-CAPTURE] pause=945/945 timeout=0 quiesce=944 resume=944 lifecycle_errors=0 repairs=944 staged_events=11034 copies=10395 fallback=0 errors=0 prepare=945 stale_queue=0 pending_vsync=298 sync=945 complete=945 incomplete=0 incomplete_blocks=0 hold=945/945 hold_timeout=0
I (108891) rc_net: [CAM-PROBE] Video TX seq=960 jpeg_len=9004 crc32=0x1909319c chunks=8
I (110101) rc_video: Sent 960 | cap_fps=10.9 send_fps=10.9 capture_size_errors=0 capture_identity_errors=0 | Avg(ms): wait=20.7 cache=1.5 subsample=23.5 encode=25.6 send=6.4 total=77.7 | JPEG=9055B
W (110103) rc_tank: [DVP-MATRIX] result stage=7 strategy=sync_defer_to_eof11 complete=974 incomplete=0 incomplete_blocks=0 sync_defer=241 released=241 collisions=0 release_errors=0 defer_hist=0,0,0,0,0,0,0,0,1,3,237 mismatch_hist=0,1,0,8,296,652,375,25,22,34,330 prepare=975 pending=307 hold=974/974 hold_timeout=0
I (110108) rc_video: [VIDEO-TX] handoff cap=974 get=1948 select_fail=0 finished=974 signal=974 acquire=974 acquire_fail=0 release_fail=0 backup=0/0
I (110121) rc_video: [STABLE-CAPTURE] pause=974/974 timeout=0 quiesce=974 resume=974 lifecycle_errors=0 repairs=974 staged_events=11382 copies=10722 fallback=0 errors=0 prepare=975 stale_queue=0 pending_vsync=307 sync=974 complete=974 incomplete=0 incomplete_blocks=0 hold=974/974 hold_timeout=0
W (110161) rc_tank: [DVP-MATRIX] confirmation complete strategy=sync_defer_to_eof11; automatic restarts stopped

[HOST-DVP-MATRIX 12:34:57] SYNC-R1-RESUME confirmation complete; hold 30s
I (111662) rc_net: [CAM-PROBE] Video TX seq=990 jpeg_len=9048 crc32=0x61f2b28f chunks=8
I (112887) rc_video: Sent 990 | cap_fps=10.8 send_fps=10.8 capture_size_errors=0 capture_identity_errors=0 | Avg(ms): wait=21.0 cache=1.4 subsample=23.5 encode=25.6 send=6.4 total=78.1 | JPEG=8978B
I (112892) rc_video: [VIDEO-TX] handoff cap=1004 get=2009 select_fail=0 finished=1004 signal=1004 acquire=1004 acquire_fail=0 release_fail=0 backup=0/0
I (112892) rc_video: [STABLE-CAPTURE] pause=1004/1004 timeout=0 quiesce=1004 resume=1004 lifecycle_errors=0 repairs=1004 staged_events=11729 copies=11049 fallback=0 errors=0 prepare=1005 stale_queue=0 pending_vsync=317 sync=1004 complete=1004 incomplete=0 incomplete_blocks=0 hold=1004/1004 hold_timeout=0
I (114432) rc_net: [CAM-PROBE] Video TX seq=1020 jpeg_len=8960 crc32=0x55328bfc chunks=8
I (115619) rc_video: Sent 1020 | cap_fps=10.9 send_fps=10.9 capture_size_errors=0 capture_identity_errors=0 | Avg(ms): wait=21.4 cache=1.4 subsample=23.2 encode=25.7 send=6.3 total=78.0 | JPEG=8994B
I (115619) rc_video: [VIDEO-TX] handoff cap=1034 get=2069 select_fail=0 finished=1034 signal=1034 acquire=1034 acquire_fail=0 release_fail=0 backup=0/0
I (115671) rc_video: [STABLE-CAPTURE] pause=1035/1035 timeout=0 quiesce=1034 resume=1034 lifecycle_errors=0 repairs=1034 staged_events=12085 copies=11385 fallback=0 errors=0 prepare=1035 stale_queue=0 pending_vsync=325 sync=1035 complete=1035 incomplete=0 incomplete_blocks=0 hold=1035/1035 hold_timeout=0
I (117245) rc_net: [CAM-PROBE] Video TX seq=1050 jpeg_len=9517 crc32=0x02e88fbe chunks=8
I (118430) rc_video: Sent 1050 | cap_fps=10.7 send_fps=10.7 capture_size_errors=0 capture_identity_errors=0 | Avg(ms): wait=22.8 cache=1.4 subsample=23.3 encode=25.5 send=6.3 total=79.2 | JPEG=9014B
I (118430) rc_video: [VIDEO-TX] handoff cap=1064 get=2129 select_fail=0 finished=1064 signal=1064 acquire=1064 acquire_fail=0 release_fail=0 backup=0/0
I (118479) rc_video: [STABLE-CAPTURE] pause=1064/1064 timeout=0 quiesce=1064 resume=1064 lifecycle_errors=0 repairs=1064 staged_events=12435 copies=11715 fallback=0 errors=0 prepare=1065 stale_queue=0 pending_vsync=335 sync=1065 complete=1065 incomplete=0 incomplete_blocks=0 hold=1064/1064 hold_timeout=0
I (120013) rc_net: [CAM-PROBE] Video TX seq=1080 jpeg_len=9585 crc32=0x36a647a6 chunks=8
I (121226) rc_video: Sent 1080 | cap_fps=10.8 send_fps=10.8 capture_size_errors=0 capture_identity_errors=0 | Avg(ms): wait=20.8 cache=1.5 subsample=23.4 encode=25.4 send=6.4 total=77.5 | JPEG=8915B
I (121233) rc_video: [VIDEO-TX] handoff cap=1094 get=2188 select_fail=0 finished=1094 signal=1094 acquire=1094 acquire_fail=0 release_fail=0 backup=0/0
I (121243) rc_video: [STABLE-CAPTURE] pause=1094/1094 timeout=0 quiesce=1094 resume=1094 lifecycle_errors=0 repairs=1094 staged_events=12776 copies=12035 fallback=0 errors=0 prepare=1095 stale_queue=0 pending_vsync=344 sync=1094 complete=1094 incomplete=0 incomplete_blocks=0 hold=1094/1094 hold_timeout=0
I (122762) rc_net: [CAM-PROBE] Video TX seq=1110 jpeg_len=9049 crc32=0x416885be chunks=8
I (123971) rc_video: Sent 1110 | cap_fps=10.8 send_fps=10.8 capture_size_errors=0 capture_identity_errors=0 | Avg(ms): wait=20.3 cache=1.4 subsample=23.6 encode=25.9 send=6.3 total=77.4 | JPEG=8987B
I (123971) rc_video: [VIDEO-TX] handoff cap=1124 get=2249 select_fail=0 finished=1124 signal=1124 acquire=1124 acquire_fail=0 release_fail=0 backup=0/0
I (124020) rc_video: [STABLE-CAPTURE] pause=1124/1124 timeout=0 quiesce=1124 resume=1124 lifecycle_errors=0 repairs=1124 staged_events=13136 copies=12375 fallback=0 errors=0 prepare=1125 stale_queue=0 pending_vsync=352 sync=1125 complete=1125 incomplete=0 incomplete_blocks=0 hold=1124/1124 hold_timeout=0
I (125534) rc_net: [CAM-PROBE] Video TX seq=1140 jpeg_len=9065 crc32=0x7580ca00 chunks=8
I (126741) rc_video: Sent 1140 | cap_fps=10.8 send_fps=10.8 capture_size_errors=0 capture_identity_errors=0 | Avg(ms): wait=20.7 cache=1.4 subsample=23.2 encode=25.6 send=6.2 total=77.2 | JPEG=9580B
I (126741) rc_video: [VIDEO-TX] handoff cap=1154 get=2309 select_fail=0 finished=1154 signal=1154 acquire=1154 acquire_fail=0 release_fail=0 backup=0/0
I (126786) rc_video: [STABLE-CAPTURE] pause=1154/1154 timeout=0 quiesce=1154 resume=1154 lifecycle_errors=0 repairs=1154 staged_events=13487 copies=12705 fallback=0 errors=0 prepare=1155 stale_queue=0 pending_vsync=360 sync=1155 complete=1155 incomplete=0 incomplete_blocks=0 hold=1154/1154 hold_timeout=0
I (128347) rc_net: [CAM-PROBE] Video TX seq=1170 jpeg_len=9747 crc32=0x373fd64d chunks=9
I (129512) rc_video: Sent 1170 | cap_fps=10.8 send_fps=10.8 capture_size_errors=0 capture_identity_errors=0 | Avg(ms): wait=21.1 cache=1.4 subsample=23.4 encode=25.6 send=6.4 total=78.0 | JPEG=8982B
I (129512) rc_video: [VIDEO-TX] handoff cap=1184 get=2369 select_fail=0 finished=1184 signal=1184 acquire=1184 acquire_fail=0 release_fail=0 backup=0/0
I (129562) rc_video: [STABLE-CAPTURE] pause=1184/1184 timeout=0 quiesce=1184 resume=1184 lifecycle_errors=0 repairs=1184 staged_events=13838 copies=13035 fallback=0 errors=0 prepare=1185 stale_queue=0 pending_vsync=370 sync=1185 complete=1185 incomplete=0 incomplete_blocks=0 hold=1184/1184 hold_timeout=0
I (131095) rc_net: [CAM-PROBE] Video TX seq=1200 jpeg_len=8854 crc32=0x23de8fac chunks=8
I (132308) rc_video: Sent 1200 | cap_fps=10.8 send_fps=10.8 capture_size_errors=0 capture_identity_errors=0 | Avg(ms): wait=20.7 cache=1.4 subsample=23.1 encode=25.5 send=6.5 total=77.1 | JPEG=9028B
I (132316) rc_video: [VIDEO-TX] handoff cap=1214 get=2428 select_fail=0 finished=1214 signal=1214 acquire=1214 acquire_fail=0 release_fail=0 backup=0/0
I (132325) rc_video: [STABLE-CAPTURE] pause=1214/1214 timeout=0 quiesce=1214 resume=1214 lifecycle_errors=0 repairs=1214 staged_events=14180 copies=13356 fallback=0 errors=0 prepare=1215 stale_queue=0 pending_vsync=380 sync=1214 complete=1214 incomplete=0 incomplete_blocks=0 hold=1214/1214 hold_timeout=0
I (133845) rc_net: [CAM-PROBE] Video TX seq=1230 jpeg_len=9048 crc32=0xd20e49b6 chunks=8
I (135053) rc_video: Sent 1230 | cap_fps=10.8 send_fps=10.8 capture_size_errors=0 capture_identity_errors=0 | Avg(ms): wait=20.3 cache=1.4 subsample=23.5 encode=25.7 send=6.3 total=77.1 | JPEG=9576B
I (135053) rc_video: [VIDEO-TX] handoff cap=1244 get=2489 select_fail=0 finished=1244 signal=1244 acquire=1244 acquire_fail=0 release_fail=0 backup=0/0
I (135053) rc_video: [STABLE-CAPTURE] pause=1244/1244 timeout=0 quiesce=1244 resume=1244 lifecycle_errors=0 repairs=1244 staged_events=14538 copies=13694 fallback=0 errors=0 prepare=1245 stale_queue=0 pending_vsync=389 sync=1244 complete=1244 incomplete=0 incomplete_blocks=0 hold=1244/1244 hold_timeout=0
I (136636) rc_net: [CAM-PROBE] Video TX seq=1260 jpeg_len=8805 crc32=0x9bdc490f chunks=8
I (137848) rc_video: Sent 1260 | cap_fps=10.8 send_fps=10.8 capture_size_errors=0 capture_identity_errors=0 | Avg(ms): wait=20.4 cache=1.4 subsample=23.2 encode=25.3 send=6.5 total=76.8 | JPEG=9017B
I (137855) rc_video: [VIDEO-TX] handoff cap=1274 get=2548 select_fail=0 finished=1274 signal=1274 acquire=1274 acquire_fail=0 release_fail=0 backup=0/0
I (137866) rc_video: [STABLE-CAPTURE] pause=1274/1274 timeout=0 quiesce=1274 resume=1274 lifecycle_errors=0 repairs=1274 staged_events=14879 copies=14015 fallback=0 errors=0 prepare=1275 stale_queue=0 pending_vsync=400 sync=1274 complete=1274 incomplete=0 incomplete_blocks=0 hold=1274/1274 hold_timeout=0
I (139407) rc_net: [CAM-PROBE] Video TX seq=1290 jpeg_len=8999 crc32=0x22c060ee chunks=8

[HOST-DVP-MATRIX 12:35:27] SYNC-R1-RESUME capture end stages=[3, 4, 5, 6, 7] recoveries=5 complete=True
