
[HOST-DVP-MATRIX 13:37:45] SYNC-R2 capture begin

[HOST-DVP-MATRIX 13:37:45] Tank RAM bootloader start
esptool.py v4.12.dev2
Serial port COM7
Connecting....
Chip is ESP32-S3 (QFN56) (revision v0.2)
Features: WiFi, BLE
Crystal is 40MHz
MAC: 44:1b:f6:f3:ae:78
Uploading stub...
Running stub...
Stub running...
RAM boot...
Downloading 5360 bytes at 3fce2820... done!
Downloading 3364 bytes at 403c8700... done!
Downloading 12016 bytes at 403cb700... done!
All segments done, executing at 403c8924
Exiting immediately.

[HOST-DVP-MATRIX 13:37:48] Tank RAM bootloader complete
chip revision: v0.2
I (2945) boot: efuse block revision: v1.3
I (2949) boot.esp32s3: Boot SPI Speed : 80MHz
I (2953) boot.esp32s3: SPI Mode       : SLOW READ
I (2957) boot.esp32s3: SPI Flash Size : 8MB
I (2961) boot: Enabling RNG early entropy source...
I (2966) boot: Partition Table:
I (2969) boot: ## Label            Usage          Type ST Offset   Length
I (2975) boot:  0 nvs              WiFi data        01 02 00009000 00006000
I (2982) boot:  1 phy_init         RF data          01 01 0000f000 00001000
I (2989) boot:  2 factory          factory app      00 00 00010000 00300000
I (2995) boot:  3 storage          Unknown data     01 82 00310000 00100000
I (3002) boot: End of partition table
I (3006) esp_image: segment 0: paddr=00010020 vaddr=3c0a0020 size=24db0h (150960) map
I (3105) esp_image: segment 1: paddr=00034dd8 vaddr=3fca0d00 size=05560h ( 21856) load
I (3119) esp_image: segment 2: paddr=0003a340 vaddr=40374000 size=05cd8h ( 23768) load
I (3135) esp_image: segment 3: paddr=00040020 vaddr=42000020 size=9b798h (636824) map
I (3524) esp_image: segment 4: paddr=000db7c0 vaddr=40379cd8 size=16fe0h ( 94176) load
I (3585) esp_image: segment 5: paddr=000f27a8 vaddr=50000000 size=00020h (    32) load
I (3597) boot: Loaded app from partition at offset 0x10000
I (3597) boot: Disabling RNG early entropy source...
I (3609) esp_psram: Found 8MB PSRAM device
I (3609) esp_psram: Speed: 80MHz
I (3610) cpu_start: Multicore app
I (4528) esp_psram: SPI SRAM memory test OK
I (4536) cpu_start: GPIO 44 and 43 are used as console UART I/O pins
I (4537) cpu_start: Pro cpu start user code
I (4537) cpu_start: cpu freq: 240000000 Hz
I (4539) app_init: Application information:
I (4543) app_init: Project name:     rc_tank_demo
I (4547) app_init: App version:      1
I (4550) app_init: Compile time:     Aug 26 2026 12:18:42
I (4556) app_init: ELF file SHA256:  5f9ce93e0...
I (4560) app_init: ESP-IDF:          GIT-NOTFOUND
I (4564) efuse_init: Min chip rev:     v0.0
I (4568) efuse_init: Max chip rev:     v0.99 
I (4572) efuse_init: Chip rev:         v0.2
I (4576) heap_init: Initializing. RAM available for dynamic allocation:
I (4583) heap_init: At 3FCAA3D0 len 0003F340 (252 KiB): RAM
I (4588) heap_init: At 3FCE9710 len 00005724 (21 KiB): RAM
I (4593) heap_init: At 3FCF0000 len 00008000 (32 KiB): DRAM
I (4598) heap_init: At 600FE000 len 00001FE8 (7 KiB): RTCRAM
I (4604) esp_psram: Adding pool of 8192K of PSRAM memory to heap allocator
I (4612) spi_flash: detected chip: generic
I (4614) spi_flash: flash io: dio
I (4618) sleep_gpio: Configure to isolate all GPIO pins in sleep state
I (4624) sleep_gpio: Enable automatic switching of GPIO sleep configuration
I (4631) main_task: Started on CPU0
I (4655) esp_psram: Reserving pool of 64K of internal memory for DMA/internal allocations
I (4656) main_task: Calling app_main()
I (4662) rc_tank: === RC Tank Demo (EX-035) Role: TANK ===
I (4662) rc_tank: Startup delay 10 s (open serial monitor now)...
I (4666) rc_tank:   starting in 10 s
I (5670) rc_tank:   starting in 9 s
I (6670) rc_tank:   starting in 8 s
I (7670) rc_tank:   starting in 7 s
I (8670) rc_tank:   starting in 6 s
I (9670) rc_tank:   starting in 5 s
I (10670) rc_tank:   starting in 4 s
I (11670) rc_tank:   starting in 3 s
I (12670) rc_tank:   starting in 2 s
I (13670) rc_tank:   starting in 1 s
I (14670) rc_tank: Starting Tank role (P1: network, P2: control, P3: video)
I (14670) board_laiwfs300: init board support package
I (14670) board_laiwfs300: init capability registry
I (14675) board_laiwfs300: init I2C bus: SDA=GPIO48 SCL=GPIO47
I (14681) bus_i2c: I2C0 initialized: SDA=GPIO48 SCL=GPIO47 speed=100000Hz
I (14687) board_laiwfs300: --- I2C bus scan (0x08-0x77) ---
I (14694) board_laiwfs300:   I2C device ACK at 0x15
I (14697) board_laiwfs300:   I2C device ACK at 0x18
I (14702) board_laiwfs300:   I2C device ACK at 0x21
I (14706) board_laiwfs300:   I2C device ACK at 0x22
I (14714) board_laiwfs300:   I2C device ACK at 0x40
I (14717) board_laiwfs300:   I2C device ACK at 0x51
I (14723) board_laiwfs300:   I2C device ACK at 0x68
I (14726) board_laiwfs300: --- I2C scan done: 7 device(s) found ---
W (14730) board_laiwfs300: TPT29555A (IOEX) NOT found at 0x20 (NACK)
I (14736) board_laiwfs300: ES8311 (Codec) found at 0x18
I (14741) board_laiwfs300: ES7210 (ADC) found at 0x40
I (14746) board_laiwfs300: AIP8563 (RTC) found at 0x51
I (14751) board_laiwfs300: BMI260 (IMU @0x68) found at 0x68
W (14756) board_laiwfs300: BMI260 (IMU @0x69) NOT found at 0x69 (NACK)
I (14762) board_laiwfs300: SP0A39 (Camera) found at 0x21
I (14769) board_laiwfs300: ES8311 chip ID: 0x83 0x11
I (14773) board_laiwfs300: ES7210 chip ID: 0x72
I (14778) board_laiwfs300: AIP8563 RTC time: 01:11:01 (BCD raw)
I (14782) board_laiwfs300: BMI260 chip ID: 0x27 (expect 0x27)
I (14787) board_laiwfs300: init SPI bus manager
I (14793) board_laiwfs300: init ADC service
I (14796) board_adc: ADC1 oneshot initialized
I (14800) board_laiwfs300: init board power service
I (14805) board_laiwfs300: ADC D0_DETECT (GPIO1): raw=4095 (~3100 mV)
I (14810) board_laiwfs300: ADC BAT_ADC (GPIO7): raw=1651 (~1249 mV)
I (14816) board_laiwfs300: ADC SW_ADC (GPIO8): raw=4095 (~3100 mV)
I (14822) board_laiwfs300: init IO expander: TPT29555A addr=0x22
I (14831) io_expander: TPT29555A initialized at 0x22
I (14833) board_laiwfs300: IO expander initialized OK
I (14837) board_laiwfs300: init module detect
I (14842) board_laiwfs300: register detection rules
I (14846) board_laiwfs300: register default capabilities
I (14851) board_laiwfs300: board init complete (ioex=OK)
I (14856) rc_tank: [STEP] Motor init starting...
I (14861) board_motor: motor input 1 -> GPIO5 / LEDC channel 0
I (14866) board_motor: motor input 2 -> GPIO4 / LEDC channel 1
I (14872) board_motor: motor input 3 -> GPIO37 / LEDC channel 2
I (14877) board_motor: motor input 4 -> GPIO45 / LEDC channel 3
I (14883) rc_control: Motor initialized
I (14887) rc_tank: [STEP] Motor init OK
I (14890) rc_tank: [STEP] Display init starting...
I (14895) rc_video: Initializing Tank display
I (14900) display_hal: init ST7789V3 LCD 240x320 SPI host=1
E (15045) spi: spi_bus_initialize(816): SPI bus already initialized.
I (15166) display_hal: ST7789V3 LCD initialized
I (15166) board_display: display mapped: MOSI=GPIO13 SCK=GPIO12 CS=GPIO10 DC=GPIO16 BL=GPIO17 LCD_RST=IOEX P1_5 pclk=20000000
I (15171) rc_video: Tank display task started (status screen)
I (15172) rc_video: Tank display initialized (status task owns LCD)
I (15182) rc_tank: [STEP] Display init OK
I (15186) rc_tank: [STEP] Camera init starting...
I (15190) rc_video: Initializing camera (SP0A39 640x480 VYUY)
I (15196) board_camera: initializing SP0A39 camera mode=0 640x480
I (15201) camera_hal: init SP0A39 DVP 640x480 (SCCB manual mode)
I (15207) camera_hal: configuring IOEX pins for camera RESET/PWDN
I (15214) camera_hal: PWDN=HIGH (power down)
I (15227) camera_hal: PWDN=LOW (release sensor)
I (15427) camera_hal: RESET=LOW (assert reset)
I (15447) camera_hal: RESET=HIGH (release reset)
I (16447) camera_hal: full I2C scan after camera power-up (diagnostic only)...
I (16449) camera_hal:   post-powerup ACK at 0x15
I (16449) camera_hal:   post-powerup ACK at 0x18
I (16452) camera_hal:   post-powerup ACK at 0x21
I (16456) camera_hal:   post-powerup ACK at 0x22
I (16464) camera_hal:   post-powerup ACK at 0x40
I (16466) camera_hal:   post-powerup ACK at 0x51
I (16472) camera_hal:   post-powerup ACK at 0x68
I (16475) camera_hal: DVP GPIO diagnostics (checking PCLK/VSYNC/HSYNC activity)...
I (16541) camera_hal: DVP diagnostics: PCLK_changes=0 VSYNC_changes=0 HSYNC_changes=0
W (16541) camera_hal: PCLK has no transitions - MCLK likely not reaching sensor or sensor not active
I (16546) camera_hal: using sensor address 0x21
I (16551) camera_hal: SP0A39 I2C device added at 0x21
I (16557) camera_hal: SP0A39 chip ID: 0x0A39
I (16679) camera_hal: SP0A39 register init done: VYUY 640x480 (359 regs)
I (16680) camera_hal: [CAM-PROBE] SP0A39 p0_31 stage=post_table value=0x00 expected=0x01
E (16682) camera_hal: camera_hal_verify_expected_output_p0_31(92): unexpected p0_31=0x00 at post_table
W (16692) camera_hal: [CAM-PROBE] output state differs after table; continuing: ESP_ERR_INVALID_RESPONSE
I (16721) camera_hal: [CAM-PROBE] SP0A39 p0_31 stage=post_delay value=0x01 expected=0x01
I (16722) camera_hal: camera HAL initialized (sensor ready, DVP capture not yet implemented)
I (16726) board_camera: camera ready
I (16734) camera_hal: SP0A39 output regs: P0:1c=0x00 P0:30=0x01 P0:31=0x01 P1:32=0x15 P1:34=0xeb P1:35=0x00 P1:36=0x10
I (16866) rc_video:   3 DMA-capable PSRAM framebuffers allocated (600 KB each)
I (16869) dvp_ext: DVP Extended camera controller driver is initialized
I (16869) dvp_ext: [STABLE-DVP] assembly uses GDMA-EOF direct copy; dma=102400 half=51200 queue_data_events=suppressed eof_desc=probe
I (16880) rc_video: [STABLE-CAPTURE] staged DVP controller created dma=102400 half=51200
I (16888) rc_video: Camera initialized
I (16892) rc_tank: [STEP] Camera init OK
W (16897) rc_tank: [DVP-MATRIX] pre-network stage=0 strategy=sync_direct frames=0 sync_defer=0 wifi=off video_tx=not_created
I (16906) rc_tank: [STEP] Network init starting...
I (16912) rc_net: Initializing as SoftAP (Tank)
I (16916) pp: pp rom version: e7ae62f
I (16919) net80211: net80211 rom version: e7ae62f
I (16925) wifi:wifi driver task: 3fce4910, prio:23, stack:6656, core=0
I (16933) wifi:wifi firmware version: 0947e8b
I (16934) wifi:wifi certification version: v7.0
I (16937) wifi:config NVS flash: enabled
I (16941) wifi:config nano formatting: disabled
I (16945) wifi:Init data frame dynamic rx buffer num: 32
I (16950) wifi:Init static rx mgmt buffer num: 5
I (16955) wifi:Init management short buffer num: 32
I (16959) wifi:Init dynamic tx buffer num: 64
I (16963) wifi:Init static tx FG buffer num: 2
I (16968) wifi:Init static rx buffer size: 1600
I (16972) wifi:Init static rx buffer num: 10
I (16976) wifi:Init dynamic rx buffer num: 32
I (16981) wifi_init: rx ba win: 6
I (16983) wifi_init: accept mbox: 6
I (16986) wifi_init: tcpip mbox: 16
I (16989) wifi_init: udp mbox: 6
I (16992) wifi_init: tcp mbox: 6
I (16995) wifi_init: tcp tx win: 5760
I (16999) wifi_init: tcp rx win: 5760
I (17002) wifi_init: tcp mss: 1440
I (17005) wifi_init: WiFi IRAM OP enabled
I (17009) wifi_init: WiFi RX IRAM OP enabled
I (17013) rc_net: AP set_mode/config, SSID=RC_TANK_F3AE79 ch=1
I (17094) phy_init: phy_version 711,97bcf0a2,Aug 25 2025,19:04:10
W (17095) phy_init: failed to load RF calibration data (0x1102), falling back to full calibration
I (17133) phy_init: Saving new calibration data due to checksum failure or outdated calibration data, mode(2)
I (17142) wifi:mode : softAP (44:1b:f6:f3:ae:79)
I (17147) wifi:Total power save buffer number: 32
I (17148) wifi:Init max length of beacon: 752/752
I (17148) wifi:Init max length of beacon: 752/752
I (17151) rc_net: SoftAP started, SSID: RC_TANK_F3AE79, Password: 12345678
I (17152) esp_netif_lwip: DHCP server started on interface WIFI_AP_DEF with IP: 192.168.4.1
I (17165) rc_tank: [STEP] Network init OK
I (17168) rc_tank: Tank SoftAP ready, waiting for remote...
I (17173) rc_control: Ctrl RX task started
I (17177) rc_control: Tank control started
I (17181) rc_tank: Tank running (video + control; audio disabled)
I (17187) rc_tank: app_main done, idle loop
I (21191) wifi:new:<1,1>, old:<1,1>, ap:<1,1>, sta:<255,255>, prof:1, snd_ch_cfg:0x0
I (21192) wifi:station: 44:1b:f6:f3:ae:40 join, AID=1, bgn, 40U
I (21218) rc_net: STA connected, MAC: 44:1b:f6:f3:ae:40
I (21249) esp_netif_lwip: DHCP server assigned IP to a client, IP is: 192.168.4.2
I (21251) rc_net: STA assigned IP: 192.168.4.2
I (21251) rc_tank: Network connected, peer: 192.168.4.2
W (21258) rc_tank: [DVP-MATRIX] start stage=0 strategy=sync_direct preflight_frames=0 sync_defer=0 video_tx=not_created
I (21267) rc_net: Ctrl UDP socket bound to port 8001
I (21271) rc_net: Video UDP socket bound to port 8002
I (21276) rc_net: Audio TCP listening on port 8003
I (21280) rc_tank: Socket channels started
I (21284) rc_video: No local preview active; formal video handoff skipped
I (21292) camera_hal: [CAM-PROBE] SP0A39 p0_31 stage=dvp_started value=0x01 expected=0x01
I (21306) rc_video: Video TX task started (240x180, sensor-driven, Q=60)
I (21307) rc_video: TX theory: raw=614400 B/frame, encoded YUV=86400 B/frame, target10fps raw=0.86 MB/s
I (21310) rc_video: PSRAM TX buffers: subsample=86400B jpeg=43200B send=43208B free_psram=5592524 free_internal=59539
I (21310) rc_video: TX buffer caps: subsample=0x3c350120(psram=1) jpeg=0x3c3652a4(psram=1) send=0x3c36fea8(psram=1)
I (21347) rc_video: Tank video started (camera source)
W (21348) rc_tank: [DVP-MATRIX] observe stage=0 strategy=sync_direct duration_ms=45000 sync_defer=0 under live Q60/UDP load

[HOST-DVP-MATRIX 13:38:07] SYNC-R2 stage=0 visible window begin
I (21443) rc_net: [CAM-PROBE] Video TX seq=0 jpeg_len=8493 crc32=0x985df8e0 chunks=8
W (21453) rc_net: Video UDP send failed: seq=0 chunk=4/8 bytes=1208 sent=-1 errno=12 attempts=4
W (21453) rc_video: Video send failed: ESP_FAIL
W (21545) rc_video: Video send failed: ESP_FAIL
W (21642) rc_video: Video send failed: ESP_FAIL
W (21696) rc_video: Video send failed: ESP_FAIL
W (21839) rc_video: Video send failed: ESP_FAIL
W (21891) rc_video: Video send failed: ESP_FAIL
W (22037) rc_video: Video send failed: ESP_FAIL
W (22089) rc_video: Video send failed: ESP_FAIL
W (22234) rc_video: Video send failed: ESP_FAIL
I (22348) wifi:<ba-add>idx:2 (ifx:1, 44:1b:f6:f3:ae:40), tid:0, ssn:0, winSize:64
I (24407) rc_net: [CAM-PROBE] Video TX seq=30 jpeg_len=8348 crc32=0x43427a87 chunks=7
I (25205) rc_video: Sent 30 | cap_fps=10.3 send_fps=7.7 capture_size_errors=0 capture_identity_errors=0 | Avg(ms): wait=24.9 cache=0.9 subsample=23.5 encode=43.7 send=5.4 total=98.5 | JPEG=8402B
I (25212) rc_video: [VIDEO-TX] handoff cap=40 get=80 select_fail=0 finished=40 signal=40 acquire=39 acquire_fail=0 release_fail=0 backup=0/0
I (25225) rc_video: [STABLE-CAPTURE] pause=40/40 timeout=0 quiesce=39 resume=39 lifecycle_errors=0 repairs=39 staged_events=449 copies=440 fallback=0 errors=0 prepare=40 stale_queue=0 pending_vsync=20 sync=40 complete=40 incomplete=0 incomplete_blocks=0 hold=40/40 hold_timeout=0
I (27458) rc_net: [CAM-PROBE] Video TX seq=60 jpeg_len=8362 crc32=0x36c556ed chunks=7
I (28250) rc_video: Sent 60 | cap_fps=9.9 send_fps=9.9 capture_size_errors=0 capture_identity_errors=0 | Avg(ms): wait=23.4 cache=0.8 subsample=24.4 encode=45.0 send=5.8 total=99.4 | JPEG=8369B
I (28257) rc_video: [VIDEO-TX] handoff cap=70 get=140 select_fail=0 finished=70 signal=70 acquire=69 acquire_fail=0 release_fail=0 backup=0/0
I (28270) rc_video: [STABLE-CAPTURE] pause=70/70 timeout=0 quiesce=69 resume=69 lifecycle_errors=0 repairs=69 staged_events=791 copies=778 fallback=0 errors=0 prepare=70 stale_queue=0 pending_vsync=35 sync=71 complete=70 incomplete=1 incomplete_blocks=8 hold=70/70 hold_timeout=0
I (30466) rc_net: [CAM-PROBE] Video TX seq=90 jpeg_len=8383 crc32=0xdbb450f7 chunks=7
I (31258) rc_video: Sent 90 | cap_fps=10.0 send_fps=10.0 capture_size_errors=0 capture_identity_errors=0 | Avg(ms): wait=25.1 cache=0.9 subsample=23.9 encode=43.4 send=4.9 total=98.2 | JPEG=8320B
I (31265) rc_video: [VIDEO-TX] handoff cap=100 get=200 select_fail=0 finished=100 signal=100 acquire=99 acquire_fail=0 release_fail=0 backup=0/0
I (31278) rc_video: [STABLE-CAPTURE] pause=100/100 timeout=0 quiesce=99 resume=99 lifecycle_errors=0 repairs=99 staged_events=1126 copies=1108 fallback=0 errors=0 prepare=100 stale_queue=0 pending_vsync=50 sync=101 complete=100 incomplete=1 incomplete_blocks=8 hold=100/100 hold_timeout=0
I (33445) rc_net: [CAM-PROBE] Video TX seq=120 jpeg_len=8398 crc32=0x3f65ac43 chunks=7
I (34244) rc_video: Sent 120 | cap_fps=9.7 send_fps=10.0 capture_size_errors=0 capture_identity_errors=0 | Avg(ms): wait=24.4 cache=0.8 subsample=23.7 encode=42.2 send=6.5 total=97.5 | JPEG=8406B
I (34291) rc_video: [VIDEO-TX] handoff cap=129 get=259 select_fail=0 finished=129 signal=129 acquire=129 acquire_fail=0 release_fail=0 backup=0/0
I (34294) rc_video: [STABLE-CAPTURE] pause=130/130 timeout=0 quiesce=129 resume=129 lifecycle_errors=0 repairs=129 staged_events=1462 copies=1438 fallback=0 errors=0 prepare=130 stale_queue=0 pending_vsync=66 sync=131 complete=130 incomplete=1 incomplete_blocks=8 hold=130/129 hold_timeout=0
I (36479) rc_net: [CAM-PROBE] Video TX seq=150 jpeg_len=8374 crc32=0xa2c6641b chunks=7
I (37275) rc_video: Sent 150 | cap_fps=10.2 send_fps=9.9 capture_size_errors=0 capture_identity_errors=0 | Avg(ms): wait=23.8 cache=0.9 subsample=23.5 encode=43.2 send=6.5 total=98.0 | JPEG=8338B
I (37282) rc_video: [VIDEO-TX] handoff cap=160 get=320 select_fail=0 finished=160 signal=160 acquire=159 acquire_fail=0 release_fail=0 backup=0/0
I (37295) rc_video: [STABLE-CAPTURE] pause=160/160 timeout=0 quiesce=159 resume=159 lifecycle_errors=0 repairs=159 staged_events=1800 copies=1768 fallback=0 errors=0 prepare=160 stale_queue=0 pending_vsync=81 sync=161 complete=160 incomplete=1 incomplete_blocks=8 hold=160/160 hold_timeout=0
I (39491) rc_net: [CAM-PROBE] Video TX seq=180 jpeg_len=8365 crc32=0x528501b7 chunks=7
I (40281) rc_video: Sent 180 | cap_fps=10.0 send_fps=10.0 capture_size_errors=0 capture_identity_errors=0 | Avg(ms): wait=24.4 cache=0.9 subsample=23.5 encode=43.3 send=4.9 total=96.9 | JPEG=8363B
I (40291) rc_video: [VIDEO-TX] handoff cap=190 get=380 select_fail=0 finished=190 signal=190 acquire=189 acquire_fail=0 release_fail=0 backup=0/0
I (40304) rc_video: [STABLE-CAPTURE] pause=190/190 timeout=0 quiesce=189 resume=189 lifecycle_errors=0 repairs=189 staged_events=2138 copies=2098 fallback=0 errors=0 prepare=190 stale_queue=0 pending_vsync=96 sync=191 complete=190 incomplete=1 incomplete_blocks=8 hold=190/190 hold_timeout=0
I (42469) rc_net: [CAM-PROBE] Video TX seq=210 jpeg_len=8338 crc32=0xbe0187cd chunks=7
I (43265) rc_video: Sent 210 | cap_fps=9.7 send_fps=10.1 capture_size_errors=0 capture_identity_errors=0 | Avg(ms): wait=25.7 cache=0.8 subsample=23.9 encode=41.9 send=4.9 total=97.3 | JPEG=8373B
I (43272) rc_video: [VIDEO-TX] handoff cap=219 get=439 select_fail=0 finished=219 signal=219 acquire=219 acquire_fail=0 release_fail=0 backup=0/0
I (43314) rc_video: [STABLE-CAPTURE] pause=219/219 timeout=0 quiesce=219 resume=219 lifecycle_errors=0 repairs=219 staged_events=2473 copies=2428 fallback=0 errors=0 prepare=220 stale_queue=0 pending_vsync=112 sync=221 complete=220 incomplete=1 incomplete_blocks=8 hold=219/219 hold_timeout=0
I (45505) rc_net: [CAM-PROBE] Video TX seq=240 jpeg_len=8331 crc32=0x094c05ed chunks=7
I (46299) rc_video: Sent 240 | cap_fps=10.2 send_fps=9.9 capture_size_errors=0 capture_identity_errors=0 | Avg(ms): wait=25.6 cache=0.9 subsample=23.4 encode=43.4 send=5.0 total=98.2 | JPEG=8278B
I (46307) rc_video: [VIDEO-TX] handoff cap=250 get=500 select_fail=0 finished=250 signal=250 acquire=249 acquire_fail=0 release_fail=0 backup=0/0
I (46320) rc_video: [STABLE-CAPTURE] pause=250/250 timeout=0 quiesce=249 resume=249 lifecycle_errors=0 repairs=249 staged_events=2807 copies=2758 fallback=0 errors=0 prepare=250 stale_queue=0 pending_vsync=127 sync=251 complete=250 incomplete=1 incomplete_blocks=8 hold=250/250 hold_timeout=0
I (48513) rc_net: [CAM-PROBE] Video TX seq=270 jpeg_len=8392 crc32=0x860b9a07 chunks=7
I (49309) rc_video: Sent 270 | cap_fps=10.0 send_fps=10.0 capture_size_errors=0 capture_identity_errors=0 | Avg(ms): wait=23.7 cache=0.9 subsample=23.7 encode=43.4 send=6.6 total=98.1 | JPEG=8382B
I (49317) rc_video: [VIDEO-TX] handoff cap=280 get=560 select_fail=0 finished=280 signal=280 acquire=279 acquire_fail=0 release_fail=0 backup=0/0
I (49330) rc_video: [STABLE-CAPTURE] pause=280/280 timeout=0 quiesce=279 resume=279 lifecycle_errors=0 repairs=279 staged_events=3143 copies=3088 fallback=0 errors=0 prepare=280 stale_queue=0 pending_vsync=142 sync=281 complete=280 incomplete=1 incomplete_blocks=8 hold=280/280 hold_timeout=0
I (51520) rc_net: [CAM-PROBE] Video TX seq=300 jpeg_len=8393 crc32=0xe3d09c2e chunks=7
I (52282) rc_video: Sent 300 | cap_fps=9.8 send_fps=10.1 capture_size_errors=0 capture_identity_errors=0 | Avg(ms): wait=22.2 cache=0.8 subsample=23.5 encode=43.8 send=6.8 total=97.1 | JPEG=8430B
I (52289) rc_video: [VIDEO-TX] handoff cap=309 get=618 select_fail=0 finished=309 signal=309 acquire=309 acquire_fail=0 release_fail=0 backup=0/0
I (52340) rc_video: [STABLE-CAPTURE] pause=309/309 timeout=0 quiesce=309 resume=309 lifecycle_errors=0 repairs=309 staged_events=3479 copies=3418 fallback=0 errors=0 prepare=310 stale_queue=0 pending_vsync=158 sync=311 complete=310 incomplete=1 incomplete_blocks=8 hold=309/309 hold_timeout=0
I (54529) rc_net: [CAM-PROBE] Video TX seq=330 jpeg_len=8517 crc32=0x77b6c2b9 chunks=8
I (55327) rc_video: Sent 330 | cap_fps=10.2 send_fps=9.9 capture_size_errors=0 capture_identity_errors=0 | Avg(ms): wait=24.7 cache=0.9 subsample=23.4 encode=43.6 send=5.8 total=98.3 | JPEG=8446B
I (55334) rc_video: [VIDEO-TX] handoff cap=340 get=680 select_fail=0 finished=340 signal=340 acquire=339 acquire_fail=0 release_fail=0 backup=0/0
I (55347) rc_video: [STABLE-CAPTURE] pause=340/340 timeout=0 quiesce=339 resume=339 lifecycle_errors=0 repairs=339 staged_events=3811 copies=3748 fallback=0 errors=0 prepare=340 stale_queue=0 pending_vsync=173 sync=341 complete=340 incomplete=1 incomplete_blocks=8 hold=340/340 hold_timeout=0
I (57539) rc_net: [CAM-PROBE] Video TX seq=360 jpeg_len=8431 crc32=0xf9beeb79 chunks=8
I (58334) rc_video: Sent 360 | cap_fps=10.0 send_fps=10.0 capture_size_errors=0 capture_identity_errors=0 | Avg(ms): wait=24.9 cache=0.8 subsample=23.4 encode=44.1 send=4.7 total=98.0 | JPEG=8480B
I (58341) rc_video: [VIDEO-TX] handoff cap=370 get=740 select_fail=0 finished=370 signal=370 acquire=369 acquire_fail=0 release_fail=0 backup=0/0
I (58354) rc_video: [STABLE-CAPTURE] pause=370/370 timeout=0 quiesce=369 resume=369 lifecycle_errors=0 repairs=369 staged_events=4145 copies=4078 fallback=0 errors=0 prepare=370 stale_queue=0 pending_vsync=188 sync=371 complete=370 incomplete=1 incomplete_blocks=8 hold=370/370 hold_timeout=0
W (59610) rc_net: Video UDP send failed: seq=381 chunk=1/8 bytes=1208 sent=-1 errno=12 attempts=4
W (59610) rc_video: Video send failed: ESP_FAIL
W (59756) rc_video: Video send failed: ESP_FAIL
W (59956) rc_video: Video send failed: ESP_FAIL
W (60007) rc_video: Video send failed: ESP_FAIL
I (60543) rc_net: [CAM-PROBE] Video TX seq=390 jpeg_len=8641 crc32=0x527e3c33 chunks=8
I (61736) rc_video: Sent 390 | cap_fps=10.0 send_fps=8.8 capture_size_errors=0 capture_identity_errors=0 | Avg(ms): wait=25.3 cache=0.9 subsample=23.4 encode=43.9 send=4.7 total=98.1 | JPEG=8538B
I (61743) rc_video: [VIDEO-TX] handoff cap=404 get=808 select_fail=0 finished=404 signal=404 acquire=403 acquire_fail=0 release_fail=0 backup=0/0
I (61756) rc_video: [STABLE-CAPTURE] pause=404/404 timeout=0 quiesce=403 resume=403 lifecycle_errors=0 repairs=403 staged_events=4523 copies=4452 fallback=0 errors=0 prepare=404 stale_queue=0 pending_vsync=205 sync=405 complete=404 incomplete=1 incomplete_blocks=8 hold=404/404 hold_timeout=0
W (63161) rc_net: Video UDP send failed: seq=416 chunk=4/8 bytes=1208 sent=-1 errno=12 attempts=4
W (63161) rc_video: Video send failed: ESP_FAIL
W (63215) rc_video: Video send failed: ESP_FAIL
W (63359) rc_video: Video send failed: ESP_FAIL
I (63552) rc_net: [CAM-PROBE] Video TX seq=420 jpeg_len=8624 crc32=0x3f64635d chunks=8
I (64991) rc_video: Sent 420 | cap_fps=9.8 send_fps=9.2 capture_size_errors=0 capture_identity_errors=0 | Avg(ms): wait=23.0 cache=0.8 subsample=23.5 encode=42.6 send=5.1 total=95.0 | JPEG=8614B
I (64998) rc_video: [VIDEO-TX] handoff cap=436 get=873 select_fail=0 finished=436 signal=436 acquire=436 acquire_fail=0 release_fail=0 backup=0/0
I (65044) rc_video: [STABLE-CAPTURE] pause=436/436 timeout=0 quiesce=436 resume=436 lifecycle_errors=0 repairs=436 staged_events=4893 copies=4815 fallback=0 errors=0 prepare=437 stale_queue=0 pending_vsync=222 sync=438 complete=437 incomplete=1 incomplete_blocks=8 hold=436/436 hold_timeout=0
W (66352) rc_tank: [DVP-MATRIX] result stage=0 strategy=sync_direct complete=450 incomplete=1 incomplete_blocks=8 sync_defer=0 released=0 collisions=0 release_errors=0 defer_hist=0,0,0,0,0,0,0,0,0,0,0 mismatch_hist=0,2,0,2,2,1,2,5,12,14,373 prepare=450 pending=229 hold=449/449 hold_timeout=0
W (66371) rc_tank: [DVP-MATRIX] advance stage=1; restart in 1s
I (66498) rc_net: [CAM-PROBE] Video TX seq=450 jpeg_len=8629 crc32=0xe6e71b09 chunks=8
I (67374) wifi:station: 44:1b:f6:f3:ae:40 leave, AID = 1, reason = 2, bss_flags is 756835, bss:0x3fcf13d8
I (67375) wifi:new:<1,0>, old:<1,1>, ap:<1,1>, sta:<255,255>, prof:1, snd_ch_cfg:0x0
I (67418) wifi:<ba-del>idx:2, tid:0
I (67419) wifi:new:<1,1>, old:<1,0>, ap:<1,1>, sta:<255,255>, prof:1, snd_ch_cfg:0x0
I (67441) rc_net: STA disconnected, MAC: 44:1b:f6:f3:ae:40
W (67443) rc_control: Network disconnected: motor stop enforced
W (67443) rc_tank: Network disconnected
W (67442) rc_net: Video UDP send failed: seq=459 chunk=1/8 bytes=1208 sent=-1 errno=-1 attempts=4
W (67454) rc_video: Video send failed: ESP_FAIL
W (67550) rc_video: Video send failed: ESP_ERR_INVALID_STATE
W (67599) rc_video: Video send failed: ESP_ERR_INVALID_STATE
W (67746) rc_video: Video send failed: ESP_ERR_INVALID_STATE
W (67795) rc_video: Video send failed: ESP_ERR_INVALID_STATE
W (67946) rc_video: Video send failed: ESP_ERR_INVALID_STATE
W (67995) rc_video: Video send failed: ESP_ERR_INVALID_STATE
I (68081) wifi:flush txq
I (68082) wifi:stop sw txq
I (68082) wifi:lmac stop hw txq
ESP-ROM:esp32s3-20210327
Build:Mar 27 2021
rst:0xc (RTC_SW_CPU_RST),boot:0x3 (DOWNLOAD(USB/UART0))
Saved PC:0x42090131
waiting for download

[HOST-DVP-MATRIX 13:38:54] SYNC-R2 Tank restart recovery=2

[HOST-DVP-MATRIX 13:38:54] Tank RAM bootloader start
esptool.py v4.12.dev2
Serial port COM7
Connecting....
Chip is ESP32-S3 (QFN56) (revision v0.2)
Features: WiFi, BLE
Crystal is 40MHz
MAC: 44:1b:f6:f3:ae:78
Uploading stub...
Running stub...
Stub running...
RAM boot...
Downloading 5360 bytes at 3fce2820... done!
Downloading 3364 bytes at 403c8700... done!
Downloading 12016 bytes at 403cb700... done!
All segments done, executing at 403c8924
Exiting immediately.

[HOST-DVP-MATRIX 13:38:57] Tank RAM bootloader complete
0.2
I (2933) boot: efuse block revision: v1.3
I (2936) boot.esp32s3: Boot SPI Speed : 80MHz
I (2940) boot.esp32s3: SPI Mode       : SLOW READ
I (2945) boot.esp32s3: SPI Flash Size : 8MB
I (2949) boot: Enabling RNG early entropy source...
I (2954) boot: Partition Table:
I (2956) boot: ## Label            Usage          Type ST Offset   Length
I (2963) boot:  0 nvs              WiFi data        01 02 00009000 00006000
I (2969) boot:  1 phy_init         RF data          01 01 0000f000 00001000
I (2976) boot:  2 factory          factory app      00 00 00010000 00300000
I (2983) boot:  3 storage          Unknown data     01 82 00310000 00100000
I (2990) boot: End of partition table
I (2993) esp_image: segment 0: paddr=00010020 vaddr=3c0a0020 size=24db0h (150960) map
I (3093) esp_image: segment 1: paddr=00034dd8 vaddr=3fca0d00 size=05560h ( 21856) load
I (3107) esp_image: segment 2: paddr=0003a340 vaddr=40374000 size=05cd8h ( 23768) load
I (3123) esp_image: segment 3: paddr=00040020 vaddr=42000020 size=9b798h (636824) map
I (3512) esp_image: segment 4: paddr=000db7c0 vaddr=40379cd8 size=16fe0h ( 94176) load
I (3573) esp_image: segment 5: paddr=000f27a8 vaddr=50000000 size=00020h (    32) load
I (3585) boot: Loaded app from partition at offset 0x10000
I (3585) boot: Disabling RNG early entropy source...
I (3597) esp_psram: Found 8MB PSRAM device
I (3597) esp_psram: Speed: 80MHz
I (3597) cpu_start: Multicore app
I (4515) esp_psram: SPI SRAM memory test OK
I (4524) cpu_start: GPIO 44 and 43 are used as console UART I/O pins
I (4525) cpu_start: Pro cpu start user code
I (4525) cpu_start: cpu freq: 240000000 Hz
I (4526) app_init: Application information:
I (4530) app_init: Project name:     rc_tank_demo
I (4534) app_init: App version:      1
I (4538) app_init: Compile time:     Aug 26 2026 12:18:42
I (4543) app_init: ELF file SHA256:  5f9ce93e0...
I (4548) app_init: ESP-IDF:          GIT-NOTFOUND
I (4552) efuse_init: Min chip rev:     v0.0
I (4556) efuse_init: Max chip rev:     v0.99 
I (4560) efuse_init: Chip rev:         v0.2
I (4564) heap_init: Initializing. RAM available for dynamic allocation:
I (4570) heap_init: At 3FCAA3D0 len 0003F340 (252 KiB): RAM
I (4575) heap_init: At 3FCE9710 len 00005724 (21 KiB): RAM
I (4581) heap_init: At 3FCF0000 len 00008000 (32 KiB): DRAM
I (4586) heap_init: At 600FE000 len 00001FE8 (7 KiB): RTCRAM
I (4592) esp_psram: Adding pool of 8192K of PSRAM memory to heap allocator
I (4599) spi_flash: detected chip: generic
I (4602) spi_flash: flash io: dio
I (4606) sleep_gpio: Configure to isolate all GPIO pins in sleep state
I (4611) sleep_gpio: Enable automatic switching of GPIO sleep configuration
I (4618) main_task: Started on CPU0
I (4642) esp_psram: Reserving pool of 64K of internal memory for DMA/internal allocations
I (4643) main_task: Calling app_main()
I (4659) rc_tank: === RC Tank Demo (EX-035) Role: TANK ===
I (4660) rc_tank: Startup delay 10 s (open serial monitor now)...
I (4660) rc_tank:   starting in 10 s
I (5663) rc_tank:   starting in 9 s
I (6663) rc_tank:   starting in 8 s
I (7663) rc_tank:   starting in 7 s
I (8663) rc_tank:   starting in 6 s
I (9663) rc_tank:   starting in 5 s
I (10663) rc_tank:   starting in 4 s
I (11663) rc_tank:   starting in 3 s
I (12663) rc_tank:   starting in 2 s
I (13663) rc_tank:   starting in 1 s
I (14663) rc_tank: Starting Tank role (P1: network, P2: control, P3: video)
I (14663) board_laiwfs300: init board support package
I (14663) board_laiwfs300: init capability registry
I (14668) board_laiwfs300: init I2C bus: SDA=GPIO48 SCL=GPIO47
I (14674) bus_i2c: I2C0 initialized: SDA=GPIO48 SCL=GPIO47 speed=100000Hz
I (14680) board_laiwfs300: --- I2C bus scan (0x08-0x77) ---
I (14687) board_laiwfs300:   I2C device ACK at 0x15
I (14690) board_laiwfs300:   I2C device ACK at 0x18
I (14695) board_laiwfs300:   I2C device ACK at 0x21
I (14699) board_laiwfs300:   I2C device ACK at 0x22
I (14707) board_laiwfs300:   I2C device ACK at 0x40
I (14710) board_laiwfs300:   I2C device ACK at 0x51
I (14716) board_laiwfs300:   I2C device ACK at 0x68
I (14719) board_laiwfs300: --- I2C scan done: 7 device(s) found ---
W (14723) board_laiwfs300: TPT29555A (IOEX) NOT found at 0x20 (NACK)
I (14729) board_laiwfs300: ES8311 (Codec) found at 0x18
I (14734) board_laiwfs300: ES7210 (ADC) found at 0x40
I (14739) board_laiwfs300: AIP8563 (RTC) found at 0x51
I (14744) board_laiwfs300: BMI260 (IMU @0x68) found at 0x68
W (14749) board_laiwfs300: BMI260 (IMU @0x69) NOT found at 0x69 (NACK)
I (14755) board_laiwfs300: SP0A39 (Camera) found at 0x21
I (14762) board_laiwfs300: ES8311 chip ID: 0x83 0x11
I (14766) board_laiwfs300: ES7210 chip ID: 0x72
I (14771) board_laiwfs300: AIP8563 RTC time: 01:12:09 (BCD raw)
I (14775) board_laiwfs300: BMI260 chip ID: 0x27 (expect 0x27)
I (14780) board_laiwfs300: init SPI bus manager
I (14786) board_laiwfs300: init ADC service
I (14789) board_adc: ADC1 oneshot initialized
I (14793) board_laiwfs300: init board power service
I (14798) board_laiwfs300: ADC D0_DETECT (GPIO1): raw=4095 (~3100 mV)
I (14803) board_laiwfs300: ADC BAT_ADC (GPIO7): raw=1645 (~1245 mV)
I (14809) board_laiwfs300: ADC SW_ADC (GPIO8): raw=4095 (~3100 mV)
I (14815) board_laiwfs300: init IO expander: TPT29555A addr=0x22
I (14824) io_expander: TPT29555A initialized at 0x22
I (14826) board_laiwfs300: IO expander initialized OK
I (14830) board_laiwfs300: init module detect
I (14835) board_laiwfs300: register detection rules
I (14839) board_laiwfs300: register default capabilities
I (14844) board_laiwfs300: board init complete (ioex=OK)
I (14849) rc_tank: [STEP] Motor init starting...
I (14854) board_motor: motor input 1 -> GPIO5 / LEDC channel 0
I (14859) board_motor: motor input 2 -> GPIO4 / LEDC channel 1
I (14865) board_motor: motor input 3 -> GPIO37 / LEDC channel 2
I (14870) board_motor: motor input 4 -> GPIO45 / LEDC channel 3
I (14876) rc_control: Motor initialized
I (14879) rc_tank: [STEP] Motor init OK
I (14883) rc_tank: [STEP] Display init starting...
I (14888) rc_video: Initializing Tank display
I (14893) display_hal: init ST7789V3 LCD 240x320 SPI host=1
E (15038) spi: spi_bus_initialize(816): SPI bus already initialized.
I (15159) display_hal: ST7789V3 LCD initialized
I (15159) board_display: display mapped: MOSI=GPIO13 SCK=GPIO12 CS=GPIO10 DC=GPIO16 BL=GPIO17 LCD_RST=IOEX P1_5 pclk=20000000
I (15164) rc_video: Tank display task started (status screen)
I (15165) rc_video: Tank display initialized (status task owns LCD)
I (15175) rc_tank: [STEP] Display init OK
I (15179) rc_tank: [STEP] Camera init starting...
I (15183) rc_video: Initializing camera (SP0A39 640x480 VYUY)
I (15189) board_camera: initializing SP0A39 camera mode=0 640x480
I (15194) camera_hal: init SP0A39 DVP 640x480 (SCCB manual mode)
I (15200) camera_hal: configuring IOEX pins for camera RESET/PWDN
I (15207) camera_hal: PWDN=HIGH (power down)
I (15220) camera_hal: PWDN=LOW (release sensor)
I (15420) camera_hal: RESET=LOW (assert reset)
I (15440) camera_hal: RESET=HIGH (release reset)
I (16440) camera_hal: full I2C scan after camera power-up (diagnostic only)...
I (16442) camera_hal:   post-powerup ACK at 0x15
I (16442) camera_hal:   post-powerup ACK at 0x18
I (16445) camera_hal:   post-powerup ACK at 0x21
I (16449) camera_hal:   post-powerup ACK at 0x22
I (16457) camera_hal:   post-powerup ACK at 0x40
I (16459) camera_hal:   post-powerup ACK at 0x51
I (16465) camera_hal:   post-powerup ACK at 0x68
I (16468) camera_hal: DVP GPIO diagnostics (checking PCLK/VSYNC/HSYNC activity)...
I (16534) camera_hal: DVP diagnostics: PCLK_changes=0 VSYNC_changes=0 HSYNC_changes=0
W (16534) camera_hal: PCLK has no transitions - MCLK likely not reaching sensor or sensor not active
I (16539) camera_hal: using sensor address 0x21
I (16544) camera_hal: SP0A39 I2C device added at 0x21
I (16550) camera_hal: SP0A39 chip ID: 0x0A39
I (16672) camera_hal: SP0A39 register init done: VYUY 640x480 (359 regs)
I (16673) camera_hal: [CAM-PROBE] SP0A39 p0_31 stage=post_table value=0x00 expected=0x01
E (16675) camera_hal: camera_hal_verify_expected_output_p0_31(92): unexpected p0_31=0x00 at post_table
W (16685) camera_hal: [CAM-PROBE] output state differs after table; continuing: ESP_ERR_INVALID_RESPONSE
I (16714) camera_hal: [CAM-PROBE] SP0A39 p0_31 stage=post_delay value=0x01 expected=0x01
I (16715) camera_hal: camera HAL initialized (sensor ready, DVP capture not yet implemented)
I (16719) board_camera: camera ready
I (16727) camera_hal: SP0A39 output regs: P0:1c=0x00 P0:30=0x01 P0:31=0x01 P1:32=0x15 P1:34=0xeb P1:35=0x00 P1:36=0x10
I (16859) rc_video:   3 DMA-capable PSRAM framebuffers allocated (600 KB each)
I (16862) dvp_ext: DVP Extended camera controller driver is initialized
I (16862) dvp_ext: [STABLE-DVP] assembly uses GDMA-EOF direct copy; dma=102400 half=51200 queue_data_events=suppressed eof_desc=probe
I (16873) rc_video: [STABLE-CAPTURE] staged DVP controller created dma=102400 half=51200
I (16881) rc_video: Camera initialized
I (16885) rc_tank: [STEP] Camera init OK
W (16889) rc_tank: [DVP-MATRIX] pre-network stage=1 strategy=sync_defer_to_eof11 frames=0 sync_defer=1 wifi=off video_tx=not_created
I (16900) rc_tank: [STEP] Network init starting...
I (16906) rc_net: Initializing as SoftAP (Tank)
I (16910) pp: pp rom version: e7ae62f
I (16913) net80211: net80211 rom version: e7ae62f
I (16918) wifi:wifi driver task: 3fce4a38, prio:23, stack:6656, core=0
I (16929) wifi:wifi firmware version: 0947e8b
I (16930) wifi:wifi certification version: v7.0
I (16931) wifi:config NVS flash: enabled
I (16935) wifi:config nano formatting: disabled
I (16939) wifi:Init data frame dynamic rx buffer num: 32
I (16944) wifi:Init static rx mgmt buffer num: 5
I (16948) wifi:Init management short buffer num: 32
I (16953) wifi:Init dynamic tx buffer num: 64
I (16957) wifi:Init static tx FG buffer num: 2
I (16961) wifi:Init static rx buffer size: 1600
I (16966) wifi:Init static rx buffer num: 10
I (16969) wifi:Init dynamic rx buffer num: 32
I (16975) wifi_init: rx ba win: 6
I (16977) wifi_init: accept mbox: 6
I (16980) wifi_init: tcpip mbox: 16
I (16983) wifi_init: udp mbox: 6
I (16986) wifi_init: tcp mbox: 6
I (16989) wifi_init: tcp tx win: 5760
I (16992) wifi_init: tcp rx win: 5760
I (16996) wifi_init: tcp mss: 1440
I (16999) wifi_init: WiFi IRAM OP enabled
I (17002) wifi_init: WiFi RX IRAM OP enabled
I (17007) rc_net: AP set_mode/config, SSID=RC_TANK_F3AE79 ch=1
I (17017) phy_init: phy_version 711,97bcf0a2,Aug 25 2025,19:04:10
I (17055) wifi:mode : softAP (44:1b:f6:f3:ae:79)
I (17060) wifi:Total power save buffer number: 32
I (17061) wifi:Init max length of beacon: 752/752
I (17062) wifi:Init max length of beacon: 752/752
I (17064) rc_net: SoftAP started, SSID: RC_TANK_F3AE79, Password: 12345678
I (17065) esp_netif_lwip: DHCP server started on interface WIFI_AP_DEF with IP: 192.168.4.1
I (17078) rc_tank: [STEP] Network init OK
I (17081) rc_tank: Tank SoftAP ready, waiting for remote...
I (17087) rc_control: Ctrl RX task started
I (17091) rc_control: Tank control started
I (17094) rc_tank: Tank running (video + control; audio disabled)
I (17100) rc_tank: app_main done, idle loop
I (22325) wifi:new:<1,1>, old:<1,1>, ap:<1,1>, sta:<255,255>, prof:1, snd_ch_cfg:0x0
I (22327) wifi:station: 44:1b:f6:f3:ae:40 join, AID=1, bgn, 40U
I (22349) rc_net: STA connected, MAC: 44:1b:f6:f3:ae:40
I (22395) esp_netif_lwip: DHCP server assigned IP to a client, IP is: 192.168.4.2
I (22396) rc_net: STA assigned IP: 192.168.4.2
I (22396) rc_tank: Network connected, peer: 192.168.4.2
W (22403) rc_tank: [DVP-MATRIX] start stage=1 strategy=sync_defer_to_eof11 preflight_frames=0 sync_defer=1 video_tx=not_created
I (22413) rc_net: Ctrl UDP socket bound to port 8001
I (22417) rc_net: Video UDP socket bound to port 8002
I (22423) rc_net: Audio TCP listening on port 8003
I (22426) rc_tank: Socket channels started
I (22430) rc_video: No local preview active; formal video handoff skipped
I (22438) camera_hal: [CAM-PROBE] SP0A39 p0_31 stage=dvp_started value=0x01 expected=0x01
I (22495) rc_video: Video TX task started (240x180, sensor-driven, Q=60)
I (22496) rc_video: TX theory: raw=614400 B/frame, encoded YUV=86400 B/frame, target10fps raw=0.86 MB/s
I (22496) rc_video: Tank video started (camera source)
I (22500) rc_video: PSRAM TX buffers: subsample=86400B jpeg=43200B send=43208B free_psram=5592524 free_internal=59543
W (22505) rc_tank: [DVP-MATRIX] observe stage=1 strategy=sync_defer_to_eof11 duration_ms=45000 sync_defer=1 under live Q60/UDP load
I (22515) rc_video: TX buffer caps: subsample=0x3c350120(psram=1) jpeg=0x3c3652a4(psram=1) send=0x3c36fea8(psram=1)
I (22567) rc_net: [CAM-PROBE] Video TX seq=0 jpeg_len=7667 crc32=0xc0d9d03f chunks=7
W (22619) rc_net: Video UDP send failed: seq=0 chunk=4/7 bytes=1208 sent=-1 errno=12 attempts=4
W (22620) rc_video: Video send failed: ESP_FAIL
W (22672) rc_video: Video send failed: ESP_FAIL

[HOST-DVP-MATRIX 13:39:17] SYNC-R2 stage=1 visible window begin
W (22814) rc_video: Video send failed: ESP_FAIL
W (22868) rc_video: Video send failed: ESP_FAIL
W (23007) rc_video: Video send failed: ESP_FAIL
W (23086) rc_video: Video send failed: ESP_FAIL
W (23169) rc_video: Video send failed: ESP_FAIL
W (23251) rc_video: Video send failed: ESP_FAIL
W (23304) rc_video: Video send failed: ESP_FAIL
I (23470) wifi:<ba-add>idx:2 (ifx:1, 44:1b:f6:f3:ae:40), tid:0, ssn:0, winSize:64
I (25298) rc_net: [CAM-PROBE] Video TX seq=30 jpeg_len=8002 crc32=0x3e7726fc chunks=7
I (26050) rc_video: Sent 30 | cap_fps=10.6 send_fps=8.4 capture_size_errors=0 capture_identity_errors=0 | Avg(ms): wait=22.3 cache=1.4 subsample=23.4 encode=24.9 send=7.1 total=79.1 | JPEG=8389B
I (26050) rc_video: [VIDEO-TX] handoff cap=39 get=79 select_fail=0 finished=39 signal=39 acquire=39 acquire_fail=0 release_fail=0 backup=0/0
I (26050) rc_video: [STABLE-CAPTURE] pause=39/39 timeout=0 quiesce=39 resume=39 lifecycle_errors=0 repairs=39 staged_events=466 copies=439 fallback=0 errors=0 prepare=40 stale_queue=0 pending_vsync=13 sync=39 complete=39 incomplete=0 incomplete_blocks=0 hold=39/39 hold_timeout=0
I (28032) rc_net: [CAM-PROBE] Video TX seq=60 jpeg_len=8476 crc32=0x03dc19d0 chunks=8
I (28781) rc_video: Sent 60 | cap_fps=11.0 send_fps=11.0 capture_size_errors=0 capture_identity_errors=0 | Avg(ms): wait=19.6 cache=1.4 subsample=23.5 encode=25.0 send=5.8 total=75.4 | JPEG=8444B
I (28781) rc_video: [VIDEO-TX] handoff cap=69 get=139 select_fail=0 finished=69 signal=69 acquire=69 acquire_fail=0 release_fail=0 backup=0/0
I (28781) rc_video: [STABLE-CAPTURE] pause=69/69 timeout=0 quiesce=69 resume=69 lifecycle_errors=0 repairs=69 staged_events=817 copies=769 fallback=0 errors=0 prepare=70 stale_queue=0 pending_vsync=22 sync=69 complete=69 incomplete=0 incomplete_blocks=0 hold=69/69 hold_timeout=0
I (30777) rc_net: [CAM-PROBE] Video TX seq=90 jpeg_len=8087 crc32=0x1b340d56 chunks=7
I (31515) rc_video: Sent 90 | cap_fps=11.0 send_fps=11.0 capture_size_errors=0 capture_identity_errors=0 | Avg(ms): wait=21.0 cache=1.4 subsample=23.3 encode=24.9 send=5.6 total=76.3 | JPEG=8257B
I (31515) rc_video: [VIDEO-TX] handoff cap=99 get=199 select_fail=0 finished=99 signal=99 acquire=99 acquire_fail=0 release_fail=0 backup=0/0
I (31515) rc_video: [STABLE-CAPTURE] pause=99/99 timeout=0 quiesce=99 resume=99 lifecycle_errors=0 repairs=99 staged_events=1167 copies=1098 fallback=0 errors=0 prepare=100 stale_queue=0 pending_vsync=30 sync=99 complete=99 incomplete=0 incomplete_blocks=0 hold=99/99 hold_timeout=0
I (33530) rc_net: [CAM-PROBE] Video TX seq=120 jpeg_len=8140 crc32=0x06bda4af chunks=7
I (34243) rc_video: Sent 120 | cap_fps=10.9 send_fps=10.9 capture_size_errors=0 capture_identity_errors=0 | Avg(ms): wait=20.7 cache=1.4 subsample=23.5 encode=24.9 send=5.7 total=76.1 | JPEG=8164B
I (34243) rc_video: [VIDEO-TX] handoff cap=129 get=259 select_fail=0 finished=129 signal=129 acquire=129 acquire_fail=0 release_fail=0 backup=0/0
I (34294) rc_video: [STABLE-CAPTURE] pause=130/130 timeout=0 quiesce=129 resume=129 lifecycle_errors=0 repairs=129 staged_events=1520 copies=1430 fallback=0 errors=0 prepare=130 stale_queue=0 pending_vsync=38 sync=130 complete=130 incomplete=0 incomplete_blocks=0 hold=130/130 hold_timeout=0
I (36222) rc_net: [CAM-PROBE] Video TX seq=150 jpeg_len=8179 crc32=0x05af3511 chunks=7
I (36957) rc_video: Sent 150 | cap_fps=11.2 send_fps=11.2 capture_size_errors=0 capture_identity_errors=0 | Avg(ms): wait=17.0 cache=1.4 subsample=23.4 encode=25.1 send=6.1 total=73.1 | JPEG=8149B
I (36964) rc_video: [VIDEO-TX] handoff cap=159 get=318 select_fail=0 finished=159 signal=159 acquire=159 acquire_fail=0 release_fail=0 backup=0/0
I (36977) rc_video: [STABLE-CAPTURE] pause=159/159 timeout=0 quiesce=159 resume=159 lifecycle_errors=0 repairs=159 staged_events=1863 copies=1750 fallback=0 errors=0 prepare=160 stale_queue=0 pending_vsync=46 sync=159 complete=159 incomplete=0 incomplete_blocks=0 hold=159/159 hold_timeout=0
W (38569) rc_net: Video UDP send failed: seq=175 chunk=5/7 bytes=1208 sent=-1 errno=12 attempts=4
W (38570) rc_video: Video send failed: ESP_FAIL
W (38624) rc_video: Video send failed: ESP_FAIL
I (38972) rc_net: [CAM-PROBE] Video TX seq=180 jpeg_len=8175 crc32=0x20937288 chunks=7
I (39863) rc_video: Sent 180 | cap_fps=10.9 send_fps=10.2 capture_size_errors=0 capture_identity_errors=0 | Avg(ms): wait=21.4 cache=1.4 subsample=23.3 encode=25.1 send=5.6 total=76.8 | JPEG=8185B
I (39863) rc_video: [VIDEO-TX] handoff cap=191 get=383 select_fail=0 finished=191 signal=191 acquire=191 acquire_fail=0 release_fail=0 backup=0/0
I (39914) rc_video: [STABLE-CAPTURE] pause=192/192 timeout=0 quiesce=191 resume=191 lifecycle_errors=0 repairs=191 staged_events=2248 copies=2112 fallback=0 errors=0 prepare=192 stale_queue=0 pending_vsync=55 sync=192 complete=192 incomplete=0 incomplete_blocks=0 hold=192/192 hold_timeout=0
I (41684) rc_net: [CAM-PROBE] Video TX seq=210 jpeg_len=8154 crc32=0xe0b425f5 chunks=7
I (42594) rc_video: Sent 210 | cap_fps=11.0 send_fps=11.0 capture_size_errors=0 capture_identity_errors=0 | Avg(ms): wait=19.6 cache=1.5 subsample=23.1 encode=24.9 send=5.7 total=74.8 | JPEG=8190B
I (42594) rc_video: [VIDEO-TX] handoff cap=221 get=443 select_fail=0 finished=221 signal=221 acquire=221 acquire_fail=0 release_fail=0 backup=0/0
I (42641) rc_video: [STABLE-CAPTURE] pause=221/221 timeout=0 quiesce=221 resume=221 lifecycle_errors=0 repairs=221 staged_events=2600 copies=2442 fallback=0 errors=0 prepare=222 stale_queue=0 pending_vsync=63 sync=222 complete=222 incomplete=0 incomplete_blocks=0 hold=221/221 hold_timeout=0
I (44414) rc_net: [CAM-PROBE] Video TX seq=240 jpeg_len=8131 crc32=0x616457a1 chunks=7
I (45325) rc_video: Sent 240 | cap_fps=11.0 send_fps=11.0 capture_size_errors=0 capture_identity_errors=0 | Avg(ms): wait=18.6 cache=1.4 subsample=23.9 encode=25.0 send=5.7 total=74.6 | JPEG=8095B
I (45325) rc_video: [VIDEO-TX] handoff cap=251 get=503 select_fail=0 finished=251 signal=251 acquire=251 acquire_fail=0 release_fail=0 backup=0/0
I (45377) rc_video: [STABLE-CAPTURE] pause=252/252 timeout=0 quiesce=251 resume=251 lifecycle_errors=0 repairs=251 staged_events=2952 copies=2772 fallback=0 errors=0 prepare=252 stale_queue=0 pending_vsync=72 sync=252 complete=252 incomplete=0 incomplete_blocks=0 hold=252/252 hold_timeout=0
I (47163) rc_net: [CAM-PROBE] Video TX seq=270 jpeg_len=8201 crc32=0x13706717 chunks=7
I (48056) rc_video: Sent 270 | cap_fps=11.0 send_fps=11.0 capture_size_errors=0 capture_identity_errors=0 | Avg(ms): wait=20.0 cache=1.4 subsample=23.4 encode=25.0 send=5.6 total=75.4 | JPEG=8204B
I (48056) rc_video: [VIDEO-TX] handoff cap=281 get=563 select_fail=0 finished=281 signal=281 acquire=281 acquire_fail=0 release_fail=0 backup=0/0
I (48111) rc_video: [STABLE-CAPTURE] pause=282/282 timeout=0 quiesce=281 resume=281 lifecycle_errors=0 repairs=281 staged_events=3304 copies=3102 fallback=0 errors=0 prepare=282 stale_queue=0 pending_vsync=81 sync=282 complete=282 incomplete=0 incomplete_blocks=0 hold=282/282 hold_timeout=0
I (49916) rc_net: [CAM-PROBE] Video TX seq=300 jpeg_len=8297 crc32=0x3e7dee15 chunks=7
I (50810) rc_video: Sent 300 | cap_fps=11.0 send_fps=11.0 capture_size_errors=0 capture_identity_errors=0 | Avg(ms): wait=19.0 cache=1.4 subsample=23.4 encode=24.9 send=6.5 total=75.2 | JPEG=8128B
I (50818) rc_video: [VIDEO-TX] handoff cap=311 get=622 select_fail=0 finished=311 signal=311 acquire=311 acquire_fail=0 release_fail=0 backup=0/0
I (50829) rc_video: [STABLE-CAPTURE] pause=311/311 timeout=0 quiesce=311 resume=311 lifecycle_errors=0 repairs=311 staged_events=3646 copies=3422 fallback=0 errors=0 prepare=312 stale_queue=0 pending_vsync=89 sync=311 complete=311 incomplete=0 incomplete_blocks=0 hold=311/311 hold_timeout=0
I (52650) rc_net: [CAM-PROBE] Video TX seq=330 jpeg_len=9233 crc32=0xf4750497 chunks=8
I (53581) rc_video: Sent 330 | cap_fps=10.8 send_fps=10.8 capture_size_errors=0 capture_identity_errors=0 | Avg(ms): wait=20.6 cache=1.4 subsample=23.4 encode=25.4 send=6.8 total=77.7 | JPEG=8876B
I (53589) rc_video: [VIDEO-TX] handoff cap=341 get=682 select_fail=0 finished=341 signal=341 acquire=341 acquire_fail=0 release_fail=0 backup=0/0
I (53600) rc_video: [STABLE-CAPTURE] pause=341/341 timeout=0 quiesce=341 resume=341 lifecycle_errors=0 repairs=341 staged_events=3996 copies=3752 fallback=0 errors=0 prepare=342 stale_queue=0 pending_vsync=99 sync=341 complete=341 incomplete=0 incomplete_blocks=0 hold=341/341 hold_timeout=0
I (55457) rc_net: [CAM-PROBE] Video TX seq=360 jpeg_len=9327 crc32=0x890bb39a chunks=8
I (56367) rc_video: Sent 360 | cap_fps=10.7 send_fps=10.7 capture_size_errors=0 capture_identity_errors=0 | Avg(ms): wait=23.2 cache=1.4 subsample=23.4 encode=25.2 send=6.2 total=79.3 | JPEG=8915B
I (56367) rc_video: [VIDEO-TX] handoff cap=371 get=743 select_fail=0 finished=371 signal=371 acquire=371 acquire_fail=0 release_fail=0 backup=0/0
I (56419) rc_video: [STABLE-CAPTURE] pause=372/372 timeout=0 quiesce=371 resume=371 lifecycle_errors=0 repairs=371 staged_events=4355 copies=4092 fallback=0 errors=0 prepare=372 stale_queue=0 pending_vsync=107 sync=372 complete=372 incomplete=0 incomplete_blocks=0 hold=372/372 hold_timeout=0
I (58206) rc_net: [CAM-PROBE] Video TX seq=390 jpeg_len=9005 crc32=0x19f77430 chunks=8
I (59123) rc_video: Sent 390 | cap_fps=11.0 send_fps=11.0 capture_size_errors=0 capture_identity_errors=0 | Avg(ms): wait=18.2 cache=1.5 subsample=23.5 encode=25.6 send=6.2 total=75.0 | JPEG=8942B
I (59130) rc_video: [VIDEO-TX] handoff cap=401 get=802 select_fail=0 finished=401 signal=401 acquire=401 acquire_fail=0 release_fail=0 backup=0/0
I (59141) rc_video: [STABLE-CAPTURE] pause=401/401 timeout=0 quiesce=401 resume=401 lifecycle_errors=0 repairs=401 staged_events=4697 copies=4412 fallback=0 errors=0 prepare=402 stale_queue=0 pending_vsync=115 sync=401 complete=401 incomplete=0 incomplete_blocks=0 hold=401/401 hold_timeout=0
I (60938) rc_net: [CAM-PROBE] Video TX seq=420 jpeg_len=8314 crc32=0x828072d3 chunks=7
I (61812) rc_video: Sent 420 | cap_fps=11.2 send_fps=11.2 capture_size_errors=0 capture_identity_errors=0 | Avg(ms): wait=17.6 cache=1.4 subsample=23.3 encode=25.5 send=6.1 total=73.9 | JPEG=8101B
I (61820) rc_video: [VIDEO-TX] handoff cap=431 get=862 select_fail=0 finished=431 signal=431 acquire=431 acquire_fail=0 release_fail=0 backup=0/0
I (61833) rc_video: [STABLE-CAPTURE] pause=431/431 timeout=0 quiesce=431 resume=431 lifecycle_errors=0 repairs=431 staged_events=5049 copies=4742 fallback=0 errors=0 prepare=432 stale_queue=0 pending_vsync=123 sync=431 complete=431 incomplete=0 incomplete_blocks=0 hold=431/431 hold_timeout=0
I (63635) rc_net: [CAM-PROBE] Video TX seq=450 jpeg_len=9281 crc32=0x3499d8cc chunks=8
I (64560) rc_video: Sent 450 | cap_fps=10.8 send_fps=10.8 capture_size_errors=0 capture_identity_errors=0 | Avg(ms): wait=21.2 cache=1.4 subsample=23.5 encode=25.6 send=5.8 total=77.5 | JPEG=9309B
I (64560) rc_video: [VIDEO-TX] handoff cap=461 get=923 select_fail=0 finished=461 signal=461 acquire=461 acquire_fail=0 release_fail=0 backup=0/0
I (64560) rc_video: [STABLE-CAPTURE] pause=461/461 timeout=0 quiesce=461 resume=461 lifecycle_errors=0 repairs=461 staged_events=5409 copies=5081 fallback=0 errors=0 prepare=462 stale_queue=0 pending_vsync=132 sync=461 complete=461 incomplete=0 incomplete_blocks=0 hold=461/461 hold_timeout=0
I (66399) rc_net: [CAM-PROBE] Video TX seq=480 jpeg_len=8852 crc32=0x7fb4f8dd chunks=8
I (67315) rc_video: Sent 480 | cap_fps=11.0 send_fps=11.0 capture_size_errors=0 capture_identity_errors=0 | Avg(ms): wait=19.0 cache=1.4 subsample=23.3 encode=25.4 send=6.0 total=75.1 | JPEG=8793B
I (67322) rc_video: [VIDEO-TX] handoff cap=491 get=982 select_fail=0 finished=491 signal=491 acquire=491 acquire_fail=0 release_fail=0 backup=0/0
I (67334) rc_video: [STABLE-CAPTURE] pause=491/491 timeout=0 quiesce=491 resume=491 lifecycle_errors=0 repairs=491 staged_events=5751 copies=5402 fallback=0 errors=0 prepare=492 stale_queue=0 pending_vsync=142 sync=491 complete=491 incomplete=0 incomplete_blocks=0 hold=491/491 hold_timeout=0
W (67535) rc_tank: [DVP-MATRIX] result stage=1 strategy=sync_defer_to_eof11 complete=494 incomplete=0 incomplete_blocks=0 sync_defer=142 released=142 collisions=0 release_errors=0 defer_hist=0,0,0,0,0,0,0,0,0,2,140 mismatch_hist=0,1,0,2,236,346,158,70,15,19,155 prepare=494 pending=142 hold=493/493 hold_timeout=0
W (67556) rc_tank: [DVP-MATRIX] advance stage=2; restart in 1s
I (68563) wifi:station: 44:1b:f6:f3:ae:40 leave, AID = 1, reason = 2, bss_flags is 756851, bss:0x3fcf1374
I (68565) wifi:new:<1,0>, old:<1,1>, ap:<1,1>, sta:<255,255>, prof:1, snd_ch_cfg:0x0
I (68571) wifi:<ba-del>idx:2, tid:0
I (68573) wifi:new:<1,1>, old:<1,0>, ap:<1,1>, sta:<255,255>, prof:1, snd_ch_cfg:0x0
I (68583) rc_net: STA disconnected, MAC: 44:1b:f6:f3:ae:40
W (68586) rc_control: Network disconnected: motor stop enforced
W (68591) rc_tank: Network disconnected
W (68625) rc_video: Video send failed: ESP_ERR_INVALID_STATE
W (68716) rc_video: Video send failed: ESP_ERR_INVALID_STATE
W (68795) rc_video: Video send failed: ESP_ERR_INVALID_STATE
W (68875) rc_video: Video send failed: ESP_ERR_INVALID_STATE
W (68957) rc_video: Video send failed: ESP_ERR_INVALID_STATE
W (69033) rc_video: Video send failed: ESP_ERR_INVALID_STATE
I (69107) wifi:flush txq
I (69108) wifi:stop sw txq
I (69108) wifi:lmac stop hw txq
ESP-ROM:esp32s3-20210327
Build:Mar 27 2021
rst:0xc (RTC_SW_CPU_RST),boot:0x3 (DOWNLOAD(USB/UART0))
Saved PC:0x403812c5
waiting for download

[HOST-DVP-MATRIX 13:40:03] SYNC-R2 Tank restart recovery=3

[HOST-DVP-MATRIX 13:40:03] Tank RAM bootloader start
esptool.py v4.12.dev2
Serial port COM7
Connecting....
Chip is ESP32-S3 (QFN56) (revision v0.2)
Features: WiFi, BLE
Crystal is 40MHz
MAC: 44:1b:f6:f3:ae:78
Uploading stub...
Running stub...
Stub running...
RAM boot...
Downloading 5360 bytes at 3fce2820... done!
Downloading 3364 bytes at 403c8700... done!
Downloading 12016 bytes at 403cb700... done!
All segments done, executing at 403c8924
Exiting immediately.

[HOST-DVP-MATRIX 13:40:06] Tank RAM bootloader complete
: chip revision: v0.2
I (2939) boot: efuse block revision: v1.3
I (2942) boot.esp32s3: Boot SPI Speed : 80MHz
I (2946) boot.esp32s3: SPI Mode       : SLOW READ
I (2951) boot.esp32s3: SPI Flash Size : 8MB
I (2955) boot: Enabling RNG early entropy source...
I (2959) boot: Partition Table:
I (2962) boot: ## Label            Usage          Type ST Offset   Length
I (2969) boot:  0 nvs              WiFi data        01 02 00009000 00006000
I (2975) boot:  1 phy_init         RF data          01 01 0000f000 00001000
I (2982) boot:  2 factory          factory app      00 00 00010000 00300000
I (2989) boot:  3 storage          Unknown data     01 82 00310000 00100000
I (2995) boot: End of partition table
I (2999) esp_image: segment 0: paddr=00010020 vaddr=3c0a0020 size=24db0h (150960) map
I (3099) esp_image: segment 1: paddr=00034dd8 vaddr=3fca0d00 size=05560h ( 21856) load
I (3113) esp_image: segment 2: paddr=0003a340 vaddr=40374000 size=05cd8h ( 23768) load
I (3129) esp_image: segment 3: paddr=00040020 vaddr=42000020 size=9b798h (636824) map
I (3517) esp_image: segment 4: paddr=000db7c0 vaddr=40379cd8 size=16fe0h ( 94176) load
I (3579) esp_image: segment 5: paddr=000f27a8 vaddr=50000000 size=00020h (    32) load
I (3590) boot: Loaded app from partition at offset 0x10000
I (3591) boot: Disabling RNG early entropy source...
I (3603) esp_psram: Found 8MB PSRAM device
I (3603) esp_psram: Speed: 80MHz
I (3603) cpu_start: Multicore app
I (4521) esp_psram: SPI SRAM memory test OK
I (4529) cpu_start: GPIO 44 and 43 are used as console UART I/O pins
I (4531) cpu_start: Pro cpu start user code
I (4531) cpu_start: cpu freq: 240000000 Hz
I (4532) app_init: Application information:
I (4536) app_init: Project name:     rc_tank_demo
I (4540) app_init: App version:      1
I (4544) app_init: Compile time:     Aug 26 2026 12:18:42
I (4549) app_init: ELF file SHA256:  5f9ce93e0...
I (4553) app_init: ESP-IDF:          GIT-NOTFOUND
I (4558) efuse_init: Min chip rev:     v0.0
I (4562) efuse_init: Max chip rev:     v0.99 
I (4566) efuse_init: Chip rev:         v0.2
I (4570) heap_init: Initializing. RAM available for dynamic allocation:
I (4576) heap_init: At 3FCAA3D0 len 0003F340 (252 KiB): RAM
I (4581) heap_init: At 3FCE9710 len 00005724 (21 KiB): RAM
I (4587) heap_init: At 3FCF0000 len 00008000 (32 KiB): DRAM
I (4592) heap_init: At 600FE000 len 00001FE8 (7 KiB): RTCRAM
I (4598) esp_psram: Adding pool of 8192K of PSRAM memory to heap allocator
I (4605) spi_flash: detected chip: generic
I (4608) spi_flash: flash io: dio
I (4611) sleep_gpio: Configure to isolate all GPIO pins in sleep state
I (4617) sleep_gpio: Enable automatic switching of GPIO sleep configuration
I (4624) main_task: Started on CPU0
I (4648) esp_psram: Reserving pool of 64K of internal memory for DMA/internal allocations
I (4649) main_task: Calling app_main()
I (4665) rc_tank: === RC Tank Demo (EX-035) Role: TANK ===
I (4666) rc_tank: Startup delay 10 s (open serial monitor now)...
I (4666) rc_tank:   starting in 10 s
I (5669) rc_tank:   starting in 9 s
I (6669) rc_tank:   starting in 8 s
I (7669) rc_tank:   starting in 7 s
I (8669) rc_tank:   starting in 6 s
I (9669) rc_tank:   starting in 5 s
I (10669) rc_tank:   starting in 4 s
I (11669) rc_tank:   starting in 3 s
I (12669) rc_tank:   starting in 2 s
I (13669) rc_tank:   starting in 1 s
I (14669) rc_tank: Starting Tank role (P1: network, P2: control, P3: video)
I (14669) board_laiwfs300: init board support package
I (14669) board_laiwfs300: init capability registry
I (14674) board_laiwfs300: init I2C bus: SDA=GPIO48 SCL=GPIO47
I (14680) bus_i2c: I2C0 initialized: SDA=GPIO48 SCL=GPIO47 speed=100000Hz
I (14686) board_laiwfs300: --- I2C bus scan (0x08-0x77) ---
I (14693) board_laiwfs300:   I2C device ACK at 0x15
I (14696) board_laiwfs300:   I2C device ACK at 0x18
I (14701) board_laiwfs300:   I2C device ACK at 0x21
I (14705) board_laiwfs300:   I2C device ACK at 0x22
I (14713) board_laiwfs300:   I2C device ACK at 0x40
I (14716) board_laiwfs300:   I2C device ACK at 0x51
I (14722) board_laiwfs300:   I2C device ACK at 0x68
I (14725) board_laiwfs300: --- I2C scan done: 7 device(s) found ---
W (14729) board_laiwfs300: TPT29555A (IOEX) NOT found at 0x20 (NACK)
I (14735) board_laiwfs300: ES8311 (Codec) found at 0x18
I (14740) board_laiwfs300: ES7210 (ADC) found at 0x40
I (14745) board_laiwfs300: AIP8563 (RTC) found at 0x51
I (14750) board_laiwfs300: BMI260 (IMU @0x68) found at 0x68
W (14755) board_laiwfs300: BMI260 (IMU @0x69) NOT found at 0x69 (NACK)
I (14761) board_laiwfs300: SP0A39 (Camera) found at 0x21
I (14768) board_laiwfs300: ES8311 chip ID: 0x83 0x11
I (14772) board_laiwfs300: ES7210 chip ID: 0x72
I (14777) board_laiwfs300: AIP8563 RTC time: 01:13:18 (BCD raw)
I (14781) board_laiwfs300: BMI260 chip ID: 0x27 (expect 0x27)
I (14786) board_laiwfs300: init SPI bus manager
I (14792) board_laiwfs300: init ADC service
I (14795) board_adc: ADC1 oneshot initialized
I (14799) board_laiwfs300: init board power service
I (14804) board_laiwfs300: ADC D0_DETECT (GPIO1): raw=4095 (~3100 mV)
I (14809) board_laiwfs300: ADC BAT_ADC (GPIO7): raw=1639 (~1240 mV)
I (14815) board_laiwfs300: ADC SW_ADC (GPIO8): raw=4095 (~3100 mV)
I (14821) board_laiwfs300: init IO expander: TPT29555A addr=0x22
I (14830) io_expander: TPT29555A initialized at 0x22
I (14832) board_laiwfs300: IO expander initialized OK
I (14836) board_laiwfs300: init module detect
I (14841) board_laiwfs300: register detection rules
I (14845) board_laiwfs300: register default capabilities
I (14850) board_laiwfs300: board init complete (ioex=OK)
I (14855) rc_tank: [STEP] Motor init starting...
I (14860) board_motor: motor input 1 -> GPIO5 / LEDC channel 0
I (14865) board_motor: motor input 2 -> GPIO4 / LEDC channel 1
I (14871) board_motor: motor input 3 -> GPIO37 / LEDC channel 2
I (14876) board_motor: motor input 4 -> GPIO45 / LEDC channel 3
I (14882) rc_control: Motor initialized
I (14885) rc_tank: [STEP] Motor init OK
I (14889) rc_tank: [STEP] Display init starting...
I (14894) rc_video: Initializing Tank display
I (14899) display_hal: init ST7789V3 LCD 240x320 SPI host=1
E (15044) spi: spi_bus_initialize(816): SPI bus already initialized.
I (15165) display_hal: ST7789V3 LCD initialized
I (15165) board_display: display mapped: MOSI=GPIO13 SCK=GPIO12 CS=GPIO10 DC=GPIO16 BL=GPIO17 LCD_RST=IOEX P1_5 pclk=20000000
I (15170) rc_video: Tank display task started (status screen)
I (15171) rc_video: Tank display initialized (status task owns LCD)
I (15181) rc_tank: [STEP] Display init OK
I (15185) rc_tank: [STEP] Camera init starting...
I (15189) rc_video: Initializing camera (SP0A39 640x480 VYUY)
I (15195) board_camera: initializing SP0A39 camera mode=0 640x480
I (15200) camera_hal: init SP0A39 DVP 640x480 (SCCB manual mode)
I (15206) camera_hal: configuring IOEX pins for camera RESET/PWDN
I (15213) camera_hal: PWDN=HIGH (power down)
I (15226) camera_hal: PWDN=LOW (release sensor)
I (15426) camera_hal: RESET=LOW (assert reset)
I (15446) camera_hal: RESET=HIGH (release reset)
I (16446) camera_hal: full I2C scan after camera power-up (diagnostic only)...
I (16448) camera_hal:   post-powerup ACK at 0x15
I (16448) camera_hal:   post-powerup ACK at 0x18
I (16451) camera_hal:   post-powerup ACK at 0x21
I (16455) camera_hal:   post-powerup ACK at 0x22
I (16463) camera_hal:   post-powerup ACK at 0x40
I (16465) camera_hal:   post-powerup ACK at 0x51
I (16471) camera_hal:   post-powerup ACK at 0x68
I (16474) camera_hal: DVP GPIO diagnostics (checking PCLK/VSYNC/HSYNC activity)...
I (16540) camera_hal: DVP diagnostics: PCLK_changes=0 VSYNC_changes=0 HSYNC_changes=0
W (16540) camera_hal: PCLK has no transitions - MCLK likely not reaching sensor or sensor not active
I (16545) camera_hal: using sensor address 0x21
I (16550) camera_hal: SP0A39 I2C device added at 0x21
I (16556) camera_hal: SP0A39 chip ID: 0x0A39
I (16678) camera_hal: SP0A39 register init done: VYUY 640x480 (359 regs)
I (16679) camera_hal: [CAM-PROBE] SP0A39 p0_31 stage=post_table value=0x00 expected=0x01
E (16681) camera_hal: camera_hal_verify_expected_output_p0_31(92): unexpected p0_31=0x00 at post_table
W (16691) camera_hal: [CAM-PROBE] output state differs after table; continuing: ESP_ERR_INVALID_RESPONSE
I (16720) camera_hal: [CAM-PROBE] SP0A39 p0_31 stage=post_delay value=0x01 expected=0x01
I (16721) camera_hal: camera HAL initialized (sensor ready, DVP capture not yet implemented)
I (16725) board_camera: camera ready
I (16733) camera_hal: SP0A39 output regs: P0:1c=0x00 P0:30=0x01 P0:31=0x01 P1:32=0x15 P1:34=0xeb P1:35=0x00 P1:36=0x10
I (16865) rc_video:   3 DMA-capable PSRAM framebuffers allocated (600 KB each)
I (16868) dvp_ext: DVP Extended camera controller driver is initialized
I (16868) dvp_ext: [STABLE-DVP] assembly uses GDMA-EOF direct copy; dma=102400 half=51200 queue_data_events=suppressed eof_desc=probe
I (16879) rc_video: [STABLE-CAPTURE] staged DVP controller created dma=102400 half=51200
I (16887) rc_video: Camera initialized
I (16891) rc_tank: [STEP] Camera init OK
W (16895) rc_tank: [DVP-MATRIX] pre-network stage=2 strategy=sync_direct frames=0 sync_defer=0 wifi=off video_tx=not_created
I (16905) rc_tank: [STEP] Network init starting...
I (16911) rc_net: Initializing as SoftAP (Tank)
I (16915) pp: pp rom version: e7ae62f
I (16918) net80211: net80211 rom version: e7ae62f
I (16923) wifi:wifi driver task: 3fce4a38, prio:23, stack:6656, core=0
I (16935) wifi:wifi firmware version: 0947e8b
I (16935) wifi:wifi certification version: v7.0
I (16936) wifi:config NVS flash: enabled
I (16940) wifi:config nano formatting: disabled
I (16944) wifi:Init data frame dynamic rx buffer num: 32
I (16949) wifi:Init static rx mgmt buffer num: 5
I (16954) wifi:Init management short buffer num: 32
I (16958) wifi:Init dynamic tx buffer num: 64
I (16962) wifi:Init static tx FG buffer num: 2
I (16967) wifi:Init static rx buffer size: 1600
I (16971) wifi:Init static rx buffer num: 10
I (16975) wifi:Init dynamic rx buffer num: 32
I (16980) wifi_init: rx ba win: 6
I (16982) wifi_init: accept mbox: 6
I (16985) wifi_init: tcpip mbox: 16
I (16988) wifi_init: udp mbox: 6
I (16991) wifi_init: tcp mbox: 6
I (16994) wifi_init: tcp tx win: 5760
I (16998) wifi_init: tcp rx win: 5760
I (17001) wifi_init: tcp mss: 1440
I (17004) wifi_init: WiFi IRAM OP enabled
I (17008) wifi_init: WiFi RX IRAM OP enabled
I (17012) rc_net: AP set_mode/config, SSID=RC_TANK_F3AE79 ch=1
I (17022) phy_init: phy_version 711,97bcf0a2,Aug 25 2025,19:04:10
I (17061) wifi:mode : softAP (44:1b:f6:f3:ae:79)
I (17066) wifi:Total power save buffer number: 32
I (17066) wifi:Init max length of beacon: 752/752
I (17067) wifi:Init max length of beacon: 752/752
I (17069) rc_net: SoftAP started, SSID: RC_TANK_F3AE79, Password: 12345678
I (17071) esp_netif_lwip: DHCP server started on interface WIFI_AP_DEF with IP: 192.168.4.1
I (17083) rc_tank: [STEP] Network init OK
I (17087) rc_tank: Tank SoftAP ready, waiting for remote...
I (17092) rc_control: Ctrl RX task started
I (17096) rc_control: Tank control started
I (17100) rc_tank: Tank running (video + control; audio disabled)
I (17105) rc_tank: app_main done, idle loop
I (22522) wifi:new:<1,1>, old:<1,1>, ap:<1,1>, sta:<255,255>, prof:1, snd_ch_cfg:0x0
I (22523) wifi:station: 44:1b:f6:f3:ae:40 join, AID=1, bgn, 40U
I (22555) rc_net: STA connected, MAC: 44:1b:f6:f3:ae:40
I (22597) esp_netif_lwip: DHCP server assigned IP to a client, IP is: 192.168.4.2
I (22598) rc_net: STA assigned IP: 192.168.4.2
I (22598) rc_tank: Network connected, peer: 192.168.4.2
W (22604) rc_tank: [DVP-MATRIX] start stage=2 strategy=sync_direct preflight_frames=0 sync_defer=0 video_tx=not_created
I (22614) rc_net: Ctrl UDP socket bound to port 8001
I (22618) rc_net: Video UDP socket bound to port 8002
I (22623) rc_net: Audio TCP listening on port 8003
I (22627) rc_tank: Socket channels started
I (22631) rc_video: No local preview active; formal video handoff skipped
I (22639) camera_hal: [CAM-PROBE] SP0A39 p0_31 stage=dvp_started value=0x01 expected=0x01
I (22693) rc_video: Video TX task started (240x180, sensor-driven, Q=60)
I (22694) rc_video: TX theory: raw=614400 B/frame, encoded YUV=86400 B/frame, target10fps raw=0.86 MB/s
I (22697) rc_video: Tank video started (camera source)
I (22699) rc_video: PSRAM TX buffers: subsample=86400B jpeg=43200B send=43208B free_psram=5592524 free_internal=59539
W (22704) rc_tank: [DVP-MATRIX] observe stage=2 strategy=sync_direct duration_ms=45000 sync_defer=0 under live Q60/UDP load
I (22714) rc_video: TX buffer caps: subsample=0x3c350120(psram=1) jpeg=0x3c3652a4(psram=1) send=0x3c36fea8(psram=1)
I (22774) rc_net: [CAM-PROBE] Video TX seq=0 jpeg_len=8359 crc32=0xfffa786e chunks=7
W (22823) rc_net: Video UDP send failed: seq=0 chunk=4/7 bytes=1208 sent=-1 errno=12 attempts=4
W (22824) rc_video: Video send failed: ESP_FAIL
W (22878) rc_video: Video send failed: ESP_FAIL

[HOST-DVP-MATRIX 13:40:26] SYNC-R2 stage=2 visible window begin
W (23010) rc_video: Video send failed: ESP_FAIL
W (23109) rc_video: Video send failed: ESP_FAIL
W (23256) rc_video: Video send failed: ESP_FAIL
W (23308) rc_video: Video send failed: ESP_FAIL
W (23453) rc_video: Video send failed: ESP_FAIL
W (23506) rc_video: Video send failed: ESP_FAIL
I (23678) wifi:<ba-add>idx:2 (ifx:1, 44:1b:f6:f3:ae:40), tid:0, ssn:0, winSize:64
I (26178) rc_net: [CAM-PROBE] Video TX seq=30 jpeg_len=8351 crc32=0x8eecaabc chunks=7
W (26229) rc_net: Video UDP send failed: seq=30 chunk=7/7 bytes=1159 sent=-1 errno=12 attempts=4
W (26230) rc_video: Video send failed: ESP_FAIL
W (26282) rc_video: Video send failed: ESP_FAIL
I (27230) rc_video: Sent 30 | cap_fps=8.6 send_fps=6.6 capture_size_errors=0 capture_identity_errors=0 | Avg(ms): wait=51.0 cache=1.4 subsample=23.3 encode=24.0 send=6.7 total=106.4 | JPEG=9051B
I (27237) rc_video: [VIDEO-TX] handoff cap=40 get=80 select_fail=0 finished=40 signal=40 acquire=40 acquire_fail=0 release_fail=0 backup=0/0
I (27246) rc_video: [STABLE-CAPTURE] pause=40/40 timeout=0 quiesce=40 resume=40 lifecycle_errors=0 repairs=40 staged_events=612 copies=591 fallback=0 errors=0 prepare=41 stale_queue=0 pending_vsync=21 sync=55 complete=40 incomplete=15 incomplete_blocks=150 hold=40/40 hold_timeout=0
I (29717) rc_net: [CAM-PROBE] Video TX seq=60 jpeg_len=9364 crc32=0x6e35f9c0 chunks=8
I (30766) rc_video: Sent 60 | cap_fps=8.4 send_fps=8.4 capture_size_errors=0 capture_identity_errors=0 | Avg(ms): wait=51.0 cache=1.5 subsample=23.4 encode=23.9 send=5.9 total=105.7 | JPEG=8511B
I (30766) rc_video: [VIDEO-TX] handoff cap=70 get=141 select_fail=0 finished=70 signal=70 acquire=70 acquire_fail=0 release_fail=0 backup=0/0
I (30766) rc_video: [STABLE-CAPTURE] pause=70/70 timeout=0 quiesce=70 resume=70 lifecycle_errors=0 repairs=70 staged_events=1104 copies=1069 fallback=0 errors=0 prepare=71 stale_queue=0 pending_vsync=36 sync=99 complete=70 incomplete=29 incomplete_blocks=290 hold=70/70 hold_timeout=0
I (33197) rc_net: [CAM-PROBE] Video TX seq=90 jpeg_len=8245 crc32=0x2a079ae1 chunks=7
I (34249) rc_video: Sent 90 | cap_fps=8.6 send_fps=8.6 capture_size_errors=0 capture_identity_errors=0 | Avg(ms): wait=48.6 cache=1.5 subsample=23.5 encode=24.0 send=5.8 total=103.3 | JPEG=8736B
I (34249) rc_video: [VIDEO-TX] handoff cap=100 get=201 select_fail=0 finished=100 signal=100 acquire=100 acquire_fail=0 release_fail=0 backup=0/0
I (34249) rc_video: [STABLE-CAPTURE] pause=100/100 timeout=0 quiesce=100 resume=100 lifecycle_errors=0 repairs=100 staged_events=1579 copies=1529 fallback=0 errors=0 prepare=101 stale_queue=0 pending_vsync=51 sync=142 complete=100 incomplete=42 incomplete_blocks=420 hold=100/100 hold_timeout=0
I (36722) rc_net: [CAM-PROBE] Video TX seq=120 jpeg_len=8840 crc32=0xdae41d71 chunks=8
I (37771) rc_video: Sent 120 | cap_fps=8.5 send_fps=8.5 capture_size_errors=0 capture_identity_errors=0 | Avg(ms): wait=50.5 cache=1.5 subsample=23.2 encode=24.1 send=6.0 total=105.3 | JPEG=8512B
I (37771) rc_video: [VIDEO-TX] handoff cap=130 get=261 select_fail=0 finished=130 signal=130 acquire=130 acquire_fail=0 release_fail=0 backup=0/0
I (37771) rc_video: [STABLE-CAPTURE] pause=130/130 timeout=0 quiesce=130 resume=130 lifecycle_errors=0 repairs=130 staged_events=2065 copies=2000 fallback=0 errors=0 prepare=131 stale_queue=0 pending_vsync=66 sync=186 complete=130 incomplete=56 incomplete_blocks=560 hold=130/130 hold_timeout=0
I (40146) rc_net: [CAM-PROBE] Video TX seq=150 jpeg_len=8444 crc32=0xfb0a5e5a chunks=8
I (41120) rc_video: Sent 150 | cap_fps=9.0 send_fps=9.0 capture_size_errors=0 capture_identity_errors=0 | Avg(ms): wait=41.0 cache=1.5 subsample=23.4 encode=24.3 send=5.9 total=96.0 | JPEG=8747B
I (41127) rc_video: [VIDEO-TX] handoff cap=160 get=320 select_fail=0 finished=160 signal=160 acquire=160 acquire_fail=0 release_fail=0 backup=0/0
I (41139) rc_video: [STABLE-CAPTURE] pause=160/160 timeout=0 quiesce=160 resume=160 lifecycle_errors=0 repairs=160 staged_events=2515 copies=2433 fallback=0 errors=0 prepare=161 stale_queue=0 pending_vsync=80 sync=227 complete=160 incomplete=67 incomplete_blocks=670 hold=160/160 hold_timeout=0
I (43570) rc_net: [CAM-PROBE] Video TX seq=180 jpeg_len=8770 crc32=0x66d36ac8 chunks=8
I (44622) rc_video: Sent 180 | cap_fps=8.5 send_fps=8.5 capture_size_errors=0 capture_identity_errors=0 | Avg(ms): wait=49.1 cache=1.5 subsample=23.6 encode=23.9 send=6.6 total=104.7 | JPEG=8520B
I (44622) rc_video: [VIDEO-TX] handoff cap=190 get=381 select_fail=0 finished=190 signal=190 acquire=190 acquire_fail=0 release_fail=0 backup=0/0
I (44622) rc_video: [STABLE-CAPTURE] pause=190/190 timeout=0 quiesce=190 resume=190 lifecycle_errors=0 repairs=190 staged_events=2999 copies=2903 fallback=0 errors=0 prepare=191 stale_queue=0 pending_vsync=95 sync=270 complete=190 incomplete=80 incomplete_blocks=800 hold=190/190 hold_timeout=0
I (47093) rc_net: [CAM-PROBE] Video TX seq=210 jpeg_len=9069 crc32=0xec9daa1d chunks=8
I (48144) rc_video: Sent 210 | cap_fps=8.5 send_fps=8.5 capture_size_errors=0 capture_identity_errors=0 | Avg(ms): wait=49.5 cache=1.4 subsample=23.3 encode=23.9 send=7.0 total=105.1 | JPEG=8427B
I (48144) rc_video: [VIDEO-TX] handoff cap=220 get=441 select_fail=0 finished=220 signal=220 acquire=220 acquire_fail=0 release_fail=0 backup=0/0
I (48144) rc_video: [STABLE-CAPTURE] pause=220/220 timeout=0 quiesce=220 resume=220 lifecycle_errors=0 repairs=220 staged_events=3484 copies=3373 fallback=0 errors=0 prepare=221 stale_queue=0 pending_vsync=110 sync=314 complete=220 incomplete=94 incomplete_blocks=940 hold=220/220 hold_timeout=0
I (50614) rc_net: [CAM-PROBE] Video TX seq=240 jpeg_len=9480 crc32=0x55f564fe chunks=8
I (51664) rc_video: Sent 240 | cap_fps=8.5 send_fps=8.5 capture_size_errors=0 capture_identity_errors=0 | Avg(ms): wait=48.7 cache=1.4 subsample=23.6 encode=23.9 send=7.3 total=104.8 | JPEG=8471B
I (51664) rc_video: [VIDEO-TX] handoff cap=250 get=501 select_fail=0 finished=250 signal=250 acquire=250 acquire_fail=0 release_fail=0 backup=0/0
I (51664) rc_video: [STABLE-CAPTURE] pause=250/250 timeout=0 quiesce=250 resume=250 lifecycle_errors=0 repairs=250 staged_events=3968 copies=3842 fallback=0 errors=0 prepare=251 stale_queue=0 pending_vsync=125 sync=358 complete=250 incomplete=108 incomplete_blocks=1080 hold=250/250 hold_timeout=0
I (54138) rc_net: [CAM-PROBE] Video TX seq=270 jpeg_len=8795 crc32=0xc6afc43f chunks=8
I (55189) rc_video: Sent 270 | cap_fps=8.5 send_fps=8.5 capture_size_errors=0 capture_identity_errors=0 | Avg(ms): wait=50.8 cache=1.4 subsample=23.6 encode=24.0 send=5.7 total=105.4 | JPEG=8474B
I (55189) rc_video: [VIDEO-TX] handoff cap=280 get=561 select_fail=0 finished=280 signal=280 acquire=280 acquire_fail=0 release_fail=0 backup=0/0
I (55189) rc_video: [STABLE-CAPTURE] pause=280/280 timeout=0 quiesce=280 resume=280 lifecycle_errors=0 repairs=280 staged_events=4454 copies=4313 fallback=0 errors=0 prepare=281 stale_queue=0 pending_vsync=140 sync=402 complete=280 incomplete=122 incomplete_blocks=1220 hold=280/280 hold_timeout=0
I (57658) rc_net: [CAM-PROBE] Video TX seq=300 jpeg_len=9350 crc32=0x73f3cfc4 chunks=8
I (58709) rc_video: Sent 300 | cap_fps=8.5 send_fps=8.5 capture_size_errors=0 capture_identity_errors=0 | Avg(ms): wait=49.2 cache=1.5 subsample=23.3 encode=23.9 send=5.9 total=103.9 | JPEG=8431B
I (58709) rc_video: [VIDEO-TX] handoff cap=310 get=621 select_fail=0 finished=310 signal=310 acquire=310 acquire_fail=0 release_fail=0 backup=0/0
I (58709) rc_video: [STABLE-CAPTURE] pause=310/310 timeout=0 quiesce=310 resume=310 lifecycle_errors=0 repairs=310 staged_events=4940 copies=4784 fallback=0 errors=0 prepare=311 stale_queue=0 pending_vsync=155 sync=446 complete=310 incomplete=136 incomplete_blocks=1360 hold=310/310 hold_timeout=0
I (61143) rc_net: [CAM-PROBE] Video TX seq=330 jpeg_len=9409 crc32=0x3dad2482 chunks=8
I (62195) rc_video: Sent 330 | cap_fps=8.6 send_fps=8.6 capture_size_errors=0 capture_identity_errors=0 | Avg(ms): wait=49.1 cache=1.4 subsample=23.4 encode=23.9 send=6.6 total=104.4 | JPEG=9016B
I (62195) rc_video: [VIDEO-TX] handoff cap=340 get=681 select_fail=0 finished=340 signal=340 acquire=340 acquire_fail=0 release_fail=0 backup=0/0
I (62195) rc_video: [STABLE-CAPTURE] pause=340/340 timeout=0 quiesce=340 resume=340 lifecycle_errors=0 repairs=340 staged_events=5416 copies=5244 fallback=0 errors=0 prepare=341 stale_queue=0 pending_vsync=170 sync=489 complete=340 incomplete=149 incomplete_blocks=1490 hold=340/340 hold_timeout=0
I (64426) rc_net: [CAM-PROBE] Video TX seq=360 jpeg_len=8655 crc32=0x0b7f7b8c chunks=8
W (65386) rc_net: Video UDP send failed: seq=368 chunk=8/8 bytes=1196 sent=-1 errno=12 attempts=4
W (65387) rc_video: Video send failed: ESP_FAIL
I (65621) rc_video: Sent 360 | cap_fps=9.1 send_fps=8.8 capture_size_errors=0 capture_identity_errors=0 | Avg(ms): wait=38.8 cache=1.5 subsample=23.7 encode=25.0 send=6.0 total=95.0 | JPEG=10096B
I (65629) rc_video: [VIDEO-TX] handoff cap=371 get=742 select_fail=0 finished=371 signal=371 acquire=371 acquire_fail=0 release_fail=0 backup=0/0
I (65638) rc_video: [STABLE-CAPTURE] pause=371/371 timeout=0 quiesce=371 resume=371 lifecycle_errors=0 repairs=371 staged_events=5868 copies=5678 fallback=0 errors=0 prepare=372 stale_queue=0 pending_vsync=183 sync=531 complete=370 incomplete=161 incomplete_blocks=1600 hold=371/371 hold_timeout=0
W (67725) rc_tank: [DVP-MATRIX] result stage=2 strategy=sync_direct complete=388 incomplete=170 incomplete_blocks=1690 sync_defer=0 released=0 collisions=0 release_errors=0 defer_hist=0,0,0,0,0,0,0,0,0,0,0 mismatch_hist=0,0,0,0,111,189,167,96,17,12,197 prepare=389 pending=191 hold=389/389 hold_timeout=0
W (67744) rc_tank: [DVP-MATRIX] advance stage=3; restart in 1s
I (67992) rc_net: [CAM-PROBE] Video TX seq=390 jpeg_len=9707 crc32=0x1a92766b chunks=9
I (68762) wifi:station: 44:1b:f6:f3:ae:40 leave, AID = 1, reason = 2, bss_flags is 756835, bss:0x3fcf1374
I (68764) wifi:new:<1,0>, old:<1,1>, ap:<1,1>, sta:<255,255>, prof:1, snd_ch_cfg:0x0
I (68771) wifi:<ba-del>idx:2, tid:0
I (68773) wifi:new:<1,1>, old:<1,0>, ap:<1,1>, sta:<255,255>, prof:1, snd_ch_cfg:0x0
I (68783) rc_net: STA disconnected, MAC: 44:1b:f6:f3:ae:40
W (68785) rc_control: Network disconnected: motor stop enforced
W (68791) rc_tank: Network disconnected
W (68826) rc_video: Video send failed: ESP_ERR_INVALID_STATE
W (68923) rc_video: Video send failed: ESP_ERR_INVALID_STATE
W (69039) rc_video: Video send failed: ESP_ERR_INVALID_STATE
W (69118) rc_video: Video send failed: ESP_ERR_INVALID_STATE
W (69255) rc_video: Video send failed: ESP_ERR_INVALID_STATE
W (69359) rc_video: Video send failed: ESP_ERR_INVALID_STATE
W (69435) rc_video: Video send failed: ESP_ERR_INVALID_STATE
W (69636) rc_video: Video send failed: ESP_ERR_INVALID_STATE
W (69751) rc_video: Video send failed: ESP_ERR_INVALID_STATE
W (69870) rc_video: Video send failed: ESP_ERR_INVALID_STATE
W (70008) rc_video: Video send failed: ESP_ERR_INVALID_STATE
W (70107) rc_video: Video send failed: ESP_ERR_INVALID_STATE
W (70190) rc_video: Video send failed: ESP_ERR_INVALID_STATE
W (70266) rc_video: Video send failed: ESP_ERR_INVALID_STATE
W (70348) rc_video: Video send failed: ESP_ERR_INVALID_STATE
W (70464) rc_video: Video send failed: ESP_ERR_INVALID_STATE
W (70543) rc_video: Video send failed: ESP_ERR_INVALID_STATE
W (70662) rc_video: Video send failed: ESP_ERR_INVALID_STATE
W (70741) rc_video: Video send failed: ESP_ERR_INVALID_STATE
W (70859) rc_video: Video send failed: ESP_ERR_INVALID_STATE
W (70997) rc_video: Video send failed: ESP_ERR_INVALID_STATE
W (71100) rc_video: Video send failed: ESP_ERR_INVALID_STATE
W (71176) rc_video: Video send failed: ESP_ERR_INVALID_STATE
W (71295) rc_video: Video send failed: ESP_ERR_INVALID_STATE
W (71432) rc_video: Video send failed: ESP_ERR_INVALID_STATE
W (71532) rc_video: Video send failed: ESP_ERR_INVALID_STATE
W (71611) rc_video: Video send failed: ESP_ERR_INVALID_STATE
W (71730) rc_video: Video send failed: ESP_ERR_INVALID_STATE
W (71809) rc_video: Video send failed: ESP_ERR_INVALID_STATE
W (71947) rc_video: Video send failed: ESP_ERR_INVALID_STATE
I (72047) wifi:flush txq
I (72088) wifi:stop sw txq
I (72089) wifi:lmac stop hw txq
†žESP-ROM:esp32s3-20210327
Build:Mar 27 2021
rst:0xc (RTC_SW_CPU_RST),boot:0x3 (DOWNLOAD(USB/UART0))
Saved PC:0x403812c5
waiting for download

[HOST-DVP-MATRIX 13:41:15] SYNC-R2 Tank restart recovery=4

[HOST-DVP-MATRIX 13:41:15] Tank RAM bootloader start
esptool.py v4.12.dev2
Serial port COM7
Connecting.........
Chip is ESP32-S3 (QFN56) (revision v0.2)
Features: WiFi, BLE
Crystal is 40MHz
MAC: 44:1b:f6:f3:ae:78
Uploading stub...
Running stub...
Stub running...
RAM boot...
Downloading 5360 bytes at 3fce2820... done!
Downloading 3364 bytes at 403c8700... done!
Downloading 12016 bytes at 403cb700... done!
All segments done, executing at 403c8924
Exiting immediately.

[HOST-DVP-MATRIX 13:41:20] Tank RAM bootloader complete
 v0.2
I (3442) boot: efuse block revision: v1.3
I (3446) boot.esp32s3: Boot SPI Speed : 80MHz
I (3450) boot.esp32s3: SPI Mode       : SLOW READ
I (3454) boot.esp32s3: SPI Flash Size : 8MB
I (3458) boot: Enabling RNG early entropy source...
I (3463) boot: Partition Table:
I (3465) boot: ## Label            Usage          Type ST Offset   Length
I (3472) boot:  0 nvs              WiFi data        01 02 00009000 00006000
I (3479) boot:  1 phy_init         RF data          01 01 0000f000 00001000
I (3485) boot:  2 factory          factory app      00 00 00010000 00300000
I (3492) boot:  3 storage          Unknown data     01 82 00310000 00100000
I (3499) boot: End of partition table
I (3502) esp_image: segment 0: paddr=00010020 vaddr=3c0a0020 size=24db0h (150960) map
I (3602) esp_image: segment 1: paddr=00034dd8 vaddr=3fca0d00 size=05560h ( 21856) load
I (3616) esp_image: segment 2: paddr=0003a340 vaddr=40374000 size=05cd8h ( 23768) load
I (3632) esp_image: segment 3: paddr=00040020 vaddr=42000020 size=9b798h (636824) map
I (4021) esp_image: segment 4: paddr=000db7c0 vaddr=40379cd8 size=16fe0h ( 94176) load
I (4082) esp_image: segment 5: paddr=000f27a8 vaddr=50000000 size=00020h (    32) load
I (4094) boot: Loaded app from partition at offset 0x10000
I (4094) boot: Disabling RNG early entropy source...
I (4106) esp_psram: Found 8MB PSRAM device
I (4106) esp_psram: Speed: 80MHz
I (4106) cpu_start: Multicore app
I (5024) esp_psram: SPI SRAM memory test OK
I (5033) cpu_start: GPIO 44 and 43 are used as console UART I/O pins
I (5034) cpu_start: Pro cpu start user code
I (5034) cpu_start: cpu freq: 240000000 Hz
I (5035) app_init: Application information:
I (5039) app_init: Project name:     rc_tank_demo
I (5044) app_init: App version:      1
I (5047) app_init: Compile time:     Aug 26 2026 12:18:42
I (5052) app_init: ELF file SHA256:  5f9ce93e0...
I (5057) app_init: ESP-IDF:          GIT-NOTFOUND
I (5061) efuse_init: Min chip rev:     v0.0
I (5065) efuse_init: Max chip rev:     v0.99 
I (5069) efuse_init: Chip rev:         v0.2
I (5073) heap_init: Initializing. RAM available for dynamic allocation:
I (5080) heap_init: At 3FCAA3D0 len 0003F340 (252 KiB): RAM
I (5085) heap_init: At 3FCE9710 len 00005724 (21 KiB): RAM
I (5090) heap_init: At 3FCF0000 len 00008000 (32 KiB): DRAM
I (5095) heap_init: At 600FE000 len 00001FE8 (7 KiB): RTCRAM
I (5101) esp_psram: Adding pool of 8192K of PSRAM memory to heap allocator
I (5109) spi_flash: detected chip: generic
I (5111) spi_flash: flash io: dio
I (5115) sleep_gpio: Configure to isolate all GPIO pins in sleep state
I (5121) sleep_gpio: Enable automatic switching of GPIO sleep configuration
I (5128) main_task: Started on CPU0
I (5152) esp_psram: Reserving pool of 64K of internal memory for DMA/internal allocations
I (5153) main_task: Calling app_main()
I (5169) rc_tank: === RC Tank Demo (EX-035) Role: TANK ===
I (5170) rc_tank: Startup delay 10 s (open serial monitor now)...
I (5170) rc_tank:   starting in 10 s
I (6173) rc_tank:   starting in 9 s
I (7173) rc_tank:   starting in 8 s
I (8173) rc_tank:   starting in 7 s
I (9173) rc_tank:   starting in 6 s
I (10173) rc_tank:   starting in 5 s
I (11173) rc_tank:   starting in 4 s
I (12173) rc_tank:   starting in 3 s
I (13173) rc_tank:   starting in 2 s
I (14173) rc_tank:   starting in 1 s
I (15173) rc_tank: Starting Tank role (P1: network, P2: control, P3: video)
I (15173) board_laiwfs300: init board support package
I (15173) board_laiwfs300: init capability registry
I (15178) board_laiwfs300: init I2C bus: SDA=GPIO48 SCL=GPIO47
I (15184) bus_i2c: I2C0 initialized: SDA=GPIO48 SCL=GPIO47 speed=100000Hz
I (15190) board_laiwfs300: --- I2C bus scan (0x08-0x77) ---
I (15197) board_laiwfs300:   I2C device ACK at 0x15
I (15200) board_laiwfs300:   I2C device ACK at 0x18
I (15205) board_laiwfs300:   I2C device ACK at 0x21
I (15209) board_laiwfs300:   I2C device ACK at 0x22
I (15217) board_laiwfs300:   I2C device ACK at 0x40
I (15220) board_laiwfs300:   I2C device ACK at 0x51
I (15226) board_laiwfs300:   I2C device ACK at 0x68
I (15229) board_laiwfs300: --- I2C scan done: 7 device(s) found ---
W (15233) board_laiwfs300: TPT29555A (IOEX) NOT found at 0x20 (NACK)
I (15239) board_laiwfs300: ES8311 (Codec) found at 0x18
I (15244) board_laiwfs300: ES7210 (ADC) found at 0x40
I (15249) board_laiwfs300: AIP8563 (RTC) found at 0x51
I (15254) board_laiwfs300: BMI260 (IMU @0x68) found at 0x68
W (15259) board_laiwfs300: BMI260 (IMU @0x69) NOT found at 0x69 (NACK)
I (15265) board_laiwfs300: SP0A39 (Camera) found at 0x21
I (15272) board_laiwfs300: ES8311 chip ID: 0x83 0x11
I (15276) board_laiwfs300: ES7210 chip ID: 0x72
I (15281) board_laiwfs300: AIP8563 RTC time: 01:14:32 (BCD raw)
I (15285) board_laiwfs300: BMI260 chip ID: 0x27 (expect 0x27)
I (15290) board_laiwfs300: init SPI bus manager
I (15296) board_laiwfs300: init ADC service
I (15299) board_adc: ADC1 oneshot initialized
I (15303) board_laiwfs300: init board power service
I (15308) board_laiwfs300: ADC D0_DETECT (GPIO1): raw=4095 (~3100 mV)
I (15313) board_laiwfs300: ADC BAT_ADC (GPIO7): raw=1637 (~1239 mV)
I (15319) board_laiwfs300: ADC SW_ADC (GPIO8): raw=4095 (~3100 mV)
I (15325) board_laiwfs300: init IO expander: TPT29555A addr=0x22
I (15334) io_expander: TPT29555A initialized at 0x22
I (15336) board_laiwfs300: IO expander initialized OK
I (15340) board_laiwfs300: init module detect
I (15345) board_laiwfs300: register detection rules
I (15349) board_laiwfs300: register default capabilities
I (15354) board_laiwfs300: board init complete (ioex=OK)
I (15359) rc_tank: [STEP] Motor init starting...
I (15364) board_motor: motor input 1 -> GPIO5 / LEDC channel 0
I (15369) board_motor: motor input 2 -> GPIO4 / LEDC channel 1
I (15375) board_motor: motor input 3 -> GPIO37 / LEDC channel 2
I (15380) board_motor: motor input 4 -> GPIO45 / LEDC channel 3
I (15386) rc_control: Motor initialized
I (15389) rc_tank: [STEP] Motor init OK
I (15393) rc_tank: [STEP] Display init starting...
I (15398) rc_video: Initializing Tank display
I (15403) display_hal: init ST7789V3 LCD 240x320 SPI host=1
E (15548) spi: spi_bus_initialize(816): SPI bus already initialized.
I (15669) display_hal: ST7789V3 LCD initialized
I (15669) board_display: display mapped: MOSI=GPIO13 SCK=GPIO12 CS=GPIO10 DC=GPIO16 BL=GPIO17 LCD_RST=IOEX P1_5 pclk=20000000
I (15674) rc_video: Tank display task started (status screen)
I (15675) rc_video: Tank display initialized (status task owns LCD)
I (15685) rc_tank: [STEP] Display init OK
I (15689) rc_tank: [STEP] Camera init starting...
I (15693) rc_video: Initializing camera (SP0A39 640x480 VYUY)
I (15699) board_camera: initializing SP0A39 camera mode=0 640x480
I (15704) camera_hal: init SP0A39 DVP 640x480 (SCCB manual mode)
I (15710) camera_hal: configuring IOEX pins for camera RESET/PWDN
I (15717) camera_hal: PWDN=HIGH (power down)
I (15730) camera_hal: PWDN=LOW (release sensor)
I (15930) camera_hal: RESET=LOW (assert reset)
I (15950) camera_hal: RESET=HIGH (release reset)
I (16950) camera_hal: full I2C scan after camera power-up (diagnostic only)...
I (16952) camera_hal:   post-powerup ACK at 0x15
I (16952) camera_hal:   post-powerup ACK at 0x18
I (16955) camera_hal:   post-powerup ACK at 0x21
I (16959) camera_hal:   post-powerup ACK at 0x22
I (16967) camera_hal:   post-powerup ACK at 0x40
I (16969) camera_hal:   post-powerup ACK at 0x51
I (16975) camera_hal:   post-powerup ACK at 0x68
I (16978) camera_hal: DVP GPIO diagnostics (checking PCLK/VSYNC/HSYNC activity)...
I (17044) camera_hal: DVP diagnostics: PCLK_changes=0 VSYNC_changes=0 HSYNC_changes=0
W (17044) camera_hal: PCLK has no transitions - MCLK likely not reaching sensor or sensor not active
I (17049) camera_hal: using sensor address 0x21
I (17054) camera_hal: SP0A39 I2C device added at 0x21
I (17060) camera_hal: SP0A39 chip ID: 0x0A39
I (17182) camera_hal: SP0A39 register init done: VYUY 640x480 (359 regs)
I (17183) camera_hal: [CAM-PROBE] SP0A39 p0_31 stage=post_table value=0x00 expected=0x01
E (17185) camera_hal: camera_hal_verify_expected_output_p0_31(92): unexpected p0_31=0x00 at post_table
W (17195) camera_hal: [CAM-PROBE] output state differs after table; continuing: ESP_ERR_INVALID_RESPONSE
I (17224) camera_hal: [CAM-PROBE] SP0A39 p0_31 stage=post_delay value=0x01 expected=0x01
I (17225) camera_hal: camera HAL initialized (sensor ready, DVP capture not yet implemented)
I (17229) board_camera: camera ready
I (17237) camera_hal: SP0A39 output regs: P0:1c=0x00 P0:30=0x01 P0:31=0x01 P1:32=0x15 P1:34=0xeb P1:35=0x00 P1:36=0x10
I (17369) rc_video:   3 DMA-capable PSRAM framebuffers allocated (600 KB each)
I (17372) dvp_ext: DVP Extended camera controller driver is initialized
I (17372) dvp_ext: [STABLE-DVP] assembly uses GDMA-EOF direct copy; dma=102400 half=51200 queue_data_events=suppressed eof_desc=probe
I (17383) rc_video: [STABLE-CAPTURE] staged DVP controller created dma=102400 half=51200
I (17391) rc_video: Camera initialized
I (17395) rc_tank: [STEP] Camera init OK
W (17399) rc_tank: [DVP-MATRIX] pre-network stage=3 strategy=sync_defer_to_eof11 frames=0 sync_defer=1 wifi=off video_tx=not_created
I (17410) rc_tank: [STEP] Network init starting...
I (17416) rc_net: Initializing as SoftAP (Tank)
I (17420) pp: pp rom version: e7ae62f
I (17423) net80211: net80211 rom version: e7ae62f
I (17428) wifi:wifi driver task: 3fce4a38, prio:23, stack:6656, core=0
I (17439) wifi:wifi firmware version: 0947e8b
I (17440) wifi:wifi certification version: v7.0
I (17441) wifi:config NVS flash: enabled
I (17445) wifi:config nano formatting: disabled
I (17449) wifi:Init data frame dynamic rx buffer num: 32
I (17454) wifi:Init static rx mgmt buffer num: 5
I (17458) wifi:Init management short buffer num: 32
I (17463) wifi:Init dynamic tx buffer num: 64
I (17467) wifi:Init static tx FG buffer num: 2
I (17471) wifi:Init static rx buffer size: 1600
I (17476) wifi:Init static rx buffer num: 10
I (17479) wifi:Init dynamic rx buffer num: 32
I (17485) wifi_init: rx ba win: 6
I (17487) wifi_init: accept mbox: 6
I (17490) wifi_init: tcpip mbox: 16
I (17493) wifi_init: udp mbox: 6
I (17496) wifi_init: tcp mbox: 6
I (17499) wifi_init: tcp tx win: 5760
I (17502) wifi_init: tcp rx win: 5760
I (17506) wifi_init: tcp mss: 1440
I (17509) wifi_init: WiFi IRAM OP enabled
I (17512) wifi_init: WiFi RX IRAM OP enabled
I (17517) rc_net: AP set_mode/config, SSID=RC_TANK_F3AE79 ch=1
I (17527) phy_init: phy_version 711,97bcf0a2,Aug 25 2025,19:04:10
I (17566) wifi:mode : softAP (44:1b:f6:f3:ae:79)
I (17571) wifi:Total power save buffer number: 32
I (17571) wifi:Init max length of beacon: 752/752
I (17572) wifi:Init max length of beacon: 752/752
I (17574) rc_net: SoftAP started, SSID: RC_TANK_F3AE79, Password: 12345678
I (17576) esp_netif_lwip: DHCP server started on interface WIFI_AP_DEF with IP: 192.168.4.1
I (17588) rc_tank: [STEP] Network init OK
I (17592) rc_tank: Tank SoftAP ready, waiting for remote...
I (17597) rc_control: Ctrl RX task started
I (17601) rc_control: Tank control started
I (17605) rc_tank: Tank running (video + control; audio disabled)
I (17610) rc_tank: app_main done, idle loop
I (19057) wifi:new:<1,1>, old:<1,1>, ap:<1,1>, sta:<255,255>, prof:1, snd_ch_cfg:0x0
I (19059) wifi:station: 44:1b:f6:f3:ae:40 join, AID=1, bgn, 40U
I (19086) rc_net: STA connected, MAC: 44:1b:f6:f3:ae:40
I (19124) esp_netif_lwip: DHCP server assigned IP to a client, IP is: 192.168.4.2
I (19124) rc_net: STA assigned IP: 192.168.4.2
I (19125) rc_tank: Network connected, peer: 192.168.4.2
W (19131) rc_tank: [DVP-MATRIX] start stage=3 strategy=sync_defer_to_eof11 preflight_frames=0 sync_defer=1 video_tx=not_created
I (19142) rc_net: Ctrl UDP socket bound to port 8001
I (19145) rc_net: Video UDP socket bound to port 8002
I (19151) rc_net: Audio TCP listening on port 8003
I (19155) rc_tank: Socket channels started
I (19158) rc_video: No local preview active; formal video handoff skipped
I (19166) camera_hal: [CAM-PROBE] SP0A39 p0_31 stage=dvp_started value=0x01 expected=0x01
I (19180) rc_video: Video TX task started (240x180, sensor-driven, Q=60)
I (19181) rc_video: TX theory: raw=614400 B/frame, encoded YUV=86400 B/frame, target10fps raw=0.86 MB/s
I (19188) rc_video: PSRAM TX buffers: subsample=86400B jpeg=43200B send=43208B free_psram=5592524 free_internal=59679
I (19200) rc_video: TX buffer caps: subsample=0x3c350120(psram=1) jpeg=0x3c3652a4(psram=1) send=0x3c36fea8(psram=1)
I (19201) rc_video: Tank video started (camera source)
W (19242) rc_tank: [DVP-MATRIX] observe stage=3 strategy=sync_defer_to_eof11 duration_ms=45000 sync_defer=1 under live Q60/UDP load
I (19277) rc_net: [CAM-PROBE] Video TX seq=0 jpeg_len=9584 crc32=0x5742b14a chunks=8
W (19329) rc_net: Video UDP send failed: seq=0 chunk=4/8 bytes=1208 sent=-1 errno=12 attempts=4
W (19330) rc_video: Video send failed: ESP_FAIL
W (19384) rc_video: Video send failed: ESP_FAIL

[HOST-DVP-MATRIX 13:41:36] SYNC-R2 stage=3 visible window begin
W (19519) rc_video: Video send failed: ESP_FAIL
W (19603) rc_video: Video send failed: ESP_FAIL
W (19658) rc_video: Video send failed: ESP_FAIL
W (19796) rc_video: Video send failed: ESP_FAIL
W (19881) rc_video: Video send failed: ESP_FAIL
W (19934) rc_video: Video send failed: ESP_FAIL
W (20075) rc_video: Video send failed: ESP_FAIL
I (20207) wifi:<ba-add>idx:2 (ifx:1, 44:1b:f6:f3:ae:40), tid:0, ssn:0, winSize:64
I (22048) rc_net: [CAM-PROBE] Video TX seq=30 jpeg_len=9015 crc32=0xb1a2f09b chunks=8
I (22803) rc_video: Sent 30 | cap_fps=10.7 send_fps=8.3 capture_size_errors=0 capture_identity_errors=0 | Avg(ms): wait=22.6 cache=1.4 subsample=23.3 encode=25.7 send=7.8 total=80.8 | JPEG=9511B
I (22803) rc_video: [VIDEO-TX] handoff cap=39 get=79 select_fail=0 finished=39 signal=39 acquire=39 acquire_fail=0 release_fail=0 backup=0/0
I (22803) rc_video: [STABLE-CAPTURE] pause=39/39 timeout=0 quiesce=39 resume=39 lifecycle_errors=0 repairs=39 staged_events=465 copies=439 fallback=0 errors=0 prepare=40 stale_queue=0 pending_vsync=14 sync=39 complete=39 incomplete=0 incomplete_blocks=0 hold=39/39 hold_timeout=0
I (24779) rc_net: [CAM-PROBE] Video TX seq=60 jpeg_len=9541 crc32=0x8b35f8a8 chunks=8
I (25491) rc_video: Sent 60 | cap_fps=11.1 send_fps=11.1 capture_size_errors=0 capture_identity_errors=0 | Avg(ms): wait=18.0 cache=1.4 subsample=23.6 encode=26.0 send=6.2 total=75.2 | JPEG=8665B
I (25491) rc_video: [VIDEO-TX] handoff cap=69 get=139 select_fail=0 finished=69 signal=69 acquire=69 acquire_fail=0 release_fail=0 backup=0/0
I (25540) rc_video: [STABLE-CAPTURE] pause=69/69 timeout=0 quiesce=69 resume=69 lifecycle_errors=0 repairs=69 staged_events=819 copies=770 fallback=0 errors=0 prepare=70 stale_queue=0 pending_vsync=21 sync=70 complete=70 incomplete=0 incomplete_blocks=0 hold=69/69 hold_timeout=0
W (27086) rc_net: Video UDP send failed: seq=85 chunk=3/7 bytes=1208 sent=-1 errno=12 attempts=4
W (27087) rc_video: Video send failed: ESP_FAIL
W (27140) rc_video: Video send failed: ESP_FAIL
W (27277) rc_video: Video send failed: ESP_FAIL
I (27470) rc_net: [CAM-PROBE] Video TX seq=90 jpeg_len=8322 crc32=0x5592a50c chunks=7
I (28482) rc_video: Sent 90 | cap_fps=11.1 send_fps=10.1 capture_size_errors=0 capture_identity_errors=0 | Avg(ms): wait=17.2 cache=1.4 subsample=23.4 encode=25.2 send=5.6 total=72.8 | JPEG=8240B
I (28489) rc_video: [VIDEO-TX] handoff cap=102 get=204 select_fail=0 finished=102 signal=102 acquire=102 acquire_fail=0 release_fail=0 backup=0/0
I (28502) rc_video: [STABLE-CAPTURE] pause=102/102 timeout=0 quiesce=102 resume=102 lifecycle_errors=0 repairs=102 staged_events=1196 copies=1123 fallback=0 errors=0 prepare=103 stale_queue=0 pending_vsync=29 sync=102 complete=102 incomplete=0 incomplete_blocks=0 hold=102/102 hold_timeout=0
I (30219) rc_net: [CAM-PROBE] Video TX seq=120 jpeg_len=8244 crc32=0xe6123179 chunks=7
I (31230) rc_video: Sent 120 | cap_fps=10.8 send_fps=10.8 capture_size_errors=0 capture_identity_errors=0 | Avg(ms): wait=21.8 cache=1.4 subsample=23.6 encode=25.1 send=5.6 total=77.5 | JPEG=8464B
I (31230) rc_video: [VIDEO-TX] handoff cap=132 get=265 select_fail=0 finished=132 signal=132 acquire=132 acquire_fail=0 release_fail=0 backup=0/0
I (31230) rc_video: [STABLE-CAPTURE] pause=132/132 timeout=0 quiesce=132 resume=132 lifecycle_errors=0 repairs=132 staged_events=1556 copies=1462 fallback=0 errors=0 prepare=133 stale_queue=0 pending_vsync=35 sync=132 complete=132 incomplete=0 incomplete_blocks=0 hold=132/132 hold_timeout=0
I (32932) rc_net: [CAM-PROBE] Video TX seq=150 jpeg_len=8189 crc32=0x2083f268 chunks=7
I (33945) rc_video: Sent 150 | cap_fps=11.1 send_fps=11.1 capture_size_errors=0 capture_identity_errors=0 | Avg(ms): wait=18.3 cache=1.5 subsample=23.2 encode=25.1 send=5.6 total=73.7 | JPEG=8251B
I (33952) rc_video: [VIDEO-TX] handoff cap=162 get=324 select_fail=0 finished=162 signal=162 acquire=162 acquire_fail=0 release_fail=0 backup=0/0
I (33964) rc_video: [STABLE-CAPTURE] pause=162/162 timeout=0 quiesce=162 resume=162 lifecycle_errors=0 repairs=162 staged_events=1899 copies=1783 fallback=0 errors=0 prepare=163 stale_queue=0 pending_vsync=44 sync=162 complete=162 incomplete=0 incomplete_blocks=0 hold=162/162 hold_timeout=0
I (35745) rc_net: [CAM-PROBE] Video TX seq=180 jpeg_len=8523 crc32=0x6c278faa chunks=8
I (36692) rc_video: Sent 180 | cap_fps=10.8 send_fps=10.8 capture_size_errors=0 capture_identity_errors=0 | Avg(ms): wait=21.1 cache=1.4 subsample=23.6 encode=25.1 send=5.9 total=77.0 | JPEG=8290B
I (36692) rc_video: [VIDEO-TX] handoff cap=192 get=385 select_fail=0 finished=192 signal=192 acquire=192 acquire_fail=0 release_fail=0 backup=0/0
I (36744) rc_video: [STABLE-CAPTURE] pause=193/193 timeout=0 quiesce=192 resume=192 lifecycle_errors=0 repairs=192 staged_events=2259 copies=2123 fallback=0 errors=0 prepare=193 stale_queue=0 pending_vsync=53 sync=193 complete=193 incomplete=0 incomplete_blocks=0 hold=193/193 hold_timeout=0
I (38394) rc_net: [CAM-PROBE] Video TX seq=210 jpeg_len=8291 crc32=0x70450f11 chunks=7
I (39423) rc_video: Sent 210 | cap_fps=11.0 send_fps=11.0 capture_size_errors=0 capture_identity_errors=0 | Avg(ms): wait=19.1 cache=1.5 subsample=23.3 encode=25.2 send=5.8 total=74.9 | JPEG=8512B
I (39423) rc_video: [VIDEO-TX] handoff cap=222 get=445 select_fail=0 finished=222 signal=222 acquire=222 acquire_fail=0 release_fail=0 backup=0/0
I (39423) rc_video: [STABLE-CAPTURE] pause=222/222 timeout=0 quiesce=222 resume=222 lifecycle_errors=0 repairs=222 staged_events=2610 copies=2452 fallback=0 errors=0 prepare=223 stale_queue=0 pending_vsync=61 sync=222 complete=222 incomplete=0 incomplete_blocks=0 hold=222/222 hold_timeout=0
I (41164) rc_net: [CAM-PROBE] Video TX seq=240 jpeg_len=8209 crc32=0xcb7f4930 chunks=7
I (42175) rc_video: Sent 240 | cap_fps=11.0 send_fps=11.0 capture_size_errors=0 capture_identity_errors=0 | Avg(ms): wait=20.3 cache=1.4 subsample=23.5 encode=25.1 send=5.6 total=76.0 | JPEG=8212B
I (42182) rc_video: [VIDEO-TX] handoff cap=252 get=504 select_fail=0 finished=252 signal=252 acquire=252 acquire_fail=0 release_fail=0 backup=0/0
I (42194) rc_video: [STABLE-CAPTURE] pause=252/252 timeout=0 quiesce=252 resume=252 lifecycle_errors=0 repairs=252 staged_events=2951 copies=2772 fallback=0 errors=0 prepare=253 stale_queue=0 pending_vsync=69 sync=252 complete=252 incomplete=0 incomplete_blocks=0 hold=252/252 hold_timeout=0
I (43935) rc_net: [CAM-PROBE] Video TX seq=270 jpeg_len=8561 crc32=0xe16e760d chunks=8
I (44959) rc_video: Sent 270 | cap_fps=10.8 send_fps=10.8 capture_size_errors=0 capture_identity_errors=0 | Avg(ms): wait=21.6 cache=1.5 subsample=23.5 encode=24.8 send=5.7 total=77.1 | JPEG=8596B
I (44964) rc_video: [VIDEO-TX] handoff cap=282 get=565 select_fail=0 finished=282 signal=282 acquire=282 acquire_fail=0 release_fail=0 backup=0/0
I (44967) rc_video: [STABLE-CAPTURE] pause=282/282 timeout=0 quiesce=282 resume=282 lifecycle_errors=0 repairs=282 staged_events=3305 copies=3106 fallback=0 errors=0 prepare=283 stale_queue=0 pending_vsync=78 sync=282 complete=282 incomplete=0 incomplete_blocks=0 hold=282/282 hold_timeout=0
I (46669) rc_net: [CAM-PROBE] Video TX seq=300 jpeg_len=8526 crc32=0x029a8644 chunks=8
I (47655) rc_video: Sent 300 | cap_fps=11.0 send_fps=11.0 capture_size_errors=0 capture_identity_errors=0 | Avg(ms): wait=19.0 cache=1.4 subsample=23.3 encode=25.4 send=5.6 total=74.5 | JPEG=8589B
I (47655) rc_video: [VIDEO-TX] handoff cap=312 get=625 select_fail=0 finished=312 signal=312 acquire=312 acquire_fail=0 release_fail=0 backup=0/0
I (47655) rc_video: [STABLE-CAPTURE] pause=312/312 timeout=0 quiesce=312 resume=312 lifecycle_errors=0 repairs=312 staged_events=3662 copies=3442 fallback=0 errors=0 prepare=313 stale_queue=0 pending_vsync=84 sync=312 complete=312 incomplete=0 incomplete_blocks=0 hold=312/312 hold_timeout=0
I (49415) rc_net: [CAM-PROBE] Video TX seq=330 jpeg_len=8268 crc32=0x06531ec7 chunks=7
I (50408) rc_video: Sent 330 | cap_fps=11.0 send_fps=11.0 capture_size_errors=0 capture_identity_errors=0 | Avg(ms): wait=20.8 cache=1.4 subsample=23.6 encode=24.9 send=5.6 total=76.2 | JPEG=8284B
I (50415) rc_video: [VIDEO-TX] handoff cap=342 get=684 select_fail=0 finished=342 signal=342 acquire=342 acquire_fail=0 release_fail=0 backup=0/0
I (50426) rc_video: [STABLE-CAPTURE] pause=342/342 timeout=0 quiesce=342 resume=342 lifecycle_errors=0 repairs=342 staged_events=4003 copies=3762 fallback=0 errors=0 prepare=343 stale_queue=0 pending_vsync=94 sync=342 complete=342 incomplete=0 incomplete_blocks=0 hold=342/342 hold_timeout=0
I (52128) rc_net: [CAM-PROBE] Video TX seq=360 jpeg_len=8589 crc32=0xec9e8860 chunks=8
I (53117) rc_video: Sent 360 | cap_fps=11.0 send_fps=11.0 capture_size_errors=0 capture_identity_errors=0 | Avg(ms): wait=19.9 cache=1.5 subsample=23.3 encode=25.3 send=5.8 total=75.8 | JPEG=8081B
I (53117) rc_video: [VIDEO-TX] handoff cap=372 get=745 select_fail=0 finished=372 signal=372 acquire=372 acquire_fail=0 release_fail=0 backup=0/0
I (53165) rc_video: [STABLE-CAPTURE] pause=372/372 timeout=0 quiesce=372 resume=372 lifecycle_errors=0 repairs=372 staged_events=4365 copies=4103 fallback=0 errors=0 prepare=373 stale_queue=0 pending_vsync=101 sync=373 complete=373 incomplete=0 incomplete_blocks=0 hold=372/372 hold_timeout=0
I (54837) rc_net: [CAM-PROBE] Video TX seq=390 jpeg_len=8305 crc32=0xa4b2296c chunks=7
I (55848) rc_video: Sent 390 | cap_fps=11.0 send_fps=11.0 capture_size_errors=0 capture_identity_errors=0 | Avg(ms): wait=19.2 cache=1.4 subsample=23.5 encode=25.2 send=5.8 total=74.9 | JPEG=8568B
I (55848) rc_video: [VIDEO-TX] handoff cap=402 get=805 select_fail=0 finished=402 signal=402 acquire=402 acquire_fail=0 release_fail=0 backup=0/0
I (55848) rc_video: [STABLE-CAPTURE] pause=402/402 timeout=0 quiesce=402 resume=402 lifecycle_errors=0 repairs=402 staged_events=4716 copies=4432 fallback=0 errors=0 prepare=403 stale_queue=0 pending_vsync=108 sync=402 complete=402 incomplete=0 incomplete_blocks=0 hold=402/402 hold_timeout=0
I (57568) rc_net: [CAM-PROBE] Video TX seq=420 jpeg_len=8312 crc32=0x205bb991 chunks=7
I (58579) rc_video: Sent 420 | cap_fps=10.9 send_fps=10.9 capture_size_errors=0 capture_identity_errors=0 | Avg(ms): wait=21.0 cache=1.4 subsample=23.2 encode=25.0 send=5.9 total=76.4 | JPEG=8743B
I (58579) rc_video: [VIDEO-TX] handoff cap=432 get=865 select_fail=0 finished=432 signal=432 acquire=432 acquire_fail=0 release_fail=0 backup=0/0
I (58629) rc_video: [STABLE-CAPTURE] pause=432/432 timeout=0 quiesce=432 resume=432 lifecycle_errors=0 repairs=432 staged_events=5068 copies=4763 fallback=0 errors=0 prepare=433 stale_queue=0 pending_vsync=117 sync=433 complete=433 incomplete=0 incomplete_blocks=0 hold=432/432 hold_timeout=0
I (60281) rc_net: [CAM-PROBE] Video TX seq=450 jpeg_len=8877 crc32=0x041d16c5 chunks=8
I (61334) rc_video: Sent 450 | cap_fps=11.0 send_fps=11.0 capture_size_errors=0 capture_identity_errors=0 | Avg(ms): wait=18.7 cache=1.4 subsample=23.5 encode=25.6 send=6.2 total=75.4 | JPEG=9038B
I (61342) rc_video: [VIDEO-TX] handoff cap=462 get=924 select_fail=0 finished=462 signal=462 acquire=462 acquire_fail=0 release_fail=0 backup=0/0
I (61353) rc_video: [STABLE-CAPTURE] pause=462/462 timeout=0 quiesce=462 resume=462 lifecycle_errors=0 repairs=462 staged_events=5410 copies=5083 fallback=0 errors=0 prepare=463 stale_queue=0 pending_vsync=126 sync=462 complete=462 incomplete=0 incomplete_blocks=0 hold=462/462 hold_timeout=0
I (63032) rc_net: [CAM-PROBE] Video TX seq=480 jpeg_len=8958 crc32=0x0e86f351 chunks=8
I (64026) rc_video: Sent 480 | cap_fps=11.1 send_fps=11.1 capture_size_errors=0 capture_identity_errors=0 | Avg(ms): wait=16.9 cache=1.4 subsample=23.3 encode=26.0 send=7.2 total=74.6 | JPEG=8786B
I (64034) rc_video: [VIDEO-TX] handoff cap=492 get=984 select_fail=0 finished=492 signal=492 acquire=492 acquire_fail=0 release_fail=0 backup=0/0
I (64044) rc_video: [STABLE-CAPTURE] pause=492/492 timeout=0 quiesce=492 resume=492 lifecycle_errors=0 repairs=492 staged_events=5762 copies=5413 fallback=0 errors=0 prepare=493 stale_queue=0 pending_vsync=134 sync=492 complete=492 incomplete=0 incomplete_blocks=0 hold=492/492 hold_timeout=0
W (64247) rc_tank: [DVP-MATRIX] result stage=3 strategy=sync_defer_to_eof11 complete=495 incomplete=0 incomplete_blocks=0 sync_defer=131 released=131 collisions=0 release_errors=0 defer_hist=0,0,0,0,0,0,0,0,0,0,131 mismatch_hist=0,0,0,3,232,345,165,58,12,14,150 prepare=495 pending=134 hold=494/494 hold_timeout=0
W (64267) rc_tank: [DVP-MATRIX] advance stage=4; restart in 1s
I (65269) wifi:station: 44:1b:f6:f3:ae:40 leave, AID = 1, reason = 2, bss_flags is 756851, bss:0x3fcf1374
I (65271) wifi:new:<1,0>, old:<1,1>, ap:<1,1>, sta:<255,255>, prof:1, snd_ch_cfg:0x0
I (65277) wifi:<ba-del>idx:2, tid:0
I (65280) wifi:new:<1,1>, old:<1,0>, ap:<1,1>, sta:<255,255>, prof:1, snd_ch_cfg:0x0
I (65289) rc_net: STA disconnected, MAC: 44:1b:f6:f3:ae:40
W (65292) rc_control: Network disconnected: motor stop enforced
W (65293) rc_video: Video send failed: ESP_ERR_INVALID_STATE
W (65298) rc_tank: Network disconnected
W (65390) rc_video: Video send failed: ESP_ERR_INVALID_STATE
W (65466) rc_video: Video send failed: ESP_ERR_INVALID_STATE
W (65545) rc_video: Video send failed: ESP_ERR_INVALID_STATE
I (65620) wifi:flush txq
I (65621) wifi:stop sw txq
I (65621) wifi:lmac stop hw txq
ESP-ROM:esp32s3-20210327
Build:Mar 27 2021
rst:0xc (RTC_SW_CPU_RST),boot:0x3 (DOWNLOAD(USB/UART0))
Saved PC:0x403812c5
waiting for download

[HOST-DVP-MATRIX 13:42:22] SYNC-R2 Tank restart recovery=5

[HOST-DVP-MATRIX 13:42:22] Tank RAM bootloader start
esptool.py v4.12.dev2
Serial port COM7
Connecting....
Chip is ESP32-S3 (QFN56) (revision v0.2)
Features: WiFi, BLE
Crystal is 40MHz
MAC: 44:1b:f6:f3:ae:78
Uploading stub...
Running stub...
Stub running...
RAM boot...
Downloading 5360 bytes at 3fce2820... done!
Downloading 3364 bytes at 403c8700... done!
Downloading 12016 bytes at 403cb700... done!
All segments done, executing at 403c8924
Exiting immediately.

[HOST-DVP-MATRIX 13:42:25] Tank RAM bootloader complete
r
I (2934) boot: chip revision: v0.2
I (2937) boot: efuse block revision: v1.3
I (2940) boot.esp32s3: Boot SPI Speed : 80MHz
I (2945) boot.esp32s3: SPI Mode       : SLOW READ
I (2949) boot.esp32s3: SPI Flash Size : 8MB
I (2953) boot: Enabling RNG early entropy source...
I (2958) boot: Partition Table:
I (2960) boot: ## Label            Usage          Type ST Offset   Length
I (2967) boot:  0 nvs              WiFi data        01 02 00009000 00006000
I (2973) boot:  1 phy_init         RF data          01 01 0000f000 00001000
I (2980) boot:  2 factory          factory app      00 00 00010000 00300000
I (2987) boot:  3 storage          Unknown data     01 82 00310000 00100000
I (2994) boot: End of partition table
I (2997) esp_image: segment 0: paddr=00010020 vaddr=3c0a0020 size=24db0h (150960) map
I (3097) esp_image: segment 1: paddr=00034dd8 vaddr=3fca0d00 size=05560h ( 21856) load
I (3111) esp_image: segment 2: paddr=0003a340 vaddr=40374000 size=05cd8h ( 23768) load
I (3127) esp_image: segment 3: paddr=00040020 vaddr=42000020 size=9b798h (636824) map
I (3516) esp_image: segment 4: paddr=000db7c0 vaddr=40379cd8 size=16fe0h ( 94176) load
I (3577) esp_image: segment 5: paddr=000f27a8 vaddr=50000000 size=00020h (    32) load
I (3589) boot: Loaded app from partition at offset 0x10000
I (3589) boot: Disabling RNG early entropy source...
I (3601) esp_psram: Found 8MB PSRAM device
I (3601) esp_psram: Speed: 80MHz
I (3601) cpu_start: Multicore app
I (4519) esp_psram: SPI SRAM memory test OK
I (4528) cpu_start: GPIO 44 and 43 are used as console UART I/O pins
I (4529) cpu_start: Pro cpu start user code
I (4529) cpu_start: cpu freq: 240000000 Hz
I (4530) app_init: Application information:
I (4534) app_init: Project name:     rc_tank_demo
I (4539) app_init: App version:      1
I (4542) app_init: Compile time:     Aug 26 2026 12:18:42
I (4547) app_init: ELF file SHA256:  5f9ce93e0...
I (4552) app_init: ESP-IDF:          GIT-NOTFOUND
I (4556) efuse_init: Min chip rev:     v0.0
I (4560) efuse_init: Max chip rev:     v0.99 
I (4564) efuse_init: Chip rev:         v0.2
I (4568) heap_init: Initializing. RAM available for dynamic allocation:
I (4574) heap_init: At 3FCAA3D0 len 0003F340 (252 KiB): RAM
I (4579) heap_init: At 3FCE9710 len 00005724 (21 KiB): RAM
I (4585) heap_init: At 3FCF0000 len 00008000 (32 KiB): DRAM
I (4590) heap_init: At 600FE000 len 00001FE8 (7 KiB): RTCRAM
I (4596) esp_psram: Adding pool of 8192K of PSRAM memory to heap allocator
I (4603) spi_flash: detected chip: generic
I (4606) spi_flash: flash io: dio
I (4610) sleep_gpio: Configure to isolate all GPIO pins in sleep state
I (4615) sleep_gpio: Enable automatic switching of GPIO sleep configuration
I (4622) main_task: Started on CPU0
I (4646) esp_psram: Reserving pool of 64K of internal memory for DMA/internal allocations
I (4647) main_task: Calling app_main()
I (4663) rc_tank: === RC Tank Demo (EX-035) Role: TANK ===
I (4664) rc_tank: Startup delay 10 s (open serial monitor now)...
I (4664) rc_tank:   starting in 10 s
I (5667) rc_tank:   starting in 9 s
I (6667) rc_tank:   starting in 8 s
I (7667) rc_tank:   starting in 7 s
I (8667) rc_tank:   starting in 6 s
I (9667) rc_tank:   starting in 5 s
I (10667) rc_tank:   starting in 4 s
I (11667) rc_tank:   starting in 3 s
I (12667) rc_tank:   starting in 2 s
I (13667) rc_tank:   starting in 1 s
I (14667) rc_tank: Starting Tank role (P1: network, P2: control, P3: video)
I (14667) board_laiwfs300: init board support package
I (14667) board_laiwfs300: init capability registry
I (14672) board_laiwfs300: init I2C bus: SDA=GPIO48 SCL=GPIO47
I (14678) bus_i2c: I2C0 initialized: SDA=GPIO48 SCL=GPIO47 speed=100000Hz
I (14684) board_laiwfs300: --- I2C bus scan (0x08-0x77) ---
I (14691) board_laiwfs300:   I2C device ACK at 0x15
I (14694) board_laiwfs300:   I2C device ACK at 0x18
I (14699) board_laiwfs300:   I2C device ACK at 0x21
I (14703) board_laiwfs300:   I2C device ACK at 0x22
I (14711) board_laiwfs300:   I2C device ACK at 0x40
I (14714) board_laiwfs300:   I2C device ACK at 0x51
I (14720) board_laiwfs300:   I2C device ACK at 0x68
I (14723) board_laiwfs300: --- I2C scan done: 7 device(s) found ---
W (14727) board_laiwfs300: TPT29555A (IOEX) NOT found at 0x20 (NACK)
I (14733) board_laiwfs300: ES8311 (Codec) found at 0x18
I (14738) board_laiwfs300: ES7210 (ADC) found at 0x40
I (14743) board_laiwfs300: AIP8563 (RTC) found at 0x51
I (14748) board_laiwfs300: BMI260 (IMU @0x68) found at 0x68
W (14753) board_laiwfs300: BMI260 (IMU @0x69) NOT found at 0x69 (NACK)
I (14759) board_laiwfs300: SP0A39 (Camera) found at 0x21
I (14766) board_laiwfs300: ES8311 chip ID: 0x83 0x11
I (14770) board_laiwfs300: ES7210 chip ID: 0x72
I (14775) board_laiwfs300: AIP8563 RTC time: 01:15:37 (BCD raw)
I (14779) board_laiwfs300: BMI260 chip ID: 0x27 (expect 0x27)
I (14784) board_laiwfs300: init SPI bus manager
I (14790) board_laiwfs300: init ADC service
I (14793) board_adc: ADC1 oneshot initialized
I (14797) board_laiwfs300: init board power service
I (14802) board_laiwfs300: ADC D0_DETECT (GPIO1): raw=4095 (~3100 mV)
I (14807) board_laiwfs300: ADC BAT_ADC (GPIO7): raw=1641 (~1242 mV)
I (14813) board_laiwfs300: ADC SW_ADC (GPIO8): raw=4095 (~3100 mV)
I (14819) board_laiwfs300: init IO expander: TPT29555A addr=0x22
I (14828) io_expander: TPT29555A initialized at 0x22
I (14830) board_laiwfs300: IO expander initialized OK
I (14834) board_laiwfs300: init module detect
I (14839) board_laiwfs300: register detection rules
I (14843) board_laiwfs300: register default capabilities
I (14848) board_laiwfs300: board init complete (ioex=OK)
I (14853) rc_tank: [STEP] Motor init starting...
I (14858) board_motor: motor input 1 -> GPIO5 / LEDC channel 0
I (14863) board_motor: motor input 2 -> GPIO4 / LEDC channel 1
I (14869) board_motor: motor input 3 -> GPIO37 / LEDC channel 2
I (14874) board_motor: motor input 4 -> GPIO45 / LEDC channel 3
I (14880) rc_control: Motor initialized
I (14883) rc_tank: [STEP] Motor init OK
I (14887) rc_tank: [STEP] Display init starting...
I (14892) rc_video: Initializing Tank display
I (14897) display_hal: init ST7789V3 LCD 240x320 SPI host=1
E (15042) spi: spi_bus_initialize(816): SPI bus already initialized.
I (15163) display_hal: ST7789V3 LCD initialized
I (15163) board_display: display mapped: MOSI=GPIO13 SCK=GPIO12 CS=GPIO10 DC=GPIO16 BL=GPIO17 LCD_RST=IOEX P1_5 pclk=20000000
I (15168) rc_video: Tank display task started (status screen)
I (15169) rc_video: Tank display initialized (status task owns LCD)
I (15179) rc_tank: [STEP] Display init OK
I (15183) rc_tank: [STEP] Camera init starting...
I (15187) rc_video: Initializing camera (SP0A39 640x480 VYUY)
I (15193) board_camera: initializing SP0A39 camera mode=0 640x480
I (15198) camera_hal: init SP0A39 DVP 640x480 (SCCB manual mode)
I (15204) camera_hal: configuring IOEX pins for camera RESET/PWDN
I (15211) camera_hal: PWDN=HIGH (power down)
I (15224) camera_hal: PWDN=LOW (release sensor)
I (15424) camera_hal: RESET=LOW (assert reset)
I (15444) camera_hal: RESET=HIGH (release reset)
I (16444) camera_hal: full I2C scan after camera power-up (diagnostic only)...
I (16446) camera_hal:   post-powerup ACK at 0x15
I (16446) camera_hal:   post-powerup ACK at 0x18
I (16449) camera_hal:   post-powerup ACK at 0x21
I (16453) camera_hal:   post-powerup ACK at 0x22
I (16461) camera_hal:   post-powerup ACK at 0x40
I (16463) camera_hal:   post-powerup ACK at 0x51
I (16469) camera_hal:   post-powerup ACK at 0x68
I (16472) camera_hal: DVP GPIO diagnostics (checking PCLK/VSYNC/HSYNC activity)...
I (16538) camera_hal: DVP diagnostics: PCLK_changes=0 VSYNC_changes=0 HSYNC_changes=0
W (16538) camera_hal: PCLK has no transitions - MCLK likely not reaching sensor or sensor not active
I (16543) camera_hal: using sensor address 0x21
I (16548) camera_hal: SP0A39 I2C device added at 0x21
I (16554) camera_hal: SP0A39 chip ID: 0x0A39
I (16676) camera_hal: SP0A39 register init done: VYUY 640x480 (359 regs)
I (16677) camera_hal: [CAM-PROBE] SP0A39 p0_31 stage=post_table value=0x00 expected=0x01
E (16679) camera_hal: camera_hal_verify_expected_output_p0_31(92): unexpected p0_31=0x00 at post_table
W (16689) camera_hal: [CAM-PROBE] output state differs after table; continuing: ESP_ERR_INVALID_RESPONSE
I (16718) camera_hal: [CAM-PROBE] SP0A39 p0_31 stage=post_delay value=0x01 expected=0x01
I (16719) camera_hal: camera HAL initialized (sensor ready, DVP capture not yet implemented)
I (16723) board_camera: camera ready
I (16731) camera_hal: SP0A39 output regs: P0:1c=0x00 P0:30=0x01 P0:31=0x01 P1:32=0x15 P1:34=0xeb P1:35=0x00 P1:36=0x10
I (16863) rc_video:   3 DMA-capable PSRAM framebuffers allocated (600 KB each)
I (16866) dvp_ext: DVP Extended camera controller driver is initialized
I (16866) dvp_ext: [STABLE-DVP] assembly uses GDMA-EOF direct copy; dma=102400 half=51200 queue_data_events=suppressed eof_desc=probe
I (16877) rc_video: [STABLE-CAPTURE] staged DVP controller created dma=102400 half=51200
I (16885) rc_video: Camera initialized
I (16889) rc_tank: [STEP] Camera init OK
W (16893) rc_tank: [DVP-MATRIX] pre-network stage=4 strategy=sync_direct frames=0 sync_defer=0 wifi=off video_tx=not_created
I (16903) rc_tank: [STEP] Network init starting...
I (16909) rc_net: Initializing as SoftAP (Tank)
I (16913) pp: pp rom version: e7ae62f
I (16916) net80211: net80211 rom version: e7ae62f
I (16921) wifi:wifi driver task: 3fce4a38, prio:23, stack:6656, core=0
I (16933) wifi:wifi firmware version: 0947e8b
I (16933) wifi:wifi certification version: v7.0
I (16934) wifi:config NVS flash: enabled
I (16938) wifi:config nano formatting: disabled
I (16942) wifi:Init data frame dynamic rx buffer num: 32
I (16947) wifi:Init static rx mgmt buffer num: 5
I (16952) wifi:Init management short buffer num: 32
I (16956) wifi:Init dynamic tx buffer num: 64
I (16960) wifi:Init static tx FG buffer num: 2
I (16965) wifi:Init static rx buffer size: 1600
I (16969) wifi:Init static rx buffer num: 10
I (16973) wifi:Init dynamic rx buffer num: 32
I (16978) wifi_init: rx ba win: 6
I (16980) wifi_init: accept mbox: 6
I (16983) wifi_init: tcpip mbox: 16
I (16986) wifi_init: udp mbox: 6
I (16989) wifi_init: tcp mbox: 6
I (16992) wifi_init: tcp tx win: 5760
I (16996) wifi_init: tcp rx win: 5760
I (16999) wifi_init: tcp mss: 1440
I (17002) wifi_init: WiFi IRAM OP enabled
I (17006) wifi_init: WiFi RX IRAM OP enabled
I (17010) rc_net: AP set_mode/config, SSID=RC_TANK_F3AE79 ch=1
I (17020) phy_init: phy_version 711,97bcf0a2,Aug 25 2025,19:04:10
I (17060) wifi:mode : softAP (44:1b:f6:f3:ae:79)
I (17065) wifi:Total power save buffer number: 32
I (17066) wifi:Init max length of beacon: 752/752
I (17066) wifi:Init max length of beacon: 752/752
I (17069) rc_net: SoftAP started, SSID: RC_TANK_F3AE79, Password: 12345678
I (17070) esp_netif_lwip: DHCP server started on interface WIFI_AP_DEF with IP: 192.168.4.1
I (17082) rc_tank: [STEP] Network init OK
I (17086) rc_tank: Tank SoftAP ready, waiting for remote...
I (17091) rc_control: Ctrl RX task started
I (17095) rc_control: Tank control started
I (17099) rc_tank: Tank running (video + control; audio disabled)
I (17105) rc_tank: app_main done, idle loop
I (22704) wifi:new:<1,1>, old:<1,1>, ap:<1,1>, sta:<255,255>, prof:1, snd_ch_cfg:0x0
I (22705) wifi:station: 44:1b:f6:f3:ae:40 join, AID=1, bgn, 40U
I (22735) rc_net: STA connected, MAC: 44:1b:f6:f3:ae:40
I (22777) esp_netif_lwip: DHCP server assigned IP to a client, IP is: 192.168.4.2
I (22778) rc_net: STA assigned IP: 192.168.4.2
I (22779) rc_tank: Network connected, peer: 192.168.4.2
W (22784) rc_tank: [DVP-MATRIX] start stage=4 strategy=sync_direct preflight_frames=0 sync_defer=0 video_tx=not_created
I (22795) rc_net: Ctrl UDP socket bound to port 8001
I (22799) rc_net: Video UDP socket bound to port 8002
I (22804) rc_net: Audio TCP listening on port 8003
I (22808) rc_tank: Socket channels started
I (22812) rc_video: No local preview active; formal video handoff skipped
I (22820) camera_hal: [CAM-PROBE] SP0A39 p0_31 stage=dvp_started value=0x01 expected=0x01
I (22834) rc_video: Video TX task started (240x180, sensor-driven, Q=60)
I (22834) rc_video: TX theory: raw=614400 B/frame, encoded YUV=86400 B/frame, target10fps raw=0.86 MB/s
I (22842) rc_video: PSRAM TX buffers: subsample=86400B jpeg=43200B send=43208B free_psram=5592524 free_internal=59543
I (22851) rc_video: TX buffer caps: subsample=0x3c350120(psram=1) jpeg=0x3c3652a4(psram=1) send=0x3c36fea8(psram=1)
I (22843) rc_video: Tank video started (camera source)
W (22893) rc_tank: [DVP-MATRIX] observe stage=4 strategy=sync_direct duration_ms=45000 sync_defer=0 under live Q60/UDP load
I (22927) rc_net: [CAM-PROBE] Video TX seq=0 jpeg_len=9644 crc32=0x87a50d0b chunks=9
W (22978) rc_net: Video UDP send failed: seq=0 chunk=4/9 bytes=1208 sent=-1 errno=12 attempts=4
W (22979) rc_video: Video send failed: ESP_FAIL
W (23032) rc_video: Video send failed: ESP_FAIL

[HOST-DVP-MATRIX 13:42:45] SYNC-R2 stage=4 visible window begin
W (23170) rc_video: Video send failed: ESP_FAIL
W (23345) rc_video: Video send failed: ESP_FAIL
W (23487) rc_video: Video send failed: ESP_FAIL
W (23585) rc_video: Video send failed: ESP_FAIL
W (23725) rc_video: Video send failed: ESP_FAIL
I (23855) wifi:<ba-add>idx:2 (ifx:1, 44:1b:f6:f3:ae:40), tid:0, ssn:0, winSize:64
I (26449) rc_net: [CAM-PROBE] Video TX seq=30 jpeg_len=9369 crc32=0x7d38a2fd chunks=8
I (27029) rc_video: Sent 30 | cap_fps=8.8 send_fps=7.2 capture_size_errors=0 capture_identity_errors=0 | Avg(ms): wait=41.3 cache=1.4 subsample=23.3 encode=25.3 send=6.1 total=97.4 | JPEG=9698B
I (27036) rc_video: [VIDEO-TX] handoff cap=37 get=74 select_fail=0 finished=37 signal=37 acquire=37 acquire_fail=0 release_fail=0 backup=0/0
I (27046) rc_video: [STABLE-CAPTURE] pause=37/37 timeout=0 quiesce=37 resume=37 lifecycle_errors=0 repairs=37 staged_events=581 copies=559 fallback=0 errors=0 prepare=38 stale_queue=0 pending_vsync=16 sync=53 complete=37 incomplete=16 incomplete_blocks=149 hold=37/37 hold_timeout=0
I (29637) rc_net: [CAM-PROBE] Video TX seq=60 jpeg_len=9699 crc32=0x20f5b1d5 chunks=9
I (30355) rc_video: Sent 60 | cap_fps=9.0 send_fps=9.0 capture_size_errors=0 capture_identity_errors=0 | Avg(ms): wait=41.7 cache=1.5 subsample=23.6 encode=24.8 send=6.2 total=97.7 | JPEG=10398B
I (30362) rc_video: [VIDEO-TX] handoff cap=67 get=134 select_fail=0 finished=67 signal=67 acquire=67 acquire_fail=0 release_fail=0 backup=0/0
I (30371) rc_video: [STABLE-CAPTURE] pause=67/67 timeout=0 quiesce=67 resume=67 lifecycle_errors=0 repairs=67 staged_events=1027 copies=989 fallback=0 errors=0 prepare=68 stale_queue=0 pending_vsync=30 sync=93 complete=67 incomplete=26 incomplete_blocks=249 hold=67/67 hold_timeout=0
I (33085) rc_net: [CAM-PROBE] Video TX seq=90 jpeg_len=9765 crc32=0x8c4c65f3 chunks=9
I (33637) rc_video: Sent 90 | cap_fps=9.1 send_fps=9.1 capture_size_errors=0 capture_identity_errors=0 | Avg(ms): wait=39.3 cache=1.4 subsample=23.5 encode=25.2 send=6.1 total=95.5 | JPEG=8805B
I (33644) rc_video: [VIDEO-TX] handoff cap=97 get=194 select_fail=0 finished=97 signal=97 acquire=97 acquire_fail=0 release_fail=0 backup=0/0
I (33656) rc_video: [STABLE-CAPTURE] pause=97/97 timeout=0 quiesce=97 resume=97 lifecycle_errors=0 repairs=97 staged_events=1476 copies=1421 fallback=0 errors=0 prepare=98 stale_queue=0 pending_vsync=43 sync=133 complete=96 incomplete=37 incomplete_blocks=359 hold=97/97 hold_timeout=0
I (36387) rc_net: [CAM-PROBE] Video TX seq=120 jpeg_len=9472 crc32=0xb7bd0912 chunks=8
I (37057) rc_video: Sent 120 | cap_fps=8.7 send_fps=8.7 capture_size_errors=0 capture_identity_errors=0 | Avg(ms): wait=46.3 cache=1.6 subsample=23.3 encode=24.6 send=6.1 total=101.9 | JPEG=9351B
I (37057) rc_video: [VIDEO-TX] handoff cap=127 get=255 select_fail=0 finished=127 signal=127 acquire=127 acquire_fail=0 release_fail=0 backup=0/0
I (37057) rc_video: [STABLE-CAPTURE] pause=127/127 timeout=0 quiesce=127 resume=127 lifecycle_errors=0 repairs=127 staged_events=1951 copies=1881 fallback=0 errors=0 prepare=128 stale_queue=0 pending_vsync=57 sync=175 complete=125 incomplete=50 incomplete_blocks=489 hold=127/127 hold_timeout=0
I (39590) rc_net: [CAM-PROBE] Video TX seq=150 jpeg_len=9347 crc32=0x01d13d4a chunks=8
I (40266) rc_video: Sent 150 | cap_fps=9.4 send_fps=9.4 capture_size_errors=0 capture_identity_errors=0 | Avg(ms): wait=36.7 cache=1.4 subsample=23.7 encode=24.9 send=6.1 total=92.7 | JPEG=9369B
I (40266) rc_video: [VIDEO-TX] handoff cap=157 get=315 select_fail=0 finished=157 signal=157 acquire=157 acquire_fail=0 release_fail=0 backup=0/0
I (40266) rc_video: [STABLE-CAPTURE] pause=157/157 timeout=0 quiesce=157 resume=157 lifecycle_errors=0 repairs=157 staged_events=2380 copies=2293 fallback=0 errors=0 prepare=158 stale_queue=0 pending_vsync=70 sync=213 complete=154 incomplete=59 incomplete_blocks=579 hold=157/157 hold_timeout=0
I (43036) rc_net: [CAM-PROBE] Video TX seq=180 jpeg_len=9467 crc32=0x6b30dde9 chunks=8
I (43706) rc_video: Sent 180 | cap_fps=8.7 send_fps=8.7 capture_size_errors=0 capture_identity_errors=0 | Avg(ms): wait=42.7 cache=1.4 subsample=23.6 encode=24.6 send=10.1 total=102.4 | JPEG=9383B
I (43706) rc_video: [VIDEO-TX] handoff cap=187 get=375 select_fail=0 finished=187 signal=187 acquire=187 acquire_fail=0 release_fail=0 backup=0/0
I (43706) rc_video: [STABLE-CAPTURE] pause=187/187 timeout=0 quiesce=187 resume=187 lifecycle_errors=0 repairs=187 staged_events=2848 copies=2746 fallback=0 errors=0 prepare=188 stale_queue=0 pending_vsync=84 sync=255 complete=184 incomplete=71 incomplete_blocks=699 hold=187/187 hold_timeout=0
I (46379) rc_net: [CAM-PROBE] Video TX seq=210 jpeg_len=10336 crc32=0x6a8e4bdd chunks=9
I (47057) rc_video: Sent 210 | cap_fps=9.0 send_fps=9.0 capture_size_errors=0 capture_identity_errors=0 | Avg(ms): wait=40.0 cache=1.5 subsample=23.3 encode=24.7 send=7.8 total=97.3 | JPEG=10720B
I (47064) rc_video: [VIDEO-TX] handoff cap=217 get=434 select_fail=0 finished=217 signal=217 acquire=217 acquire_fail=0 release_fail=0 backup=0/0
I (47073) rc_video: [STABLE-CAPTURE] pause=217/217 timeout=0 quiesce=217 resume=217 lifecycle_errors=0 repairs=217 staged_events=3294 copies=3175 fallback=0 errors=0 prepare=218 stale_queue=0 pending_vsync=98 sync=296 complete=213 incomplete=83 incomplete_blocks=817 hold=217/217 hold_timeout=0
I (49643) rc_net: [CAM-PROBE] Video TX seq=240 jpeg_len=8835 crc32=0x1364b65a chunks=8
I (50355) rc_video: Sent 240 | cap_fps=9.0 send_fps=9.0 capture_size_errors=0 capture_identity_errors=0 | Avg(ms): wait=40.8 cache=1.5 subsample=23.5 encode=25.1 send=6.5 total=97.4 | JPEG=9387B
I (50355) rc_video: [VIDEO-TX] handoff cap=247 get=495 select_fail=0 finished=247 signal=247 acquire=247 acquire_fail=0 release_fail=0 backup=0/0
I (50355) rc_video: [STABLE-CAPTURE] pause=247/247 timeout=0 quiesce=247 resume=247 lifecycle_errors=0 repairs=247 staged_events=3750 copies=3614 fallback=0 errors=0 prepare=248 stale_queue=0 pending_vsync=110 sync=337 complete=242 incomplete=95 incomplete_blocks=924 hold=247/247 hold_timeout=0
I (52892) rc_net: [CAM-PROBE] Video TX seq=270 jpeg_len=9381 crc32=0xd19ac812 chunks=8
I (53564) rc_video: Sent 270 | cap_fps=9.4 send_fps=9.4 capture_size_errors=0 capture_identity_errors=0 | Avg(ms): wait=36.5 cache=1.5 subsample=23.2 encode=25.0 send=7.6 total=93.8 | JPEG=9233B
I (53564) rc_video: [VIDEO-TX] handoff cap=277 get=555 select_fail=0 finished=277 signal=277 acquire=277 acquire_fail=0 release_fail=0 backup=0/0
I (53564) rc_video: [STABLE-CAPTURE] pause=277/277 timeout=0 quiesce=277 resume=277 lifecycle_errors=0 repairs=277 staged_events=4179 copies=4026 fallback=0 errors=0 prepare=278 stale_queue=0 pending_vsync=123 sync=375 complete=272 incomplete=103 incomplete_blocks=1004 hold=277/277 hold_timeout=0
I (56313) rc_net: [CAM-PROBE] Video TX seq=300 jpeg_len=9091 crc32=0x2b67896d chunks=8
I (57044) rc_video: Sent 300 | cap_fps=8.6 send_fps=8.6 capture_size_errors=0 capture_identity_errors=0 | Avg(ms): wait=47.1 cache=1.5 subsample=23.5 encode=24.7 send=5.9 total=102.8 | JPEG=9670B
I (57044) rc_video: [VIDEO-TX] handoff cap=307 get=615 select_fail=0 finished=307 signal=307 acquire=307 acquire_fail=0 release_fail=0 backup=0/0
I (57096) rc_video: [STABLE-CAPTURE] pause=308/308 timeout=0 quiesce=307 resume=307 lifecycle_errors=0 repairs=307 staged_events=4665 copies=4495 fallback=0 errors=0 prepare=308 stale_queue=0 pending_vsync=137 sync=420 complete=302 incomplete=118 incomplete_blocks=1152 hold=308/308 hold_timeout=0
I (59696) rc_net: [CAM-PROBE] Video TX seq=330 jpeg_len=8477 crc32=0xbc3c818c chunks=8
I (60369) rc_video: Sent 330 | cap_fps=9.1 send_fps=9.1 capture_size_errors=0 capture_identity_errors=0 | Avg(ms): wait=41.3 cache=1.4 subsample=23.5 encode=24.3 send=5.9 total=96.6 | JPEG=8531B
I (60369) rc_video: [VIDEO-TX] handoff cap=337 get=675 select_fail=0 finished=337 signal=337 acquire=337 acquire_fail=0 release_fail=0 backup=0/0
I (60369) rc_video: [STABLE-CAPTURE] pause=337/337 timeout=0 quiesce=337 resume=337 lifecycle_errors=0 repairs=337 staged_events=5111 copies=4924 fallback=0 errors=0 prepare=338 stale_queue=0 pending_vsync=149 sync=459 complete=331 incomplete=128 incomplete_blocks=1252 hold=337/337 hold_timeout=0
I (63182) rc_net: [CAM-PROBE] Video TX seq=360 jpeg_len=8513 crc32=0xfdbd5780 chunks=8
I (63836) rc_video: Sent 360 | cap_fps=8.7 send_fps=8.7 capture_size_errors=0 capture_identity_errors=0 | Avg(ms): wait=45.8 cache=1.4 subsample=23.3 encode=24.0 send=5.9 total=100.5 | JPEG=8871B
I (63843) rc_video: [VIDEO-TX] handoff cap=367 get=734 select_fail=0 finished=367 signal=367 acquire=367 acquire_fail=0 release_fail=0 backup=0/0
I (63855) rc_video: [STABLE-CAPTURE] pause=367/367 timeout=0 quiesce=367 resume=367 lifecycle_errors=0 repairs=367 staged_events=5580 copies=5377 fallback=0 errors=0 prepare=368 stale_queue=0 pending_vsync=164 sync=502 complete=361 incomplete=141 incomplete_blocks=1382 hold=367/367 hold_timeout=0
I (66683) rc_net: [CAM-PROBE] Video TX seq=390 jpeg_len=8944 crc32=0x86bcb15b chunks=8
I (67399) rc_video: Sent 390 | cap_fps=8.4 send_fps=8.4 capture_size_errors=0 capture_identity_errors=0 | Avg(ms): wait=50.1 cache=1.5 subsample=23.6 encode=23.9 send=5.9 total=105.0 | JPEG=8728B
I (67406) rc_video: [VIDEO-TX] handoff cap=397 get=794 select_fail=0 finished=397 signal=397 acquire=397 acquire_fail=0 release_fail=0 backup=0/0
I (67417) rc_video: [STABLE-CAPTURE] pause=397/397 timeout=0 quiesce=397 resume=397 lifecycle_errors=0 repairs=397 staged_events=6075 copies=5857 fallback=0 errors=0 prepare=398 stale_queue=0 pending_vsync=179 sync=547 complete=391 incomplete=156 incomplete_blocks=1532 hold=397/397 hold_timeout=0
W (67928) rc_tank: [DVP-MATRIX] result stage=4 strategy=sync_direct complete=396 incomplete=158 incomplete_blocks=1552 sync_defer=0 released=0 collisions=0 release_errors=0 defer_hist=0,0,0,0,0,0,0,0,0,0,0 mismatch_hist=0,0,0,1,92,218,137,41,7,11,184 prepare=402 pending=181 hold=401/401 hold_timeout=0
W (67948) rc_tank: [DVP-MATRIX] advance stage=5; restart in 1s
I (68950) wifi:station: 44:1b:f6:f3:ae:40 leave, AID = 1, reason = 2, bss_flags is 756835, bss:0x3fcf1374
I (68952) wifi:new:<1,0>, old:<1,1>, ap:<1,1>, sta:<255,255>, prof:1, snd_ch_cfg:0x0
I (68961) wifi:<ba-del>idx:2, tid:0
I (68998) wifi:new:<1,1>, old:<1,0>, ap:<1,1>, sta:<255,255>, prof:1, snd_ch_cfg:0x0
I (69001) rc_net: STA disconnected, MAC: 44:1b:f6:f3:ae:40
W (69002) rc_control: Network disconnected: motor stop enforced
W (69008) rc_tank: Network disconnected
W (69065) rc_video: Video send failed: ESP_ERR_INVALID_STATE
W (69156) rc_video: Video send failed: ESP_ERR_INVALID_STATE
W (69238) rc_video: Video send failed: ESP_ERR_INVALID_STATE
W (69353) rc_video: Video send failed: ESP_ERR_INVALID_STATE
W (69472) rc_video: Video send failed: ESP_ERR_INVALID_STATE
W (69609) rc_video: Video send failed: ESP_ERR_INVALID_STATE
W (69710) rc_video: Video send failed: ESP_ERR_INVALID_STATE
W (69789) rc_video: Video send failed: ESP_ERR_INVALID_STATE
W (69868) rc_video: Video send failed: ESP_ERR_INVALID_STATE
W (69947) rc_video: Video send failed: ESP_ERR_INVALID_STATE
W (70026) rc_video: Video send failed: ESP_ERR_INVALID_STATE
W (70105) rc_video: Video send failed: ESP_ERR_INVALID_STATE
W (70188) rc_video: Video send failed: ESP_ERR_INVALID_STATE
W (70303) rc_video: Video send failed: ESP_ERR_INVALID_STATE
W (70422) rc_video: Video send failed: ESP_ERR_INVALID_STATE
I (70586) wifi:flush txq
I (70587) wifi:stop sw txq
I (70587) wifi:lmac stop hw txq
†žESP-ROM:esp32s3-20210327
Build:Mar 27 2021
rst:0xc (RTC_SW_CPU_RST),boot:0x3 (DOWNLOAD(USB/UART0))
Saved PC:0x403812c5
waiting for download

[HOST-DVP-MATRIX 13:43:33] SYNC-R2 Tank restart recovery=6

[HOST-DVP-MATRIX 13:43:33] Tank RAM bootloader start
esptool.py v4.12.dev2
Serial port COM7
Connecting...................
Chip is ESP32-S3 (QFN56) (revision v0.2)
Features: WiFi, BLE
Crystal is 40MHz
MAC: 44:1b:f6:f3:ae:78
Uploading stub...
Running stub...
Stub running...
RAM boot...
Downloading 5360 bytes at 3fce2820... done!
Downloading 3364 bytes at 403c8700... done!
Downloading 12016 bytes at 403cb700... done!
All segments done, executing at 403c8924
Exiting immediately.

[HOST-DVP-MATRIX 13:43:39] Tank RAM bootloader complete
ip revision: v0.2
I (3434) boot: efuse block revision: v1.3
I (3437) boot.esp32s3: Boot SPI Speed : 80MHz
I (3441) boot.esp32s3: SPI Mode       : SLOW READ
I (3446) boot.esp32s3: SPI Flash Size : 8MB
I (3450) boot: Enabling RNG early entropy source...
I (3454) boot: Partition Table:
I (3457) boot: ## Label            Usage          Type ST Offset   Length
I (3464) boot:  0 nvs              WiFi data        01 02 00009000 00006000
I (3470) boot:  1 phy_init         RF data          01 01 0000f000 00001000
I (3477) boot:  2 factory          factory app      00 00 00010000 00300000
I (3484) boot:  3 storage          Unknown data     01 82 00310000 00100000
I (3490) boot: End of partition table
I (3494) esp_image: segment 0: paddr=00010020 vaddr=3c0a0020 size=24db0h (150960) map
I (3594) esp_image: segment 1: paddr=00034dd8 vaddr=3fca0d00 size=05560h ( 21856) load
I (3608) esp_image: segment 2: paddr=0003a340 vaddr=40374000 size=05cd8h ( 23768) load
I (3624) esp_image: segment 3: paddr=00040020 vaddr=42000020 size=9b798h (636824) map
I (4012) esp_image: segment 4: paddr=000db7c0 vaddr=40379cd8 size=16fe0h ( 94176) load
I (4074) esp_image: segment 5: paddr=000f27a8 vaddr=50000000 size=00020h (    32) load
I (4085) boot: Loaded app from partition at offset 0x10000
I (4086) boot: Disabling RNG early entropy source...
I (4098) esp_psram: Found 8MB PSRAM device
I (4098) esp_psram: Speed: 80MHz
I (4098) cpu_start: Multicore app
I (5016) esp_psram: SPI SRAM memory test OK
I (5024) cpu_start: GPIO 44 and 43 are used as console UART I/O pins
I (5026) cpu_start: Pro cpu start user code
I (5026) cpu_start: cpu freq: 240000000 Hz
I (5027) app_init: Application information:
I (5031) app_init: Project name:     rc_tank_demo
I (5035) app_init: App version:      1
I (5039) app_init: Compile time:     Aug 26 2026 12:18:42
I (5044) app_init: ELF file SHA256:  5f9ce93e0...
I (5048) app_init: ESP-IDF:          GIT-NOTFOUND
I (5053) efuse_init: Min chip rev:     v0.0
I (5057) efuse_init: Max chip rev:     v0.99 
I (5061) efuse_init: Chip rev:         v0.2
I (5065) heap_init: Initializing. RAM available for dynamic allocation:
I (5071) heap_init: At 3FCAA3D0 len 0003F340 (252 KiB): RAM
I (5076) heap_init: At 3FCE9710 len 00005724 (21 KiB): RAM
I (5081) heap_init: At 3FCF0000 len 00008000 (32 KiB): DRAM
I (5087) heap_init: At 600FE000 len 00001FE8 (7 KiB): RTCRAM
I (5093) esp_psram: Adding pool of 8192K of PSRAM memory to heap allocator
I (5100) spi_flash: detected chip: generic
I (5103) spi_flash: flash io: dio
I (5106) sleep_gpio: Configure to isolate all GPIO pins in sleep state
I (5112) sleep_gpio: Enable automatic switching of GPIO sleep configuration
I (5119) main_task: Started on CPU0
I (5143) esp_psram: Reserving pool of 64K of internal memory for DMA/internal allocations
I (5144) main_task: Calling app_main()
I (5160) rc_tank: === RC Tank Demo (EX-035) Role: TANK ===
I (5161) rc_tank: Startup delay 10 s (open serial monitor now)...
I (5161) rc_tank:   starting in 10 s
I (6164) rc_tank:   starting in 9 s
I (7164) rc_tank:   starting in 8 s
I (8164) rc_tank:   starting in 7 s
I (9164) rc_tank:   starting in 6 s
I (10164) rc_tank:   starting in 5 s
I (11164) rc_tank:   starting in 4 s
I (12164) rc_tank:   starting in 3 s
I (13164) rc_tank:   starting in 2 s
I (14164) rc_tank:   starting in 1 s
I (15164) rc_tank: Starting Tank role (P1: network, P2: control, P3: video)
I (15164) board_laiwfs300: init board support package
I (15164) board_laiwfs300: init capability registry
I (15169) board_laiwfs300: init I2C bus: SDA=GPIO48 SCL=GPIO47
I (15175) bus_i2c: I2C0 initialized: SDA=GPIO48 SCL=GPIO47 speed=100000Hz
I (15181) board_laiwfs300: --- I2C bus scan (0x08-0x77) ---
I (15188) board_laiwfs300:   I2C device ACK at 0x15
I (15191) board_laiwfs300:   I2C device ACK at 0x18
I (15196) board_laiwfs300:   I2C device ACK at 0x21
I (15200) board_laiwfs300:   I2C device ACK at 0x22
I (15208) board_laiwfs300:   I2C device ACK at 0x40
I (15211) board_laiwfs300:   I2C device ACK at 0x51
I (15217) board_laiwfs300:   I2C device ACK at 0x68
I (15220) board_laiwfs300: --- I2C scan done: 7 device(s) found ---
W (15224) board_laiwfs300: TPT29555A (IOEX) NOT found at 0x20 (NACK)
I (15230) board_laiwfs300: ES8311 (Codec) found at 0x18
I (15235) board_laiwfs300: ES7210 (ADC) found at 0x40
I (15240) board_laiwfs300: AIP8563 (RTC) found at 0x51
I (15245) board_laiwfs300: BMI260 (IMU @0x68) found at 0x68
W (15250) board_laiwfs300: BMI260 (IMU @0x69) NOT found at 0x69 (NACK)
I (15256) board_laiwfs300: SP0A39 (Camera) found at 0x21
I (15263) board_laiwfs300: ES8311 chip ID: 0x83 0x11
I (15267) board_laiwfs300: ES7210 chip ID: 0x72
I (15272) board_laiwfs300: AIP8563 RTC time: 01:16:52 (BCD raw)
I (15276) board_laiwfs300: BMI260 chip ID: 0x27 (expect 0x27)
I (15281) board_laiwfs300: init SPI bus manager
I (15287) board_laiwfs300: init ADC service
I (15290) board_adc: ADC1 oneshot initialized
I (15294) board_laiwfs300: init board power service
I (15299) board_laiwfs300: ADC D0_DETECT (GPIO1): raw=4095 (~3100 mV)
I (15304) board_laiwfs300: ADC BAT_ADC (GPIO7): raw=1639 (~1240 mV)
I (15310) board_laiwfs300: ADC SW_ADC (GPIO8): raw=4095 (~3100 mV)
I (15316) board_laiwfs300: init IO expander: TPT29555A addr=0x22
I (15325) io_expander: TPT29555A initialized at 0x22
I (15327) board_laiwfs300: IO expander initialized OK
I (15331) board_laiwfs300: init module detect
I (15336) board_laiwfs300: register detection rules
I (15340) board_laiwfs300: register default capabilities
I (15345) board_laiwfs300: board init complete (ioex=OK)
I (15350) rc_tank: [STEP] Motor init starting...
I (15355) board_motor: motor input 1 -> GPIO5 / LEDC channel 0
I (15360) board_motor: motor input 2 -> GPIO4 / LEDC channel 1
I (15366) board_motor: motor input 3 -> GPIO37 / LEDC channel 2
I (15371) board_motor: motor input 4 -> GPIO45 / LEDC channel 3
I (15377) rc_control: Motor initialized
I (15380) rc_tank: [STEP] Motor init OK
I (15384) rc_tank: [STEP] Display init starting...
I (15389) rc_video: Initializing Tank display
I (15394) display_hal: init ST7789V3 LCD 240x320 SPI host=1
E (15539) spi: spi_bus_initialize(816): SPI bus already initialized.
I (15660) display_hal: ST7789V3 LCD initialized
I (15660) board_display: display mapped: MOSI=GPIO13 SCK=GPIO12 CS=GPIO10 DC=GPIO16 BL=GPIO17 LCD_RST=IOEX P1_5 pclk=20000000
I (15665) rc_video: Tank display task started (status screen)
I (15666) rc_video: Tank display initialized (status task owns LCD)
I (15676) rc_tank: [STEP] Display init OK
I (15680) rc_tank: [STEP] Camera init starting...
I (15684) rc_video: Initializing camera (SP0A39 640x480 VYUY)
I (15690) board_camera: initializing SP0A39 camera mode=0 640x480
I (15695) camera_hal: init SP0A39 DVP 640x480 (SCCB manual mode)
I (15701) camera_hal: configuring IOEX pins for camera RESET/PWDN
I (15708) camera_hal: PWDN=HIGH (power down)
I (15721) camera_hal: PWDN=LOW (release sensor)
I (15921) camera_hal: RESET=LOW (assert reset)
I (15941) camera_hal: RESET=HIGH (release reset)
I (16941) camera_hal: full I2C scan after camera power-up (diagnostic only)...
I (16943) camera_hal:   post-powerup ACK at 0x15
I (16943) camera_hal:   post-powerup ACK at 0x18
I (16946) camera_hal:   post-powerup ACK at 0x21
I (16950) camera_hal:   post-powerup ACK at 0x22
I (16958) camera_hal:   post-powerup ACK at 0x40
I (16960) camera_hal:   post-powerup ACK at 0x51
I (16966) camera_hal:   post-powerup ACK at 0x68
I (16969) camera_hal: DVP GPIO diagnostics (checking PCLK/VSYNC/HSYNC activity)...
I (17035) camera_hal: DVP diagnostics: PCLK_changes=0 VSYNC_changes=0 HSYNC_changes=0
W (17035) camera_hal: PCLK has no transitions - MCLK likely not reaching sensor or sensor not active
I (17040) camera_hal: using sensor address 0x21
I (17045) camera_hal: SP0A39 I2C device added at 0x21
I (17051) camera_hal: SP0A39 chip ID: 0x0A39
I (17173) camera_hal: SP0A39 register init done: VYUY 640x480 (359 regs)
I (17174) camera_hal: [CAM-PROBE] SP0A39 p0_31 stage=post_table value=0x00 expected=0x01
E (17176) camera_hal: camera_hal_verify_expected_output_p0_31(92): unexpected p0_31=0x00 at post_table
W (17186) camera_hal: [CAM-PROBE] output state differs after table; continuing: ESP_ERR_INVALID_RESPONSE
I (17215) camera_hal: [CAM-PROBE] SP0A39 p0_31 stage=post_delay value=0x01 expected=0x01
I (17216) camera_hal: camera HAL initialized (sensor ready, DVP capture not yet implemented)
I (17220) board_camera: camera ready
I (17228) camera_hal: SP0A39 output regs: P0:1c=0x00 P0:30=0x01 P0:31=0x01 P1:32=0x15 P1:34=0xeb P1:35=0x00 P1:36=0x10
I (17360) rc_video:   3 DMA-capable PSRAM framebuffers allocated (600 KB each)
I (17363) dvp_ext: DVP Extended camera controller driver is initialized
I (17363) dvp_ext: [STABLE-DVP] assembly uses GDMA-EOF direct copy; dma=102400 half=51200 queue_data_events=suppressed eof_desc=probe
I (17374) rc_video: [STABLE-CAPTURE] staged DVP controller created dma=102400 half=51200
I (17382) rc_video: Camera initialized
I (17386) rc_tank: [STEP] Camera init OK
W (17390) rc_tank: [DVP-MATRIX] pre-network stage=5 strategy=sync_defer_to_eof11 frames=0 sync_defer=1 wifi=off video_tx=not_created
I (17401) rc_tank: [STEP] Network init starting...
I (17407) rc_net: Initializing as SoftAP (Tank)
I (17411) pp: pp rom version: e7ae62f
I (17414) net80211: net80211 rom version: e7ae62f
I (17419) wifi:wifi driver task: 3fce4a38, prio:23, stack:6656, core=0
I (17430) wifi:wifi firmware version: 0947e8b
I (17431) wifi:wifi certification version: v7.0
I (17432) wifi:config NVS flash: enabled
I (17436) wifi:config nano formatting: disabled
I (17440) wifi:Init data frame dynamic rx buffer num: 32
I (17445) wifi:Init static rx mgmt buffer num: 5
I (17449) wifi:Init management short buffer num: 32
I (17454) wifi:Init dynamic tx buffer num: 64
I (17458) wifi:Init static tx FG buffer num: 2
I (17462) wifi:Init static rx buffer size: 1600
I (17467) wifi:Init static rx buffer num: 10
I (17470) wifi:Init dynamic rx buffer num: 32
I (17476) wifi_init: rx ba win: 6
I (17478) wifi_init: accept mbox: 6
I (17481) wifi_init: tcpip mbox: 16
I (17484) wifi_init: udp mbox: 6
I (17487) wifi_init: tcp mbox: 6
I (17490) wifi_init: tcp tx win: 5760
I (17493) wifi_init: tcp rx win: 5760
I (17497) wifi_init: tcp mss: 1440
I (17500) wifi_init: WiFi IRAM OP enabled
I (17503) wifi_init: WiFi RX IRAM OP enabled
I (17508) rc_net: AP set_mode/config, SSID=RC_TANK_F3AE79 ch=1
I (17518) phy_init: phy_version 711,97bcf0a2,Aug 25 2025,19:04:10
I (17558) wifi:mode : softAP (44:1b:f6:f3:ae:79)
I (17563) wifi:Total power save buffer number: 32
I (17564) wifi:Init max length of beacon: 752/752
I (17565) wifi:Init max length of beacon: 752/752
I (17567) rc_net: SoftAP started, SSID: RC_TANK_F3AE79, Password: 12345678
I (17568) esp_netif_lwip: DHCP server started on interface WIFI_AP_DEF with IP: 192.168.4.1
I (17581) rc_tank: [STEP] Network init OK
I (17584) rc_tank: Tank SoftAP ready, waiting for remote...
I (17590) rc_control: Ctrl RX task started
I (17593) rc_control: Tank control started
I (17597) rc_tank: Tank running (video + control; audio disabled)
I (17603) rc_tank: app_main done, idle loop
I (18637) wifi:new:<1,1>, old:<1,1>, ap:<1,1>, sta:<255,255>, prof:1, snd_ch_cfg:0x0
I (18639) wifi:station: 44:1b:f6:f3:ae:40 join, AID=1, bgn, 40U
I (18668) rc_net: STA connected, MAC: 44:1b:f6:f3:ae:40
I (18721) esp_netif_lwip: DHCP server assigned IP to a client, IP is: 192.168.4.2
I (18722) rc_net: STA assigned IP: 192.168.4.2
I (18722) rc_tank: Network connected, peer: 192.168.4.2
W (18728) rc_tank: [DVP-MATRIX] start stage=5 strategy=sync_defer_to_eof11 preflight_frames=0 sync_defer=1 video_tx=not_created
I (18739) rc_net: Ctrl UDP socket bound to port 8001
I (18743) rc_net: Video UDP socket bound to port 8002
I (18749) rc_net: Audio TCP listening on port 8003
I (18752) rc_tank: Socket channels started
I (18756) rc_video: No local preview active; formal video handoff skipped
I (18764) camera_hal: [CAM-PROBE] SP0A39 p0_31 stage=dvp_started value=0x01 expected=0x01
I (18778) rc_video: Video TX task started (240x180, sensor-driven, Q=60)
I (18779) rc_video: TX theory: raw=614400 B/frame, encoded YUV=86400 B/frame, target10fps raw=0.86 MB/s
I (18784) rc_video: Tank video started (camera source)
I (18786) rc_video: PSRAM TX buffers: subsample=86400B jpeg=43200B send=43208B free_psram=5592524 free_internal=59679
I (18796) rc_video: TX buffer caps: subsample=0x3c350120(psram=1) jpeg=0x3c3652a4(psram=1) send=0x3c36fea8(psram=1)
W (18791) rc_tank: [DVP-MATRIX] observe stage=5 strategy=sync_defer_to_eof11 duration_ms=45000 sync_defer=1 under live Q60/UDP load

[HOST-DVP-MATRIX 13:43:55] SYNC-R2 stage=5 visible window begin
I (18875) rc_net: [CAM-PROBE] Video TX seq=0 jpeg_len=8772 crc32=0x61a7b976 chunks=8
W (18925) rc_net: Video UDP send failed: seq=0 chunk=4/8 bytes=1208 sent=-1 errno=12 attempts=4
W (18926) rc_video: Video send failed: ESP_FAIL
W (18978) rc_video: Video send failed: ESP_FAIL
W (19121) rc_video: Video send failed: ESP_FAIL
W (19174) rc_video: Video send failed: ESP_FAIL
W (19318) rc_video: Video send failed: ESP_FAIL
W (19369) rc_video: Video send failed: ESP_FAIL
W (19510) rc_video: Video send failed: ESP_FAIL
W (19596) rc_video: Video send failed: ESP_FAIL
W (19649) rc_video: Video send failed: ESP_FAIL
I (19854) wifi:<ba-add>idx:2 (ifx:1, 44:1b:f6:f3:ae:40), tid:0, ssn:0, winSize:64
I (21682) rc_net: [CAM-PROBE] Video TX seq=30 jpeg_len=8403 crc32=0x2ec499a1 chunks=8
I (22419) rc_video: Sent 30 | cap_fps=10.7 send_fps=8.3 capture_size_errors=0 capture_identity_errors=0 | Avg(ms): wait=22.8 cache=1.4 subsample=23.4 encode=25.1 send=7.6 total=80.4 | JPEG=8575B
I (22426) rc_video: [VIDEO-TX] handoff cap=39 get=78 select_fail=0 finished=39 signal=39 acquire=39 acquire_fail=0 release_fail=0 backup=0/0
I (22438) rc_video: [STABLE-CAPTURE] pause=39/39 timeout=0 quiesce=39 resume=39 lifecycle_errors=0 repairs=39 staged_events=457 copies=430 fallback=0 errors=0 prepare=40 stale_queue=0 pending_vsync=15 sync=39 complete=39 incomplete=0 incomplete_blocks=0 hold=39/39 hold_timeout=0
I (24453) rc_net: [CAM-PROBE] Video TX seq=60 jpeg_len=8318 crc32=0x5a0d10c2 chunks=7
I (25165) rc_video: Sent 60 | cap_fps=10.8 send_fps=10.8 capture_size_errors=0 capture_identity_errors=0 | Avg(ms): wait=21.6 cache=1.4 subsample=23.8 encode=25.1 send=5.8 total=77.7 | JPEG=8272B
I (25165) rc_video: [VIDEO-TX] handoff cap=69 get=139 select_fail=0 finished=69 signal=69 acquire=69 acquire_fail=0 release_fail=0 backup=0/0
I (25213) rc_video: [STABLE-CAPTURE] pause=69/69 timeout=0 quiesce=69 resume=69 lifecycle_errors=0 repairs=69 staged_events=818 copies=770 fallback=0 errors=0 prepare=70 stale_queue=0 pending_vsync=23 sync=70 complete=70 incomplete=0 incomplete_blocks=0 hold=69/69 hold_timeout=0
I (27144) rc_net: [CAM-PROBE] Video TX seq=90 jpeg_len=8363 crc32=0x25c6bce2 chunks=7
I (27857) rc_video: Sent 90 | cap_fps=11.1 send_fps=11.1 capture_size_errors=0 capture_identity_errors=0 | Avg(ms): wait=17.5 cache=1.5 subsample=23.3 encode=25.3 send=5.7 total=73.2 | JPEG=8360B
I (27857) rc_video: [VIDEO-TX] handoff cap=99 get=199 select_fail=0 finished=99 signal=99 acquire=99 acquire_fail=0 release_fail=0 backup=0/0
I (27904) rc_video: [STABLE-CAPTURE] pause=99/99 timeout=0 quiesce=99 resume=99 lifecycle_errors=0 repairs=99 staged_events=1171 copies=1100 fallback=0 errors=0 prepare=100 stale_queue=0 pending_vsync=31 sync=100 complete=100 incomplete=0 incomplete_blocks=0 hold=99/99 hold_timeout=0
I (29875) rc_net: [CAM-PROBE] Video TX seq=120 jpeg_len=8364 crc32=0x126b30e1 chunks=7
I (30610) rc_video: Sent 120 | cap_fps=11.0 send_fps=11.0 capture_size_errors=0 capture_identity_errors=0 | Avg(ms): wait=19.5 cache=1.4 subsample=23.6 encode=25.0 send=5.8 total=75.2 | JPEG=8278B
I (30618) rc_video: [VIDEO-TX] handoff cap=129 get=258 select_fail=0 finished=129 signal=129 acquire=129 acquire_fail=0 release_fail=0 backup=0/0
I (30630) rc_video: [STABLE-CAPTURE] pause=129/129 timeout=0 quiesce=129 resume=129 lifecycle_errors=0 repairs=129 staged_events=1512 copies=1420 fallback=0 errors=0 prepare=130 stale_queue=0 pending_vsync=40 sync=129 complete=129 incomplete=0 incomplete_blocks=0 hold=129/129 hold_timeout=0
W (32184) rc_net: Video UDP send failed: seq=145 chunk=4/7 bytes=1208 sent=-1 errno=12 attempts=4
W (32185) rc_video: Video send failed: ESP_FAIL
W (32240) rc_video: Video send failed: ESP_FAIL
W (32379) rc_video: Video send failed: ESP_FAIL
W (32431) rc_video: Video send failed: ESP_FAIL
I (32628) rc_net: [CAM-PROBE] Video TX seq=150 jpeg_len=8226 crc32=0xd66acdd0 chunks=7
I (33715) rc_video: Sent 150 | cap_fps=10.9 send_fps=9.6 capture_size_errors=0 capture_identity_errors=0 | Avg(ms): wait=21.1 cache=1.4 subsample=23.3 encode=25.3 send=6.8 total=78.0 | JPEG=8284B
I (33715) rc_video: [VIDEO-TX] handoff cap=163 get=327 select_fail=0 finished=163 signal=163 acquire=163 acquire_fail=0 release_fail=0 backup=0/0
I (33767) rc_video: [STABLE-CAPTURE] pause=164/164 timeout=0 quiesce=163 resume=163 lifecycle_errors=0 repairs=163 staged_events=1920 copies=1804 fallback=0 errors=0 prepare=164 stale_queue=0 pending_vsync=50 sync=164 complete=164 incomplete=0 incomplete_blocks=0 hold=164/164 hold_timeout=0
I (35355) rc_net: [CAM-PROBE] Video TX seq=180 jpeg_len=8338 crc32=0xa4fc3446 chunks=7
I (36428) rc_video: Sent 180 | cap_fps=11.2 send_fps=11.2 capture_size_errors=0 capture_identity_errors=0 | Avg(ms): wait=16.8 cache=1.4 subsample=23.4 encode=25.2 send=6.3 total=73.1 | JPEG=8180B
I (36435) rc_video: [VIDEO-TX] handoff cap=193 get=386 select_fail=0 finished=193 signal=193 acquire=193 acquire_fail=0 release_fail=0 backup=0/0
I (36448) rc_video: [STABLE-CAPTURE] pause=193/193 timeout=0 quiesce=193 resume=193 lifecycle_errors=0 repairs=193 staged_events=2262 copies=2123 fallback=0 errors=0 prepare=194 stale_queue=0 pending_vsync=57 sync=193 complete=193 incomplete=0 incomplete_blocks=0 hold=193/193 hold_timeout=0
I (38007) rc_net: [CAM-PROBE] Video TX seq=210 jpeg_len=8303 crc32=0x6e5cadd2 chunks=7
I (39100) rc_video: Sent 210 | cap_fps=11.2 send_fps=11.2 capture_size_errors=0 capture_identity_errors=0 | Avg(ms): wait=17.3 cache=1.4 subsample=23.2 encode=25.5 send=5.9 total=73.2 | JPEG=8644B
I (39100) rc_video: [VIDEO-TX] handoff cap=223 get=447 select_fail=0 finished=223 signal=223 acquire=223 acquire_fail=0 release_fail=0 backup=0/0
I (39100) rc_video: [STABLE-CAPTURE] pause=223/223 timeout=0 quiesce=223 resume=223 lifecycle_errors=0 repairs=223 staged_events=2624 copies=2463 fallback=0 errors=0 prepare=224 stale_queue=0 pending_vsync=64 sync=223 complete=223 incomplete=0 incomplete_blocks=0 hold=223/223 hold_timeout=0
I (40779) rc_net: [CAM-PROBE] Video TX seq=240 jpeg_len=8192 crc32=0xcaccd73d chunks=7
I (41868) rc_video: Sent 240 | cap_fps=10.8 send_fps=10.8 capture_size_errors=0 capture_identity_errors=0 | Avg(ms): wait=20.7 cache=1.4 subsample=23.7 encode=24.9 send=5.8 total=76.4 | JPEG=8539B
I (41868) rc_video: [VIDEO-TX] handoff cap=253 get=507 select_fail=0 finished=253 signal=253 acquire=253 acquire_fail=0 release_fail=0 backup=0/0
I (41868) rc_video: [STABLE-CAPTURE] pause=253/253 timeout=0 quiesce=253 resume=253 lifecycle_errors=0 repairs=253 staged_events=2974 copies=2792 fallback=0 errors=0 prepare=254 stale_queue=0 pending_vsync=74 sync=253 complete=253 incomplete=0 incomplete_blocks=0 hold=253/253 hold_timeout=0
I (43533) rc_net: [CAM-PROBE] Video TX seq=270 jpeg_len=8650 crc32=0xc0d3915e chunks=8
W (44493) rc_net: Video UDP send failed: seq=280 chunk=5/7 bytes=1208 sent=-1 errno=12 attempts=4
W (44494) rc_video: Video send failed: ESP_FAIL
I (44718) rc_video: Sent 270 | cap_fps=10.8 send_fps=10.5 capture_size_errors=0 capture_identity_errors=0 | Avg(ms): wait=22.4 cache=1.4 subsample=23.5 encode=24.9 send=5.7 total=77.9 | JPEG=7949B
I (44718) rc_video: [VIDEO-TX] handoff cap=284 get=569 select_fail=0 finished=284 signal=284 acquire=284 acquire_fail=0 release_fail=0 backup=0/0
I (44766) rc_video: [STABLE-CAPTURE] pause=284/284 timeout=0 quiesce=284 resume=284 lifecycle_errors=0 repairs=284 staged_events=3338 copies=3135 fallback=0 errors=0 prepare=285 stale_queue=0 pending_vsync=83 sync=285 complete=285 incomplete=0 incomplete_blocks=0 hold=284/284 hold_timeout=0
I (46261) rc_net: [CAM-PROBE] Video TX seq=300 jpeg_len=7562 crc32=0x3bb5a224 chunks=7
I (47449) rc_video: Sent 300 | cap_fps=11.0 send_fps=11.0 capture_size_errors=0 capture_identity_errors=0 | Avg(ms): wait=19.8 cache=1.4 subsample=23.2 encode=24.6 send=5.4 total=74.5 | JPEG=8360B
I (47449) rc_video: [VIDEO-TX] handoff cap=314 get=629 select_fail=0 finished=314 signal=314 acquire=314 acquire_fail=0 release_fail=0 backup=0/0
I (47449) rc_video: [STABLE-CAPTURE] pause=314/314 timeout=0 quiesce=314 resume=314 lifecycle_errors=0 repairs=314 staged_events=3688 copies=3463 fallback=0 errors=0 prepare=315 stale_queue=0 pending_vsync=89 sync=314 complete=314 incomplete=0 incomplete_blocks=0 hold=314/314 hold_timeout=0
I (48992) rc_net: [CAM-PROBE] Video TX seq=330 jpeg_len=7936 crc32=0xf85dcff6 chunks=7
I (50180) rc_video: Sent 330 | cap_fps=11.0 send_fps=11.0 capture_size_errors=0 capture_identity_errors=0 | Avg(ms): wait=21.0 cache=1.5 subsample=23.5 encode=24.9 send=5.5 total=76.5 | JPEG=8328B
I (50180) rc_video: [VIDEO-TX] handoff cap=344 get=689 select_fail=0 finished=344 signal=344 acquire=344 acquire_fail=0 release_fail=0 backup=0/0
I (50180) rc_video: [STABLE-CAPTURE] pause=344/344 timeout=0 quiesce=344 resume=344 lifecycle_errors=0 repairs=344 staged_events=4039 copies=3793 fallback=0 errors=0 prepare=345 stale_queue=0 pending_vsync=98 sync=344 complete=344 incomplete=0 incomplete_blocks=0 hold=344/344 hold_timeout=0
I (51684) rc_net: [CAM-PROBE] Video TX seq=360 jpeg_len=8011 crc32=0x2355bf25 chunks=7
I (52871) rc_video: Sent 360 | cap_fps=11.1 send_fps=11.1 capture_size_errors=0 capture_identity_errors=0 | Avg(ms): wait=18.3 cache=1.4 subsample=23.2 encode=25.1 send=5.5 total=73.6 | JPEG=8163B
I (52871) rc_video: [VIDEO-TX] handoff cap=374 get=749 select_fail=0 finished=374 signal=374 acquire=374 acquire_fail=0 release_fail=0 backup=0/0
I (52917) rc_video: [STABLE-CAPTURE] pause=374/374 timeout=0 quiesce=374 resume=374 lifecycle_errors=0 repairs=374 staged_events=4393 copies=4125 fallback=0 errors=0 prepare=375 stale_queue=0 pending_vsync=106 sync=375 complete=375 incomplete=0 incomplete_blocks=0 hold=374/374 hold_timeout=0
I (54375) rc_net: [CAM-PROBE] Video TX seq=390 jpeg_len=8011 crc32=0x7fcffc1f chunks=7
I (55586) rc_video: Sent 390 | cap_fps=11.2 send_fps=11.2 capture_size_errors=0 capture_identity_errors=0 | Avg(ms): wait=17.9 cache=1.4 subsample=23.6 encode=24.9 send=5.5 total=73.3 | JPEG=7890B
I (55593) rc_video: [VIDEO-TX] handoff cap=404 get=808 select_fail=0 finished=404 signal=404 acquire=404 acquire_fail=0 release_fail=0 backup=0/0
I (55605) rc_video: [STABLE-CAPTURE] pause=404/404 timeout=0 quiesce=404 resume=404 lifecycle_errors=0 repairs=404 staged_events=4736 copies=4445 fallback=0 errors=0 prepare=405 stale_queue=0 pending_vsync=114 sync=404 complete=404 incomplete=0 incomplete_blocks=0 hold=404/404 hold_timeout=0
I (57146) rc_net: [CAM-PROBE] Video TX seq=420 jpeg_len=8664 crc32=0x480bec69 chunks=8
I (58254) rc_video: Sent 420 | cap_fps=11.1 send_fps=11.1 capture_size_errors=0 capture_identity_errors=0 | Avg(ms): wait=17.4 cache=1.4 subsample=23.2 encode=25.3 send=5.6 total=72.9 | JPEG=7937B
I (58254) rc_video: [VIDEO-TX] handoff cap=434 get=869 select_fail=0 finished=434 signal=434 acquire=434 acquire_fail=0 release_fail=0 backup=0/0
I (58301) rc_video: [STABLE-CAPTURE] pause=434/434 timeout=0 quiesce=434 resume=434 lifecycle_errors=0 repairs=434 staged_events=5098 copies=4785 fallback=0 errors=0 prepare=435 stale_queue=0 pending_vsync=121 sync=435 complete=435 incomplete=0 incomplete_blocks=0 hold=434/434 hold_timeout=0
I (59758) rc_net: [CAM-PROBE] Video TX seq=450 jpeg_len=8267 crc32=0x151fd9bc chunks=7
I (60967) rc_video: Sent 450 | cap_fps=11.2 send_fps=11.2 capture_size_errors=0 capture_identity_errors=0 | Avg(ms): wait=16.6 cache=1.4 subsample=23.3 encode=25.3 send=5.9 total=72.4 | JPEG=8269B
I (60974) rc_video: [VIDEO-TX] handoff cap=464 get=928 select_fail=0 finished=464 signal=464 acquire=464 acquire_fail=0 release_fail=0 backup=0/0
I (60985) rc_video: [STABLE-CAPTURE] pause=464/464 timeout=0 quiesce=464 resume=464 lifecycle_errors=0 repairs=464 staged_events=5440 copies=5104 fallback=0 errors=0 prepare=465 stale_queue=0 pending_vsync=129 sync=464 complete=464 incomplete=0 incomplete_blocks=0 hold=464/464 hold_timeout=0
I (62531) rc_net: [CAM-PROBE] Video TX seq=480 jpeg_len=8695 crc32=0x2dafe127 chunks=8
I (63676) rc_video: Sent 480 | cap_fps=11.0 send_fps=11.0 capture_size_errors=0 capture_identity_errors=0 | Avg(ms): wait=19.3 cache=1.4 subsample=23.1 encode=25.4 send=5.8 total=75.0 | JPEG=8285B
I (63676) rc_video: [VIDEO-TX] handoff cap=494 get=989 select_fail=0 finished=494 signal=494 acquire=494 acquire_fail=0 release_fail=0 backup=0/0
I (63724) rc_video: [STABLE-CAPTURE] pause=494/494 timeout=0 quiesce=494 resume=494 lifecycle_errors=0 repairs=494 staged_events=5802 copies=5445 fallback=0 errors=0 prepare=495 stale_queue=0 pending_vsync=136 sync=495 complete=495 incomplete=0 incomplete_blocks=0 hold=494/494 hold_timeout=0
W (63836) rc_tank: [DVP-MATRIX] result stage=5 strategy=sync_defer_to_eof11 complete=496 incomplete=0 incomplete_blocks=0 sync_defer=137 released=137 collisions=0 release_errors=0 defer_hist=0,0,0,0,0,0,0,0,0,0,137 mismatch_hist=0,0,0,0,250,349,150,80,20,16,149 prepare=496 pending=137 hold=495/495 hold_timeout=0
W (63859) rc_tank: [DVP-MATRIX] advance stage=6; restart in 1s
I (64862) wifi:station: 44:1b:f6:f3:ae:40 leave, AID = 1, reason = 2, bss_flags is 756851, bss:0x3fcf1374
I (64863) wifi:new:<1,0>, old:<1,1>, ap:<1,1>, sta:<255,255>, prof:1, snd_ch_cfg:0x0
I (64869) wifi:<ba-del>idx:2, tid:0
I (64872) wifi:new:<1,1>, old:<1,0>, ap:<1,1>, sta:<255,255>, prof:1, snd_ch_cfg:0x0
I (64881) rc_net: STA disconnected, MAC: 44:1b:f6:f3:ae:40
W (64884) rc_control: Network disconnected: motor stop enforced
W (64888) rc_video: Video send failed: ESP_ERR_INVALID_STATE
W (64890) rc_tank: Network disconnected
W (64982) rc_video: Video send failed: ESP_ERR_INVALID_STATE
W (65061) rc_video: Video send failed: ESP_ERR_INVALID_STATE
W (65141) rc_video: Video send failed: ESP_ERR_INVALID_STATE
W (65223) rc_video: Video send failed: ESP_ERR_INVALID_STATE
W (65302) rc_video: Video send failed: ESP_ERR_INVALID_STATE
W (65378) rc_video: Video send failed: ESP_ERR_INVALID_STATE
W (65457) rc_video: Video send failed: ESP_ERR_INVALID_STATE
W (65536) rc_video: Video send failed: ESP_ERR_INVALID_STATE
W (65619) rc_video: Video send failed: ESP_ERR_INVALID_STATE
W (65695) rc_video: Video send failed: ESP_ERR_INVALID_STATE
W (65774) rc_video: Video send failed: ESP_ERR_INVALID_STATE
W (65853) rc_video: Video send failed: ESP_ERR_INVALID_STATE
W (65932) rc_video: Video send failed: ESP_ERR_INVALID_STATE
W (66014) rc_video: Video send failed: ESP_ERR_INVALID_STATE
W (66094) rc_video: Video send failed: ESP_ERR_INVALID_STATE
W (66173) rc_video: Video send failed: ESP_ERR_INVALID_STATE
W (66252) rc_video: Video send failed: ESP_ERR_INVALID_STATE
W (66328) rc_video: Video send failed: ESP_ERR_INVALID_STATE
W (66410) rc_video: Video send failed: ESP_ERR_INVALID_STATE
W (66489) rc_video: Video send failed: ESP_ERR_INVALID_STATE
W (66565) rc_video: Video send failed: ESP_ERR_INVALID_STATE
W (66648) rc_video: Video send failed: ESP_ERR_INVALID_STATE
W (66727) rc_video: Video send failed: ESP_ERR_INVALID_STATE
W (66803) rc_video: Video send failed: ESP_ERR_INVALID_STATE
W (66882) rc_video: Video send failed: ESP_ERR_INVALID_STATE
W (66961) rc_video: Video send failed: ESP_ERR_INVALID_STATE
W (67040) rc_video: Video send failed: ESP_ERR_INVALID_STATE
W (67123) rc_video: Video send failed: ESP_ERR_INVALID_STATE
W (67199) rc_video: Video send failed: ESP_ERR_INVALID_STATE
W (67281) rc_video: Video send failed: ESP_ERR_INVALID_STATE
W (67360) rc_video: Video send failed: ESP_ERR_INVALID_STATE
W (67439) rc_video: Video send failed: ESP_ERR_INVALID_STATE
W (67518) rc_video: Video send failed: ESP_ERR_INVALID_STATE
W (67594) rc_video: Video send failed: ESP_ERR_INVALID_STATE
W (67674) rc_video: Video send failed: ESP_ERR_INVALID_STATE
W (67753) rc_video: Video send failed: ESP_ERR_INVALID_STATE
W (67832) rc_video: Video send failed: ESP_ERR_INVALID_STATE
W (67911) rc_video: Video send failed: ESP_ERR_INVALID_STATE
W (67993) rc_video: Video send failed: ESP_ERR_INVALID_STATE
W (68073) rc_video: Video send failed: ESP_ERR_INVALID_STATE
W (68149) rc_video: Video send failed: ESP_ERR_INVALID_STATE
W (68228) rc_video: Video send failed: ESP_ERR_INVALID_STATE
W (68307) rc_video: Video send failed: ESP_ERR_INVALID_STATE
W (68386) rc_video: Video send failed: ESP_ERR_INVALID_STATE
I (68450) wifi:flush txq
I (68451) wifi:stop sw txq
I (68451) wifi:lmac stop hw txq
ESP-ROM:esp32s3-20210327
Build:Mar 27 2021
rst:0xc (RTC_SW_CPU_RST),boot:0x3 (DOWNLOAD(USB/UART0))
Saved PC:0x403812c5
waiting for download

[HOST-DVP-MATRIX 13:44:45] SYNC-R2 Tank restart recovery=7

[HOST-DVP-MATRIX 13:44:45] Tank RAM bootloader start
esptool.py v4.12.dev2
Serial port COM7
Connecting....
Chip is ESP32-S3 (QFN56) (revision v0.2)
Features: WiFi, BLE
Crystal is 40MHz
MAC: 44:1b:f6:f3:ae:78
Uploading stub...
Running stub...
Stub running...
RAM boot...
Downloading 5360 bytes at 3fce2820... done!
Downloading 3364 bytes at 403c8700... done!
Downloading 12016 bytes at 403cb700... done!
All segments done, executing at 403c8924
Exiting immediately.

[HOST-DVP-MATRIX 13:44:48] Tank RAM bootloader complete
 (2927) boot: efuse block revision: v1.3
I (2931) boot.esp32s3: Boot SPI Speed : 80MHz
I (2935) boot.esp32s3: SPI Mode       : SLOW READ
I (2940) boot.esp32s3: SPI Flash Size : 8MB
I (2944) boot: Enabling RNG early entropy source...
I (2948) boot: Partition Table:
I (2951) boot: ## Label            Usage          Type ST Offset   Length
I (2958) boot:  0 nvs              WiFi data        01 02 00009000 00006000
I (2964) boot:  1 phy_init         RF data          01 01 0000f000 00001000
I (2971) boot:  2 factory          factory app      00 00 00010000 00300000
I (2978) boot:  3 storage          Unknown data     01 82 00310000 00100000
I (2984) boot: End of partition table
I (2988) esp_image: segment 0: paddr=00010020 vaddr=3c0a0020 size=24db0h (150960) map
I (3087) esp_image: segment 1: paddr=00034dd8 vaddr=3fca0d00 size=05560h ( 21856) load
I (3102) esp_image: segment 2: paddr=0003a340 vaddr=40374000 size=05cd8h ( 23768) load
I (3117) esp_image: segment 3: paddr=00040020 vaddr=42000020 size=9b798h (636824) map
I (3506) esp_image: segment 4: paddr=000db7c0 vaddr=40379cd8 size=16fe0h ( 94176) load
I (3568) esp_image: segment 5: paddr=000f27a8 vaddr=50000000 size=00020h (    32) load
I (3579) boot: Loaded app from partition at offset 0x10000
I (3579) boot: Disabling RNG early entropy source...
I (3591) esp_psram: Found 8MB PSRAM device
I (3592) esp_psram: Speed: 80MHz
I (3592) cpu_start: Multicore app
I (4510) esp_psram: SPI SRAM memory test OK
I (4518) cpu_start: GPIO 44 and 43 are used as console UART I/O pins
I (4519) cpu_start: Pro cpu start user code
I (4520) cpu_start: cpu freq: 240000000 Hz
I (4521) app_init: Application information:
I (4525) app_init: Project name:     rc_tank_demo
I (4529) app_init: App version:      1
I (4533) app_init: Compile time:     Aug 26 2026 12:18:42
I (4538) app_init: ELF file SHA256:  5f9ce93e0...
I (4542) app_init: ESP-IDF:          GIT-NOTFOUND
I (4547) efuse_init: Min chip rev:     v0.0
I (4551) efuse_init: Max chip rev:     v0.99 
I (4555) efuse_init: Chip rev:         v0.2
I (4559) heap_init: Initializing. RAM available for dynamic allocation:
I (4565) heap_init: At 3FCAA3D0 len 0003F340 (252 KiB): RAM
I (4570) heap_init: At 3FCE9710 len 00005724 (21 KiB): RAM
I (4575) heap_init: At 3FCF0000 len 00008000 (32 KiB): DRAM
I (4581) heap_init: At 600FE000 len 00001FE8 (7 KiB): RTCRAM
I (4586) esp_psram: Adding pool of 8192K of PSRAM memory to heap allocator
I (4594) spi_flash: detected chip: generic
I (4597) spi_flash: flash io: dio
I (4600) sleep_gpio: Configure to isolate all GPIO pins in sleep state
I (4606) sleep_gpio: Enable automatic switching of GPIO sleep configuration
I (4613) main_task: Started on CPU0
I (4637) esp_psram: Reserving pool of 64K of internal memory for DMA/internal allocations
I (4638) main_task: Calling app_main()
I (4654) rc_tank: === RC Tank Demo (EX-035) Role: TANK ===
I (4655) rc_tank: Startup delay 10 s (open serial monitor now)...
I (4655) rc_tank:   starting in 10 s
I (5658) rc_tank:   starting in 9 s
I (6658) rc_tank:   starting in 8 s
I (7658) rc_tank:   starting in 7 s
I (8658) rc_tank:   starting in 6 s
I (9658) rc_tank:   starting in 5 s
I (10658) rc_tank:   starting in 4 s
I (11658) rc_tank:   starting in 3 s
I (12658) rc_tank:   starting in 2 s
I (13658) rc_tank:   starting in 1 s
I (14658) rc_tank: Starting Tank role (P1: network, P2: control, P3: video)
I (14658) board_laiwfs300: init board support package
I (14658) board_laiwfs300: init capability registry
I (14663) board_laiwfs300: init I2C bus: SDA=GPIO48 SCL=GPIO47
I (14669) bus_i2c: I2C0 initialized: SDA=GPIO48 SCL=GPIO47 speed=100000Hz
I (14675) board_laiwfs300: --- I2C bus scan (0x08-0x77) ---
I (14682) board_laiwfs300:   I2C device ACK at 0x15
I (14685) board_laiwfs300:   I2C device ACK at 0x18
I (14690) board_laiwfs300:   I2C device ACK at 0x21
I (14694) board_laiwfs300:   I2C device ACK at 0x22
I (14702) board_laiwfs300:   I2C device ACK at 0x40
I (14705) board_laiwfs300:   I2C device ACK at 0x51
I (14711) board_laiwfs300:   I2C device ACK at 0x68
I (14714) board_laiwfs300: --- I2C scan done: 7 device(s) found ---
W (14718) board_laiwfs300: TPT29555A (IOEX) NOT found at 0x20 (NACK)
I (14724) board_laiwfs300: ES8311 (Codec) found at 0x18
I (14729) board_laiwfs300: ES7210 (ADC) found at 0x40
I (14734) board_laiwfs300: AIP8563 (RTC) found at 0x51
I (14739) board_laiwfs300: BMI260 (IMU @0x68) found at 0x68
W (14744) board_laiwfs300: BMI260 (IMU @0x69) NOT found at 0x69 (NACK)
I (14750) board_laiwfs300: SP0A39 (Camera) found at 0x21
I (14757) board_laiwfs300: ES8311 chip ID: 0x83 0x11
I (14761) board_laiwfs300: ES7210 chip ID: 0x72
I (14766) board_laiwfs300: AIP8563 RTC time: 01:18:00 (BCD raw)
I (14770) board_laiwfs300: BMI260 chip ID: 0x27 (expect 0x27)
I (14775) board_laiwfs300: init SPI bus manager
I (14781) board_laiwfs300: init ADC service
I (14784) board_adc: ADC1 oneshot initialized
I (14788) board_laiwfs300: init board power service
I (14793) board_laiwfs300: ADC D0_DETECT (GPIO1): raw=4095 (~3100 mV)
I (14798) board_laiwfs300: ADC BAT_ADC (GPIO7): raw=1640 (~1241 mV)
I (14804) board_laiwfs300: ADC SW_ADC (GPIO8): raw=4095 (~3100 mV)
I (14810) board_laiwfs300: init IO expander: TPT29555A addr=0x22
I (14819) io_expander: TPT29555A initialized at 0x22
I (14821) board_laiwfs300: IO expander initialized OK
I (14825) board_laiwfs300: init module detect
I (14830) board_laiwfs300: register detection rules
I (14834) board_laiwfs300: register default capabilities
I (14839) board_laiwfs300: board init complete (ioex=OK)
I (14844) rc_tank: [STEP] Motor init starting...
I (14849) board_motor: motor input 1 -> GPIO5 / LEDC channel 0
I (14854) board_motor: motor input 2 -> GPIO4 / LEDC channel 1
I (14860) board_motor: motor input 3 -> GPIO37 / LEDC channel 2
I (14865) board_motor: motor input 4 -> GPIO45 / LEDC channel 3
I (14871) rc_control: Motor initialized
I (14874) rc_tank: [STEP] Motor init OK
I (14878) rc_tank: [STEP] Display init starting...
I (14883) rc_video: Initializing Tank display
I (14888) display_hal: init ST7789V3 LCD 240x320 SPI host=1
E (15033) spi: spi_bus_initialize(816): SPI bus already initialized.
I (15154) display_hal: ST7789V3 LCD initialized
I (15154) board_display: display mapped: MOSI=GPIO13 SCK=GPIO12 CS=GPIO10 DC=GPIO16 BL=GPIO17 LCD_RST=IOEX P1_5 pclk=20000000
I (15159) rc_video: Tank display task started (status screen)
I (15160) rc_video: Tank display initialized (status task owns LCD)
I (15170) rc_tank: [STEP] Display init OK
I (15174) rc_tank: [STEP] Camera init starting...
I (15178) rc_video: Initializing camera (SP0A39 640x480 VYUY)
I (15184) board_camera: initializing SP0A39 camera mode=0 640x480
I (15189) camera_hal: init SP0A39 DVP 640x480 (SCCB manual mode)
I (15195) camera_hal: configuring IOEX pins for camera RESET/PWDN
I (15202) camera_hal: PWDN=HIGH (power down)
I (15215) camera_hal: PWDN=LOW (release sensor)
I (15415) camera_hal: RESET=LOW (assert reset)
I (15435) camera_hal: RESET=HIGH (release reset)
I (16435) camera_hal: full I2C scan after camera power-up (diagnostic only)...
I (16437) camera_hal:   post-powerup ACK at 0x15
I (16437) camera_hal:   post-powerup ACK at 0x18
I (16440) camera_hal:   post-powerup ACK at 0x21
I (16444) camera_hal:   post-powerup ACK at 0x22
I (16452) camera_hal:   post-powerup ACK at 0x40
I (16454) camera_hal:   post-powerup ACK at 0x51
I (16460) camera_hal:   post-powerup ACK at 0x68
I (16463) camera_hal: DVP GPIO diagnostics (checking PCLK/VSYNC/HSYNC activity)...
I (16529) camera_hal: DVP diagnostics: PCLK_changes=0 VSYNC_changes=0 HSYNC_changes=0
W (16529) camera_hal: PCLK has no transitions - MCLK likely not reaching sensor or sensor not active
I (16534) camera_hal: using sensor address 0x21
I (16539) camera_hal: SP0A39 I2C device added at 0x21
I (16545) camera_hal: SP0A39 chip ID: 0x0A39
I (16667) camera_hal: SP0A39 register init done: VYUY 640x480 (359 regs)
I (16668) camera_hal: [CAM-PROBE] SP0A39 p0_31 stage=post_table value=0x00 expected=0x01
E (16670) camera_hal: camera_hal_verify_expected_output_p0_31(92): unexpected p0_31=0x00 at post_table
W (16680) camera_hal: [CAM-PROBE] output state differs after table; continuing: ESP_ERR_INVALID_RESPONSE
I (16709) camera_hal: [CAM-PROBE] SP0A39 p0_31 stage=post_delay value=0x01 expected=0x01
I (16710) camera_hal: camera HAL initialized (sensor ready, DVP capture not yet implemented)
I (16714) board_camera: camera ready
I (16722) camera_hal: SP0A39 output regs: P0:1c=0x00 P0:30=0x01 P0:31=0x01 P1:32=0x15 P1:34=0xeb P1:35=0x00 P1:36=0x10
I (16854) rc_video:   3 DMA-capable PSRAM framebuffers allocated (600 KB each)
I (16857) dvp_ext: DVP Extended camera controller driver is initialized
I (16857) dvp_ext: [STABLE-DVP] assembly uses GDMA-EOF direct copy; dma=102400 half=51200 queue_data_events=suppressed eof_desc=probe
I (16868) rc_video: [STABLE-CAPTURE] staged DVP controller created dma=102400 half=51200
I (16876) rc_video: Camera initialized
I (16880) rc_tank: [STEP] Camera init OK
W (16884) rc_tank: [DVP-MATRIX] pre-network stage=6 strategy=sync_defer_to_eof11_cold120 frames=120 sync_defer=1 wifi=off video_tx=not_created
I (16897) camera_hal: [CAM-PROBE] SP0A39 p0_31 stage=dvp_started value=0x01 expected=0x01
I (16944) rc_video: Round9 local camera preview enabled (240x180 at 80,0; DVP started)
I (21614) rc_video: Round9 preview displayed=30 fps=4.65 capture_fps=4.65 Avg(ms): convert=41.5 draw=35.9 | complete=30 size_err=0 identity_err=0
I (26364) rc_video: Round9 preview displayed=60 fps=6.32 capture_fps=6.32 Avg(ms): convert=41.6 draw=36.5 | complete=60 size_err=0 identity_err=0
I (31114) rc_video: Round9 preview displayed=90 fps=6.32 capture_fps=6.32 Avg(ms): convert=41.6 draw=36.4 | complete=90 size_err=0 identity_err=0
W (35790) rc_video: [COLD-PREFLIGHT] complete target=120 captured=120 complete_delta=120 incomplete_delta=0 incomplete_blocks_delta=0; not a pass gate until live Q60/UDP
I (35794) rc_tank: [STEP] Network init starting...
I (35802) rc_net: Initializing as SoftAP (Tank)
I (35808) pp: pp rom version: e7ae62f
I (35809) net80211: net80211 rom version: e7ae62f
I (35812) wifi:wifi driver task: 3fce4ad0, prio:23, stack:6656, core=0
I (35823) wifi:wifi firmware version: 0947e8b
I (35824) wifi:wifi certification version: v7.0
I (35825) wifi:config NVS flash: enabled
I (35829) wifi:config nano formatting: disabled
I (35833) wifi:Init data frame dynamic rx buffer num: 32
I (35838) wifi:Init static rx mgmt buffer num: 5
I (35842) wifi:Init management short buffer num: 32
I (35847) wifi:Init dynamic tx buffer num: 64
I (35851) wifi:Init static tx FG buffer num: 2
I (35855) wifi:Init static rx buffer size: 1600
I (35859) wifi:Init static rx buffer num: 10
I (35863) wifi:Init dynamic rx buffer num: 32
I (35870) wifi_init: rx ba win: 6
I (35870) wifi_init: accept mbox: 6
I (35874) wifi_init: tcpip mbox: 16
I (35878) wifi_init: udp mbox: 6
I (35880) wifi_init: tcp mbox: 6
I (35884) wifi_init: tcp tx win: 5760
I (35886) wifi_init: tcp rx win: 5760
I (35890) wifi_init: tcp mss: 1440
I (35894) wifi_init: WiFi IRAM OP enabled
I (35896) wifi_init: WiFi RX IRAM OP enabled
I (35901) rc_net: AP set_mode/config, SSID=RC_TANK_F3AE79 ch=1
I (35911) phy_init: phy_version 711,97bcf0a2,Aug 25 2025,19:04:10
I (35965) wifi:mode : softAP (44:1b:f6:f3:ae:79)
I (35969) wifi:Total power save buffer number: 32
I (35970) wifi:Init max length of beacon: 752/752
I (35971) wifi:Init max length of beacon: 752/752
I (35973) rc_net: SoftAP started, SSID: RC_TANK_F3AE79, Password: 12345678
I (35974) esp_netif_lwip: DHCP server started on interface WIFI_AP_DEF with IP: 192.168.4.1
I (35990) rc_tank: [STEP] Network init OK
I (35993) rc_tank: Tank SoftAP ready, waiting for remote...
I (35999) rc_control: Ctrl RX task started
I (36003) rc_video: Round9 preview displayed=120 fps=6.14 capture_fps=6.14 Avg(ms): convert=44.4 draw=38.3 | complete=120 size_err=0 identity_err=0
I (36004) rc_control: Tank control started
I (36021) rc_tank: Tank running (video + control; audio disabled)
I (36062) rc_tank: app_main done, idle loop
I (40733) rc_video: Round9 preview displayed=150 fps=6.34 capture_fps=6.34 Avg(ms): convert=42.0 draw=36.6 | complete=150 size_err=0 identity_err=0
I (44696) wifi:new:<1,1>, old:<1,1>, ap:<1,1>, sta:<255,255>, prof:1, snd_ch_cfg:0x0
I (44697) wifi:station: 44:1b:f6:f3:ae:40 join, AID=1, bgn, 40U
I (44766) rc_net: STA connected, MAC: 44:1b:f6:f3:ae:40
I (45258) esp_netif_lwip: DHCP server assigned IP to a client, IP is: 192.168.4.2
I (45259) rc_net: STA assigned IP: 192.168.4.2
I (45259) rc_video: Local preview stop requested; waiting for video_tx handoff
I (45266) rc_tank: Network connected, peer: 192.168.4.2
W (45272) rc_tank: [DVP-MATRIX] start stage=6 strategy=sync_defer_to_eof11_cold120 preflight_frames=120 sync_defer=1 video_tx=not_created
I (45283) rc_net: Ctrl UDP socket bound to port 8001
I (45288) rc_net: Video UDP socket bound to port 8002
I (45293) rc_net: Audio TCP listening on port 8003
I (45297) rc_tank: Socket channels started

[HOST-DVP-MATRIX 13:45:30] SYNC-R2 stage=6 visible window begin
I (45372) rc_video: Local preview quiesced before video_tx; drained_ready_signals=0 stable_ready_preserved=1
I (45372) rc_video: Tank display ownership returned to status task after preview handoff
I (45382) rc_video: Tank video started (camera source)
W (45384) rc_tank: [DVP-MATRIX] observe stage=6 strategy=sync_defer_to_eof11_cold120 duration_ms=45000 sync_defer=1 under live Q60/UDP load
I (45386) rc_video: Video TX task started (240x180, sensor-driven, Q=60)
I (45439) rc_video: TX theory: raw=614400 B/frame, encoded YUV=86400 B/frame, target10fps raw=0.86 MB/s
I (45440) rc_video: PSRAM TX buffers: subsample=86400B jpeg=43200B send=43208B free_psram=5592524 free_internal=54863
I (45450) rc_video: TX buffer caps: subsample=0x3c350120(psram=1) jpeg=0x3c3652a4(psram=1) send=0x3c36fea8(psram=1)
I (45507) rc_net: [CAM-PROBE] Video TX seq=0 jpeg_len=8457 crc32=0xe2797ca0 chunks=8
W (45521) rc_net: Video UDP send failed: seq=0 chunk=4/8 bytes=1208 sent=-1 errno=12 attempts=4
W (45521) rc_video: Video send failed: ESP_FAIL
W (45624) rc_video: Video send failed: ESP_FAIL
W (45761) rc_video: Video send failed: ESP_FAIL
W (45847) rc_video: Video send failed: ESP_FAIL
W (45899) rc_video: Video send failed: ESP_FAIL
W (46042) rc_video: Video send failed: ESP_FAIL
W (46095) rc_video: Video send failed: ESP_FAIL
W (46240) rc_video: Video send failed: ESP_FAIL
W (46293) rc_video: Video send failed: ESP_FAIL
I (46350) wifi:<ba-add>idx:2 (ifx:1, 44:1b:f6:f3:ae:40), tid:0, ssn:0, winSize:64
I (48288) rc_net: [CAM-PROBE] Video TX seq=30 jpeg_len=8698 crc32=0x8d567876 chunks=8
I (49040) rc_video: Sent 30 | cap_fps=10.8 send_fps=8.3 capture_size_errors=0 capture_identity_errors=0 | Avg(ms): wait=23.3 cache=1.4 subsample=23.3 encode=25.1 send=5.8 total=78.9 | JPEG=8703B
I (49040) rc_video: [VIDEO-TX] handoff cap=218 get=437 select_fail=0 finished=218 signal=218 acquire=218 acquire_fail=0 release_fail=0 backup=0/0
I (49040) rc_video: [STABLE-CAPTURE] pause=218/218 timeout=0 quiesce=218 resume=218 lifecycle_errors=0 repairs=39 staged_events=2434 copies=2408 fallback=0 errors=0 prepare=219 stale_queue=0 pending_vsync=194 sync=218 complete=218 incomplete=0 incomplete_blocks=0 hold=218/218 hold_timeout=0
I (51098) rc_net: [CAM-PROBE] Video TX seq=60 jpeg_len=8677 crc32=0x62999909 chunks=8
I (51833) rc_video: Sent 60 | cap_fps=10.8 send_fps=10.8 capture_size_errors=0 capture_identity_errors=0 | Avg(ms): wait=21.7 cache=1.4 subsample=23.6 encode=24.7 send=7.5 total=79.0 | JPEG=8296B
I (51840) rc_video: [VIDEO-TX] handoff cap=248 get=496 select_fail=0 finished=248 signal=248 acquire=248 acquire_fail=0 release_fail=0 backup=0/0
I (51850) rc_video: [STABLE-CAPTURE] pause=248/248 timeout=0 quiesce=248 resume=248 lifecycle_errors=0 repairs=69 staged_events=2775 copies=2728 fallback=0 errors=0 prepare=249 stale_queue=0 pending_vsync=205 sync=248 complete=248 incomplete=0 incomplete_blocks=0 hold=248/248 hold_timeout=0
I (53790) rc_net: [CAM-PROBE] Video TX seq=90 jpeg_len=8275 crc32=0xd26250e4 chunks=7
I (54502) rc_video: Sent 90 | cap_fps=11.1 send_fps=11.1 capture_size_errors=0 capture_identity_errors=0 | Avg(ms): wait=17.4 cache=1.4 subsample=23.3 encode=25.5 send=5.8 total=73.4 | JPEG=8386B
I (54502) rc_video: [VIDEO-TX] handoff cap=278 get=557 select_fail=0 finished=278 signal=278 acquire=278 acquire_fail=0 release_fail=0 backup=0/0
I (54554) rc_video: [STABLE-CAPTURE] pause=279/279 timeout=0 quiesce=278 resume=278 lifecycle_errors=0 repairs=99 staged_events=3138 copies=3069 fallback=0 errors=0 prepare=279 stale_queue=0 pending_vsync=212 sync=279 complete=279 incomplete=0 incomplete_blocks=0 hold=279/279 hold_timeout=0
I (56521) rc_net: [CAM-PROBE] Video TX seq=120 jpeg_len=8329 crc32=0x9b70d729 chunks=7
I (57255) rc_video: Sent 120 | cap_fps=11.0 send_fps=11.0 capture_size_errors=0 capture_identity_errors=0 | Avg(ms): wait=19.2 cache=1.4 subsample=23.4 encode=25.0 send=5.8 total=74.8 | JPEG=8329B
I (57263) rc_video: [VIDEO-TX] handoff cap=308 get=616 select_fail=0 finished=308 signal=308 acquire=308 acquire_fail=0 release_fail=0 backup=0/0
I (57273) rc_video: [STABLE-CAPTURE] pause=308/308 timeout=0 quiesce=308 resume=308 lifecycle_errors=0 repairs=129 staged_events=3479 copies=3388 fallback=0 errors=0 prepare=309 stale_queue=0 pending_vsync=222 sync=308 complete=308 incomplete=0 incomplete_blocks=0 hold=308/308 hold_timeout=0
I (59252) rc_net: [CAM-PROBE] Video TX seq=150 jpeg_len=8567 crc32=0x37cc1828 chunks=8
I (59987) rc_video: Sent 150 | cap_fps=11.0 send_fps=11.0 capture_size_errors=0 capture_identity_errors=0 | Avg(ms): wait=19.5 cache=1.4 subsample=23.4 encode=25.0 send=5.7 total=75.0 | JPEG=8271B
I (59994) rc_video: [VIDEO-TX] handoff cap=338 get=676 select_fail=0 finished=338 signal=338 acquire=338 acquire_fail=0 release_fail=0 backup=0/0
I (60004) rc_video: [STABLE-CAPTURE] pause=338/338 timeout=0 quiesce=338 resume=338 lifecycle_errors=0 repairs=159 staged_events=3830 copies=3718 fallback=0 errors=0 prepare=339 stale_queue=0 pending_vsync=230 sync=338 complete=338 incomplete=0 incomplete_blocks=0 hold=338/338 hold_timeout=0
I (62002) rc_net: [CAM-PROBE] Video TX seq=180 jpeg_len=8271 crc32=0x24019db4 chunks=7
I (62735) rc_video: Sent 180 | cap_fps=10.8 send_fps=10.8 capture_size_errors=0 capture_identity_errors=0 | Avg(ms): wait=21.3 cache=1.4 subsample=23.5 encode=25.1 send=6.4 total=77.6 | JPEG=8328B
I (62735) rc_video: [VIDEO-TX] handoff cap=368 get=737 select_fail=0 finished=368 signal=368 acquire=368 acquire_fail=0 release_fail=0 backup=0/0
I (62783) rc_video: [STABLE-CAPTURE] pause=368/368 timeout=0 quiesce=368 resume=368 lifecycle_errors=0 repairs=189 staged_events=4191 copies=4059 fallback=0 errors=0 prepare=369 stale_queue=0 pending_vsync=238 sync=369 complete=369 incomplete=0 incomplete_blocks=0 hold=368/368 hold_timeout=0
I (64714) rc_net: [CAM-PROBE] Video TX seq=210 jpeg_len=8351 crc32=0x8635a407 chunks=7
I (65466) rc_video: Sent 210 | cap_fps=11.0 send_fps=11.0 capture_size_errors=0 capture_identity_errors=0 | Avg(ms): wait=19.2 cache=1.4 subsample=23.2 encode=25.2 send=5.9 total=74.9 | JPEG=8674B
I (65466) rc_video: [VIDEO-TX] handoff cap=398 get=797 select_fail=0 finished=398 signal=398 acquire=398 acquire_fail=0 release_fail=0 backup=0/0
I (65466) rc_video: [STABLE-CAPTURE] pause=398/398 timeout=0 quiesce=398 resume=398 lifecycle_errors=0 repairs=219 staged_events=4542 copies=4388 fallback=0 errors=0 prepare=399 stale_queue=0 pending_vsync=244 sync=398 complete=398 incomplete=0 incomplete_blocks=0 hold=398/398 hold_timeout=0
I (67463) rc_net: [CAM-PROBE] Video TX seq=240 jpeg_len=8350 crc32=0xdb048de0 chunks=7
I (68180) rc_video: Sent 240 | cap_fps=11.1 send_fps=11.1 capture_size_errors=0 capture_identity_errors=0 | Avg(ms): wait=17.1 cache=1.4 subsample=23.5 encode=25.3 send=5.6 total=72.9 | JPEG=8304B
I (68187) rc_video: [VIDEO-TX] handoff cap=428 get=856 select_fail=0 finished=428 signal=428 acquire=428 acquire_fail=0 release_fail=0 backup=0/0
I (68200) rc_video: [STABLE-CAPTURE] pause=428/428 timeout=0 quiesce=428 resume=428 lifecycle_errors=0 repairs=249 staged_events=4885 copies=4709 fallback=0 errors=0 prepare=429 stale_queue=0 pending_vsync=252 sync=428 complete=428 incomplete=0 incomplete_blocks=0 hold=428/428 hold_timeout=0
I (70096) rc_net: [CAM-PROBE] Video TX seq=270 jpeg_len=8280 crc32=0x84b65f98 chunks=7
I (70809) rc_video: Sent 270 | cap_fps=11.3 send_fps=11.3 capture_size_errors=0 capture_identity_errors=0 | Avg(ms): wait=15.0 cache=1.4 subsample=23.2 encode=25.7 send=5.8 total=71.1 | JPEG=8331B
I (70809) rc_video: [VIDEO-TX] handoff cap=458 get=917 select_fail=0 finished=458 signal=458 acquire=458 acquire_fail=0 release_fail=0 backup=0/0
I (70857) rc_video: [STABLE-CAPTURE] pause=458/458 timeout=0 quiesce=458 resume=458 lifecycle_errors=0 repairs=279 staged_events=5248 copies=5049 fallback=0 errors=0 prepare=459 stale_queue=0 pending_vsync=257 sync=459 complete=459 incomplete=0 incomplete_blocks=0 hold=458/458 hold_timeout=0
I (72846) rc_net: [CAM-PROBE] Video TX seq=300 jpeg_len=8255 crc32=0x7d48888b chunks=7
I (73579) rc_video: Sent 300 | cap_fps=10.9 send_fps=10.9 capture_size_errors=0 capture_identity_errors=0 | Avg(ms): wait=20.6 cache=1.4 subsample=23.6 encode=25.0 send=5.7 total=76.3 | JPEG=8699B
I (73579) rc_video: [VIDEO-TX] handoff cap=488 get=977 select_fail=0 finished=488 signal=488 acquire=488 acquire_fail=0 release_fail=0 backup=0/0
I (73579) rc_video: [STABLE-CAPTURE] pause=488/488 timeout=0 quiesce=488 resume=488 lifecycle_errors=0 repairs=309 staged_events=5598 copies=5378 fallback=0 errors=0 prepare=489 stale_queue=0 pending_vsync=264 sync=488 complete=488 incomplete=0 incomplete_blocks=0 hold=488/488 hold_timeout=0
I (75598) rc_net: [CAM-PROBE] Video TX seq=330 jpeg_len=8358 crc32=0x3f153616 chunks=7
I (76373) rc_video: Sent 330 | cap_fps=10.8 send_fps=10.8 capture_size_errors=0 capture_identity_errors=0 | Avg(ms): wait=23.1 cache=1.4 subsample=23.4 encode=24.8 send=5.7 total=78.4 | JPEG=8292B
I (76381) rc_video: [VIDEO-TX] handoff cap=518 get=1036 select_fail=0 finished=518 signal=518 acquire=518 acquire_fail=0 release_fail=0 backup=0/0
I (76393) rc_video: [STABLE-CAPTURE] pause=518/518 timeout=0 quiesce=518 resume=518 lifecycle_errors=0 repairs=339 staged_events=5939 copies=5699 fallback=0 errors=0 prepare=519 stale_queue=0 pending_vsync=272 sync=518 complete=518 incomplete=0 incomplete_blocks=0 hold=518/518 hold_timeout=0
I (78347) rc_net: [CAM-PROBE] Video TX seq=360 jpeg_len=8313 crc32=0xf8d62676 chunks=7
I (79065) rc_video: Sent 360 | cap_fps=11.1 send_fps=11.1 capture_size_errors=0 capture_identity_errors=0 | Avg(ms): wait=16.9 cache=1.5 subsample=23.8 encode=25.4 send=5.7 total=73.4 | JPEG=8315B
I (79072) rc_video: [VIDEO-TX] handoff cap=548 get=1096 select_fail=0 finished=548 signal=548 acquire=548 acquire_fail=0 release_fail=0 backup=0/0
I (79084) rc_video: [STABLE-CAPTURE] pause=548/548 timeout=0 quiesce=548 resume=548 lifecycle_errors=0 repairs=369 staged_events=6292 copies=6029 fallback=0 errors=0 prepare=549 stale_queue=0 pending_vsync=280 sync=548 complete=548 incomplete=0 incomplete_blocks=0 hold=548/548 hold_timeout=0
I (81020) rc_net: [CAM-PROBE] Video TX seq=390 jpeg_len=8294 crc32=0x9bbbbc8b chunks=7
I (81733) rc_video: Sent 390 | cap_fps=11.1 send_fps=11.1 capture_size_errors=0 capture_identity_errors=0 | Avg(ms): wait=16.5 cache=1.4 subsample=23.1 encode=25.5 send=6.0 total=72.5 | JPEG=9073B
I (81733) rc_video: [VIDEO-TX] handoff cap=578 get=1157 select_fail=0 finished=578 signal=578 acquire=578 acquire_fail=0 release_fail=0 backup=0/0
I (81788) rc_video: [STABLE-CAPTURE] pause=579/579 timeout=0 quiesce=578 resume=578 lifecycle_errors=0 repairs=399 staged_events=6654 copies=6369 fallback=0 errors=0 prepare=579 stale_queue=0 pending_vsync=287 sync=579 complete=579 incomplete=0 incomplete_blocks=0 hold=579/579 hold_timeout=0
I (83770) rc_net: [CAM-PROBE] Video TX seq=420 jpeg_len=8968 crc32=0xf4aebcd1 chunks=8
I (84527) rc_video: Sent 420 | cap_fps=10.9 send_fps=10.9 capture_size_errors=0 capture_identity_errors=0 | Avg(ms): wait=21.0 cache=1.4 subsample=23.4 encode=25.5 send=6.2 total=77.5 | JPEG=9146B
I (84535) rc_video: [VIDEO-TX] handoff cap=608 get=1216 select_fail=0 finished=608 signal=608 acquire=608 acquire_fail=0 release_fail=0 backup=0/0
I (84546) rc_video: [STABLE-CAPTURE] pause=608/608 timeout=0 quiesce=608 resume=608 lifecycle_errors=0 repairs=429 staged_events=6995 copies=6689 fallback=0 errors=0 prepare=609 stale_queue=0 pending_vsync=296 sync=608 complete=608 incomplete=0 incomplete_blocks=0 hold=608/608 hold_timeout=0
I (86580) rc_net: [CAM-PROBE] Video TX seq=450 jpeg_len=9134 crc32=0x68992ccd chunks=8
I (87353) rc_video: Sent 450 | cap_fps=10.5 send_fps=10.5 capture_size_errors=0 capture_identity_errors=0 | Avg(ms): wait=23.8 cache=1.5 subsample=23.7 encode=25.4 send=6.4 total=80.8 | JPEG=9574B
I (87353) rc_video: [VIDEO-TX] handoff cap=638 get=1277 select_fail=0 finished=638 signal=638 acquire=638 acquire_fail=0 release_fail=0 backup=0/0
I (87353) rc_video: [STABLE-CAPTURE] pause=638/638 timeout=0 quiesce=638 resume=638 lifecycle_errors=0 repairs=459 staged_events=7352 copies=7028 fallback=0 errors=0 prepare=639 stale_queue=0 pending_vsync=306 sync=638 complete=638 incomplete=0 incomplete_blocks=0 hold=638/638 hold_timeout=0
I (89372) rc_net: [CAM-PROBE] Video TX seq=480 jpeg_len=9476 crc32=0xd8f55800 chunks=8
I (90127) rc_video: Sent 480 | cap_fps=10.8 send_fps=10.8 capture_size_errors=0 capture_identity_errors=0 | Avg(ms): wait=21.1 cache=1.4 subsample=23.3 encode=25.5 send=6.2 total=77.5 | JPEG=9412B
I (90127) rc_video: [VIDEO-TX] handoff cap=668 get=1337 select_fail=0 finished=668 signal=668 acquire=668 acquire_fail=0 release_fail=0 backup=0/0
I (90127) rc_video: [STABLE-CAPTURE] pause=668/668 timeout=0 quiesce=668 resume=668 lifecycle_errors=0 repairs=489 staged_events=7701 copies=7357 fallback=0 errors=0 prepare=669 stale_queue=0 pending_vsync=315 sync=668 complete=668 incomplete=0 incomplete_blocks=0 hold=668/668 hold_timeout=0
W (90396) rc_tank: [DVP-MATRIX] result stage=6 strategy=sync_defer_to_eof11_cold120 complete=671 incomplete=0 incomplete_blocks=0 sync_defer=131 released=131 collisions=0 release_errors=0 defer_hist=0,0,0,0,0,0,0,0,0,1,130 mismatch_hist=0,0,0,1,214,338,149,44,11,20,333 prepare=671 pending=316 hold=671/671 hold_timeout=0
W (90417) rc_tank: [DVP-MATRIX] advance stage=7; restart in 1s
I (91420) wifi:station: 44:1b:f6:f3:ae:40 leave, AID = 1, reason = 2, bss_flags is 756851, bss:0x3fcf13c4
I (91421) wifi:new:<1,0>, old:<1,1>, ap:<1,1>, sta:<255,255>, prof:1, snd_ch_cfg:0x0
I (91428) wifi:<ba-del>idx:2, tid:0
I (91430) wifi:new:<1,1>, old:<1,0>, ap:<1,1>, sta:<255,255>, prof:1, snd_ch_cfg:0x0
I (91439) rc_net: STA disconnected, MAC: 44:1b:f6:f3:ae:40
W (91443) rc_control: Network disconnected: motor stop enforced
W (91448) rc_tank: Network disconnected
W (91459) rc_video: Video send failed: ESP_ERR_INVALID_STATE
W (91548) rc_video: Video send failed: ESP_ERR_INVALID_STATE
W (91628) rc_video: Video send failed: ESP_ERR_INVALID_STATE
W (91707) rc_video: Video send failed: ESP_ERR_INVALID_STATE
W (91789) rc_video: Video send failed: ESP_ERR_INVALID_STATE
W (91865) rc_video: Video send failed: ESP_ERR_INVALID_STATE
W (91944) rc_video: Video send failed: ESP_ERR_INVALID_STATE
W (92023) rc_video: Video send failed: ESP_ERR_INVALID_STATE
W (92106) rc_video: Video send failed: ESP_ERR_INVALID_STATE
W (92185) rc_video: Video send failed: ESP_ERR_INVALID_STATE
W (92264) rc_video: Video send failed: ESP_ERR_INVALID_STATE
W (92343) rc_video: Video send failed: ESP_ERR_INVALID_STATE
W (92419) rc_video: Video send failed: ESP_ERR_INVALID_STATE
W (92498) rc_video: Video send failed: ESP_ERR_INVALID_STATE
W (92578) rc_video: Video send failed: ESP_ERR_INVALID_STATE
W (92660) rc_video: Video send failed: ESP_ERR_INVALID_STATE
W (92739) rc_video: Video send failed: ESP_ERR_INVALID_STATE
W (92815) rc_video: Video send failed: ESP_ERR_INVALID_STATE
W (92894) rc_video: Video send failed: ESP_ERR_INVALID_STATE
W (92973) rc_video: Video send failed: ESP_ERR_INVALID_STATE
W (93053) rc_video: Video send failed: ESP_ERR_INVALID_STATE
W (93132) rc_video: Video send failed: ESP_ERR_INVALID_STATE
W (93211) rc_video: Video send failed: ESP_ERR_INVALID_STATE
W (93290) rc_video: Video send failed: ESP_ERR_INVALID_STATE
W (93372) rc_video: Video send failed: ESP_ERR_INVALID_STATE
W (93448) rc_video: Video send failed: ESP_ERR_INVALID_STATE
W (93527) rc_video: Video send failed: ESP_ERR_INVALID_STATE
W (93607) rc_video: Video send failed: ESP_ERR_INVALID_STATE
W (93689) rc_video: Video send failed: ESP_ERR_INVALID_STATE
W (93768) rc_video: Video send failed: ESP_ERR_INVALID_STATE
W (93844) rc_video: Video send failed: ESP_ERR_INVALID_STATE
W (93923) rc_video: Video send failed: ESP_ERR_INVALID_STATE
W (94006) rc_video: Video send failed: ESP_ERR_INVALID_STATE
W (94085) rc_video: Video send failed: ESP_ERR_INVALID_STATE
W (94161) rc_video: Video send failed: ESP_ERR_INVALID_STATE
W (94240) rc_video: Video send failed: ESP_ERR_INVALID_STATE
W (94319) rc_video: Video send failed: ESP_ERR_INVALID_STATE
W (94398) rc_video: Video send failed: ESP_ERR_INVALID_STATE
W (94477) rc_video: Video send failed: ESP_ERR_INVALID_STATE
W (94557) rc_video: Video send failed: ESP_ERR_INVALID_STATE
I (94610) wifi:flush txq
I (94611) wifi:stop sw txq
I (94611) wifi:lmac stop hw txq
ESP-ROM:esp32s3-20210327
Build:Mar 27 2021
rst:0xc (RTC_SW_CPU_RST),boot:0x3 (DOWNLOAD(USB/UART0))
Saved PC:0x403812c5
waiting for download

[HOST-DVP-MATRIX 13:46:19] SYNC-R2 Tank restart recovery=8

[HOST-DVP-MATRIX 13:46:19] Tank RAM bootloader start
esptool.py v4.12.dev2
Serial port COM7
Connecting.........
Chip is ESP32-S3 (QFN56) (revision v0.2)
Features: WiFi, BLE
Crystal is 40MHz
MAC: 44:1b:f6:f3:ae:78
Uploading stub...
Running stub...
Stub running...
RAM boot...
Downloading 5360 bytes at 3fce2820... done!
Downloading 3364 bytes at 403c8700... done!
Downloading 12016 bytes at 403cb700... done!
All segments done, executing at 403c8924
Exiting immediately.

[HOST-DVP-MATRIX 13:46:24] Tank RAM bootloader complete
t: chip revision: v0.2
I (3439) boot: efuse block revision: v1.3
I (3443) boot.esp32s3: Boot SPI Speed : 80MHz
I (3447) boot.esp32s3: SPI Mode       : SLOW READ
I (3451) boot.esp32s3: SPI Flash Size : 8MB
I (3455) boot: Enabling RNG early entropy source...
I (3460) boot: Partition Table:
I (3463) boot: ## Label            Usage          Type ST Offset   Length
I (3469) boot:  0 nvs              WiFi data        01 02 00009000 00006000
I (3476) boot:  1 phy_init         RF data          01 01 0000f000 00001000
I (3483) boot:  2 factory          factory app      00 00 00010000 00300000
I (3489) boot:  3 storage          Unknown data     01 82 00310000 00100000
I (3496) boot: End of partition table
I (3500) esp_image: segment 0: paddr=00010020 vaddr=3c0a0020 size=24db0h (150960) map
I (3599) esp_image: segment 1: paddr=00034dd8 vaddr=3fca0d00 size=05560h ( 21856) load
I (3613) esp_image: segment 2: paddr=0003a340 vaddr=40374000 size=05cd8h ( 23768) load
I (3629) esp_image: segment 3: paddr=00040020 vaddr=42000020 size=9b798h (636824) map
I (4018) esp_image: segment 4: paddr=000db7c0 vaddr=40379cd8 size=16fe0h ( 94176) load
I (4079) esp_image: segment 5: paddr=000f27a8 vaddr=50000000 size=00020h (    32) load
I (4091) boot: Loaded app from partition at offset 0x10000
I (4091) boot: Disabling RNG early entropy source...
I (4103) esp_psram: Found 8MB PSRAM device
I (4103) esp_psram: Speed: 80MHz
I (4104) cpu_start: Multicore app
I (5021) esp_psram: SPI SRAM memory test OK
I (5030) cpu_start: GPIO 44 and 43 are used as console UART I/O pins
I (5031) cpu_start: Pro cpu start user code
I (5031) cpu_start: cpu freq: 240000000 Hz
I (5033) app_init: Application information:
I (5036) app_init: Project name:     rc_tank_demo
I (5041) app_init: App version:      1
I (5044) app_init: Compile time:     Aug 26 2026 12:18:42
I (5050) app_init: ELF file SHA256:  5f9ce93e0...
I (5054) app_init: ESP-IDF:          GIT-NOTFOUND
I (5058) efuse_init: Min chip rev:     v0.0
I (5062) efuse_init: Max chip rev:     v0.99 
I (5066) efuse_init: Chip rev:         v0.2
I (5070) heap_init: Initializing. RAM available for dynamic allocation:
I (5077) heap_init: At 3FCAA3D0 len 0003F340 (252 KiB): RAM
I (5082) heap_init: At 3FCE9710 len 00005724 (21 KiB): RAM
I (5087) heap_init: At 3FCF0000 len 00008000 (32 KiB): DRAM
I (5092) heap_init: At 600FE000 len 00001FE8 (7 KiB): RTCRAM
I (5098) esp_psram: Adding pool of 8192K of PSRAM memory to heap allocator
I (5106) spi_flash: detected chip: generic
I (5108) spi_flash: flash io: dio
I (5112) sleep_gpio: Configure to isolate all GPIO pins in sleep state
I (5118) sleep_gpio: Enable automatic switching of GPIO sleep configuration
I (5125) main_task: Started on CPU0
I (5149) esp_psram: Reserving pool of 64K of internal memory for DMA/internal allocations
I (5150) main_task: Calling app_main()
I (5164) rc_tank: === RC Tank Demo (EX-035) Role: TANK ===
I (5165) rc_tank: Startup delay 10 s (open serial monitor now)...
I (5165) rc_tank:   starting in 10 s
I (6168) rc_tank:   starting in 9 s
I (7168) rc_tank:   starting in 8 s
I (8168) rc_tank:   starting in 7 s
I (9168) rc_tank:   starting in 6 s
I (10168) rc_tank:   starting in 5 s
I (11168) rc_tank:   starting in 4 s
I (12168) rc_tank:   starting in 3 s
I (13168) rc_tank:   starting in 2 s
I (14168) rc_tank:   starting in 1 s
I (15168) rc_tank: Starting Tank role (P1: network, P2: control, P3: video)
I (15168) board_laiwfs300: init board support package
I (15168) board_laiwfs300: init capability registry
I (15173) board_laiwfs300: init I2C bus: SDA=GPIO48 SCL=GPIO47
I (15179) bus_i2c: I2C0 initialized: SDA=GPIO48 SCL=GPIO47 speed=100000Hz
I (15185) board_laiwfs300: --- I2C bus scan (0x08-0x77) ---
I (15192) board_laiwfs300:   I2C device ACK at 0x15
I (15195) board_laiwfs300:   I2C device ACK at 0x18
I (15200) board_laiwfs300:   I2C device ACK at 0x21
I (15204) board_laiwfs300:   I2C device ACK at 0x22
I (15212) board_laiwfs300:   I2C device ACK at 0x40
I (15215) board_laiwfs300:   I2C device ACK at 0x51
I (15221) board_laiwfs300:   I2C device ACK at 0x68
I (15224) board_laiwfs300: --- I2C scan done: 7 device(s) found ---
W (15228) board_laiwfs300: TPT29555A (IOEX) NOT found at 0x20 (NACK)
I (15234) board_laiwfs300: ES8311 (Codec) found at 0x18
I (15239) board_laiwfs300: ES7210 (ADC) found at 0x40
I (15244) board_laiwfs300: AIP8563 (RTC) found at 0x51
I (15249) board_laiwfs300: BMI260 (IMU @0x68) found at 0x68
W (15254) board_laiwfs300: BMI260 (IMU @0x69) NOT found at 0x69 (NACK)
I (15260) board_laiwfs300: SP0A39 (Camera) found at 0x21
I (15267) board_laiwfs300: ES8311 chip ID: 0x83 0x11
I (15271) board_laiwfs300: ES7210 chip ID: 0x72
I (15276) board_laiwfs300: AIP8563 RTC time: 01:19:36 (BCD raw)
I (15280) board_laiwfs300: BMI260 chip ID: 0x27 (expect 0x27)
I (15285) board_laiwfs300: init SPI bus manager
I (15291) board_laiwfs300: init ADC service
I (15294) board_adc: ADC1 oneshot initialized
I (15298) board_laiwfs300: init board power service
I (15303) board_laiwfs300: ADC D0_DETECT (GPIO1): raw=4095 (~3100 mV)
I (15308) board_laiwfs300: ADC BAT_ADC (GPIO7): raw=1639 (~1240 mV)
I (15314) board_laiwfs300: ADC SW_ADC (GPIO8): raw=4095 (~3100 mV)
I (15320) board_laiwfs300: init IO expander: TPT29555A addr=0x22
I (15329) io_expander: TPT29555A initialized at 0x22
I (15331) board_laiwfs300: IO expander initialized OK
I (15335) board_laiwfs300: init module detect
I (15340) board_laiwfs300: register detection rules
I (15344) board_laiwfs300: register default capabilities
I (15349) board_laiwfs300: board init complete (ioex=OK)
I (15354) rc_tank: [STEP] Motor init starting...
I (15359) board_motor: motor input 1 -> GPIO5 / LEDC channel 0
I (15364) board_motor: motor input 2 -> GPIO4 / LEDC channel 1
I (15370) board_motor: motor input 3 -> GPIO37 / LEDC channel 2
I (15375) board_motor: motor input 4 -> GPIO45 / LEDC channel 3
I (15381) rc_control: Motor initialized
I (15384) rc_tank: [STEP] Motor init OK
I (15388) rc_tank: [STEP] Display init starting...
I (15393) rc_video: Initializing Tank display
I (15398) display_hal: init ST7789V3 LCD 240x320 SPI host=1
E (15543) spi: spi_bus_initialize(816): SPI bus already initialized.
I (15664) display_hal: ST7789V3 LCD initialized
I (15664) board_display: display mapped: MOSI=GPIO13 SCK=GPIO12 CS=GPIO10 DC=GPIO16 BL=GPIO17 LCD_RST=IOEX P1_5 pclk=20000000
I (15669) rc_video: Tank display task started (status screen)
I (15670) rc_video: Tank display initialized (status task owns LCD)
I (15680) rc_tank: [STEP] Display init OK
I (15684) rc_tank: [STEP] Camera init starting...
I (15688) rc_video: Initializing camera (SP0A39 640x480 VYUY)
I (15694) board_camera: initializing SP0A39 camera mode=0 640x480
I (15699) camera_hal: init SP0A39 DVP 640x480 (SCCB manual mode)
I (15705) camera_hal: configuring IOEX pins for camera RESET/PWDN
I (15712) camera_hal: PWDN=HIGH (power down)
I (15725) camera_hal: PWDN=LOW (release sensor)
I (15925) camera_hal: RESET=LOW (assert reset)
I (15945) camera_hal: RESET=HIGH (release reset)
I (16945) camera_hal: full I2C scan after camera power-up (diagnostic only)...
I (16947) camera_hal:   post-powerup ACK at 0x15
I (16947) camera_hal:   post-powerup ACK at 0x18
I (16950) camera_hal:   post-powerup ACK at 0x21
I (16954) camera_hal:   post-powerup ACK at 0x22
I (16962) camera_hal:   post-powerup ACK at 0x40
I (16964) camera_hal:   post-powerup ACK at 0x51
I (16970) camera_hal:   post-powerup ACK at 0x68
I (16973) camera_hal: DVP GPIO diagnostics (checking PCLK/VSYNC/HSYNC activity)...
I (17039) camera_hal: DVP diagnostics: PCLK_changes=0 VSYNC_changes=0 HSYNC_changes=0
W (17039) camera_hal: PCLK has no transitions - MCLK likely not reaching sensor or sensor not active
I (17044) camera_hal: using sensor address 0x21
I (17049) camera_hal: SP0A39 I2C device added at 0x21
I (17055) camera_hal: SP0A39 chip ID: 0x0A39
I (17177) camera_hal: SP0A39 register init done: VYUY 640x480 (359 regs)
I (17178) camera_hal: [CAM-PROBE] SP0A39 p0_31 stage=post_table value=0x00 expected=0x01
E (17180) camera_hal: camera_hal_verify_expected_output_p0_31(92): unexpected p0_31=0x00 at post_table
W (17190) camera_hal: [CAM-PROBE] output state differs after table; continuing: ESP_ERR_INVALID_RESPONSE
I (17219) camera_hal: [CAM-PROBE] SP0A39 p0_31 stage=post_delay value=0x01 expected=0x01
I (17220) camera_hal: camera HAL initialized (sensor ready, DVP capture not yet implemented)
I (17224) board_camera: camera ready
I (17232) camera_hal: SP0A39 output regs: P0:1c=0x00 P0:30=0x01 P0:31=0x01 P1:32=0x15 P1:34=0xeb P1:35=0x00 P1:36=0x10
I (17364) rc_video:   3 DMA-capable PSRAM framebuffers allocated (600 KB each)
I (17367) dvp_ext: DVP Extended camera controller driver is initialized
I (17367) dvp_ext: [STABLE-DVP] assembly uses GDMA-EOF direct copy; dma=102400 half=51200 queue_data_events=suppressed eof_desc=probe
I (17378) rc_video: [STABLE-CAPTURE] staged DVP controller created dma=102400 half=51200
I (17386) rc_video: Camera initialized
I (17390) rc_tank: [STEP] Camera init OK
W (17394) rc_tank: [DVP-MATRIX] pre-network stage=7 strategy=sync_defer_to_eof11 frames=0 sync_defer=1 wifi=off video_tx=not_created
I (17405) rc_tank: [STEP] Network init starting...
I (17411) rc_net: Initializing as SoftAP (Tank)
I (17415) pp: pp rom version: e7ae62f
I (17418) net80211: net80211 rom version: e7ae62f
I (17423) wifi:wifi driver task: 3fce4a90, prio:23, stack:6656, core=0
I (17434) wifi:wifi firmware version: 0947e8b
I (17435) wifi:wifi certification version: v7.0
I (17436) wifi:config NVS flash: enabled
I (17440) wifi:config nano formatting: disabled
I (17444) wifi:Init data frame dynamic rx buffer num: 32
I (17449) wifi:Init static rx mgmt buffer num: 5
I (17453) wifi:Init management short buffer num: 32
I (17458) wifi:Init dynamic tx buffer num: 64
I (17462) wifi:Init static tx FG buffer num: 2
I (17466) wifi:Init static rx buffer size: 1600
I (17471) wifi:Init static rx buffer num: 10
I (17474) wifi:Init dynamic rx buffer num: 32
I (17480) wifi_init: rx ba win: 6
I (17482) wifi_init: accept mbox: 6
I (17485) wifi_init: tcpip mbox: 16
I (17488) wifi_init: udp mbox: 6
I (17491) wifi_init: tcp mbox: 6
I (17494) wifi_init: tcp tx win: 5760
I (17497) wifi_init: tcp rx win: 5760
I (17501) wifi_init: tcp mss: 1440
I (17504) wifi_init: WiFi IRAM OP enabled
I (17507) wifi_init: WiFi RX IRAM OP enabled
I (17512) rc_net: AP set_mode/config, SSID=RC_TANK_F3AE79 ch=1
I (17522) phy_init: phy_version 711,97bcf0a2,Aug 25 2025,19:04:10
I (17560) wifi:mode : softAP (44:1b:f6:f3:ae:79)
I (17565) wifi:Total power save buffer number: 32
I (17566) wifi:Init max length of beacon: 752/752
I (17566) wifi:Init max length of beacon: 752/752
I (17569) rc_net: SoftAP started, SSID: RC_TANK_F3AE79, Password: 12345678
I (17570) esp_netif_lwip: DHCP server started on interface WIFI_AP_DEF with IP: 192.168.4.1
I (17582) rc_tank: [STEP] Network init OK
I (17586) rc_tank: Tank SoftAP ready, waiting for remote...
I (17591) rc_control: Ctrl RX task started
I (17595) rc_control: Tank control started
I (17599) rc_tank: Tank running (video + control; audio disabled)
I (17605) rc_tank: app_main done, idle loop
I (19158) wifi:new:<1,1>, old:<1,1>, ap:<1,1>, sta:<255,255>, prof:1, snd_ch_cfg:0x0
I (19159) wifi:station: 44:1b:f6:f3:ae:40 join, AID=1, bgn, 40U
I (19191) rc_net: STA connected, MAC: 44:1b:f6:f3:ae:40
I (19229) esp_netif_lwip: DHCP server assigned IP to a client, IP is: 192.168.4.2
I (19230) rc_net: STA assigned IP: 192.168.4.2
I (19230) rc_tank: Network connected, peer: 192.168.4.2
W (19236) rc_tank: [DVP-MATRIX] start stage=7 strategy=sync_defer_to_eof11 preflight_frames=0 sync_defer=1 video_tx=not_created
I (19247) rc_net: Ctrl UDP socket bound to port 8001
I (19251) rc_net: Video UDP socket bound to port 8002
I (19257) rc_net: Audio TCP listening on port 8003
I (19260) rc_tank: Socket channels started
I (19264) rc_video: No local preview active; formal video handoff skipped
I (19272) camera_hal: [CAM-PROBE] SP0A39 p0_31 stage=dvp_started value=0x01 expected=0x01
I (19286) rc_video: Video TX task started (240x180, sensor-driven, Q=60)
I (19287) rc_video: TX theory: raw=614400 B/frame, encoded YUV=86400 B/frame, target10fps raw=0.86 MB/s
I (19294) rc_video: PSRAM TX buffers: subsample=86400B jpeg=43200B send=43208B free_psram=5592524 free_internal=59559
I (19295) rc_video: Tank video started (camera source)
I (19304) rc_video: TX buffer caps: subsample=0x3c350120(psram=1) jpeg=0x3c3652a4(psram=1) send=0x3c36fea8(psram=1)
W (19310) rc_tank: [DVP-MATRIX] observe stage=7 strategy=sync_defer_to_eof11 duration_ms=90000 sync_defer=1 under live Q60/UDP load

[HOST-DVP-MATRIX 13:46:40] SYNC-R2 stage=7 visible window begin
I (19391) rc_net: [CAM-PROBE] Video TX seq=0 jpeg_len=9591 crc32=0x56b6ebdf chunks=8
W (19438) rc_net: Video UDP send failed: seq=0 chunk=4/8 bytes=1208 sent=-1 errno=12 attempts=4
W (19439) rc_video: Video send failed: ESP_FAIL
W (19493) rc_video: Video send failed: ESP_FAIL
W (19638) rc_video: Video send failed: ESP_FAIL
W (19690) rc_video: Video send failed: ESP_FAIL
W (19831) rc_video: Video send failed: ESP_FAIL
W (19914) rc_video: Video send failed: ESP_FAIL
W (19968) rc_video: Video send failed: ESP_FAIL
W (20108) rc_video: Video send failed: ESP_FAIL
W (20192) rc_video: Video send failed: ESP_FAIL
W (20245) rc_video: Video send failed: ESP_FAIL
I (20335) wifi:<ba-add>idx:2 (ifx:1, 44:1b:f6:f3:ae:40), tid:0, ssn:0, winSize:64
I (22122) rc_net: [CAM-PROBE] Video TX seq=30 jpeg_len=8295 crc32=0x31e6e9c9 chunks=7
I (22953) rc_video: Sent 30 | cap_fps=10.9 send_fps=8.2 capture_size_errors=0 capture_identity_errors=0 | Avg(ms): wait=21.2 cache=1.5 subsample=23.2 encode=25.5 send=5.8 total=77.2 | JPEG=8629B
I (22953) rc_video: [VIDEO-TX] handoff cap=40 get=81 select_fail=0 finished=40 signal=40 acquire=40 acquire_fail=0 release_fail=0 backup=0/0
I (22953) rc_video: [STABLE-CAPTURE] pause=40/40 timeout=0 quiesce=40 resume=40 lifecycle_errors=0 repairs=40 staged_events=477 copies=449 fallback=0 errors=0 prepare=41 stale_queue=0 pending_vsync=11 sync=40 complete=40 incomplete=0 incomplete_blocks=0 hold=40/40 hold_timeout=0
I (24892) rc_net: [CAM-PROBE] Video TX seq=60 jpeg_len=8399 crc32=0xf11fe4ab chunks=7
I (25706) rc_video: Sent 60 | cap_fps=11.0 send_fps=11.0 capture_size_errors=0 capture_identity_errors=0 | Avg(ms): wait=20.7 cache=1.4 subsample=23.5 encode=25.0 send=5.8 total=76.4 | JPEG=8291B
I (25713) rc_video: [VIDEO-TX] handoff cap=70 get=140 select_fail=0 finished=70 signal=70 acquire=70 acquire_fail=0 release_fail=0 backup=0/0
I (25723) rc_video: [STABLE-CAPTURE] pause=70/70 timeout=0 quiesce=70 resume=70 lifecycle_errors=0 repairs=70 staged_events=820 copies=770 fallback=0 errors=0 prepare=71 stale_queue=0 pending_vsync=20 sync=70 complete=70 incomplete=0 incomplete_blocks=0 hold=70/70 hold_timeout=0
I (27626) rc_net: [CAM-PROBE] Video TX seq=90 jpeg_len=9010 crc32=0x36ad6e65 chunks=8
I (28458) rc_video: Sent 90 | cap_fps=10.8 send_fps=10.8 capture_size_errors=0 capture_identity_errors=0 | Avg(ms): wait=21.3 cache=1.4 subsample=23.3 encode=25.4 send=6.0 total=77.4 | JPEG=8934B
I (28458) rc_video: [VIDEO-TX] handoff cap=100 get=201 select_fail=0 finished=100 signal=100 acquire=100 acquire_fail=0 release_fail=0 backup=0/0
I (28458) rc_video: [STABLE-CAPTURE] pause=100/100 timeout=0 quiesce=100 resume=100 lifecycle_errors=0 repairs=100 staged_events=1180 copies=1110 fallback=0 errors=0 prepare=101 stale_queue=0 pending_vsync=27 sync=100 complete=100 incomplete=0 incomplete_blocks=0 hold=100/100 hold_timeout=0
I (30394) rc_net: [CAM-PROBE] Video TX seq=120 jpeg_len=8627 crc32=0xdd59e158 chunks=8
I (31225) rc_video: Sent 120 | cap_fps=10.8 send_fps=10.8 capture_size_errors=0 capture_identity_errors=0 | Avg(ms): wait=21.3 cache=1.4 subsample=23.7 encode=25.2 send=6.1 total=77.7 | JPEG=8563B
I (31225) rc_video: [VIDEO-TX] handoff cap=130 get=261 select_fail=0 finished=130 signal=130 acquire=130 acquire_fail=0 release_fail=0 backup=0/0
I (31274) rc_video: [STABLE-CAPTURE] pause=130/130 timeout=0 quiesce=130 resume=130 lifecycle_errors=0 repairs=130 staged_events=1531 copies=1441 fallback=0 errors=0 prepare=131 stale_queue=0 pending_vsync=37 sync=131 complete=131 incomplete=0 incomplete_blocks=0 hold=130/130 hold_timeout=0
I (33103) rc_net: [CAM-PROBE] Video TX seq=150 jpeg_len=8355 crc32=0xc897b606 chunks=7
I (33916) rc_video: Sent 150 | cap_fps=11.2 send_fps=11.2 capture_size_errors=0 capture_identity_errors=0 | Avg(ms): wait=16.4 cache=1.5 subsample=23.2 encode=25.4 send=5.9 total=72.4 | JPEG=8601B
I (33916) rc_video: [VIDEO-TX] handoff cap=160 get=321 select_fail=0 finished=160 signal=160 acquire=160 acquire_fail=0 release_fail=0 backup=0/0
I (33916) rc_video: [STABLE-CAPTURE] pause=160/160 timeout=0 quiesce=160 resume=160 lifecycle_errors=0 repairs=160 staged_events=1883 copies=1770 fallback=0 errors=0 prepare=161 stale_queue=0 pending_vsync=43 sync=160 complete=160 incomplete=0 incomplete_blocks=0 hold=160/160 hold_timeout=0
I (35816) rc_net: [CAM-PROBE] Video TX seq=180 jpeg_len=8306 crc32=0x57064e3b chunks=7
I (36608) rc_video: Sent 180 | cap_fps=11.1 send_fps=11.1 capture_size_errors=0 capture_identity_errors=0 | Avg(ms): wait=18.4 cache=1.4 subsample=23.5 encode=25.3 send=5.7 total=74.4 | JPEG=8269B
I (36608) rc_video: [VIDEO-TX] handoff cap=190 get=381 select_fail=0 finished=190 signal=190 acquire=190 acquire_fail=0 release_fail=0 backup=0/0
I (36659) rc_video: [STABLE-CAPTURE] pause=191/191 timeout=0 quiesce=190 resume=190 lifecycle_errors=0 repairs=190 staged_events=2236 copies=2101 fallback=0 errors=0 prepare=191 stale_queue=0 pending_vsync=49 sync=191 complete=191 incomplete=0 incomplete_blocks=0 hold=191/191 hold_timeout=0
I (38508) rc_net: [CAM-PROBE] Video TX seq=210 jpeg_len=8604 crc32=0x7a7d7960 chunks=8
I (39339) rc_video: Sent 210 | cap_fps=11.0 send_fps=11.0 capture_size_errors=0 capture_identity_errors=0 | Avg(ms): wait=19.2 cache=1.5 subsample=23.3 encode=25.0 send=5.8 total=74.8 | JPEG=8533B
I (39339) rc_video: [VIDEO-TX] handoff cap=220 get=441 select_fail=0 finished=220 signal=220 acquire=220 acquire_fail=0 release_fail=0 backup=0/0
I (39339) rc_video: [STABLE-CAPTURE] pause=220/220 timeout=0 quiesce=220 resume=220 lifecycle_errors=0 repairs=220 staged_events=2587 copies=2430 fallback=0 errors=0 prepare=221 stale_queue=0 pending_vsync=57 sync=220 complete=220 incomplete=0 incomplete_blocks=0 hold=220/220 hold_timeout=0
I (41258) rc_net: [CAM-PROBE] Video TX seq=240 jpeg_len=8395 crc32=0x30082673 chunks=7
I (42070) rc_video: Sent 240 | cap_fps=11.0 send_fps=11.0 capture_size_errors=0 capture_identity_errors=0 | Avg(ms): wait=20.3 cache=1.4 subsample=23.6 encode=25.3 send=5.9 total=76.5 | JPEG=8629B
I (42070) rc_video: [VIDEO-TX] handoff cap=250 get=501 select_fail=0 finished=250 signal=250 acquire=250 acquire_fail=0 release_fail=0 backup=0/0
I (42070) rc_video: [STABLE-CAPTURE] pause=250/250 timeout=0 quiesce=250 resume=250 lifecycle_errors=0 repairs=250 staged_events=2938 copies=2760 fallback=0 errors=0 prepare=251 stale_queue=0 pending_vsync=66 sync=250 complete=250 incomplete=0 incomplete_blocks=0 hold=250/250 hold_timeout=0
I (44009) rc_net: [CAM-PROBE] Video TX seq=270 jpeg_len=8844 crc32=0x6ff06af7 chunks=8
I (44840) rc_video: Sent 270 | cap_fps=10.8 send_fps=10.8 capture_size_errors=0 capture_identity_errors=0 | Avg(ms): wait=22.5 cache=1.4 subsample=23.3 encode=25.3 send=6.0 total=78.5 | JPEG=9149B
I (44840) rc_video: [VIDEO-TX] handoff cap=280 get=561 select_fail=0 finished=280 signal=280 acquire=280 acquire_fail=0 release_fail=0 backup=0/0
I (44840) rc_video: [STABLE-CAPTURE] pause=280/280 timeout=0 quiesce=280 resume=280 lifecycle_errors=0 repairs=280 staged_events=3288 copies=3090 fallback=0 errors=0 prepare=281 stale_queue=0 pending_vsync=76 sync=280 complete=280 incomplete=0 incomplete_blocks=0 hold=280/280 hold_timeout=0
I (46740) rc_net: [CAM-PROBE] Video TX seq=300 jpeg_len=8371 crc32=0xe9080a1e chunks=7
I (47571) rc_video: Sent 300 | cap_fps=11.0 send_fps=11.0 capture_size_errors=0 capture_identity_errors=0 | Avg(ms): wait=19.9 cache=1.4 subsample=23.7 encode=25.3 send=5.6 total=75.9 | JPEG=8648B
I (47571) rc_video: [VIDEO-TX] handoff cap=310 get=621 select_fail=0 finished=310 signal=310 acquire=310 acquire_fail=0 release_fail=0 backup=0/0
I (47571) rc_video: [STABLE-CAPTURE] pause=310/310 timeout=0 quiesce=310 resume=310 lifecycle_errors=0 repairs=310 staged_events=3639 copies=3419 fallback=0 errors=0 prepare=311 stale_queue=0 pending_vsync=85 sync=310 complete=310 incomplete=0 incomplete_blocks=0 hold=310/310 hold_timeout=0
I (49514) rc_net: [CAM-PROBE] Video TX seq=330 jpeg_len=8637 crc32=0x7d880b96 chunks=8
I (50345) rc_video: Sent 330 | cap_fps=10.8 send_fps=10.8 capture_size_errors=0 capture_identity_errors=0 | Avg(ms): wait=22.4 cache=1.4 subsample=23.6 encode=25.0 send=5.8 total=78.2 | JPEG=8615B
I (50345) rc_video: [VIDEO-TX] handoff cap=340 get=681 select_fail=0 finished=340 signal=340 acquire=340 acquire_fail=0 release_fail=0 backup=0/0
I (50393) rc_video: [STABLE-CAPTURE] pause=341/341 timeout=0 quiesce=340 resume=340 lifecycle_errors=0 repairs=340 staged_events=3992 copies=3751 fallback=0 errors=0 prepare=341 stale_queue=0 pending_vsync=93 sync=341 complete=341 incomplete=0 incomplete_blocks=0 hold=341/341 hold_timeout=0
I (52242) rc_net: [CAM-PROBE] Video TX seq=360 jpeg_len=8399 crc32=0xa615dff2 chunks=7
I (53033) rc_video: Sent 360 | cap_fps=11.1 send_fps=11.1 capture_size_errors=0 capture_identity_errors=0 | Avg(ms): wait=17.7 cache=1.4 subsample=23.2 encode=25.2 send=5.7 total=73.3 | JPEG=8347B
I (53033) rc_video: [VIDEO-TX] handoff cap=370 get=741 select_fail=0 finished=370 signal=370 acquire=370 acquire_fail=0 release_fail=0 backup=0/0
I (53079) rc_video: [STABLE-CAPTURE] pause=370/370 timeout=0 quiesce=370 resume=370 lifecycle_errors=0 repairs=370 staged_events=4345 copies=4081 fallback=0 errors=0 prepare=371 stale_queue=0 pending_vsync=101 sync=371 complete=371 incomplete=0 incomplete_blocks=0 hold=370/370 hold_timeout=0
W (53652) rc_net: Video UDP send failed: seq=376 chunk=1/7 bytes=1208 sent=-1 errno=12 attempts=4
W (53653) rc_video: Video send failed: ESP_FAIL
I (54897) rc_net: [CAM-PROBE] Video TX seq=390 jpeg_len=9168 crc32=0x9829d044 chunks=8
I (55804) rc_video: Sent 390 | cap_fps=11.2 send_fps=10.8 capture_size_errors=0 capture_identity_errors=0 | Avg(ms): wait=16.0 cache=1.4 subsample=23.3 encode=25.8 send=7.6 total=74.1 | JPEG=8568B
I (55804) rc_video: [VIDEO-TX] handoff cap=401 get=803 select_fail=0 finished=401 signal=401 acquire=401 acquire_fail=0 release_fail=0 backup=0/0
I (55852) rc_video: [STABLE-CAPTURE] pause=401/401 timeout=0 quiesce=401 resume=401 lifecycle_errors=0 repairs=401 staged_events=4709 copies=4422 fallback=0 errors=0 prepare=402 stale_queue=0 pending_vsync=109 sync=402 complete=402 incomplete=0 incomplete_blocks=0 hold=401/401 hold_timeout=0
I (57664) rc_net: [CAM-PROBE] Video TX seq=420 jpeg_len=8597 crc32=0x690fe897 chunks=8
I (58535) rc_video: Sent 420 | cap_fps=11.0 send_fps=11.0 capture_size_errors=0 capture_identity_errors=0 | Avg(ms): wait=18.7 cache=1.4 subsample=23.0 encode=25.5 send=7.1 total=75.6 | JPEG=9183B
I (58535) rc_video: [VIDEO-TX] handoff cap=431 get=863 select_fail=0 finished=431 signal=431 acquire=431 acquire_fail=0 release_fail=0 backup=0/0
I (58535) rc_video: [STABLE-CAPTURE] pause=431/431 timeout=0 quiesce=431 resume=431 lifecycle_errors=0 repairs=431 staged_events=5059 copies=4750 fallback=0 errors=0 prepare=432 stale_queue=0 pending_vsync=118 sync=431 complete=431 incomplete=0 incomplete_blocks=0 hold=431/431 hold_timeout=0
I (60355) rc_net: [CAM-PROBE] Video TX seq=450 jpeg_len=9124 crc32=0x8ccfa5f1 chunks=8
I (61305) rc_video: Sent 450 | cap_fps=10.8 send_fps=10.8 capture_size_errors=0 capture_identity_errors=0 | Avg(ms): wait=22.1 cache=1.4 subsample=23.6 encode=25.4 send=6.1 total=78.7 | JPEG=8656B
I (61305) rc_video: [VIDEO-TX] handoff cap=461 get=923 select_fail=0 finished=461 signal=461 acquire=461 acquire_fail=0 release_fail=0 backup=0/0
I (61355) rc_video: [STABLE-CAPTURE] pause=461/461 timeout=0 quiesce=461 resume=461 lifecycle_errors=0 repairs=461 staged_events=5412 copies=5082 fallback=0 errors=0 prepare=462 stale_queue=0 pending_vsync=127 sync=462 complete=462 incomplete=0 incomplete_blocks=0 hold=461/461 hold_timeout=0
W (61795) rc_net: Video UDP send failed: seq=465 chunk=6/8 bytes=1208 sent=-1 errno=12 attempts=4
W (61796) rc_video: Video send failed: ESP_FAIL
W (61850) rc_video: Video send failed: ESP_FAIL
I (63105) rc_net: [CAM-PROBE] Video TX seq=480 jpeg_len=8597 crc32=0xa3432849 chunks=8
I (64155) rc_video: Sent 480 | cap_fps=11.2 send_fps=10.5 capture_size_errors=0 capture_identity_errors=0 | Avg(ms): wait=16.4 cache=1.5 subsample=23.3 encode=25.9 send=6.0 total=72.9 | JPEG=8280B
I (64155) rc_video: [VIDEO-TX] handoff cap=493 get=987 select_fail=0 finished=493 signal=493 acquire=493 acquire_fail=0 release_fail=0 backup=0/0
I (64206) rc_video: [STABLE-CAPTURE] pause=494/494 timeout=0 quiesce=493 resume=493 lifecycle_errors=0 repairs=493 staged_events=5789 copies=5434 fallback=0 errors=0 prepare=494 stale_queue=0 pending_vsync=132 sync=494 complete=494 incomplete=0 incomplete_blocks=0 hold=494/494 hold_timeout=0
I (65817) rc_net: [CAM-PROBE] Video TX seq=510 jpeg_len=8701 crc32=0xae16644d chunks=8
I (66909) rc_video: Sent 510 | cap_fps=11.0 send_fps=11.0 capture_size_errors=0 capture_identity_errors=0 | Avg(ms): wait=18.3 cache=1.5 subsample=23.6 encode=25.1 send=5.8 total=74.2 | JPEG=8262B
I (66917) rc_video: [VIDEO-TX] handoff cap=523 get=1046 select_fail=0 finished=523 signal=523 acquire=523 acquire_fail=0 release_fail=0 backup=0/0
I (66929) rc_video: [STABLE-CAPTURE] pause=523/523 timeout=0 quiesce=523 resume=523 lifecycle_errors=0 repairs=523 staged_events=6131 copies=5754 fallback=0 errors=0 prepare=524 stale_queue=0 pending_vsync=142 sync=523 complete=523 incomplete=0 incomplete_blocks=0 hold=523/523 hold_timeout=0
I (68526) rc_net: [CAM-PROBE] Video TX seq=540 jpeg_len=8359 crc32=0x0019be47 chunks=7
I (69640) rc_video: Sent 540 | cap_fps=11.0 send_fps=11.0 capture_size_errors=0 capture_identity_errors=0 | Avg(ms): wait=19.4 cache=1.5 subsample=23.2 encode=25.1 send=5.7 total=74.9 | JPEG=8330B
I (69647) rc_video: [VIDEO-TX] handoff cap=553 get=1106 select_fail=0 finished=553 signal=553 acquire=553 acquire_fail=0 release_fail=0 backup=0/0
I (69660) rc_video: [STABLE-CAPTURE] pause=553/553 timeout=0 quiesce=553 resume=553 lifecycle_errors=0 repairs=553 staged_events=6482 copies=6084 fallback=0 errors=0 prepare=554 stale_queue=0 pending_vsync=151 sync=553 complete=553 incomplete=0 incomplete_blocks=0 hold=553/553 hold_timeout=0
W (70579) rc_net: Video UDP send failed: seq=562 chunk=7/7 bytes=1160 sent=-1 errno=12 attempts=4
W (70580) rc_video: Video send failed: ESP_FAIL
W (70635) rc_video: Video send failed: ESP_FAIL
W (70776) rc_video: Video send failed: ESP_FAIL
I (71279) rc_net: [CAM-PROBE] Video TX seq=570 jpeg_len=8320 crc32=0x1b2dcfb6 chunks=7
I (72625) rc_video: Sent 570 | cap_fps=11.0 send_fps=10.0 capture_size_errors=0 capture_identity_errors=0 | Avg(ms): wait=18.9 cache=1.4 subsample=23.7 encode=25.3 send=6.5 total=75.9 | JPEG=8168B
I (72625) rc_video: [VIDEO-TX] handoff cap=586 get=1173 select_fail=0 finished=586 signal=586 acquire=586 acquire_fail=0 release_fail=0 backup=0/0
I (72677) rc_video: [STABLE-CAPTURE] pause=587/587 timeout=0 quiesce=586 resume=586 lifecycle_errors=0 repairs=586 staged_events=6878 copies=6457 fallback=0 errors=0 prepare=587 stale_queue=0 pending_vsync=159 sync=587 complete=587 incomplete=0 incomplete_blocks=0 hold=587/587 hold_timeout=0
I (73990) rc_net: [CAM-PROBE] Video TX seq=600 jpeg_len=8087 crc32=0x512c8ab4 chunks=7
I (75356) rc_video: Sent 600 | cap_fps=11.0 send_fps=11.0 capture_size_errors=0 capture_identity_errors=0 | Avg(ms): wait=18.9 cache=1.4 subsample=23.3 encode=24.9 send=5.4 total=73.9 | JPEG=7750B
I (75356) rc_video: [VIDEO-TX] handoff cap=616 get=1233 select_fail=0 finished=616 signal=616 acquire=616 acquire_fail=0 release_fail=0 backup=0/0
I (75356) rc_video: [STABLE-CAPTURE] pause=616/616 timeout=0 quiesce=616 resume=616 lifecycle_errors=0 repairs=616 staged_events=7228 copies=6785 fallback=0 errors=0 prepare=617 stale_queue=0 pending_vsync=167 sync=616 complete=616 incomplete=0 incomplete_blocks=0 hold=616/616 hold_timeout=0
I (76722) rc_net: [CAM-PROBE] Video TX seq=630 jpeg_len=7589 crc32=0x2c893d2f chunks=7
I (78090) rc_video: Sent 630 | cap_fps=11.0 send_fps=11.0 capture_size_errors=0 capture_identity_errors=0 | Avg(ms): wait=19.9 cache=1.5 subsample=23.6 encode=24.8 send=6.3 total=76.1 | JPEG=8776B
I (78090) rc_video: [VIDEO-TX] handoff cap=646 get=1293 select_fail=0 finished=646 signal=646 acquire=646 acquire_fail=0 release_fail=0 backup=0/0
I (78090) rc_video: [STABLE-CAPTURE] pause=646/646 timeout=0 quiesce=646 resume=646 lifecycle_errors=0 repairs=646 staged_events=7580 copies=7115 fallback=0 errors=0 prepare=647 stale_queue=0 pending_vsync=176 sync=646 complete=646 incomplete=0 incomplete_blocks=0 hold=646/646 hold_timeout=0
I (79475) rc_net: [CAM-PROBE] Video TX seq=660 jpeg_len=8755 crc32=0x1b644038 chunks=8
I (80839) rc_video: Sent 660 | cap_fps=11.0 send_fps=11.0 capture_size_errors=0 capture_identity_errors=0 | Avg(ms): wait=20.8 cache=1.4 subsample=23.2 encode=24.9 send=5.7 total=76.0 | JPEG=8400B
I (80847) rc_video: [VIDEO-TX] handoff cap=676 get=1352 select_fail=0 finished=676 signal=676 acquire=676 acquire_fail=0 release_fail=0 backup=0/0
I (80858) rc_video: [STABLE-CAPTURE] pause=676/676 timeout=0 quiesce=676 resume=676 lifecycle_errors=0 repairs=676 staged_events=7922 copies=7436 fallback=0 errors=0 prepare=677 stale_queue=0 pending_vsync=186 sync=676 complete=676 incomplete=0 incomplete_blocks=0 hold=676/676 hold_timeout=0
I (82164) rc_net: [CAM-PROBE] Video TX seq=690 jpeg_len=8395 crc32=0xd891f571 chunks=7
I (83493) rc_video: Sent 690 | cap_fps=11.3 send_fps=11.3 capture_size_errors=0 capture_identity_errors=0 | Avg(ms): wait=15.0 cache=1.4 subsample=23.3 encode=25.8 send=6.5 total=72.0 | JPEG=8431B
I (83501) rc_video: [VIDEO-TX] handoff cap=706 get=1412 select_fail=0 finished=706 signal=706 acquire=706 acquire_fail=0 release_fail=0 backup=0/0
I (83513) rc_video: [STABLE-CAPTURE] pause=706/706 timeout=0 quiesce=706 resume=706 lifecycle_errors=0 repairs=706 staged_events=8276 copies=7767 fallback=0 errors=0 prepare=707 stale_queue=0 pending_vsync=193 sync=706 complete=706 incomplete=0 incomplete_blocks=0 hold=706/706 hold_timeout=0
I (84815) rc_net: [CAM-PROBE] Video TX seq=720 jpeg_len=8459 crc32=0xbb04eaa4 chunks=8
I (86161) rc_video: Sent 720 | cap_fps=11.2 send_fps=11.2 capture_size_errors=0 capture_identity_errors=0 | Avg(ms): wait=17.0 cache=1.4 subsample=23.3 encode=25.5 send=5.9 total=73.2 | JPEG=8877B
I (86161) rc_video: [VIDEO-TX] handoff cap=736 get=1473 select_fail=0 finished=736 signal=736 acquire=736 acquire_fail=0 release_fail=0 backup=0/0
I (86161) rc_video: [STABLE-CAPTURE] pause=736/736 timeout=0 quiesce=736 resume=736 lifecycle_errors=0 repairs=736 staged_events=8637 copies=8106 fallback=0 errors=0 prepare=737 stale_queue=0 pending_vsync=200 sync=736 complete=736 incomplete=0 incomplete_blocks=0 hold=736/736 hold_timeout=0
I (87546) rc_net: [CAM-PROBE] Video TX seq=750 jpeg_len=8836 crc32=0x87de0ee5 chunks=8
I (88892) rc_video: Sent 750 | cap_fps=11.0 send_fps=11.0 capture_size_errors=0 capture_identity_errors=0 | Avg(ms): wait=19.0 cache=1.4 subsample=23.2 encode=25.3 send=7.6 total=76.5 | JPEG=8082B
I (88892) rc_video: [VIDEO-TX] handoff cap=766 get=1533 select_fail=0 finished=766 signal=766 acquire=766 acquire_fail=0 release_fail=0 backup=0/0
I (88939) rc_video: [STABLE-CAPTURE] pause=766/766 timeout=0 quiesce=766 resume=766 lifecycle_errors=0 repairs=766 staged_events=8989 copies=8437 fallback=0 errors=0 prepare=767 stale_queue=0 pending_vsync=209 sync=767 complete=767 incomplete=0 incomplete_blocks=0 hold=766/766 hold_timeout=0
I (90255) rc_net: [CAM-PROBE] Video TX seq=780 jpeg_len=7268 crc32=0x055a1ef9 chunks=7
I (91584) rc_video: Sent 780 | cap_fps=11.1 send_fps=11.1 capture_size_errors=0 capture_identity_errors=0 | Avg(ms): wait=17.8 cache=1.4 subsample=23.7 encode=24.7 send=5.3 total=73.0 | JPEG=8166B
I (91584) rc_video: [VIDEO-TX] handoff cap=796 get=1593 select_fail=0 finished=796 signal=796 acquire=796 acquire_fail=0 release_fail=0 backup=0/0
I (91636) rc_video: [STABLE-CAPTURE] pause=797/797 timeout=0 quiesce=796 resume=796 lifecycle_errors=0 repairs=796 staged_events=9342 copies=8767 fallback=0 errors=0 prepare=797 stale_queue=0 pending_vsync=216 sync=797 complete=797 incomplete=0 incomplete_blocks=0 hold=797/797 hold_timeout=0
I (92969) rc_net: [CAM-PROBE] Video TX seq=810 jpeg_len=8128 crc32=0x0786cfaf chunks=7
I (94275) rc_video: Sent 810 | cap_fps=11.2 send_fps=11.2 capture_size_errors=0 capture_identity_errors=0 | Avg(ms): wait=18.3 cache=1.4 subsample=23.2 encode=24.9 send=5.3 total=73.1 | JPEG=6977B
I (94275) rc_video: [VIDEO-TX] handoff cap=826 get=1653 select_fail=0 finished=826 signal=826 acquire=826 acquire_fail=0 release_fail=0 backup=0/0
I (94321) rc_video: [STABLE-CAPTURE] pause=826/826 timeout=0 quiesce=826 resume=826 lifecycle_errors=0 repairs=826 staged_events=9695 copies=9097 fallback=0 errors=0 prepare=827 stale_queue=0 pending_vsync=221 sync=827 complete=827 incomplete=0 incomplete_blocks=0 hold=826/826 hold_timeout=0
I (95541) rc_net: [CAM-PROBE] Video TX seq=840 jpeg_len=6938 crc32=0x0a36845f chunks=6
I (96887) rc_video: Sent 840 | cap_fps=11.5 send_fps=11.5 capture_size_errors=0 capture_identity_errors=0 | Avg(ms): wait=13.7 cache=1.4 subsample=23.5 encode=24.6 send=5.7 total=68.9 | JPEG=7023B
I (96887) rc_video: [VIDEO-TX] handoff cap=856 get=1713 select_fail=0 finished=856 signal=856 acquire=856 acquire_fail=0 release_fail=0 backup=0/0
I (96939) rc_video: [STABLE-CAPTURE] pause=857/857 timeout=0 quiesce=856 resume=856 lifecycle_errors=0 repairs=856 staged_events=10050 copies=9427 fallback=0 errors=0 prepare=857 stale_queue=0 pending_vsync=226 sync=857 complete=857 incomplete=0 incomplete_blocks=0 hold=857/857 hold_timeout=0
I (98233) rc_net: [CAM-PROBE] Video TX seq=870 jpeg_len=7255 crc32=0xa558be2e chunks=7
I (99579) rc_video: Sent 870 | cap_fps=11.2 send_fps=11.2 capture_size_errors=0 capture_identity_errors=0 | Avg(ms): wait=18.1 cache=1.4 subsample=23.4 encode=24.3 send=6.4 total=73.6 | JPEG=7127B
I (99579) rc_video: [VIDEO-TX] handoff cap=886 get=1773 select_fail=0 finished=886 signal=886 acquire=886 acquire_fail=0 release_fail=0 backup=0/0
I (99579) rc_video: [STABLE-CAPTURE] pause=886/886 timeout=0 quiesce=886 resume=886 lifecycle_errors=0 repairs=886 staged_events=10400 copies=9755 fallback=0 errors=0 prepare=887 stale_queue=0 pending_vsync=233 sync=886 complete=886 incomplete=0 incomplete_blocks=0 hold=886/886 hold_timeout=0
I (100924) rc_net: [CAM-PROBE] Video TX seq=900 jpeg_len=6401 crc32=0xe9917598 chunks=6
I (102270) rc_video: Sent 900 | cap_fps=11.1 send_fps=11.1 capture_size_errors=0 capture_identity_errors=0 | Avg(ms): wait=21.0 cache=1.5 subsample=23.4 encode=23.7 send=5.6 total=75.2 | JPEG=8727B
I (102270) rc_video: [VIDEO-TX] handoff cap=916 get=1833 select_fail=0 finished=916 signal=916 acquire=916 acquire_fail=0 release_fail=0 backup=0/0
I (102270) rc_video: [STABLE-CAPTURE] pause=916/916 timeout=0 quiesce=916 resume=916 lifecycle_errors=0 repairs=916 staged_events=10753 copies=10086 fallback=0 errors=0 prepare=917 stale_queue=0 pending_vsync=241 sync=916 complete=916 incomplete=0 incomplete_blocks=0 hold=916/916 hold_timeout=0
I (103655) rc_net: [CAM-PROBE] Video TX seq=930 jpeg_len=8974 crc32=0xdf11c27a chunks=8
I (105023) rc_video: Sent 930 | cap_fps=11.0 send_fps=11.0 capture_size_errors=0 capture_identity_errors=0 | Avg(ms): wait=20.6 cache=1.5 subsample=23.3 encode=25.1 send=5.7 total=76.1 | JPEG=8388B
I (105030) rc_video: [VIDEO-TX] handoff cap=946 get=1892 select_fail=0 finished=946 signal=946 acquire=946 acquire_fail=0 release_fail=0 backup=0/0
I (105041) rc_video: [STABLE-CAPTURE] pause=946/946 timeout=0 quiesce=946 resume=946 lifecycle_errors=0 repairs=946 staged_events=11094 copies=10406 fallback=0 errors=0 prepare=947 stale_queue=0 pending_vsync=250 sync=946 complete=946 incomplete=0 incomplete_blocks=0 hold=946/946 hold_timeout=0
I (106386) rc_net: [CAM-PROBE] Video TX seq=960 jpeg_len=8949 crc32=0x607b75ad chunks=8
I (107771) rc_video: Sent 960 | cap_fps=10.8 send_fps=10.8 capture_size_errors=0 capture_identity_errors=0 | Avg(ms): wait=20.9 cache=1.4 subsample=23.6 encode=25.3 send=5.7 total=76.9 | JPEG=8315B
I (107771) rc_video: [VIDEO-TX] handoff cap=976 get=1953 select_fail=0 finished=976 signal=976 acquire=976 acquire_fail=0 release_fail=0 backup=0/0
I (107822) rc_video: [STABLE-CAPTURE] pause=977/977 timeout=0 quiesce=976 resume=976 lifecycle_errors=0 repairs=976 staged_events=11456 copies=10747 fallback=0 errors=0 prepare=977 stale_queue=0 pending_vsync=259 sync=977 complete=977 incomplete=0 incomplete_blocks=0 hold=977/977 hold_timeout=0
I (109157) rc_net: [CAM-PROBE] Video TX seq=990 jpeg_len=8859 crc32=0xf1e7179e chunks=8
W (109315) rc_tank: [DVP-MATRIX] result stage=7 strategy=sync_defer_to_eof11 complete=993 incomplete=0 incomplete_blocks=0 sync_defer=273 released=273 collisions=0 release_errors=0 defer_hist=0,0,0,0,0,0,0,0,0,1,272 mismatch_hist=0,0,0,3,478,702,285,114,43,28,289 prepare=993 pending=263 hold=992/992 hold_timeout=0
W (109336) rc_tank: [DVP-MATRIX] confirmation complete strategy=sync_defer_to_eof11; automatic restarts stopped

[HOST-DVP-MATRIX 13:48:10] SYNC-R2 confirmation complete; hold 30s
I (110542) rc_video: Sent 990 | cap_fps=10.8 send_fps=10.8 capture_size_errors=0 capture_identity_errors=0 | Avg(ms): wait=21.3 cache=1.4 subsample=23.5 encode=25.1 send=5.8 total=77.2 | JPEG=8314B
I (110542) rc_video: [VIDEO-TX] handoff cap=1006 get=2013 select_fail=0 finished=1006 signal=1006 acquire=1006 acquire_fail=0 release_fail=0 backup=0/0
I (110594) rc_video: [STABLE-CAPTURE] pause=1007/1007 timeout=0 quiesce=1006 resume=1006 lifecycle_errors=0 repairs=1006 staged_events=11807 copies=11077 fallback=0 errors=0 prepare=1007 stale_queue=0 pending_vsync=266 sync=1007 complete=1007 incomplete=0 incomplete_blocks=0 hold=1007/1007 hold_timeout=0
I (111927) rc_net: [CAM-PROBE] Video TX seq=1020 jpeg_len=8939 crc32=0x58632d2a chunks=8
I (113313) rc_video: Sent 1020 | cap_fps=10.8 send_fps=10.8 capture_size_errors=0 capture_identity_errors=0 | Avg(ms): wait=20.6 cache=1.4 subsample=23.6 encode=25.2 send=6.9 total=77.6 | JPEG=8335B
I (113313) rc_video: [VIDEO-TX] handoff cap=1036 get=2073 select_fail=0 finished=1036 signal=1036 acquire=1036 acquire_fail=0 release_fail=0 backup=0/0
I (113361) rc_video: [STABLE-CAPTURE] pause=1036/1036 timeout=0 quiesce=1036 resume=1036 lifecycle_errors=0 repairs=1036 staged_events=12158 copies=11407 fallback=0 errors=0 prepare=1037 stale_queue=0 pending_vsync=273 sync=1037 complete=1037 incomplete=0 incomplete_blocks=0 hold=1036/1036 hold_timeout=0
I (114701) rc_net: [CAM-PROBE] Video TX seq=1050 jpeg_len=8907 crc32=0xe9dcfaa0 chunks=8
I (116066) rc_video: Sent 1050 | cap_fps=11.0 send_fps=11.0 capture_size_errors=0 capture_identity_errors=0 | Avg(ms): wait=19.2 cache=1.5 subsample=23.3 encode=25.2 send=5.8 total=74.9 | JPEG=8352B
I (116073) rc_video: [VIDEO-TX] handoff cap=1066 get=2132 select_fail=0 finished=1066 signal=1066 acquire=1066 acquire_fail=0 release_fail=0 backup=0/0
I (116086) rc_video: [STABLE-CAPTURE] pause=1066/1066 timeout=0 quiesce=1066 resume=1066 lifecycle_errors=0 repairs=1066 staged_events=12500 copies=11727 fallback=0 errors=0 prepare=1067 stale_queue=0 pending_vsync=280 sync=1066 complete=1066 incomplete=0 incomplete_blocks=0 hold=1066/1066 hold_timeout=0
I (117429) rc_net: [CAM-PROBE] Video TX seq=1080 jpeg_len=8351 crc32=0x626effcd chunks=7
I (118817) rc_video: Sent 1080 | cap_fps=10.8 send_fps=10.8 capture_size_errors=0 capture_identity_errors=0 | Avg(ms): wait=21.7 cache=1.4 subsample=23.4 encode=25.3 send=5.9 total=77.6 | JPEG=8922B
I (118817) rc_video: [VIDEO-TX] handoff cap=1096 get=2193 select_fail=0 finished=1096 signal=1096 acquire=1096 acquire_fail=0 release_fail=0 backup=0/0
I (118817) rc_video: [STABLE-CAPTURE] pause=1096/1096 timeout=0 quiesce=1096 resume=1096 lifecycle_errors=0 repairs=1096 staged_events=12859 copies=12066 fallback=0 errors=0 prepare=1097 stale_queue=0 pending_vsync=289 sync=1096 complete=1096 incomplete=0 incomplete_blocks=0 hold=1096/1096 hold_timeout=0
I (120163) rc_net: [CAM-PROBE] Video TX seq=1110 jpeg_len=8852 crc32=0x0e9e20d9 chunks=8
I (121506) rc_video: Sent 1110 | cap_fps=11.1 send_fps=11.1 capture_size_errors=0 capture_identity_errors=0 | Avg(ms): wait=18.2 cache=1.4 subsample=23.3 encode=25.4 send=5.6 total=73.9 | JPEG=8323B
I (121506) rc_video: [VIDEO-TX] handoff cap=1126 get=2253 select_fail=0 finished=1126 signal=1126 acquire=1126 acquire_fail=0 release_fail=0 backup=0/0
I (121555) rc_video: [STABLE-CAPTURE] pause=1126/1126 timeout=0 quiesce=1126 resume=1126 lifecycle_errors=0 repairs=1126 staged_events=13212 copies=12397 fallback=0 errors=0 prepare=1127 stale_queue=0 pending_vsync=296 sync=1127 complete=1127 incomplete=0 incomplete_blocks=0 hold=1126/1126 hold_timeout=0
I (122891) rc_net: [CAM-PROBE] Video TX seq=1140 jpeg_len=8308 crc32=0xedf1da2b chunks=7
I (124237) rc_video: Sent 1140 | cap_fps=11.0 send_fps=11.0 capture_size_errors=0 capture_identity_errors=0 | Avg(ms): wait=19.3 cache=1.4 subsample=23.5 encode=25.3 send=5.9 total=75.4 | JPEG=8326B
I (124237) rc_video: [VIDEO-TX] handoff cap=1156 get=2313 select_fail=0 finished=1156 signal=1156 acquire=1156 acquire_fail=0 release_fail=0 backup=0/0
I (124287) rc_video: [STABLE-CAPTURE] pause=1157/1157 timeout=0 quiesce=1156 resume=1156 lifecycle_errors=0 repairs=1156 staged_events=13564 copies=12727 fallback=0 errors=0 prepare=1157 stale_queue=0 pending_vsync=304 sync=1157 complete=1157 incomplete=0 incomplete_blocks=0 hold=1157/1157 hold_timeout=0
I (125582) rc_net: [CAM-PROBE] Video TX seq=1170 jpeg_len=8371 crc32=0x35945b2d chunks=7
I (126928) rc_video: Sent 1170 | cap_fps=11.1 send_fps=11.1 capture_size_errors=0 capture_identity_errors=0 | Avg(ms): wait=17.1 cache=1.4 subsample=23.4 encode=25.6 send=5.8 total=73.3 | JPEG=8314B
I (126928) rc_video: [VIDEO-TX] handoff cap=1186 get=2373 select_fail=0 finished=1186 signal=1186 acquire=1186 acquire_fail=0 release_fail=0 backup=0/0
I (126980) rc_video: [STABLE-CAPTURE] pause=1187/1187 timeout=0 quiesce=1186 resume=1186 lifecycle_errors=0 repairs=1186 staged_events=13917 copies=13057 fallback=0 errors=0 prepare=1187 stale_queue=0 pending_vsync=311 sync=1187 complete=1187 incomplete=0 incomplete_blocks=0 hold=1187/1187 hold_timeout=0
I (128313) rc_net: [CAM-PROBE] Video TX seq=1200 jpeg_len=8930 crc32=0x82556088 chunks=8
I (129698) rc_video: Sent 1200 | cap_fps=10.8 send_fps=10.8 capture_size_errors=0 capture_identity_errors=0 | Avg(ms): wait=20.6 cache=1.4 subsample=23.4 encode=25.2 send=5.8 total=76.5 | JPEG=8345B
I (129698) rc_video: [VIDEO-TX] handoff cap=1216 get=2433 select_fail=0 finished=1216 signal=1216 acquire=1216 acquire_fail=0 release_fail=0 backup=0/0
I (129747) rc_video: [STABLE-CAPTURE] pause=1216/1216 timeout=0 quiesce=1216 resume=1216 lifecycle_errors=0 repairs=1216 staged_events=14268 copies=13387 fallback=0 errors=0 prepare=1217 stale_queue=0 pending_vsync=319 sync=1217 complete=1217 incomplete=0 incomplete_blocks=0 hold=1216/1216 hold_timeout=0
I (131084) rc_net: [CAM-PROBE] Video TX seq=1230 jpeg_len=8346 crc32=0xd938009f chunks=7
I (132433) rc_video: Sent 1230 | cap_fps=11.0 send_fps=11.0 capture_size_errors=0 capture_identity_errors=0 | Avg(ms): wait=18.9 cache=1.4 subsample=23.3 encode=25.4 send=7.3 total=76.2 | JPEG=8951B
I (132433) rc_video: [VIDEO-TX] handoff cap=1246 get=2493 select_fail=0 finished=1246 signal=1246 acquire=1246 acquire_fail=0 release_fail=0 backup=0/0
I (132433) rc_video: [STABLE-CAPTURE] pause=1246/1246 timeout=0 quiesce=1246 resume=1246 lifecycle_errors=0 repairs=1246 staged_events=14619 copies=13716 fallback=0 errors=0 prepare=1247 stale_queue=0 pending_vsync=327 sync=1246 complete=1246 incomplete=0 incomplete_blocks=0 hold=1246/1246 hold_timeout=0
I (133815) rc_net: [CAM-PROBE] Video TX seq=1260 jpeg_len=8341 crc32=0xc7c29a5a chunks=7
I (135183) rc_video: Sent 1260 | cap_fps=11.0 send_fps=11.0 capture_size_errors=0 capture_identity_errors=0 | Avg(ms): wait=18.9 cache=1.4 subsample=23.5 encode=25.1 send=5.9 total=74.8 | JPEG=8359B
I (135191) rc_video: [VIDEO-TX] handoff cap=1276 get=2552 select_fail=0 finished=1276 signal=1276 acquire=1276 acquire_fail=0 release_fail=0 backup=0/0
I (135203) rc_video: [STABLE-CAPTURE] pause=1276/1276 timeout=0 quiesce=1276 resume=1276 lifecycle_errors=0 repairs=1276 staged_events=14962 copies=14037 fallback=0 errors=0 prepare=1277 stale_queue=0 pending_vsync=337 sync=1276 complete=1276 incomplete=0 incomplete_blocks=0 hold=1276/1276 hold_timeout=0
I (136506) rc_net: [CAM-PROBE] Video TX seq=1290 jpeg_len=8333 crc32=0xc8754810 chunks=7
I (137891) rc_video: Sent 1290 | cap_fps=11.0 send_fps=11.0 capture_size_errors=0 capture_identity_errors=0 | Avg(ms): wait=19.8 cache=1.4 subsample=23.4 encode=25.5 send=5.9 total=75.9 | JPEG=8905B
I (137891) rc_video: [VIDEO-TX] handoff cap=1306 get=2613 select_fail=0 finished=1306 signal=1306 acquire=1306 acquire_fail=0 release_fail=0 backup=0/0
I (137936) rc_video: [STABLE-CAPTURE] pause=1306/1306 timeout=0 quiesce=1306 resume=1306 lifecycle_errors=0 repairs=1306 staged_events=15323 copies=14377 fallback=0 errors=0 prepare=1307 stale_queue=0 pending_vsync=345 sync=1307 complete=1307 incomplete=0 incomplete_blocks=0 hold=1306/1306 hold_timeout=0
I (139277) rc_net: [CAM-PROBE] Video TX seq=1320 jpeg_len=8302 crc32=0x345bed3d chunks=7

[HOST-DVP-MATRIX 13:48:40] SYNC-R2 capture end stages=[0, 1, 2, 3, 4, 5, 6, 7] recoveries=8 complete=True
