W (42607) rc_control: Ctrl send failed: ESP_ERR_INVALID_STATE
W (42627) rc_control: Ctrl send failed: ESP_ERR_INVALID_STATE
W (42647) rc_control: Ctrl send failed: ESP_ERR_INVALID_STATE
W (42667) rc_control: Ctrl send failed: ESP_ERR_INVALID_STATE
W (42687) rc_control: Ctrl send failed: ESP_ERR_INVALID_STATE
W (42707) rc_control: Ctrl send failed: ESP_ERR_INVALID_STATE
W (42727) rc_control: Ctrl send failed: ESP_ERR_INVALID_STATE
W (42747) rc_control: Ctrl send failed: ESP_ERR_INVALID_STATE
W (42767) rc_control: Ctrl send failed: ESP_ERR_INVALID_STATE
W (42787) rc_control: Ctrl send failed: ESP_ERR_INVALID_STATE
W (42807) rc_control: Ctrl send failed: ESP_ERR_INVALID_STATE
W (42827) rc_control: Ctrl send failed: ESP_ERR_INVALID_STATE
W (42847) rc_control: Ctrl send failed: ESP_ERR_INVALID_STATE
W (42867) rc_control: Ctrl send failed: ESP_ERR_INVALID_STATE
I (42871) rc_net: Retry connecting to AP, attempt 4/5
W (42871) rc_tank: Network disconnected
W (42887) rc_control: Ctrl send failed: ESP_ERR_INVALID_STATE
W (42907) rc_control: Ctrl send failed: ESP_ERR_INVALID_STATE
W (42927) rc_control: Ctrl send failed: ESP_ERR_INVALID_STATE
W (42947) rc_control: Ctrl send failed: ESP_ERR_INVALID_STATE
W (42967) rc_control: Ctrl send failed: ESP_ERR_INVALID_STATE
W (42987) rc_control: Ctrl send failed: ESP_ERR_INVALID_STATE
W (43007) rc_control: Ctrl send failed: ESP_ERR_INVALID_STATE
W (43027) rc_control: Ctrl send failed: ESP_ERR_INVALID_STATE
W (43047) rc_control: Ctrl send failed: ESP_ERR_INVALID_STATE
W (43067) rc_control: Ctrl send failed: ESP_ERR_INVALID_STATE
W (43087) rc_control: Ctrl send failed: ESP_ERR_INVALID_STATE
W (43107) rc_control: Ctrl send failed: ESP_ERR_INVALID_STATE
W (43127) rc_control: Ctrl send failed: ESP_ERR_INVALID_STATE
W (43147) rc_control: Ctrl send failed: ESP_ERR_INVALID_STATE
W (43167) rc_control: Ctrl send failed: ESP_ERR_INVALID_STATE
W (43187) rc_control: Ctrl send failed: ESP_ERR_INVALID_STATE
W (43207) rc_control: Ctrl send failed: ESP_ERR_INVALID_STATE
W (43227) rc_control: Ctrl send failed: ESP_ERR_INVALID_STATE
W (43247) rc_control: Ctrl send failed: ESP_ERR_INVALID_STATE
W (43267) rc_control: Ctrl send failed: ESP_ERR_INVALID_STATE
W (43287) rc_control: Ctrl send failed: ESP_ERR_INVALID_STATE
W (43307) rc_control: Ctrl send failed: ESP_ERR_INVALID_STATE
W (43327) rc_control: Ctrl send failed: ESP_ERR_INVALID_STATE
W (43347) rc_control: Ctrl send failed: ESP_ERR_INVALID_STATE
W (43367) rc_control: Ctrl send failed: ESP_ERR_INVALID_STATE
W (43387) rc_control: Ctrl send failed: ESP_ERR_INVALID_STATE
W (43407) rc_control: Ctrl send failed: ESP_ERR_INVALID_STATE
W (43427) rc_control: Ctrl send failed: ESP_ERR_INVALID_STATE
W (43447) rc_control: Ctrl send failed: ESP_ERR_INVALID_STATE
W (43467) rc_control: Ctrl send failed: ESP_ERR_INVALID_STATE
W (43487) rc_control: Ctrl send failed: ESP_ERR_INVALID_STATE
W (43507) rc_control: Ctrl send failed: ESP_ERR_INVALID_STATE
W (43527) rc_control: Ctrl send failed: ESP_ERR_INVALID_STATE
W (43547) rc_control: Ctrl send failed: ESP_ERR_INVALID_STATE
W (43567) rc_control: Ctrl send failed: ESP_ERR_INVALID_STATE
W (43587) rc_control: Ctrl send failed: ESP_ERR_INVALID_STATE
W (43607) rc_control: Ctrl send failed: ESP_ERR_INVALID_STATE
W (43627) rc_control: Ctrl send failed: ESP_ERR_INVALID_STATE
W (43647) rc_control: Ctrl send failed: ESP_ERR_INVALID_STATE
W (43667) rc_control: Ctrl send failed: ESP_ERR_INVALID_STATE
W (43687) rc_control: Ctrl send failed: ESP_ERR_INVALID_STATE
W (43707) rc_control: Ctrl send failed: ESP_ERR_INVALID_STATE
W (43727) rc_control: Ctrl send failed: ESP_ERR_INVALID_STATE
W (43747) rc_control: Ctrl send failed: ESP_ERR_INVALID_STATE
W (43767) rc_control: Ctrl send failed: ESP_ERR_INVALID_STATE
W (43787) rc_control: Ctrl send failed: ESP_ERR_INVALID_STATE
W (43807) rc_control: Ctrl send failed: ESP_ERR_INVALID_STATE
W (43827) rc_control: Ctrl send failed: ESP_ERR_INVALID_STATE
W (43847) rc_control: Ctrl send failed: ESP_ERR_INVALID_STATE
W (43867) rc_control: Ctrl send failed: ESP_ERR_INVALID_STATE
W (43887) rc_control: Ctrl send failed: ESP_ERR_INVALID_STATE
W (43907) rc_control: Ctrl send failed: ESP_ERR_INVALID_STATE
W (43927) rc_control: Ctrl send failed: ESP_ERR_INVALID_STATE
W (43947) rc_control: Ctrl send failed: ESP_ERR_INVALID_STATE
W (43967) rc_control: Ctrl send failed: ESP_ERR_INVALID_STATE
W (43987) rc_control: Ctrl send failed: ESP_ERR_INVALID_STATE
W (44007) rc_control: Ctrl send failed: ESP_ERR_INVALID_STATE
W (44027) rc_control: Ctrl send failed: ESP_ERR_INVALID_STATE
W (44047) rc_control: Ctrl send failed: ESP_ERR_INVALID_STATE
W (44067) rc_control: Ctrl send failed: ESP_ERR_INVALID_STATE
W (44087) rc_control: Ctrl send failed: ESP_ERR_INVALID_STATE
W (44107) rc_control: Ctrl send failed: ESP_ERR_INVALID_STATE
W (44127) rc_control: Ctrl send failed: ESP_ERR_INVALID_STATE
W (44147) rc_control: Ctrl send failed: ESP_ERR_INVALID_STATE
W (44167) rc_control: Ctrl send failed: ESP_ERR_INVALID_STATE
W (44187) rc_control: Ctrl send failed: ESP_ERR_INVALID_STATE
W (44207) rc_control: Ctrl send failed: ESP_ERR_INVALID_STATE
W (44227) rc_control: Ctrl send failed: ESP_ERR_INVALID_STATE
W (44247) rc_control: Ctrl send failed: ESP_ERR_INVALID_STATE
W (44267) rc_control: Ctrl send failed: ESP_ERR_INVALID_STATE
W (44287) rc_control: Ctrl send failed: ESP_ERR_INVALID_STATE
W (44307) rc_control: Ctrl send failed: ESP_ERR_INVALID_STATE
W (44327) rc_control: Ctrl send failed: ESP_ERR_INVALID_STATE
W (44347) rc_control: Ctrl send failed: ESP_ERR_INVALID_STATE
W (44367) rc_control: Ctrl send failed: ESP_ERR_INVALID_STATE
W (44387) rc_control: Ctrl send failed: ESP_ERR_INVALID_STATE
W (44407) rc_control: Ctrl send failed: ESP_ERR_INVALID_STATE
W (44427) rc_control: Ctrl send failed: ESP_ERR_INVALID_STATE
W (44447) rc_control: Ctrl send failed: ESP_ERR_INVALID_STATE
W (44467) rc_control: Ctrl send failed: ESP_ERR_INVALID_STATE
W (44487) rc_control: Ctrl send failed: ESP_ERR_INVALID_STATE
W (44507) rc_control: Ctrl send failed: ESP_ERR_INVALID_STATE
W (44527) rc_control: Ctrl send failed: ESP_ERR_INVALID_STATE
W (44547) rc_control: Ctrl send failed: ESP_ERR_INVALID_STATE
W (44567) rc_control: Ctrl send failed: ESP_ERR_INVALID_STATE
W (44587) rc_control: Ctrl send failed: ESP_ERR_INVALID_STATE
W (44607) rc_control: Ctrl send failed: ESP_ERR_INVALID_STATE
W (44627) rc_control: Ctrl send failed: ESP_ERR_INVALID_STATE
W (44647) rc_control: Ctrl send failed: ESP_ERR_INVALID_STATE
W (44667) rc_control: Ctrl send failed: ESP_ERR_INVALID_STATE
W (44687) rc_control: Ctrl send failed: ESP_ERR_INVALID_STATE
W (44707) rc_control: Ctrl send failed: ESP_ERR_INVALID_STATE
W (44727) rc_control: Ctrl send failed: ESP_ERR_INVALID_STATE
W (44747) rc_control: Ctrl send failed: ESP_ERR_INVALID_STATE
W (44767) rc_control: Ctrl send failed: ESP_ERR_INVALID_STATE
W (44787) rc_control: Ctrl send failed: ESP_ERR_INVALID_STATE
W (44807) rc_control: Ctrl send failed: ESP_ERR_INVALID_STATE
W (44827) rc_control: Ctrl send failed: ESP_ERR_INVALID_STATE
W (44847) rc_control: Ctrl send failed: ESP_ERR_INVALID_STATE
W (44867) rc_control: Ctrl send failed: ESP_ERR_INVALID_STATE
W (44887) rc_control: Ctrl send failed: ESP_ERR_INVALID_STATE
W (44907) rc_control: Ctrl send failed: ESP_ERR_INVALID_STATE
W (44927) rc_control: Ctrl send failed: ESP_ERR_INVALID_STATE
W (44947) rc_control: Ctrl send failed: ESP_ERR_INVALID_STATE
W (44967) rc_control: Ctrl send failed: ESP_ERR_INVALID_STATE
W (44987) rc_control: Ctrl send failed: ESP_ERR_INVALID_STATE
W (45007) rc_control: Ctrl send failed: ESP_ERR_INVALID_STATE
W (45027) rc_control: Ctrl send failed: ESP_ERR_INVALID_STATE
W (45047) rc_control: Ctrl send failed: ESP_ERR_INVALID_STATE
W (45067) rc_control: Ctrl send failed: ESP_ERR_INVALID_STATE
W (45087) rc_control: Ctrl send failed: ESP_ERR_INVALID_STATE
W (45107) rc_control: Ctrl send failed: ESP_ERR_INVALID_STATE
W (45127) rc_control: Ctrl send failed: ESP_ERR_INVALID_STATE
W (45147) rc_control: Ctrl send failed: ESP_ERR_INVALID_STATE
W (45167) rc_control: Ctrl send failed: ESP_ERR_INVALID_STATE
W (45187) rc_control: Ctrl send failed: ESP_ERR_INVALID_STATE
W (45207) rc_control: Ctrl send failed: ESP_ERR_INVALID_STATE
W (45227) rc_control: Ctrl send failed: ESP_ERR_INVALID_STATE
W (45247) rc_control: Ctrl send failed: ESP_ERR_INVALID_STATE
W (45267) rc_control: Ctrl send failed: ESP_ERR_INVALID_STATE
I (45284) rc_net: Retry connecting to AP, attempt 5/5
W (45284) rc_tank: Network disconnected
W (45287) rc_control: Ctrl send failed: ESP_ERR_INVALID_STATE
W (45307) rc_control: Ctrl send failed: ESP_ERR_INVALID_STATE
W (45327) rc_control: Ctrl send failed: ESP_ERR_INVALID_STATE
W (45347) rc_control: Ctrl send failed: ESP_ERR_INVALID_STATE
W (45367) rc_control: Ctrl send failed: ESP_ERR_INVALID_STATE
W (45387) rc_control: Ctrl send failed: ESP_ERR_INVALID_STATE
W (45407) rc_control: Ctrl send failed: ESP_ERR_INVALID_STATE
W (45427) rc_control: Ctrl send failed: ESP_ERR_INVALID_STATE
W (45447) rc_control: Ctrl send failed: ESP_ERR_INVALID_STATE
W (45467) rc_control: Ctrl send failed: ESP_ERR_INVALID_STATE
W (45487) rc_control: Ctrl send failed: ESP_ERR_INVALID_STATE
W (45507) rc_control: Ctrl send failed: ESP_ERR_INVALID_STATE
W (45527) rc_control: Ctrl send failed: ESP_ERR_INVALID_STATE
W (45547) rc_control: Ctrl send failed: ESP_ERR_INVALID_STATE
W (45567) rc_control: Ctrl send failed: ESP_ERR_INVALID_STATE
W (45587) rc_control: Ctrl send failed: ESP_ERR_INVALID_STATE
W (45607) rc_control: Ctrl send failed: ESP_ERR_INVALID_STATE
W (45627) rc_control: Ctrl send failed: ESP_ERR_INVALID_STATE
W (45647) rc_control: Ctrl send failed: ESP_ERR_INVALID_STATE
W (45667) rc_control: Ctrl send failed: ESP_ERR_INVALID_STATE
W (45687) rc_control: Ctrl send failed: ESP_ERR_INVALID_STATE
W (45707) rc_control: Ctrl send failed: ESP_ERR_INVALID_STATE
W (45727) rc_control: Ctrl send failed: ESP_ERR_INVALID_STATE
W (45747) rc_control: Ctrl send failed: ESP_ERR_INVALID_STATE
W (45767) rc_control: Ctrl send failed: ESP_ERR_INVALID_STATE
W (45787) rc_control: Ctrl send failed: ESP_ERR_INVALID_STATE
W (45807) rc_control: Ctrl send failed: ESP_ERR_INVALID_STATE
W (45827) rc_control: Ctrl send failed: ESP_ERR_INVALID_STATE
W (45847) rc_control: Ctrl send failed: ESP_ERR_INVALID_STATE
W (45867) rc_control: Ctrl send failed: ESP_ERR_INVALID_STATE
W (45887) rc_control: Ctrl send failed: ESP_ERR_INVALID_STATE
W (45907) rc_control: Ctrl send failed: ESP_ERR_INVALID_STATE
W (45927) rc_control: Ctrl send failed: ESP_ERR_INVALID_STATE
W (45947) rc_control: Ctrl send failed: ESP_ERR_INVALID_STATE
W (45967) rc_control: Ctrl send failed: ESP_ERR_INVALID_STATE
W (45987) rc_control: Ctrl send failed: ESP_ERR_INVALID_STATE
W (46007) rc_control: Ctrl send failed: ESP_ERR_INVALID_STATE
W (46027) rc_control: Ctrl send failed: ESP_ERR_INVALID_STATE
W (46047) rc_control: Ctrl send failed: ESP_ERR_INVALID_STATE
W (46067) rc_control: Ctrl send failed: ESP_ERR_INVALID_STATE
W (46087) rc_control: Ctrl send failed: ESP_ERR_INVALID_STATE
W (46107) rc_control: Ctrl send failed: ESP_ERR_INVALID_STATE
W (46127) rc_control: Ctrl send failed: ESP_ERR_INVALID_STATE
W (46147) rc_control: Ctrl send failed: ESP_ERR_INVALID_STATE
W (46167) rc_control: Ctrl send failed: ESP_ERR_INVALID_STATE
W (46187) rc_control: Ctrl send failed: ESP_ERR_INVALID_STATE
W (46207) rc_control: Ctrl send failed: ESP_ERR_INVALID_STATE
W (46227) rc_control: Ctrl send failed: ESP_ERR_INVALID_STATE
W (46247) rc_control: Ctrl send failed: ESP_ERR_INVALID_STATE
W (46267) rc_control: Ctrl send failed: ESP_ERR_INVALID_STATE
W (46287) rc_control: Ctrl send failed: ESP_ERR_INVALID_STATE
W (46307) rc_control: Ctrl send failed: ESP_ERR_INVALID_STATE
W (46327) rc_control: Ctrl send failed: ESP_ERR_INVALID_STATE
W (46347) rc_control: Ctrl send failed: ESP_ERR_INVALID_STATE
W (46367) rc_control: Ctrl send failed: ESP_ERR_INVALID_STATE
W (46387) rc_control: Ctrl send failed: ESP_ERR_INVALID_STATE
W (46407) rc_control: Ctrl send failed: ESP_ERR_INVALID_STATE
W (46427) rc_control: Ctrl send failed: ESP_ERR_INVALID_STATE
W (46447) rc_control: Ctrl send failed: ESP_ERR_INVALID_STATE
W (46467) rc_control: Ctrl send failed: ESP_ERR_INVALID_STATE
W (46487) rc_control: Ctrl send failed: ESP_ERR_INVALID_STATE
W (46507) rc_control: Ctrl send failed: ESP_ERR_INVALID_STATE
W (46527) rc_control: Ctrl send failed: ESP_ERR_INVALID_STATE
W (46547) rc_control: Ctrl send failed: ESP_ERR_INVALID_STATE
W (46567) rc_control: Ctrl send failed: ESP_ERR_INVALID_STATE
W (46587) rc_control: Ctrl send failed: ESP_ERR_INVALID_STATE
W (46607) rc_control: Ctrl send failed: ESP_ERR_INVALID_STATE
W (46627) rc_control: Ctrl send failed: ESP_ERR_INVALID_STATE
W (46647) rc_control: Ctrl send failed: ESP_ERR_INVALID_STATE
W (46667) rc_control: Ctrl send failed: ESP_ERR_INVALID_STATE
W (46687) rc_control: Ctrl send failed: ESP_ERR_INVALID_STATE
W (46707) rc_control: Ctrl send failed: ESP_ERR_INVALID_STATE
W (46727) rc_control: Ctrl send failed: ESP_ERR_INVALID_STATE
W (46747) rc_control: Ctrl send failed: ESP_ERR_INVALID_STATE
W (46767) rc_control: Ctrl send failed: ESP_ERR_INVALID_STATE
W (46787) rc_control: Ctrl send failed: ESP_ERR_INVALID_STATE
W (46807) rc_control: Ctrl send failed: ESP_ERR_INVALID_STATE
W (46827) rc_control: Ctrl send failed: ESP_ERR_INVALID_STATE
W (46847) rc_control: Ctrl send failed: ESP_ERR_INVALID_STATE
W (46867) rc_control: Ctrl send failed: ESP_ERR_INVALID_STATE
W (46887) rc_control: Ctrl send failed: ESP_ERR_INVALID_STATE
W (46907) rc_control: Ctrl send failed: ESP_ERR_INVALID_STATE
W (46927) rc_control: Ctrl send failed: ESP_ERR_INVALID_STATE
W (46947) rc_control: Ctrl send failed: ESP_ERR_INVALID_STATE
W (46967) rc_control: Ctrl send failed: ESP_ERR_INVALID_STATE
W (46987) rc_control: Ctrl send failed: ESP_ERR_INVALID_STATE
W (47007) rc_control: Ctrl send failed: ESP_ERR_INVALID_STATE
W (47027) rc_control: Ctrl send failed: ESP_ERR_INVALID_STATE
W (47047) rc_control: Ctrl send failed: ESP_ERR_INVALID_STATE
W (47067) rc_control: Ctrl send failed: ESP_ERR_INVALID_STATE
W (47087) rc_control: Ctrl send failed: ESP_ERR_INVALID_STATE
W (47107) rc_control: Ctrl send failed: ESP_ERR_INVALID_STATE
W (47127) rc_control: Ctrl send failed: ESP_ERR_INVALID_STATE
W (47147) rc_control: Ctrl send failed: ESP_ERR_INVALID_STATE
W (47167) rc_control: Ctrl send failed: ESP_ERR_INVALID_STATE
W (47187) rc_control: Ctrl send failed: ESP_ERR_INVALID_STATE
W (47207) rc_control: Ctrl send failed: ESP_ERR_INVALID_STATE
W (47227) rc_control: Ctrl send failed: ESP_ERR_INVALID_STATE
W (47247) rc_control: Ctrl send failed: ESP_ERR_INVALID_STATE
W (47267) rc_control: Ctrl send failed: ESP_ERR_INVALID_STATE
W (47287) rc_control: Ctrl send failed: ESP_ERR_INVALID_STATE
W (47307) rc_control: Ctrl send failed: ESP_ERR_INVALID_STATE
W (47327) rc_control: Ctrl send failed: ESP_ERR_INVALID_STATE
W (47347) rc_control: Ctrl send failed: ESP_ERR_INVALID_STATE
W (47367) rc_control: Ctrl send failed: ESP_ERR_INVALID_STATE
W (47387) rc_control: Ctrl send failed: ESP_ERR_INVALID_STATE
W (47407) rc_control: Ctrl send failed: ESP_ERR_INVALID_STATE
W (47427) rc_control: Ctrl send failed: ESP_ERR_INVALID_STATE
W (47447) rc_control: Ctrl send failed: ESP_ERR_INVALID_STATE
W (47467) rc_control: Ctrl send failed: ESP_ERR_INVALID_STATE
W (47487) rc_control: Ctrl send failed: ESP_ERR_INVALID_STATE
W (47507) rc_control: Ctrl send failed: ESP_ERR_INVALID_STATE
W (47527) rc_control: Ctrl send failed: ESP_ERR_INVALID_STATE
W (47547) rc_control: Ctrl send failed: ESP_ERR_INVALID_STATE
W (47567) rc_control: Ctrl send failed: ESP_ERR_INVALID_STATE
W (47587) rc_control: Ctrl send failed: ESP_ERR_INVALID_STATE
W (47607) rc_control: Ctrl send failed: ESP_ERR_INVALID_STATE
W (47627) rc_control: Ctrl send failed: ESP_ERR_INVALID_STATE
W (47647) rc_control: Ctrl send failed: ESP_ERR_INVALID_STATE
W (47667) rc_control: Ctrl send failed: ESP_ERR_INVALID_STATE
W (47687) rc_control: Ctrl send failed: ESP_ERR_INVALID_STATE
E (47697) rc_net: Failed to connect to AP after 5 attempts
W (47697) rc_tank: Network disconnected
W (47707) rc_control: Ctrl send failed: ESP_ERR_INVALID_STATE
W (47727) rc_control: Ctrl send failed: ESP_ERR_INVALID_STATE
W (47747) rc_control: Ctrl send failed: ESP_ERR_INVALID_STATE
W (47767) rc_control: Ctrl send failed: ESP_ERR_INVALID_STATE
W (47787) rc_control: Ctrl send failed: ESP_ERR_INVALID_STATE
W (47807) rc_control: Ctrl send failed: ESP_ERR_INVALID_STATE
W (47827) rc_control: Ctrl send failed: ESP_ERR_INVALID_STATE
W (47847) rc_control: Ctrl send failed: ESP_ERR_INVALID_STATE
W (47867) rc_control: Ctrl send failed: ESP_ERR_INVALID_STATE
W (47887) rc_control: Ctrl send failed: ESP_ERR_INVALID_STATE
W (47907) rc_control: Ctrl send failed: ESP_ERR_INVALID_STATE
W (47927) rc_control: Ctrl send failed: ESP_ERR_INVALID_STATE
W (47947) rc_control: Ctrl send failed: ESP_ERR_INVALID_STATE
W (47967) rc_control: Ctrl send failed: ESP_ERR_INVALID_STATE
W (47987) rc_control: Ctrl send failed: ESP_ERR_INVALID_STATE
W (48007) rc_control: Ctrl send failed: ESP_ERR_INVALID_STATE
W (48027) rc_control: Ctrl send failed: ESP_ERR_INVALID_STATE
W (48047) rc_control: Ctrl send failed: ESP_ERR_INVALID_STATE
W (48067) rc_control: Ctrl send failed: ESP_ERR_INVALID_STATE
W (48087) rc_control: Ctrl send failed: ESP_ERR_INVALID_STATE
W (48107) rc_control: Ctrl send failed: ESP_ERR_INVALID_STATE
W (48127) rc_control: Ctrl send failed: ESP_ERR_INVALID_STATE
W (48147) rc_control: Ctrl send failed: ESP_ERR_INVALID_STATE
W (48167) rc_control: Ctrl send failed: ESP_ERR_INVALID_STATE
W (48187) rc_control: Ctrl send failed: ESP_ERR_INVALID_STATE
W (48207) rc_control: Ctrl send failed: ESP_ERR_INVALID_STATE
W (48227) rc_control: Ctrl send failed: ESP_ERR_INVALID_STATE
W (48247) rc_control: Ctrl send failed: ESP_ERR_INVALID_STATE
W (48267) rc_control: Ctrl send failed: ESP_ERR_INVALID_STATE
W (48287) rc_control: Ctrl send failed: ESP_ERR_INVALID_STATE
W (48307) rc_control: Ctrl send failed: ESP_ERR_INVALID_STATE
W (48327) rc_control: Ctrl send failed: ESP_ERR_INVALID_STATE
W (48347) rc_control: Ctrl send failed: ESP_ERR_INVALID_STATE
W (48367) rc_control: Ctrl send failed: ESP_ERR_INVALID_STATE
W (48387) rc_control: Ctrl send failed: ESP_ERR_INVALID_STATE
W (48407) rc_control: Ctrl send failed: ESP_ERR_INVALID_STATE
W (48427) rc_control: Ctrl send failed: ESP_ERR_INVALID_STATE
W (48447) rc_control: Ctrl send failed: ESP_ERR_INVALID_STATE
W (48467) rc_control: Ctrl send failed: ESP_ERR_INVALID_STATE
W (48487) rc_control: Ctrl send failed: ESP_ERR_INVALID_STATE
W (48507) rc_control: Ctrl send failed: ESP_ERR_INVALID_STATE
W (48527) rc_control: Ctrl send failed: ESP_ERR_INVALID_STATE
W (48547) rc_control: Ctrl send failed: ESP_ERR_INVALID_STATE
W (48567) rc_control: Ctrl send failed: ESP_ERR_INVALID_STATE
W (48587) rc_control: Ctrl send failed: ESP_ERR_INVALID_STATE
W (48607) rc_control: Ctrl send failed: ESP_ERR_INVALID_STATE
W (48627) rc_control: Ctrl send failed: ESP_ERR_INVALID_STATE
W (48647) rc_control: Ctrl send failed: ESP_ERR_INVALID_STATE
W (48667) rc_control: Ctrl send failed: ESP_ERR_INVALID_STATE
W (48687) rc_control: Ctrl send failed: ESP_ERR_INVALID_STATE
W (48707) rc_control: Ctrl send failed: ESP_ERR_INVALID_STATE
W (48727) rc_control: Ctrl send failed: ESP_ERR_INVALID_STATE
W (48747) rc_control: Ctrl send failed: ESP_ERR_INVALID_STATE
W (48767) rc_control: Ctrl send failed: ESP_ERR_INVALID_STATE
W (48787) rc_control: Ctrl send failed: ESP_ERR_INVALID_STATE
W (48807) rc_control: Ctrl send failed: ESP_ERR_INVALID_STATE
W (48827) rc_control: Ctrl send failed: ESP_ERR_INVALID_STATE
W (48847) rc_control: Ctrl send failed: ESP_ERR_INVALID_STATE
W (48867) rc_control: Ctrl send failed: ESP_ERR_INVALID_STATE
W (48887) rc_control: Ctrl send failed: ESP_ERR_INVALID_STATE
W (48907) rc_control: Ctrl send failed: ESP_ERR_INVALID_STATE
W (48927) rc_control: Ctrl send failed: ESP_ERR_INVALID_STATE
W (48947) rc_control: Ctrl send failed: ESP_ERR_INVALID_STATE
W (48967) rc_control: Ctrl send failed: ESP_ERR_INVALID_STATE
W (48987) rc_control: Ctrl send failed: ESP_ERR_INVALID_STATE
W (49007) rc_control: Ctrl send failed: ESP_ERR_INVALID_STATE
W (49027) rc_control: Ctrl send failed: ESP_ERR_INVALID_STATE
W (49047) rc_control: Ctrl send failed: ESP_ERR_INVALID_STATE
W (49067) rc_control: Ctrl send failed: ESP_ERR_INVALID_STATE
W (49087) rc_control: Ctrl send failed: ESP_ERR_INVALID_STATE
W (49107) rc_control: Ctrl send failed: ESP_ERR_INVALID_STATE
W (49127) rc_control: Ctrl send failed: ESP_ERR_INVALID_STATE
W (49147) rc_control: Ctrl send failed: ESP_ERR_INVALID_STATE
W (49167) rc_control: Ctrl send failed: ESP_ERR_INVALID_STATE
W (49187) rc_control: Ctrl send failed: ESP_ERR_INVALID_STATE
W (49207) rc_control: Ctrl send failed: ESP_ERR_INVALID_STATE
W (49227) rc_control: Ctrl send failed: ESP_ERR_INVALID_STATE
W (49247) rc_control: Ctrl send failed: ESP_ERR_INVALID_STATE
W (49267) rc_control: Ctrl send failed: ESP_ERR_INVALID_STATE
W (49287) rc_control: Ctrl send failed: ESP_ERR_INVALID_STATE
W (49307) rc_control: Ctrl send failed: ESP_ERR_INVALID_STATE
W (49327) rc_control: Ctrl send failed: ESP_ERR_INVALID_STATE
W (49347) rc_control: Ctrl send failed: ESP_ERR_INVALID_STATE
W (49367) rc_control: Ctrl send failed: ESP_ERR_INVALID_STATE
W (49387) rc_control: Ctrl send failed: ESP_ERR_INVALID_STATE
W (49407) rc_control: Ctrl send failed: ESP_ERR_INVALID_STATE
W (49427) rc_control: Ctrl send failed: ESP_ERR_INVALID_STATE
W (49447) rc_control: Ctrl send failed: ESP_ERR_INVALID_STATE
W (49467) rc_control: Ctrl send failed: ESP_ERR_INVALID_STATE
W (49487) rc_control: Ctrl send failed: ESP_ERR_INVALID_STATE
W (49507) rc_control: Ctrl send failed: ESP_ERR_INVALID_STATE
W (49527) rc_control: Ctrl send failed: ESP_ERR_INVALID_STATE
W (49547) rc_control: Ctrl send failed: ESP_ERR_INVALID_STATE
W (49567) rc_control: Ctrl send failed: ESP_ERR_INVALID_STATE
W (49587) rc_control: Ctrl send failed: ESP_ERR_INVALID_STATE
W (49607) rc_control: Ctrl send failed: ESP_ERR_INVALID_STATE
W (49627) rc_control: Ctrl send failed: ESP_ERR_INVALID_STATE
W (49647) rc_control: Ctrl send failed: ESP_ERR_INVALID_STATE
W (49667) rc_control: Ctrl send failed: ESP_ERR_INVALID_STATE
W (49687) rc_control: Ctrl send failed: ESP_ERR_INVALID_STATE
W (49707) rc_control: Ctrl send failed: ESP_ERR_INVALID_STATE
W (49727) rc_control: Ctrl send failed: ESP_ERR_INVALID_STATE
W (49747) rc_control: Ctrl send failed: ESP_ERR_INVALID_STATE
W (49767) rc_control: Ctrl send failed: ESP_ERR_INVALID_STATE
W (49787) rc_control: Ctrl send failed: ESP_ERR_INVALID_STATE
W (49807) rc_control: Ctrl send failed: ESP_ERR_INVALID_STATE
W (49827) rc_control: Ctrl send failed: ESP_ERR_INVALID_STATE
W (49847) rc_control: Ctrl send failed: ESP_ERR_INVALID_STATE
W (49867) rc_control: Ctrl send failed: ESP_ERR_INVALID_STATE
W (49887) rc_control: Ctrl send failed: ESP_ERR_INVALID_STATE
W (49907) rc_control: Ctrl send failed: ESP_ERR_INVALID_STATE
W (49927) rc_control: Ctrl send failed: ESP_ERR_INVALID_STATE
W (49947) rc_control: Ctrl send failed: ESP_ERR_INVALID_STATE
W (49967) rc_control: Ctrl send failed: ESP_ERR_INVALID_STATE
W (49987) rc_control: Ctrl send failed: ESP_ERR_INVALID_STATE
W (50007) rc_control: Ctrl send failed: ESP_ERR_INVALID_STATE
W (50027) rc_control: Ctrl send failed: ESP_ERR_INVALID_STATE
W (50047) rc_control: Ctrl send failed: ESP_ERR_INVALID_STATE
W (50067) rc_control: Ctrl send failed: ESP_ERR_INVALID_STATE
W (50087) rc_control: Ctrl send failed: ESP_ERR_INVALID_STATE
W (50107) rc_control: Ctrl send failed: ESP_ERR_INVALID_STATE
W (50127) rc_control: Ctrl send failed: ESP_ERR_INVALID_STATE
W (50147) rc_control: Ctrl send failed: ESP_ERR_INVALID_STATE
W (50167) rc_control: Ctrl send failed: ESP_ERR_INVALID_STATE
W (50187) rc_control: Ctrl send failed: ESP_ERR_INVALID_STATE
W (50207) rc_control: Ctrl send failed: ESP_ERR_INVALID_STATE
W (50227) rc_control: Ctrl send failed: ESP_ERR_INVALID_STATE
W (50247) rc_control: Ctrl send failed: ESP_ERR_INVALID_STATE
W (50267) rc_control: Ctrl send failed: ESP_ERR_INVALID_STATE
W (50287) rc_control: Ctrl send failed: ESP_ERR_INVALID_STATE
W (50307) rc_control: Ctrl send failed: ESP_ERR_INVALID_STATE
W (50327) rc_control: Ctrl send failed: ESP_ERR_INVALID_STATE
W (50347) rc_control: Ctrl send failed: ESP_ERR_INVALID_STATE
W (50367) rc_control: Ctrl send failed: ESP_ERR_INVALID_STATE
W (50387) rc_control: Ctrl send failed: ESP_ERR_INVALID_STATE
W (50407) rc_control: Ctrl send failed: ESP_ERR_INVALID_STATE
W (50427) rc_control: Ctrl send failed: ESP_ERR_INVALID_STATE
W (50447) rc_control: Ctrl send failed: ESP_ERR_INVALID_STATE
W (50467) rc_control: Ctrl send failed: ESP_ERR_INVALID_STATE
W (50487) rc_control: Ctrl send failed: ESP_ERR_INVALID_STATE
W (50507) rc_control: Ctrl send failed: ESP_ERR_INVALID_STATE
W (50527) rc_control: Ctrl send failed: ESP_ERR_INVALID_STATE
W (50547) rc_control: Ctrl send failed: ESP_ERR_INVALID_STATE
W (50567) rc_control: Ctrl send failed: ESP_ERR_INVALID_STATE
W (50587) rc_control: Ctrl send failed: ESP_ERR_INVALID_STATE
W (50607) rc_control: Ctrl send failed: ESP_ERR_INVALID_STATE
W (50627) rc_control: Ctrl send failed: ESP_ERR_INVALID_STATE
W (50647) rc_control: Ctrl send failed: ESP_ERR_INVALID_STATE
W (50667) rc_control: Ctrl send failed: ESP_ERR_INVALID_STATE
W (50687) rc_control: Ctrl send failed: ESP_ERR_INVALID_STATE
W (50707) rc_control: Ctrl send failed: ESP_ERR_INVALID_STATE
W (50727) rc_control: Ctrl send failed: ESP_ERR_INVALID_STATE
W (50747) rc_control: Ctrl send failed: ESP_ERR_INVALID_STATE
W (50767) rc_control: Ctrl send failed: ESP_ERR_INVALID_STATE
W (50787) rc_control: Ctrl send failed: ESP_ERR_INVALID_STATE
W (50807) rc_control: Ctrl send failed: ESP_ERR_INVALID_STATE
W (50827) rc_control: Ctrl send failed: ESP_ERR_INVALID_STATE
W (50847) rc_control: Ctrl send failed: ESP_ERR_INVALID_STATE
W (50867) rc_control: Ctrl send failed: ESP_ERR_INVALID_STATE
W (50887) rc_control: Ctrl send failed: ESP_ERR_INVALID_STATE
W (50907) rc_control: Ctrl send failed: ESP_ERR_INVALID_STATE
W (50927) rc_control: Ctrl send failed: ESP_ERR_INVALID_STATE
W (50947) rc_control: Ctrl send failed: ESP_ERR_INVALID_STATE
W (50967) rc_control: Ctrl send failed: ESP_ERR_INVALID_STATE
W (50987) rc_control: Ctrl send failed: ESP_ERR_INVALID_STATE
W (51007) rc_control: Ctrl send failed: ESP_ERR_INVALID_STATE
W (51027) rc_control: Ctrl send failed: ESP_ERR_INVALID_STATE
W (51047) rc_control: Ctrl send failed: ESP_ERR_INVALID_STATE
W (51067) rc_control: Ctrl send failed: ESP_ERR_INVALID_STATE
W (51087) rc_control: Ctrl send failed: ESP_ERR_INVALID_STATE
W (51107) rc_control: Ctrl send failed: ESP_ERR_INVALID_STATE
W (51127) rc_control: Ctrl send failed: ESP_ERR_INVALID_STATE
W (51147) rc_control: Ctrl send failed: ESP_ERR_INVALID_STATE
W (51167) rc_control: Ctrl send failed: ESP_ERR_INVALID_STATE
W (51187) rc_control: Ctrl send failed: ESP_ERR_INVALID_STATE
W (51207) rc_control: Ctrl send failed: ESP_ERR_INVALID_STATE
W (51227) rc_control: Ctrl send failed: ESP_ERR_INVALID_STATE
W (51247) rc_control: Ctrl send failed: ESP_ERR_INVALID_STATE
W (51267) rc_control: Ctrl send failed: ESP_ERR_INVALID_STATE
W (51287) rc_control: Ctrl send failed: ESP_ERR_INVALID_STATE
W (51307) rc_control: Ctrl send failed: ESP_ERR_INVALID_STATE
W (51327) rc_control: Ctrl send failed: ESP_ERR_INVALID_STATE
W (51347) rc_control: Ctrl send failed: ESP_ERR_INVALID_STATE
W (51367) rc_control: Ctrl send failed: ESP_ERR_INVALID_STATE
W (51387) rc_control: Ctrl send failed: ESP_ERR_INVALID_STATE
W (51407) rc_control: Ctrl send failed: ESP_ERR_INVALID_STATE
W (51427) rc_control: Ctrl send failed: ESP_ERR_INVALID_STATE
W (51447) rc_control: Ctrl send failed: ESP_ERR_INVALID_STATE
W (51467) rc_control: Ctrl send failed: ESP_ERR_INVALID_STATE
W (51487) rc_control: Ctrl send failed: ESP_ERR_INVALID_STATE
W (51507) rc_control: Ctrl send failed: ESP_ERR_INVALID_STATE
W (51527) rc_control: Ctrl send failed: ESP_ERR_INVALID_STATE
W (51547) rc_control: Ctrl send failed: ESP_ERR_INVALID_STATE
W (51567) rc_control: Ctrl send failed: ESP_ERR_INVALID_STATE
W (51587) rc_control: Ctrl send failed: ESP_ERR_INVALID_STATE
W (51607) rc_control: Ctrl send failed: ESP_ERR_INVALID_STATE
W (51627) rc_control: Ctrl send failed: ESP_ERR_INVALID_STATE
W (51647) rc_control: Ctrl send failed: ESP_ERR_INVALID_STATE
W (51667) rc_control: Ctrl send failed: ESP_ERR_INVALID_STATE
W (51687) rc_control: Ctrl send failed: ESP_ERR_INVALID_STATE
W (51707) rc_control: Ctrl send failed: ESP_ERR_INVALID_STATE
W (51727) rc_control: Ctrl send failed: ESP_ERR_INVALID_STATE
W (51747) rc_control: Ctrl send failed: ESP_ERR_INVALID_STATE
W (51767) rc_control: Ctrl send failed: ESP_ERR_INVALID_STATE
W (51787) rc_control: Ctrl send failed: ESP_ERR_INVALID_STATE
W (51807) rc_control: Ctrl send failed: ESP_ERR_INVALID_STATE
W (51827) rc_control: Ctrl send failed: ESP_ERR_INVALID_STATE
W (51847) rc_control: Ctrl send failed: ESP_ERR_INVALID_STATE
W (51867) rc_control: Ctrl send failed: ESP_ERR_INVALID_STATE
W (51887) rc_control: Ctrl send failed: ESP_ERR_INVALID_STATE
W (51907) rc_control: Ctrl send failed: ESP_ERR_INVALID_STATE
W (51927) rc_control: Ctrl send failed: ESP_ERR_INVALID_STATE
W (51947) rc_control: Ctrl send failed: ESP_ERR_INVALID_STATE
W (51967) rc_control: Ctrl send failed: ESP_ERR_INVALID_STATE
W (51987) rc_control: Ctrl send failed: ESP_ERR_INVALID_STATE
W (52007) rc_control: Ctrl send failed: ESP_ERR_INVALID_STATE
W (52027) rc_control: Ctrl send failed: ESP_ERR_INVALID_STATE
W (52047) rc_control: Ctrl send failed: ESP_ERR_INVALID_STATE
W (52067) rc_control: Ctrl send failed: ESP_ERR_INVALID_STATE
W (52087) rc_control: Ctrl send failed: ESP_ERR_INVALID_STATE
W (52107) rc_control: Ctrl send failed: ESP_ERR_INVALID_STATE
W (52127) rc_control: Ctrl send failed: ESP_ERR_INVALID_STATE
W (52147) rc_control: Ctrl send failed: ESP_ERR_INVALID_STATE
W (52167) rc_control: Ctrl send failed: ESP_ERR_INVALID_STATE
W (52187) rc_control: Ctrl send failed: ESP_ERR_INVALID_STATE
W (52207) rc_control: Ctrl send failed: ESP_ERR_INVALID_STATE
W (52227) rc_control: Ctrl send failed: ESP_ERR_INVALID_STATE
W (52247) rc_control: Ctrl send failed: ESP_ERR_INVALID_STATE
W (52267) rc_control: Ctrl send failed: ESP_ERR_INVALID_STATE
W (52287) rc_control: Ctrl send failed: ESP_ERR_INVALID_STATE
W (52307) rc_control: Ctrl send failed: ESP_ERR_INVALID_STATE
W (52327) rc_control: Ctrl send failed: ESP_ERR_INVALID_STATE
W (52347) rc_control: Ctrl send failed: ESP_ERR_INVALID_STATE
W (52367) rc_control: Ctrl send failed: ESP_ERR_INVALID_STATE
W (52387) rc_control: Ctrl send failed: ESP_ERR_INVALID_STATE
W (52407) rc_control: Ctrl send failed: ESP_ERR_INVALID_STATE
W (52427) rc_control: Ctrl send failed: ESP_ERR_INVALID_STATE
W (52447) rc_control: Ctrl send failed: ESP_ERR_INVALID_STATE
W (52467) rc_control: Ctrl send failed: ESP_ERR_INVALID_STATE
W (52487) rc_control: Ctrl send failed: ESP_ERR_INVALID_STATE
W (52507) rc_control: Ctrl send failed: ESP_ERR_INVALID_STATE
W (52527) rc_control: Ctrl send failed: ESP_ERR_INVALID_STATE
W (52547) rc_control: Ctrl send failed: ESP_ERR_INVALID_STATE
W (52567) rc_control: Ctrl send failed: ESP_ERR_INVALID_STATE
W (52587) rc_control: Ctrl send failed: ESP_ERR_INVALID_STATE
W (52607) rc_control: Ctrl send failed: ESP_ERR_INVALID_STATE
W (52627) rc_control: Ctrl send failed: ESP_ERR_INVALID_STATE
W (52647) rc_control: Ctrl send failed: ESP_ERR_INVALID_STATE
W (52667) rc_control: Ctrl send failed: ESP_ERR_INVALID_STATE
W (52687) rc_control: Ctrl send failed: ESP_ERR_INVALID_STATE
W (52707) rc_control: Ctrl send failed: ESP_ERR_INVALID_STATE
W (52727) rc_control: Ctrl send failed: ESP_ERR_INVALID_STATE
W (52747) rc_control: Ctrl send failed: ESP_ERR_INVALID_STATE
W (52767) rc_control: Ctrl send failed: ESP_ERR_INVALID_STATE
W (52787) rc_control: Ctrl send failed: ESP_ERR_INVALID_STATE
W (52807) rc_control: Ctrl send failed: ESP_ERR_INVALID_STATE
W (52827) rc_control: Ctrl send failed: ESP_ERR_INVALID_STATE
W (52847) rc_control: Ctrl send failed: ESP_ERR_INVALID_STATE
W (52867) rc_control: Ctrl send failed: ESP_ERR_INVALID_STATE
W (52887) rc_control: Ctrl send failed: ESP_ERR_INVALID_STATE
W (52907) rc_control: Ctrl send failed: ESP_ERR_INVALID_STATE
W (52927) rc_control: Ctrl send failed: ESP_ERR_INVALID_STATE
W (52947) rc_control: Ctrl send failed: ESP_ERR_INVALID_STATE
W (52967) rc_control: Ctrl send failed: ESP_ERR_INVALID_STATE
W (52987) rc_control: Ctrl send failed: ESP_ERR_INVALID_STATE
W (53007) rc_control: Ctrl send failed: ESP_ERR_INVALID_STATE
W (53027) rc_control: Ctrl send failed: ESP_ERR_INVALID_STATE
W (53047) rc_control: Ctrl send failed: ESP_ERR_INVALID_STATE
W (53067) rc_control: Ctrl send failed: ESP_ERR_INVALID_STATE
W (53087) rc_control: Ctrl send failed: ESP_ERR_INVALID_STATE
W (53107) rc_control: Ctrl send failed: ESP_ERR_INVALID_STATE
W (53127) rc_control: Ctrl send failed: ESP_ERR_INVALID_STATE
W (53147) rc_control: Ctrl send failed: ESP_ERR_INVALID_STATE
W (53167) rc_control: Ctrl send failed: ESP_ERR_INVALID_STATE
W (53187) rc_control: Ctrl send failed: ESP_ERR_INVALID_STATE
W (53207) rc_control: Ctrl send failed: ESP_ERR_INVALID_STATE
W (53227) rc_control: Ctrl send failed: ESP_ERR_INVALID_STATE
W (53247) rc_control: Ctrl send failed: ESP_ERR_INVALID_STATE
W (53267) rc_control: Ctrl send failed: ESP_ERR_INVALID_STATE
W (53287) rc_control: Ctrl send failed: ESP_ERR_INVALID_STATE
W (53307) rc_control: Ctrl send failed: ESP_ERR_INVALID_STATE
W (53327) rc_control: Ctrl send failed: ESP_ERR_INVALID_STATE
W (53347) rc_control: Ctrl send failed: ESP_ERR_INVALID_STATE
W (53367) rc_control: Ctrl send failed: ESP_ERR_INVALID_STATE
W (53387) rc_control: Ctrl send failed: ESP_ERR_INVALID_STATE
W (53407) rc_control: Ctrl send failed: ESP_ERR_INVALID_STATE
W (53427) rc_control: Ctrl send failed: ESP_ERR_INVALID_STATE
W (53447) rc_control: Ctrl send failed: ESP_ERR_INVALID_STATE
W (53467) rc_control: Ctrl send failed: ESP_ERR_INVALID_STATE
W (53487) rc_control: Ctrl send failed: ESP_ERR_INVALID_STATE
W (53507) rc_control: Ctrl send failed: ESP_ERR_INVALID_STATE
W (53527) rc_control: Ctrl send failed: ESP_ERR_INVALID_STATE
W (53547) rc_control: Ctrl send failed: ESP_ERR_INVALID_STATE
W (53567) rc_control: Ctrl send failed: ESP_ERR_INVALID_STATE
W (53587) rc_control: Ctrl send failed: ESP_ERR_INVALID_STATE
W (53607) rc_control: Ctrl send failed: ESP_ERR_INVALID_STATE
W (53627) rc_control: Ctrl send failed: ESP_ERR_INVALID_STATE
W (53647) rc_control: Ctrl send failed: ESP_ERR_INVALID_STATE
W (53667) rc_control: Ctrl send failed: ESP_ERR_INVALID_STATE
W (53687) rc_control: Ctrl send failed: ESP_ERR_INVALID_STATE
W (53707) rc_control: Ctrl send failed: ESP_ERR_INVALID_STATE
W (53727) rc_control: Ctrl send failed: ESP_ERR_INVALID_STATE
W (53747) rc_control: Ctrl send failed: ESP_ERR_INVALID_STATE
W (53767) rc_control: Ctrl send failed: ESP_ERR_INVALID_STATE
W (53787) rc_control: Ctrl send failed: ESP_ERR_INVALID_STATE
W (53807) rc_control: Ctrl send failed: ESP_ERR_INVALID_STATE
W (53827) rc_control: Ctrl send failed: ESP_ERR_INVALID_STATE
W (53847) rc_control: Ctrl send failed: ESP_ERR_INVALID_STATE
W (53867) rc_control: Ctrl send failed: ESP_ERR_INVALID_STATE
W (53887) rc_control: Ctrl send failed: ESP_ERR_INVALID_STATE
W (53907) rc_control: Ctrl send failed: ESP_ERR_INVALID_STATE
W (53927) rc_control: Ctrl send failed: ESP_ERR_INVALID_STATE
W (53947) rc_control: Ctrl send failed: ESP_ERR_INVALID_STATE
W (53967) rc_control: Ctrl send failed: ESP_ERR_INVALID_STATE
W (53987) rc_control: Ctrl send failed: ESP_ERR_INVALID_STATE
W (54007) rc_control: Ctrl send failed: ESP_ERR_INVALID_STATE
W (54027) rc_control: Ctrl send failed: ESP_ERR_INVALID_STATE
W (54047) rc_control: Ctrl send failed: ESP_ERR_INVALID_STATE
W (54067) rc_control: Ctrl send failed: ESP_ERR_INVALID_STATE
W (54087) rc_control: Ctrl send failed: ESP_ERR_INVALID_STATE
W (54107) rc_control: Ctrl send failed: ESP_ERR_INVALID_STATE
W (54127) rc_control: Ctrl send failed: ESP_ERR_INVALID_STATE
W (54147) rc_control: Ctrl send failed: ESP_ERR_INVALID_STATE
W (54167) rc_control: Ctrl send failed: ESP_ERR_INVALID_STATE
W (54187) rc_control: Ctrl send failed: ESP_ERR_INVALID_STATE
W (54207) rc_control: Ctrl send failed: ESP_ERR_INVALID_STATE
W (54227) rc_control: Ctrl send failed: ESP_ERR_INVALID_STATE
W (54247) rc_control: Ctrl send failed: ESP_ERR_INVALID_STATE
W (54267) rc_control: Ctrl send failed: ESP_ERR_INVALID_STATE
W (54287) rc_control: Ctrl send failed: ESP_ERR_INVALID_STATE
W (54307) rc_control: Ctrl send failed: ESP_ERR_INVALID_STATE
W (54327) rc_control: Ctrl send failed: ESP_ERR_INVALID_STATE
W (54347) rc_control: Ctrl send failed: ESP_ERR_INVALID_STATE
W (54367) rc_control: Ctrl send failed: ESP_ERR_INVALID_STATE
W (54387) rc_control: Ctrl send failed: ESP_ERR_INVALID_STATE
W (54407) rc_control: Ctrl send failed: ESP_ERR_INVALID_STATE
W (54427) rc_control: Ctrl send failed: ESP_ERR_INVALID_STATE
W (54447) rc_control: Ctrl send failed: ESP_ERR_INVALID_STATE
W (54467) rc_control: Ctrl send failed: ESP_ERR_INVALID_STATE
W (54487) rc_control: Ctrl send failed: ESP_ERR_INVALID_STATE
W (54507) rc_control: Ctrl send failed: ESP_ERR_INVALID_STATE
W (54527) rc_control: Ctrl send failed: ESP_ERR_INVALID_STATE
W (54547) rc_control: Ctrl send failed: ESP_ERR_INVALID_STATE
W (54567) rc_control: Ctrl send failed: ESP_ERR_INVALID_STATE
W (54587) rc_control: Ctrl send failed: ESP_ERR_INVALID_STATE
W (54607) rc_control: Ctrl send failed: ESP_ERR_INVALID_STATE
W (54627) rc_control: Ctrl send failed: ESP_ERR_INVALID_STATE
W (54647) rc_control: Ctrl send failed: ESP_ERR_INVALID_STATE
W (54667) rc_control: Ctrl send failed: ESP_ERR_INVALID_STATE
W (54687) rc_control: Ctrl send failed: ESP_ERR_INVALID_STATE
W (54707) rc_control: Ctrl send failed: ESP_ERR_INVALID_STATE
W (54727) rc_control: Ctrl send failed: ESP_ERR_INVALID_STATE
W (54747) rc_control: Ctrl send failed: ESP_ERR_INVALID_STATE
W (54767) rc_control: Ctrl send failed: ESP_ERR_INVALID_STATE
W (54787) rc_control: Ctrl send failed: ESP_ERR_INVALID_STATE
W (54807) rc_control: Ctrl send failed: ESP_ERR_INVALID_STATE
W (54827) rc_control: Ctrl send failed: ESP_ERR_INVALID_STATE
W (54847) rc_control: Ctrl send failed: ESP_ERR_INVALID_STATE
W (54867) rc_control: Ctrl send failed: ESP_ERR_INVALID_STATE
W (54887) rc_control: Ctrl send failed: ESP_ERR_INVALID_STATE
W (54907) rc_control: Ctrl send failed: ESP_ERR_INVALID_STATE
W (54927) rc_control: Ctrl send failed: ESP_ERR_INVALID_STATE
W (54947) rc_control: Ctrl send failed: ESP_ERR_INVALID_STATE
W (54967) rc_control: Ctrl send failed: ESP_ERR_INVALID_STATE
W (54987) rc_control: Ctrl send failed: ESP_ERR_INVALID_STATE
W (55007) rc_control: Ctrl send failed: ESP_ERR_INVALID_STATE
W (55027) rc_control: Ctrl send failed: ESP_ERR_INVALID_STATE
W (55047) rc_control: Ctrl send failed: ESP_ERR_INVALID_STATE
W (55067) rc_control: Ctrl send failed: ESP_ERR_INVALID_STATE
W (55087) rc_control: Ctrl send failed: ESP_ERR_INVALID_STATE
W (55107) rc_control: Ctrl send failed: ESP_ERR_INVALID_STATE
W (55127) rc_control: Ctrl send failed: ESP_ERR_INVALID_STATE
W (55147) rc_control: Ctrl send failed: ESP_ERR_INVALID_STATE
W (55167) rc_control: Ctrl send failed: ESP_ERR_INVALID_STATE
W (55187) rc_control: Ctrl send failed: ESP_ERR_INVALID_STATE
W (55207) rc_control: Ctrl send failed: ESP_ERR_INVALID_STATE
W (55227) rc_control: Ctrl send failed: ESP_ERR_INVALID_STATE
W (55247) rc_control: Ctrl send failed: ESP_ERR_INVALID_STATE
W (55267) rc_control: Ctrl send failed: ESP_ERR_INVALID_STATE
W (55287) rc_control: Ctrl send failed: ESP_ERR_INVALID_STATE
W (55307) rc_control: Ctrl send failed: ESP_ERR_INVALID_STATE
W (55327) rc_control: Ctrl send failed: ESP_ERR_INVALID_STATE
W (55347) rc_control: Ctrl send failed: ESP_ERR_INVALID_STATE
W (55367) rc_control: Ctrl send failed: ESP_ERR_INVALID_STATE
W (55387) rc_control: Ctrl send failed: ESP_ERR_INVALID_STATE
W (55407) rc_control: Ctrl send failed: ESP_ERR_INVALID_STATE
W (55427) rc_control: Ctrl send failed: ESP_ERR_INVALID_STATE
W (55447) rc_control: Ctrl send failed: ESP_ERR_INVALID_STATE
W (55467) rc_control: Ctrl send failed: ESP_ERR_INVALID_STATE
W (55487) rc_control: Ctrl send failed: ESP_ERR_INVALID_STATE
W (55507) rc_control: Ctrl send failed: ESP_ERR_INVALID_STATE
W (55527) rc_control: Ctrl send failed: ESP_ERR_INVALID_STATE
W (55547) rc_control: Ctrl send failed: ESP_ERR_INVALID_STATE
W (55567) rc_control: Ctrl send failed: ESP_ERR_INVALID_STATE
W (55587) rc_control: Ctrl send failed: ESP_ERR_INVALID_STATE
W (55607) rc_control: Ctrl send failed: ESP_ERR_INVALID_STATE
W (55627) rc_control: Ctrl send failed: ESP_ERR_INVALID_STATE
W (55647) rc_control: Ctrl send failed: ESP_ERR_INVALID_STATE
W (55667) rc_control: Ctrl send failed: ESP_ERR_INVALID_STATE
W (55687) rc_control: Ctrl send failed: ESP_ERR_INVALID_STATE
W (55707) rc_control: Ctrl send failed: ESP_ERR_INVALID_STATE
W (55727) rc_control: Ctrl send failed: ESP_ERR_INVALID_STATE
W (55747) rc_control: Ctrl send failed: ESP_ERR_INVALID_STATE
W (55767) rc_control: Ctrl send failed: ESP_ERR_INVALID_STATE
W (55787) rc_control: Ctrl send failed: ESP_ERR_INVALID_STATE
W (55807) rc_control: Ctrl send failed: ESP_ERR_INVALID_STATE
W (55827) rc_control: Ctrl send failed: ESP_ERR_INVALID_STATE
W (55847) rc_control: Ctrl send failed: ESP_ERR_INVALID_STATE
W (55867) rc_control: Ctrl send failed: ESP_ERR_INVALID_STATE
W (55887) rc_control: Ctrl send failed: ESP_ERR_INVALID_STATE
W (55907) rc_control: Ctrl send failed: ESP_ERR_INVALID_STATE
W (55927) rc_control: Ctrl send failed: ESP_ERR_INVALID_STATE
W (55947) rc_control: Ctrl send failed: ESP_ERR_INVALID_STATE
W (55967) rc_control: Ctrl send failed: ESP_ERR_INVALID_STATE
W (55987) rc_control: Ctrl send failed: ESP_ERR_INVALID_STATE
W (56007) rc_control: Ctrl send failed: ESP_ERR_INVALID_STATE
W (56027) rc_control: Ctrl send failed: ESP_ERR_INVALID_STATE
W (56047) rc_control: Ctrl send failed: ESP_ERR_INVALID_STATE
W (56067) rc_control: Ctrl send failed: ESP_ERR_INVALID_STATE
W (56087) rc_control: Ctrl send failed: ESP_ERR_INVALID_STATE
W (56107) rc_control: Ctrl send failed: ESP_ERR_INVALID_STATE
W (56127) rc_control: Ctrl send failed: ESP_ERR_INVALID_STATE
W (56147) rc_control: Ctrl send failed: ESP_ERR_INVALID_STATE
W (56167) rc_control: Ctrl send failed: ESP_ERR_INVALID_STATE
W (56187) rc_control: Ctrl send failed: ESP_ERR_INVALID_STATE
W (56207) rc_control: Ctrl send failed: ESP_ERR_INVALID_STATE
W (56227) rc_control: Ctrl send failed: ESP_ERR_INVALID_STATE
W (56247) rc_control: Ctrl send failed: ESP_ERR_INVALID_STATE
W (56267) rc_control: Ctrl send failed: ESP_ERR_INVALID_STATE
W (56287) rc_control: Ctrl send failed: ESP_ERR_INVALID_STATE
W (56307) rc_control: Ctrl send failed: ESP_ERR_INVALID_STATE
W (56327) rc_control: Ctrl send failed: ESP_ERR_INVALID_STATE
W (56347) rc_control: Ctrl send failed: ESP_ERR_INVALID_STATE
W (56367) rc_control: Ctrl send failed: ESP_ERR_INVALID_STATE
W (56387) rc_control: Ctrl send failed: ESP_ERR_INVALID_STATE
W (56407) rc_control: Ctrl send failed: ESP_ERR_INVALID_STATE
W (56427) rc_control: Ctrl send failed: ESP_ERR_INVALID_STATE
W (56447) rc_control: Ctrl send failed: ESP_ERR_INVALID_STATE
W (56467) rc_control: Ctrl send failed: ESP_ERR_INVALID_STATE
W (56487) rc_control: Ctrl send failed: ESP_ERR_INVALID_STATE
W (56507) rc_control: Ctrl send failed: ESP_ERR_INVALID_STATE
W (56527) rc_control: Ctrl send failed: ESP_ERR_INVALID_STATE
W (56547) rc_control: Ctrl send failed: ESP_ERR_INVALID_STATE
W (56567) rc_control: Ctrl send failed: ESP_ERR_INVALID_STATE
W (56587) rc_control: Ctrl send failed: ESP_ERR_INVALID_STATE
W (56607) rc_control: Ctrl send failed: ESP_ERR_INVALID_STATE
W (56627) rc_control: Ctrl send failed: ESP_ERR_INVALID_STATE
W (56647) rc_control: Ctrl send failed: ESP_ERR_INVALID_STATE
W (56667) rc_control: Ctrl send failed: ESP_ERR_INVALID_STATE
W (56687) rc_control: Ctrl send failed: ESP_ERR_INVALID_STATE
W (56707) rc_control: Ctrl send failed: ESP_ERR_INVALID_STATE
W (56727) rc_control: Ctrl send failed: ESP_ERR_INVALID_STATE
W (56747) rc_control: Ctrl send failed: ESP_ERR_INVALID_STATE
W (56767) rc_control: Ctrl send failed: ESP_ERR_INVALID_STATE
W (56787) rc_control: Ctrl send failed: ESP_ERR_INVALID_STATE
W (56807) rc_control: Ctrl send failed: ESP_ERR_INVALID_STATE
W (56827) rc_control: Ctrl send failed: ESP_ERR_INVALID_STATE
W (56847) rc_control: Ctrl send failed: ESP_ERR_INVALID_STATE
W (56867) rc_control: Ctrl send failed: ESP_ERR_INVALID_STATE
W (56887) rc_control: Ctrl send failed: ESP_ERR_INVALID_STATE
W (56907) rc_control: Ctrl send failed: ESP_ERR_INVALID_STATE
W (56927) rc_control: Ctrl send failed: ESP_ERR_INVALID_STATE
W (56947) rc_control: Ctrl send failed: ESP_ERR_INVALID_STATE
W (56967) rc_control: Ctrl send failed: ESP_ERR_INVALID_STATE
W (56987) rc_control: Ctrl send failed: ESP_ERR_INVALID_STATE
W (57007) rc_control: Ctrl send failed: ESP_ERR_INVALID_STATE
W (57027) rc_control: Ctrl send failed: ESP_ERR_INVALID_STATE
W (57047) rc_control: Ctrl send failed: ESP_ERR_INVALID_STATE
W (57067) rc_control: Ctrl send failed: ESP_ERR_INVALID_STATE
W (57087) rc_control: Ctrl send failed: ESP_ERR_INVALID_STATE
W (57107) rc_control: Ctrl send failed: ESP_ERR_INVALID_STATE
W (57127) rc_control: Ctrl send failed: ESP_ERR_INVALID_STATE
W (57147) rc_control: Ctrl send failed: ESP_ERR_INVALID_STATE
W (57167) rc_control: Ctrl send failed: ESP_ERR_INVALID_STATE
W (57187) rc_control: Ctrl send failed: ESP_ERR_INVALID_STATE
W (57207) rc_control: Ctrl send failed: ESP_ERR_INVALID_STATE
W (57227) rc_control: Ctrl send failed: ESP_ERR_INVALID_STATE
W (57247) rc_control: Ctrl send failed: ESP_ERR_INVALID_STATE
W (57267) rc_control: Ctrl send failed: ESP_ERR_INVALID_STATE
W (57287) rc_control: Ctrl send failed: ESP_ERR_INVALID_STATE
W (57307) rc_control: Ctrl send failed: ESP_ERR_INVALID_STATE
W (57327) rc_control: Ctrl send failed: ESP_ERR_INVALID_STATE
W (57347) rc_control: Ctrl send failed: ESP_ERR_INVALID_STATE
W (57367) rc_control: Ctrl send failed: ESP_ERR_INVALID_STATE
W (57387) rc_control: Ctrl send failed: ESP_ERR_INVALID_STATE
W (57407) rc_control: Ctrl send failed: ESP_ERR_INVALID_STATE
W (57427) rc_control: Ctrl send failed: ESP_ERR_INVALID_STATE
W (57447) rc_control: Ctrl send failed: ESP_ERR_INVALID_STATE
W (57467) rc_control: Ctrl send failed: ESP_ERR_INVALID_STATE
W (57487) rc_control: Ctrl send failed: ESP_ERR_INVALID_STATE
W (57507) rc_control: Ctrl send failed: ESP_ERR_INVALID_STATE
W (57527) rc_control: Ctrl send failed: ESP_ERR_INVALID_STATE
W (57547) rc_control: Ctrl send failed: ESP_ERR_INVALID_STATE
W (57567) rc_control: Ctrl send failed: ESP_ERR_INVALID_STATE
W (57587) rc_control: Ctrl send failed: ESP_ERR_INVALID_STATE
W (57607) rc_control: Ctrl send failed: ESP_ERR_INVALID_STATE
W (57627) rc_control: Ctrl send failed: ESP_ERR_INVALID_STATE
W (57647) rc_control: Ctrl send failed: ESP_ERR_INVALID_STATE
W (57667) rc_control: Ctrl send failed: ESP_ERR_INVALID_STATE
W (57687) rc_control: Ctrl send failed: ESP_ERR_INVALID_STATE
W (57707) rc_control: Ctrl send failed: ESP_ERR_INVALID_STATE
W (57727) rc_control: Ctrl send failed: ESP_ERR_INVALID_STATE
W (57747) rc_control: Ctrl send failed: ESP_ERR_INVALID_STATE
W (57767) rc_control: Ctrl send failed: ESP_ERR_INVALID_STATE
W (57787) rc_control: Ctrl send failed: ESP_ERR_INVALID_STATE
W (57807) rc_control: Ctrl send failed: ESP_ERR_INVALID_STATE
W (57827) rc_control: Ctrl send failed: ESP_ERR_INVALID_STATE
W (57847) rc_control: Ctrl send failed: ESP_ERR_INVALID_STATE
W (57867) rc_control: Ctrl send failed: ESP_ERR_INVALID_STATE
W (57887) rc_control: Ctrl send failed: ESP_ERR_INVALID_STATE
W (57907) rc_control: Ctrl send failed: ESP_ERR_INVALID_STATE
W (57927) rc_control: Ctrl send failed: ESP_ERR_INVALID_STATE
W (57947) rc_control: Ctrl send failed: ESP_ERR_INVALID_STATE
W (57967) rc_control: Ctrl send failed: ESP_ERR_INVALID_STATE
W (57987) rc_control: Ctrl send failed: ESP_ERR_INVALID_STATE
W (58007) rc_control: Ctrl send failed: ESP_ERR_INVALID_STATE
W (58027) rc_control: Ctrl send failed: ESP_ERR_INVALID_STATE
W (58047) rc_control: Ctrl send failed: ESP_ERR_INVALID_STATE
W (58067) rc_control: Ctrl send failed: ESP_ERR_INVALID_STATE
W (58087) rc_control: Ctrl send failed: ESP_ERR_INVALID_STATE
W (58107) rc_control: Ctrl send failed: ESP_ERR_INVALID_STATE
W (58127) rc_control: Ctrl send failed: ESP_ERR_INVALID_STATE
W (58147) rc_control: Ctrl send failed: ESP_ERR_INVALID_STATE
W (58167) rc_control: Ctrl send failed: ESP_ERR_INVALID_STATE
W (58187) rc_control: Ctrl send failed: ESP_ERR_INVALID_STATE
W (58207) rc_control: Ctrl send failed: ESP_ERR_INVALID_STATE
W (58227) rc_control: Ctrl send failed: ESP_ERR_INVALID_STATE
W (58247) rc_control: Ctrl send failed: ESP_ERR_INVALID_STATE
W (58267) rc_control: Ctrl send failed: ESP_ERR_INVALID_STATE
W (58287) rc_control: Ctrl send failed: ESP_ERR_INVALID_STATE
W (58307) rc_control: Ctrl send failed: ESP_ERR_INVALID_STATE
W (58327) rc_control: Ctrl send failed: ESP_ERR_INVALID_STATE
W (58347) rc_control: Ctrl send failed: ESP_ERR_INVALID_STATE
W (58367) rc_control: Ctrl send failed: ESP_ERR_INVALID_STATE
W (58387) rc_control: Ctrl send failed: ESP_ERR_INVALID_STATE
W (58407) rc_control: Ctrl send failed: ESP_ERR_INVALID_STATE
W (58427) rc_control: Ctrl send failed: ESP_ERR_INVALID_STATE
W (58447) rc_control: Ctrl send failed: ESP_ERR_INVALID_STATE
W (58467) rc_control: Ctrl send failed: ESP_ERR_INVALID_STATE
W (58487) rc_control: Ctrl send failed: ESP_ERR_INVALID_STATE
W (58507) rc_control: Ctrl send failed: ESP_ERR_INVALID_STATE
W (58527) rc_control: Ctrl send failed: ESP_ERR_INVALID_STATE
W (58547) rc_control: Ctrl send failed: ESP_ERR_INVALID_STATE
W (58567) rc_control: Ctrl send failed: ESP_ERR_INVALID_STATE
W (58587) rc_control: Ctrl send failed: ESP_ERR_INVALID_STATE
W (58607) rc_control: Ctrl send failed: ESP_ERR_INVALID_STATE
W (58627) rc_control: Ctrl send failed: ESP_ERR_INVALID_STATE
W (58647) rc_control: Ctrl send failed: ESP_ERR_INVALID_STATE
W (58667) rc_control: Ctrl send failed: ESP_ERR_INVALID_STATE
W (58687) rc_control: Ctrl send failed: ESP_ERR_INVALID_STATE
W (58707) rc_control: Ctrl send failed: ESP_ERR_INVALID_STATE
W (58727) rc_control: Ctrl send failed: ESP_ERR_INVALID_STATE
W (58747) rc_control: Ctrl send failed: ESP_ERR_INVALID_STATE
W (58767) rc_control: Ctrl send failed: ESP_ERR_INVALID_STATE
W (58787) rc_control: Ctrl send failed: ESP_ERR_INVALID_STATE
W (58807) rc_control: Ctrl send failed: ESP_ERR_INVALID_STATE
W (58827) rc_control: Ctrl send failed: ESP_ERR_INVALID_STATE
W (58847) rc_control: Ctrl send failed: ESP_ERR_INVALID_STATE
W (58867) rc_control: Ctrl send failed: ESP_ERR_INVALID_STATE
W (58887) rc_control: Ctrl send failed: ESP_ERR_INVALID_STATE
W (58907) rc_control: Ctrl send failed: ESP_ERR_INVALID_STATE
W (58927) rc_control: Ctrl send failed: ESP_ERR_INVALID_STATE
W (58947) rc_control: Ctrl send failed: ESP_ERR_INVALID_STATE
W (58967) rc_control: Ctrl send failed: ESP_ERR_INVALID_STATE
W (58987) rc_control: Ctrl send failed: ESP_ERR_INVALID_STATE
W (59007) rc_control: Ctrl send failed: ESP_ERR_INVALID_STATE
W (59027) rc_control: Ctrl send failed: ESP_ERR_INVALID_STATE
W (59047) rc_control: Ctrl send failed: ESP_ERR_INVALID_STATE
W (59067) rc_control: Ctrl send failed: ESP_ERR_INVALID_STATE
W (59087) rc_control: Ctrl send failed: ESP_ERR_INVALID_STATE
W (59107) rc_control: Ctrl send failed: ESP_ERR_INVALID_STATE
W (59127) rc_control: Ctrl send failed: ESP_ERR_INVALID_STATE
W (59147) rc_control: Ctrl send failed: ESP_ERR_INVALID_STATE
W (59167) rc_control: Ctrl send failed: ESP_ERR_INVALID_STATE
W (59187) rc_control: Ctrl send failed: ESP_ERR_INVALID_STATE
W (59207) rc_control: Ctrl send failed: ESP_ERR_INVALID_STATE
W (59227) rc_control: Ctrl send failed: ESP_ERR_INVALID_STATE
W (59247) rc_control: Ctrl send failed: ESP_ERR_INVALID_STATE
W (59267) rc_control: Ctrl send failed: ESP_ERR_INVALID_STATE
W (59287) rc_control: Ctrl send failed: ESP_ERR_INVALID_STATE
W (59307) rc_control: Ctrl send failed: ESP_ERR_INVALID_STATE
W (59327) rc_control: Ctrl send failed: ESP_ERR_INVALID_STATE
W (59347) rc_control: Ctrl send failed: ESP_ERR_INVALID_STATE
W (59367) rc_control: Ctrl send failed: ESP_ERR_INVALID_STATE
W (59387) rc_control: Ctrl send failed: ESP_ERR_INVALID_STATE
W (59407) rc_control: Ctrl send failed: ESP_ERR_INVALID_STATE
W (59427) rc_control: Ctrl send failed: ESP_ERR_INVALID_STATE
W (59447) rc_control: Ctrl send failed: ESP_ERR_INVALID_STATE
W (59467) rc_control: Ctrl send failed: ESP_ERR_INVALID_STATE
W (59487) rc_control: Ctrl send failed: ESP_ERR_INVALID_STATE
W (59507) rc_control: Ctrl send failed: ESP_ERR_INVALID_STATE
W (59527) rc_control: Ctrl send failed: ESP_ERR_INVALID_STATE
W (59547) rc_control: Ctrl send failed: ESP_ERR_INVALID_STATE
W (59567) rc_control: Ctrl send failed: ESP_ERR_INVALID_STATE
W (59587) rc_control: Ctrl send failed: ESP_ERR_INVALID_STATE
W (59607) rc_control: Ctrl send failed: ESP_ERR_INVALID_STATE
W (59627) rc_control: Ctrl send failed: ESP_ERR_INVALID_STATE
W (59647) rc_control: Ctrl send failed: ESP_ERR_INVALID_STATE
W (59667) rc_control: Ctrl send failed: ESP_ERR_INVALID_STATE
W (59687) rc_control: Ctrl send failed: ESP_ERR_INVALID_STATE
W (59707) rc_control: Ctrl send failed: ESP_ERR_INVALID_STATE
W (59727) rc_control: Ctrl send failed: ESP_ERR_INVALID_STATE
W (59747) rc_control: Ctrl send failed: ESP_ERR_INVALID_STATE
W (59767) rc_control: Ctrl send failed: ESP_ERR_INVALID_STATE
W (59787) rc_control: Ctrl send failed: ESP_ERR_INVALID_STATE
W (59807) rc_control: Ctrl send failed: ESP_ERR_INVALID_STATE
W (59827) rc_control: Ctrl send failed: ESP_ERR_INVALID_STATE
W (59847) rc_control: Ctrl send failed: ESP_ERR_INVALID_STATE
W (59867) rc_control: Ctrl send failed: ESP_ERR_INVALID_STATE
W (59887) rc_control: Ctrl send failed: ESP_ERR_INVALID_STATE
W (59907) rc_control: Ctrl send failed: ESP_ERR_INVALID_STATE
W (59927) rc_control: Ctrl send failed: ESP_ERR_INVALID_STATE
W (59947) rc_control: Ctrl send failed: ESP_ERR_INVALID_STATE
W (59967) rc_control: Ctrl send failed: ESP_ERR_INVALID_STATE
W (59987) rc_control: Ctrl send failed: ESP_ERR_INVALID_STATE
W (60007) rc_control: Ctrl send failed: ESP_ERR_INVALID_STATE
W (60027) rc_control: Ctrl send failed: ESP_ERR_INVALID_STATE
W (60047) rc_control: Ctrl send failed: ESP_ERR_INVALID_STATE
W (60067) rc_control: Ctrl send failed: ESP_ERR_INVALID_STATE
W (60087) rc_control: Ctrl send failed: ESP_ERR_INVALID_STATE
W (60107) rc_control: Ctrl send failed: ESP_ERR_INVALID_STATE
W (60127) rc_control: Ctrl send failed: ESP_ERR_INVALID_STATE
W (60147) rc_control: Ctrl send failed: ESP_ERR_INVALID_STATE
W (60167) rc_control: Ctrl send failed: ESP_ERR_INVALID_STATE
W (60187) rc_control: Ctrl send failed: ESP_ERR_INVALID_STATE
W (60207) rc_control: Ctrl send failed: ESP_ERR_INVALID_STATE
W (60227) rc_control: Ctrl send failed: ESP_ERR_INVALID_STATE
W (60247) rc_control: Ctrl send failed: ESP_ERR_INVALID_STATE
W (60267) rc_control: Ctrl send failed: ESP_ERR_INVALID_STATE
W (60287) rc_control: Ctrl send failed: ESP_ERR_INVALID_STATE
W (60307) rc_control: Ctrl send failed: ESP_ERR_INVALID_STATE
W (60327) rc_control: Ctrl send failed: ESP_ERR_INVALID_STATE
W (60347) rc_control: Ctrl send failed: ESP_ERR_INVALID_STATE
W (60367) rc_control: Ctrl send failed: ESP_ERR_INVALID_STATE
W (60387) rc_control: Ctrl send failed: ESP_ERR_INVALID_STATE
W (60407) rc_control: Ctrl send failed: ESP_ERR_INVALID_STATE
W (60427) rc_control: Ctrl send failed: ESP_ERR_INVALID_STATE
W (60447) rc_control: Ctrl send failed: ESP_ERR_INVALID_STATE
W (60467) rc_control: Ctrl send failed: ESP_ERR_INVALID_STATE
W (60487) rc_control: Ctrl send failed: ESP_ERR_INVALID_STATE
W (60507) rc_control: Ctrl send failed: ESP_ERR_INVALID_STATE
W (60527) rc_control: Ctrl send failed: ESP_ERR_INVALID_STATE
W (60547) rc_control: Ctrl send failed: ESP_ERR_INVALID_STATE
W (60567) rc_control: Ctrl send failed: ESP_ERR_INVALID_STATE
W (60587) rc_control: Ctrl send failed: ESP_ERR_INVALID_STATE
W (60607) rc_control: Ctrl send failed: ESP_ERR_INVALID_STATE
W (60627) rc_control: Ctrl send failed: ESP_ERR_INVALID_STATE
W (60647) rc_control: Ctrl send failed: ESP_ERR_INVALID_STATE
W (60667) rc_control: Ctrl send failed: ESP_ERR_INVALID_STATE
W (60687) rc_control: Ctrl send failed: ESP_ERR_INVALID_STATE
W (60707) rc_control: Ctrl send failed: ESP_ERR_INVALID_STATE
W (60727) rc_control: Ctrl send failed: ESP_ERR_INVALID_STATE
W (60747) rc_control: Ctrl send failed: ESP_ERR_INVALID_STATE
W (60767) rc_control: Ctrl send failed: ESP_ERR_INVALID_STATE
W (60787) rc_control: Ctrl send failed: ESP_ERR_INVALID_STATE
W (60807) rc_control: Ctrl send failed: ESP_ERR_INVALID_STATE
W (60827) rc_control: Ctrl send failed: ESP_ERR_INVALID_STATE
W (60847) rc_control: Ctrl send failed: ESP_ERR_INVALID_STATE
W (60867) rc_control: Ctrl send failed: ESP_ERR_INVALID_STATE
W (60887) rc_control: Ctrl send failed: ESP_ERR_INVALID_STATE
W (60907) rc_control: Ctrl send failed: ESP_ERR_INVALID_STATE
W (60927) rc_control: Ctrl send failed: ESP_ERR_INVALID_STATE
W (60947) rc_control: Ctrl send failed: ESP_ERR_INVALID_STATE
W (60967) rc_control: Ctrl send failed: ESP_ERR_INVALID_STATE
W (60987) rc_control: Ctrl send failed: ESP_ERR_INVALID_STATE
W (61007) rc_control: Ctrl send failed: ESP_ERR_INVALID_STATE
W (61027) rc_control: Ctrl send failed: ESP_ERR_INVALID_STATE
W (61047) rc_control: Ctrl send failed: ESP_ERR_INVALID_STATE
W (61067) rc_control: Ctrl send failed: ESP_ERR_INVALID_STATE
W (61087) rc_control: Ctrl send failed: ESP_ERR_INVALID_STATE
W (61107) rc_control: Ctrl send failed: ESP_ERR_INVALID_STATE
W (61127) rc_control: Ctrl send failed: ESP_ERR_INVALID_STATE
W (61147) rc_control: Ctrl send failed: ESP_ERR_INVALID_STATE
W (61167) rc_control: Ctrl send failed: ESP_ERR_INVALID_STATE
W (61187) rc_control: Ctrl send failed: ESP_ERR_INVALID_STATE
W (61207) rc_control: Ctrl send failed: ESP_ERR_INVALID_STATE
W (61227) rc_control: Ctrl send failed: ESP_ERR_INVALID_STATE
W (61247) rc_control: Ctrl send failed: ESP_ERR_INVALID_STATE
W (61267) rc_control: Ctrl send failed: ESP_ERR_INVALID_STATE
W (61287) rc_control: Ctrl send failed: ESP_ERR_INVALID_STATE
W (61307) rc_control: Ctrl send failed: ESP_ERR_INVALID_STATE
W (61327) rc_control: Ctrl send failed: ESP_ERR_INVALID_STATE
W (61347) rc_control: Ctrl send failed: ESP_ERR_INVALID_STATE
W (61367) rc_control: Ctrl send failed: ESP_ERR_INVALID_STATE
W (61387) rc_control: Ctrl send failed: ESP_ERR_INVALID_STATE
W (61407) rc_control: Ctrl send failed: ESP_ERR_INVALID_STATE
W (61427) rc_control: Ctrl send failed: ESP_ERR_INVALID_STATE
W (61447) rc_control: Ctrl send failed: ESP_ERR_INVALID_STATE
W (61467) rc_control: Ctrl send failed: ESP_ERR_INVALID_STATE
W (61487) rc_control: Ctrl send failed: ESP_ERR_INVALID_STATE
W (61507) rc_control: Ctrl send failed: ESP_ERR_INVALID_STATE
W (61527) rc_control: Ctrl send failed: ESP_ERR_INVALID_STATE
W (61547) rc_control: Ctrl send failed: ESP_ERR_INVALID_STATE
W (61567) rc_control: Ctrl send failed: ESP_ERR_INVALID_STATE
W (61587) rc_control: Ctrl send failed: ESP_ERR_INVALID_STATE
W (61607) rc_control: Ctrl send failed: ESP_ERR_INVALID_STATE
W (61627) rc_control: Ctrl send failed: ESP_ERR_INVALID_STATE
W (61647) rc_control: Ctrl send failed: ESP_ERR_INVALID_STATE
W (61667) rc_control: Ctrl send failed: ESP_ERR_INVALID_STATE
W (61687) rc_control: Ctrl send failed: ESP_ERR_INVALID_STATE
W (61707) rc_control: Ctrl send failed: ESP_ERR_INVALID_STATE
W (61727) rc_control: Ctrl send failed: ESP_ERR_INVALID_STATE
W (61747) rc_control: Ctrl send failed: ESP_ERR_INVALID_STATE
W (61767) rc_control: Ctrl send failed: ESP_ERR_INVALID_STATE
W (61787) rc_control: Ctrl send failed: ESP_ERR_INVALID_STATE
W (61807) rc_control: Ctrl send failed: ESP_ERR_INVALID_STATE
W (61827) rc_control: Ctrl send failed: ESP_ERR_INVALID_STATE
W (61847) rc_control: Ctrl send failed: ESP_ERR_INVALID_STATE
W (61867) rc_control: Ctrl send failed: ESP_ERR_INVALID_STATE
W (61887) rc_control: Ctrl send failed: ESP_ERR_INVALID_STATE
W (61907) rc_control: Ctrl send failed: ESP_ERR_INVALID_STATE
W (61927) rc_control: Ctrl send failed: ESP_ERR_INVALID_STATE
W (61947) rc_control: Ctrl send failed: ESP_ERR_INVALID_STATE
W (61967) rc_control: Ctrl send failed: ESP_ERR_INVALID_STATE
W (61987) rc_control: Ctrl send failed: ESP_ERR_INVALID_STATE
W (62007) rc_control: Ctrl send failed: ESP_ERR_INVALID_STATE
W (62027) rc_control: Ctrl send failed: ESP_ERR_INVALID_STATE
W (62047) rc_control: Ctrl send failed: ESP_ERR_INVALID_STATE
W (62067) rc_control: Ctrl send failed: ESP_ERR_INVALID_STATE
W (62087) rc_control: Ctrl send failed: ESP_ERR_INVALID_STATE
W (62107) rc_control: Ctrl send failed: ESP_ERR_INVALID_STATE
W (62127) rc_control: Ctrl send failed: ESP_ERR_INVALID_STATE
W (62147) rc_control: Ctrl send failed: ESP_ERR_INVALID_STATE
W (62167) rc_control: Ctrl send failed: ESP_ERR_INVALID_STATE
W (62187) rc_control: Ctrl send failed: ESP_ERR_INVALID_STATE
W (62207) rc_control: Ctrl send failed: ESP_ERR_INVALID_STATE
W (62227) rc_control: Ctrl send failed: ESP_ERR_INVALID_STATE
W (62247) rc_control: Ctrl send failed: ESP_ERR_INVALID_STATE
W (62267) rc_control: Ctrl send failed: ESP_ERR_INVALID_STATE
W (62287) rc_control: Ctrl send failed: ESP_ERR_INVALID_STATE
W (62307) rc_control: Ctrl send failed: ESP_ERR_INVALID_STATE
W (62327) rc_control: Ctrl send failed: ESP_ERR_INVALID_STATE
W (62347) rc_control: Ctrl send failed: ESP_ERR_INVALID_STATE
W (62367) rc_control: Ctrl send failed: ESP_ERR_INVALID_STATE
W (62387) rc_control: Ctrl send failed: ESP_ERR_INVALID_STATE
W (62407) rc_control: Ctrl send failed: ESP_ERR_INVALID_STATE
W (62427) rc_control: Ctrl send failed: ESP_ERR_INVALID_STATE
W (62447) rc_control: Ctrl send failed: ESP_ERR_INVALID_STATE
W (62467) rc_control: Ctrl send failed: ESP_ERR_INVALID_STATE
W (62487) rc_control: Ctrl send failed: ESP_ERR_INVALID_STATE
W (62507) rc_control: Ctrl send failed: ESP_ERR_INVALID_STATE
W (62527) rc_control: Ctrl send failed: ESP_ERR_INVALID_STATE
W (62547) rc_control: Ctrl send failed: ESP_ERR_INVALID_STATE
W (62567) rc_control: Ctrl send failed: ESP_ERR_INVALID_STATE
W (62587) rc_control: Ctrl send failed: ESP_ERR_INVALID_STATE
W (62607) rc_control: Ctrl send failed: ESP_ERR_INVALID_STATE
W (62627) rc_control: Ctrl send failed: ESP_ERR_INVALID_STATE
W (62647) rc_control: Ctrl send failed: ESP_ERR_INVALID_STATE
W (62667) rc_control: Ctrl send failed: ESP_ERR_INVALID_STATE
W (62687) rc_control: Ctrl send failed: ESP_ERR_INVALID_STATE
W (62707) rc_control: Ctrl send failed: ESP_ERR_INVALID_STATE
W (62727) rc_control: Ctrl send failed: ESP_ERR_INVALID_STATE
W (62747) rc_control: Ctrl send failed: ESP_ERR_INVALID_STATE
W (62767) rc_control: Ctrl send failed: ESP_ERR_INVALID_STATE
W (62787) rc_control: Ctrl send failed: ESP_ERR_INVALID_STATE
W (62807) rc_control: Ctrl send failed: ESP_ERR_INVALID_STATE
W (62827) rc_control: Ctrl send failed: ESP_ERR_INVALID_STATE
W (62847) rc_control: Ctrl send failed: ESP_ERR_INVALID_STATE
W (62867) rc_control: Ctrl send failed: ESP_ERR_INVALID_STATE
W (62887) rc_control: Ctrl send failed: ESP_ERR_INVALID_STATE
W (62907) rc_control: Ctrl send failed: ESP_ERR_INVALID_STATE
W (62927) rc_control: Ctrl send failed: ESP_ERR_INVALID_STATE
W (62947) rc_control: Ctrl send failed: ESP_ERR_INVALID_STATE
W (62967) rc_control: Ctrl send failed: ESP_ERR_INVALID_STATE
W (62987) rc_control: Ctrl send failed: ESP_ERR_INVALID_STATE
W (63007) rc_control: Ctrl send failed: ESP_ERR_INVALID_STATE
W (63027) rc_control: Ctrl send failed: ESP_ERR_INVALID_STATE
W (63047) rc_control: Ctrl send failed: ESP_ERR_INVALID_STATE
W (63067) rc_control: Ctrl send failed: ESP_ERR_INVALID_STATE
W (63087) rc_control: Ctrl send failed: ESP_ERR_INVALID_STATE
W (63107) rc_control: Ctrl send failed: ESP_ERR_INVALID_STATE
W (63127) rc_control: Ctrl send failed: ESP_ERR_INVALID_STATE
W (63147) rc_control: Ctrl send failed: ESP_ERR_INVALID_STATE
W (63167) rc_control: Ctrl send failed: ESP_ERR_INVALID_STATE
W (63187) rc_control: Ctrl send failed: ESP_ERR_INVALID_STATE
W (63207) rc_control: Ctrl send failed: ESP_ERR_INVALID_STATE
W (63227) rc_control: Ctrl send failed: ESP_ERR_INVALID_STATE
W (63247) rc_control: Ctrl send failed: ESP_ERR_INVALID_STATE
W (63267) rc_control: Ctrl send failed: ESP_ERR_INVALID_STATE
W (63287) rc_control: Ctrl send failed: ESP_ERR_INVALID_STATE
W (63307) rc_control: Ctrl send failed: ESP_ERR_INVALID_STATE
W (63327) rc_control: Ctrl send failed: ESP_ERR_INVALID_STATE
W (63347) rc_control: Ctrl send failed: ESP_ERR_INVALID_STATE
W (63367) rc_control: Ctrl send failed: ESP_ERR_INVALID_STATE
W (63387) rc_control: Ctrl send failed: ESP_ERR_INVALID_STATE
W (63407) rc_control: Ctrl send failed: ESP_ERR_INVALID_STATE
W (63427) rc_control: Ctrl send failed: ESP_ERR_INVALID_STATE
W (63447) rc_control: Ctrl send failed: ESP_ERR_INVALID_STATE
W (63467) rc_control: Ctrl send failed: ESP_ERR_INVALID_STATE
W (63487) rc_control: Ctrl send failed: ESP_ERR_INVALID_STATE
W (63507) rc_control: Ctrl send failed: ESP_ERR_INVALID_STATE
W (63527) rc_control: Ctrl send failed: ESP_ERR_INVALID_STATE
W (63547) rc_control: Ctrl send failed: ESP_ERR_INVALID_STATE
W (63567) rc_control: Ctrl send failed: ESP_ERR_INVALID_STATE
W (63587) rc_control: Ctrl send failed: ESP_ERR_INVALID_STATE
W (63607) rc_control: Ctrl send failed: ESP_ERR_INVALID_STATE
W (63627) rc_control: Ctrl send failed: ESP_ERR_INVALID_STATE
W (63647) rc_control: Ctrl send failed: ESP_ERR_INVALID_STATE
W (63667) rc_control: Ctrl send failed: ESP_ERR_INVALID_STATE
W (63687) rc_control: Ctrl send failed: ESP_ERR_INVALID_STATE
W (63707) rc_control: Ctrl send failed: ESP_ERR_INVALID_STATE
W (63727) rc_control: Ctrl send failed: ESP_ERR_INVALID_STATE
W (63747) rc_control: Ctrl send failed: ESP_ERR_INVALID_STATE
W (63767) rc_control: Ctrl send failed: ESP_ERR_INVALID_STATE
W (63787) rc_control: Ctrl send failed: ESP_ERR_INVALID_STATE
W (63807) rc_control: Ctrl send failed: ESP_ERR_INVALID_STATE
W (63827) rc_control: Ctrl send failed: ESP_ERR_INVALID_STATE
W (63847) rc_control: Ctrl send failed: ESP_ERR_INVALID_STATE
W (63867) rc_control: Ctrl send failed: ESP_ERR_INVALID_STATE
W (63887) rc_control: Ctrl send failed: ESP_ERR_INVALID_STATE
W (63907) rc_control: Ctrl send failed: ESP_ERR_INVALID_STATE
W (63927) rc_control: Ctrl send failed: ESP_ERR_INVALID_STATE
W (63947) rc_control: Ctrl send failed: ESP_ERR_INVALID_STATE
W (63967) rc_control: Ctrl send failed: ESP_ERR_INVALID_STATE
W (63987) rc_control: Ctrl send failed: ESP_ERR_INVALID_STATE
W (64007) rc_control: Ctrl send failed: ESP_ERR_INVALID_STATE
W (64027) rc_control: Ctrl send failed: ESP_ERR_INVALID_STATE
W (64047) rc_control: Ctrl send failed: ESP_ERR_INVALID_STATE
W (64067) rc_control: Ctrl send failed: ESP_ERR_INVALID_STATE
W (64087) rc_control: Ctrl send failed: ESP_ERR_INVALID_STATE
W (64107) rc_control: Ctrl send failed: ESP_ERR_INVALID_STATE
W (64127) rc_control: Ctrl send failed: ESP_ERR_INVALID_STATE
W (64147) rc_control: Ctrl send failed: ESP_ERR_INVALID_STATE
W (64167) rc_control: Ctrl send failed: ESP_ERR_INVALID_STATE
W (64187) rc_control: Ctrl send failed: ESP_ERR_INVALID_STATE
W (64207) rc_control: Ctrl send failed: ESP_ERR_INVALID_STATE
W (64227) rc_control: Ctrl send failed: ESP_ERR_INVALID_STATE
W (64247) rc_control: Ctrl send failed: ESP_ERR_INVALID_STATE
W (64267) rc_control: Ctrl send failed: ESP_ERR_INVALID_STATE
W (64287) rc_control: Ctrl send failed: ESP_ERR_INVALID_STATE
W (64307) rc_control: Ctrl send failed: ESP_ERR_INVALID_STATE
W (64327) rc_control: Ctrl send failed: ESP_ERR_INVALID_STATE
W (64347) rc_control: Ctrl send failed: ESP_ERR_INVALID_STATE
W (64367) rc_control: Ctrl send failed: ESP_ERR_INVALID_STATE
W (64387) rc_control: Ctrl send failed: ESP_ERR_INVALID_STATE
W (64407) rc_control: Ctrl send failed: ESP_ERR_INVALID_STATE
W (64427) rc_control: Ctrl send failed: ESP_ERR_INVALID_STATE
W (64447) rc_control: Ctrl send failed: ESP_ERR_INVALID_STATE
W (64467) rc_control: Ctrl send failed: ESP_ERR_INVALID_STATE
W (64487) rc_control: Ctrl send failed: ESP_ERR_INVALID_STATE
W (64507) rc_control: Ctrl send failed: ESP_ERR_INVALID_STATE
W (64527) rc_control: Ctrl send failed: ESP_ERR_INVALID_STATE
W (64547) rc_control: Ctrl send failed: ESP_ERR_INVALID_STATE
W (64567) rc_control: Ctrl send failed: ESP_ERR_INVALID_STATE
W (64587) rc_control: Ctrl send failed: ESP_ERR_INVALID_STATE
W (64607) rc_control: Ctrl send failed: ESP_ERR_INVALID_STATE
W (64627) rc_control: Ctrl send failed: ESP_ERR_INVALID_STATE
W (64647) rc_control: Ctrl send failed: ESP_ERR_INVALID_STATE
W (64667) rc_control: Ctrl send failed: ESP_ERR_INVALID_STATE
W (64687) rc_control: Ctrl send failed: ESP_ERR_INVALID_STATE
W (64707) rc_control: Ctrl send failed: ESP_ERR_INVALID_STATE
W (64727) rc_control: Ctrl send failed: ESP_ERR_INVALID_STATE
W (64747) rc_control: Ctrl send failed: ESP_ERR_INVALID_STATE
W (64767) rc_control: Ctrl send failed: ESP_ERR_INVALID_STATE
W (64787) rc_control: Ctrl send failed: ESP_ERR_INVALID_STATE
W (64807) rc_control: Ctrl send failed: ESP_ERR_INVALID_STATE
W (64827) rc_control: Ctrl send failed: ESP_ERR_INVALID_STATE
W (64847) rc_control: Ctrl send failed: ESP_ERR_INVALID_STATE
W (64867) rc_control: Ctrl send failed: ESP_ERR_INVALID_STATE
W (64887) rc_control: Ctrl send failed: ESP_ERR_INVALID_STATE
W (64907) rc_control: Ctrl send failed: ESP_ERR_INVALID_STATE
W (64927) rc_control: Ctrl send failed: ESP_ERR_INVALID_STATE
W (64947) rc_control: Ctrl send failed: ESP_ERR_INVALID_STATE
W (64967) rc_control: Ctrl send failed: ESP_ERR_INVALID_STATE
W (64987) rc_control: Ctrl send failed: ESP_ERR_INVALID_STATE
W (65007) rc_control: Ctrl send failed: ESP_ERR_INVALID_STATE
W (65027) rc_control: Ctrl send failed: ESP_ERR_INVALID_STATE
W (65047) rc_control: Ctrl send failed: ESP_ERR_INVALID_STATE
W (65067) rc_control: Ctrl send failed: ESP_ERR_INVALID_STATE
W (65087) rc_control: Ctrl send failed: ESP_ERR_INVALID_STATE
W (65107) rc_control: Ctrl send failed: ESP_ERR_INVALID_STATE
W (65127) rc_control: Ctrl send failed: ESP_ERR_INVALID_STATE
W (65147) rc_control: Ctrl send failed: ESP_ERR_INVALID_STATE
W (65167) rc_control: Ctrl send failed: ESP_ERR_INVALID_STATE
W (65187) rc_control: Ctrl send failed: ESP_ERR_INVALID_STATE
W (65207) rc_control: Ctrl send failed: ESP_ERR_INVALID_STATE
W (65227) rc_control: Ctrl send failed: ESP_ERR_INVALID_STATE
W (65247) rc_control: Ctrl send failed: ESP_ERR_INVALID_STATE
W (65267) rc_control: Ctrl send failed: ESP_ERR_INVALID_STATE
W (65287) rc_control: Ctrl send failed: ESP_ERR_INVALID_STATE
W (65307) rc_control: Ctrl send failed: ESP_ERR_INVALID_STATE
W (65327) rc_control: Ctrl send failed: ESP_ERR_INVALID_STATE
W (65347) rc_control: Ctrl send failed: ESP_ERR_INVALID_STATE
W (65367) rc_control: Ctrl send failed: ESP_ERR_INVALID_STATE
W (65387) rc_control: Ctrl send failed: ESP_ERR_INVALID_STATE
W (65407) rc_control: Ctrl send failed: ESP_ERR_INVALID_STATE
W (65427) rc_control: Ctrl send failed: ESP_ERR_INVALID_STATE
W (65447) rc_control: Ctrl send failed: ESP_ERR_INVALID_STATE
W (65467) rc_control: Ctrl send failed: ESP_ERR_INVALID_STATE
W (65487) rc_control: Ctrl send failed: ESP_ERR_INVALID_STATE
W (65507) rc_control: Ctrl send failed: ESP_ERR_INVALID_STATE
W (65527) rc_control: Ctrl send failed: ESP_ERR_INVALID_STATE
W (65547) rc_control: Ctrl send failed: ESP_ERR_INVALID_STATE
W (65567) rc_control: Ctrl send failed: ESP_ERR_INVALID_STATE
W (65587) rc_control: Ctrl send failed: ESP_ERR_INVALID_STATE
W (65607) rc_control: Ctrl send failed: ESP_ERR_INVALID_STATE
W (65627) rc_control: Ctrl send failed: ESP_ERR_INVALID_STATE
W (65647) rc_control: Ctrl send failed: ESP_ERR_INVALID_STATE
W (65667) rc_control: Ctrl send failed: ESP_ERR_INVALID_STATE
W (65687) rc_control: Ctrl send failed: ESP_ERR_INVALID_STATE
W (65707) rc_control: Ctrl send failed: ESP_ERR_INVALID_STATE
W (65727) rc_control: Ctrl send failed: ESP_ERR_INVALID_STATE
W (65747) rc_control: Ctrl send failed: ESP_ERR_INVALID_STATE
W (65767) rc_control: Ctrl send failed: ESP_ERR_INVALID_STATE
W (65787) rc_control: Ctrl send failed: ESP_ERR_INVALID_STATE
W (65807) rc_control: Ctrl send failed: ESP_ERR_INVALID_STATE
W (65827) rc_control: Ctrl send failed: ESP_ERR_INVALID_STATE
W (65847) rc_control: Ctrl send failed: ESP_ERR_INVALID_STATE
W (65867) rc_control: Ctrl send failed: ESP_ERR_INVALID_STATE
W (65887) rc_control: Ctrl send failed: ESP_ERR_INVALID_STATE
W (65907) rc_control: Ctrl send failed: ESP_ERR_INVALID_STATE
W (65927) rc_control: Ctrl send failed: ESP_ERR_INVALID_STATE
W (65947) rc_control: Ctrl send failed: ESP_ERR_INVALID_STATE
W (65967) rc_control: Ctrl send failed: ESP_ERR_INVALID_STATE
W (65987) rc_control: Ctrl send failed: ESP_ERR_INVALID_STATE
W (66007) rc_control: Ctrl send failed: ESP_ERR_INVALID_STATE
W (66027) rc_control: Ctrl send failed: ESP_ERR_INVALID_STATE
W (66047) rc_control: Ctrl send failed: ESP_ERR_INVALID_STATE
W (66067) rc_control: Ctrl send failed: ESP_ERR_INVALID_STATE
W (66087) rc_control: Ctrl send failed: ESP_ERR_INVALID_STATE
W (66107) rc_control: Ctrl send failed: ESP_ERR_INVALID_STATE
W (66127) rc_control: Ctrl send failed: ESP_ERR_INVALID_STATE
W (66147) rc_control: Ctrl send failed: ESP_ERR_INVALID_STATE
W (66167) rc_control: Ctrl send failed: ESP_ERR_INVALID_STATE
W (66187) rc_control: Ctrl send failed: ESP_ERR_INVALID_STATE
W (66207) rc_control: Ctrl send failed: ESP_ERR_INVALID_STATE
W (66227) rc_control: Ctrl send failed: ESP_ERR_INVALID_STATE
W (66247) rc_control: Ctrl send failed: ESP_ERR_INVALID_STATE
W (66267) rc_control: Ctrl send failed: ESP_ERR_INVALID_STATE
W (66287) rc_control: Ctrl send failed: ESP_ERR_INVALID_STATE
W (66307) rc_control: Ctrl send failed: ESP_ERR_INVALID_STATE
W (66327) rc_control: Ctrl send failed: ESP_ERR_INVALID_STATE
W (66347) rc_control: Ctrl send failed: ESP_ERR_INVALID_STATE
W (66367) rc_control: Ctrl send failed: ESP_ERR_INVALID_STATE
W (66387) rc_control: Ctrl send failed: ESP_ERR_INVALID_STATE
W (66407) rc_control: Ctrl send failed: ESP_ERR_INVALID_STATE
W (66427) rc_control: Ctrl send failed: ESP_ERR_INVALID_STATE
W (66447) rc_control: Ctrl send failed: ESP_ERR_INVALID_STATE
W (66467) rc_control: Ctrl send failed: ESP_ERR_INVALID_STATE
W (66487) rc_control: Ctrl send failed: ESP_ERR_INVALID_STATE
W (66507) rc_control: Ctrl send failed: ESP_ERR_INVALID_STATE
W (66527) rc_control: Ctrl send failed: ESP_ERR_INVALID_STATE
W (66547) rc_control: Ctrl send failed: ESP_ERR_INVALID_STATE
W (66567) rc_control: Ctrl send failed: ESP_ERR_INVALID_STATE
W (66587) rc_control: Ctrl send failed: ESP_ERR_INVALID_STATE
W (66607) rc_control: Ctrl send failed: ESP_ERR_INVALID_STATE
W (66627) rc_control: Ctrl send failed: ESP_ERR_INVALID_STATE
W (66647) rc_control: Ctrl send failed: ESP_ERR_INVALID_STATE
W (66667) rc_control: Ctrl send failed: ESP_ERR_INVALID_STATE
W (66687) rc_control: Ctrl send failed: ESP_ERR_INVALID_STATE
W (66707) rc_control: Ctrl send failed: ESP_ERR_INVALID_STATE
W (66727) rc_control: Ctrl send failed: ESP_ERR_INVALID_STATE
W (66747) rc_control: Ctrl send failed: ESP_ERR_INVALID_STATE
W (66767) rc_control: Ctrl send failed: ESP_ERR_INVALID_STATE
W (66787) rc_control: Ctrl send failed: ESP_ERR_INVALID_STATE
W (66807) rc_control: Ctrl send failed: ESP_ERR_INVALID_STATE
W (66827) rc_control: Ctrl send failed: ESP_ERR_INVALID_STATE
W (66847) rc_control: Ctrl send failed: ESP_ERR_INVALID_STATE
W (66867) rc_control: Ctrl send failed: ESP_ERR_INVALID_STATE
W (66887) rc_control: Ctrl send failed: ESP_ERR_INVALID_STATE
W (66907) rc_control: Ctrl send failed: ESP_ERR_INVALID_STATE
W (66927) rc_control: Ctrl send failed: ESP_ERR_INVALID_STATE
W (66947) rc_control: Ctrl send failed: ESP_ERR_INVALID_STATE
W (66967) rc_control: Ctrl send failed: ESP_ERR_INVALID_STATE
W (66987) rc_control: Ctrl send failed: ESP_ERR_INVALID_STATE
W (67007) rc_control: Ctrl send failed: ESP_ERR_INVALID_STATE
W (67027) rc_control: Ctrl send failed: ESP_ERR_INVALID_STATE
W (67047) rc_control: Ctrl send failed: ESP_ERR_INVALID_STATE
W (67067) rc_control: Ctrl send failed: ESP_ERR_INVALID_STATE
W (67087) rc_control: Ctrl send failed: ESP_ERR_INVALID_STATE
W (67107) rc_control: Ctrl send failed: ESP_ERR_INVALID_STATE
W (67127) rc_control: Ctrl send failed: ESP_ERR_INVALID_STATE
W (67147) rc_control: Ctrl send failed: ESP_ERR_INVALID_STATE
W (67167) rc_control: Ctrl send failed: ESP_ERR_INVALID_STATE
W (67187) rc_control: Ctrl send failed: ESP_ERR_INVALID_STATE
W (67207) rc_control: Ctrl send failed: ESP_ERR_INVALID_STATE
W (67227) rc_control: Ctrl send failed: ESP_ERR_INVALID_STATE
W (67247) rc_control: Ctrl send failed: ESP_ERR_INVALID_STATE
W (67267) rc_control: Ctrl send failed: ESP_ERR_INVALID_STATE
W (67287) rc_control: Ctrl send failed: ESP_ERR_INVALID_STATE
W (67307) rc_control: Ctrl send failed: ESP_ERR_INVALID_STATE
W (67327) rc_control: Ctrl send failed: ESP_ERR_INVALID_STATE
W (67347) rc_control: Ctrl send failed: ESP_ERR_INVALID_STATE
W (67367) rc_control: Ctrl send failed: ESP_ERR_INVALID_STATE
W (67387) rc_control: Ctrl send failed: ESP_ERR_INVALID_STATE
W (67407) rc_control: Ctrl send failed: ESP_ERR_INVALID_STATE
W (67427) rc_control: Ctrl send failed: ESP_ERR_INVALID_STATE
W (67447) rc_control: Ctrl send failed: ESP_ERR_INVALID_STATE
W (67467) rc_control: Ctrl send failed: ESP_ERR_INVALID_STATE
W (67487) rc_control: Ctrl send failed: ESP_ERR_INVALID_STATE
W (67507) rc_control: Ctrl send failed: ESP_ERR_INVALID_STATE
W (67527) rc_control: Ctrl send failed: ESP_ERR_INVALID_STATE
W (67547) rc_control: Ctrl send failed: ESP_ERR_INVALID_STATE
W (67567) rc_control: Ctrl send failed: ESP_ERR_INVALID_STATE
W (67587) rc_control: Ctrl send failed: ESP_ERR_INVALID_STATE
W (67607) rc_control: Ctrl send failed: ESP_ERR_INVALID_STATE
W (67627) rc_control: Ctrl send failed: ESP_ERR_INVALID_STATE
W (67647) rc_control: Ctrl send failed: ESP_ERR_INVALID_STATE
W (67667) rc_control: Ctrl send failed: ESP_ERR_INVALID_STATE
W (67687) rc_control: Ctrl send failed: ESP_ERR_INVALID_STATE
W (67707) rc_control: Ctrl send failed: ESP_ERR_INVALID_STATE
W (67727) rc_control: Ctrl send failed: ESP_ERR_INVALID_STATE
W (67747) rc_control: Ctrl send failed: ESP_ERR_INVALID_STATE
W (67767) rc_control: Ctrl send failed: ESP_ERR_INVALID_STATE
W (67787) rc_control: Ctrl send failed: ESP_ERR_INVALID_STATE
W (67807) rc_control: Ctrl send failed: ESP_ERR_INVALID_STATE
W (67827) rc_control: Ctrl send failed: ESP_ERR_INVALID_STATE
W (67847) rc_control: Ctrl send failed: ESP_ERR_INVALID_STATE
W (67867) rc_control: Ctrl send failed: ESP_ERR_INVALID_STATE
W (67887) rc_control: Ctrl send failed: ESP_ERR_INVALID_STATE
W (67907) rc_control: Ctrl send failed: ESP_ERR_INVALID_STATE
W (67927) rc_control: Ctrl send failed: ESP_ERR_INVALID_STATE
W (67947) rc_control: Ctrl send failed: ESP_ERR_INVALID_STATE
W (67967) rc_control: Ctrl send failed: ESP_ERR_INVALID_STATE
W (67987) rc_control: Ctrl send failed: ESP_ERR_INVALID_STATE
W (68007) rc_control: Ctrl send failed: ESP_ERR_INVALID_STATE
W (68027) rc_control: Ctrl send failed: ESP_ERR_INVALID_STATE
W (68047) rc_control: Ctrl send failed: ESP_ERR_INVALID_STATE
W (68067) rc_control: Ctrl send failed: ESP_ERR_INVALID_STATE
W (68087) rc_control: Ctrl send failed: ESP_ERR_INVALID_STATE
W (68107) rc_control: Ctrl send failed: ESP_ERR_INVALID_STATE
W (68127) rc_control: Ctrl send failed: ESP_ERR_INVALID_STATE
W (68147) rc_control: Ctrl send failed: ESP_ERR_INVALID_STATE
W (68167) rc_control: Ctrl send failed: ESP_ERR_INVALID_STATE
W (68187) rc_control: Ctrl send failed: ESP_ERR_INVALID_STATE
W (68207) rc_control: Ctrl send failed: ESP_ERR_INVALID_STATE
W (68227) rc_control: Ctrl send failed: ESP_ERR_INVALID_STATE
W (68247) rc_control: Ctrl send failed: ESP_ERR_INVALID_STATE
W (68267) rc_control: Ctrl send failed: ESP_ERR_INVALID_STATE
W (68287) rc_control: Ctrl send failed: ESP_ERR_INVALID_STATE
W (68307) rc_control: Ctrl send failed: ESP_ERR_INVALID_STATE
W (68327) rc_control: Ctrl send failed: ESP_ERR_INVALID_STATE
W (68347) rc_control: Ctrl send failed: ESP_ERR_INVALID_STATE
W (68367) rc_control: Ctrl send failed: ESP_ERR_INVALID_STATE
W (68387) rc_control: Ctrl send failed: ESP_ERR_INVALID_STATE
W (68407) rc_control: Ctrl send failed: ESP_ERR_INVALID_STATE
W (68427) rc_control: Ctrl send failed: ESP_ERR_INVALID_STATE
W (68447) rc_control: Ctrl send failed: ESP_ERR_INVALID_STATE
W (68467) rc_control: Ctrl send failed: ESP_ERR_INVALID_STATE
W (68487) rc_control: Ctrl send failed: ESP_ERR_INVALID_STATE
W (68507) rc_control: Ctrl send failed: ESP_ERR_INVALID_STATE
W (68527) rc_control: Ctrl send failed: ESP_ERR_INVALID_STATE
W (68547) rc_control: Ctrl send failed: ESP_ERR_INVALID_STATE
W (68567) rc_control: Ctrl send failed: ESP_ERR_INVALID_STATE
W (68587) rc_control: Ctrl send failed: ESP_ERR_INVALID_STATE
W (68607) rc_control: Ctrl send failed: ESP_ERR_INVALID_STATE
W (68627) rc_control: Ctrl send failed: ESP_ERR_INVALID_STATE
W (68647) rc_control: Ctrl send failed: ESP_ERR_INVALID_STATE
W (68667) rc_control: Ctrl send failed: ESP_ERR_INVALID_STATE
W (68687) rc_control: Ctrl send failed: ESP_ERR_INVALID_STATE
W (68707) rc_control: Ctrl send failed: ESP_ERR_INVALID_STATE
W (68727) rc_control: Ctrl send failed: ESP_ERR_INVALID_STATE
W (68747) rc_control: Ctrl send failed: ESP_ERR_INVALID_STATE
W (68767) rc_control: Ctrl send failed: ESP_ERR_INVALID_STATE
W (68787) rc_control: Ctrl send failed: ESP_ERR_INVALID_STATE
W (68807) rc_control: Ctrl send failed: ESP_ERR_INVALID_STATE
W (68827) rc_control: Ctrl send failed: ESP_ERR_INVALID_STATE
W (68847) rc_control: Ctrl send failed: ESP_ERR_INVALID_STATE
W (68867) rc_control: Ctrl send failed: ESP_ERR_INVALID_STATE
W (68887) rc_control: Ctrl send failed: ESP_ERR_INVALID_STATE
W (68907) rc_control: Ctrl send failed: ESP_ERR_INVALID_STATE
W (68927) rc_control: Ctrl send failed: ESP_ERR_INVALID_STATE
W (68947) rc_control: Ctrl send failed: ESP_ERR_INVALID_STATE
W (68967) rc_control: Ctrl send failed: ESP_ERR_INVALID_STATE
W (68987) rc_control: Ctrl send failed: ESP_ERR_INVALID_STATE
W (69007) rc_control: Ctrl send failed: ESP_ERR_INVALID_STATE
W (69027) rc_control: Ctrl send failed: ESP_ERR_INVALID_STATE
W (69047) rc_control: Ctrl send failed: ESP_ERR_INVALID_STATE
W (69067) rc_control: Ctrl send failed: ESP_ERR_INVALID_STATE
W (69087) rc_control: Ctrl send failed: ESP_ERR_INVALID_STATE
W (69107) rc_control: Ctrl send failed: ESP_ERR_INVALID_STATE
W (69127) rc_control: Ctrl send failed: ESP_ERR_INVALID_STATE
W (69147) rc_control: Ctrl send failed: ESP_ERR_INVALID_STATE
W (69167) rc_control: Ctrl send failed: ESP_ERR_INVALID_STATE
W (69187) rc_control: Ctrl send failed: ESP_ERR_INVALID_STATE
W (69207) rc_control: Ctrl send failed: ESP_ERR_INVALID_STATE
W (69227) rc_control: Ctrl send failed: ESP_ERR_INVALID_STATE
W (69247) rc_control: Ctrl send failed: ESP_ERR_INVALID_STATE
W (69267) rc_control: Ctrl send failed: ESP_ERR_INVALID_STATE
W (69287) rc_control: Ctrl send failed: ESP_ERR_INVALID_STATE
W (69307) rc_control: Ctrl send failed: ESP_ERR_INVALID_STATE
W (69327) rc_control: Ctrl send failed: ESP_ERR_INVALID_STATE
W (69347) rc_control: Ctrl send failed: ESP_ERR_INVALID_STATE
W (69367) rc_control: Ctrl send failed: ESP_ERR_INVALID_STATE
W (69387) rc_control: Ctrl send failed: ESP_ERR_INVALID_STATE
W (69407) rc_control: Ctrl send failed: ESP_ERR_INVALID_STATE
W (69427) rc_control: Ctrl send failed: ESP_ERR_INVALID_STATE
W (69447) rc_control: Ctrl send failed: ESP_ERR_INVALID_STATE
W (69467) rc_control: Ctrl send failed: ESP_ERR_INVALID_STATE
W (69487) rc_control: Ctrl send failed: ESP_ERR_INVALID_STATE
W (69507) rc_control: Ctrl send failed: ESP_ERR_INVALID_STATE
W (69527) rc_control: Ctrl send failed: ESP_ERR_INVALID_STATE
W (69547) rc_control: Ctrl send failed: ESP_ERR_INVALID_STATE
W (69567) rc_control: Ctrl send failed: ESP_ERR_INVALID_STATE
W (69587) rc_control: Ctrl send failed: ESP_ERR_INVALID_STATE
W (69607) rc_control: Ctrl send failed: ESP_ERR_INVALID_STATE
W (69627) rc_control: Ctrl send failed: ESP_ERR_INVALID_STATE
W (69647) rc_control: Ctrl send failed: ESP_ERR_INVALID_STATE
W (69667) rc_control: Ctrl send failed: ESP_ERR_INVALID_STATE
W (69687) rc_control: Ctrl send failed: ESP_ERR_INVALID_STATE
W (69707) rc_control: Ctrl send failed: ESP_ERR_INVALID_STATE
W (69727) rc_control: Ctrl send failed: ESP_ERR_INVALID_STATE
W (69747) rc_control: Ctrl send failed: ESP_ERR_INVALID_STATE
W (69767) rc_control: Ctrl send failed: ESP_ERR_INVALID_STATE
W (69787) rc_control: Ctrl send failed: ESP_ERR_INVALID_STATE
W (69807) rc_control: Ctrl send failed: ESP_ERR_INVALID_STATE
W (69827) rc_control: Ctrl send failed: ESP_ERR_INVALID_STATE
W (69847) rc_control: Ctrl send failed: ESP_ERR_INVALID_STATE
W (69867) rc_control: Ctrl send failed: ESP_ERR_INVALID_STATE
W (69887) rc_control: Ctrl send failed: ESP_ERR_INVALID_STATE
W (69907) rc_control: Ctrl send failed: ESP_ERR_INVALID_STATE
W (69927) rc_control: Ctrl send failed: ESP_ERR_INVALID_STATE
W (69947) rc_control: Ctrl send failed: ESP_ERR_INVALID_STATE
W (69967) rc_control: Ctrl send failed: ESP_ERR_INVALID_STATE
W (69987) rc_control: Ctrl send failed: ESP_ERR_INVALID_STATE
W (70007) rc_control: Ctrl send failed: ESP_ERR_INVALID_STATE
W (70027) rc_control: Ctrl send failed: ESP_ERR_INVALID_STATE
W (70047) rc_control: Ctrl send failed: ESP_ERR_INVALID_STATE
W (70067) rc_control: Ctrl send failed: ESP_ERR_INVALID_STATE
W (70087) rc_control: Ctrl send failed: ESP_ERR_INVALID_STATE
W (70107) rc_control: Ctrl send failed: ESP_ERR_INVALID_STATE
W (70127) rc_control: Ctrl send failed: ESP_ERR_INVALID_STATE
W (70147) rc_control: Ctrl send failed: ESP_ERR_INVALID_STATE
W (70167) rc_control: Ctrl send failed: ESP_ERR_INVALID_STATE
W (70187) rc_control: Ctrl send failed: ESP_ERR_INVALID_STATE
W (70207) rc_control: Ctrl send failed: ESP_ERR_INVALID_STATE
W (70227) rc_control: Ctrl send failed: ESP_ERR_INVALID_STATE
W (70247) rc_control: Ctrl send failed: ESP_ERR_INVALID_STATE
W (70267) rc_control: Ctrl send failed: ESP_ERR_INVALID_STATE
W (70287) rc_control: Ctrl send failed: ESP_ERR_INVALID_STATE
W (70307) rc_control: Ctrl send failed: ESP_ERR_INVALID_STATE
W (70327) rc_control: Ctrl send failed: ESP_ERR_INVALID_STATE
W (70347) rc_control: Ctrl send failed: ESP_ERR_INVALID_STATE
W (70367) rc_control: Ctrl send failed: ESP_ERR_INVALID_STATE
W (70387) rc_control: Ctrl send failed: ESP_ERR_INVALID_STATE
W (70407) rc_control: Ctrl send failed: ESP_ERR_INVALID_STATE
W (70427) rc_control: Ctrl send failed: ESP_ERR_INVALID_STATE
W (70447) rc_control: Ctrl send failed: ESP_ERR_INVALID_STATE
W (70467) rc_control: Ctrl send failed: ESP_ERR_INVALID_STATE
W (70487) rc_control: Ctrl send failed: ESP_ERR_INVALID_STATE
W (70507) rc_control: Ctrl send failed: ESP_ERR_INVALID_STATE
W (70527) rc_control: Ctrl send failed: ESP_ERR_INVALID_STATE
W (70547) rc_control: Ctrl send failed: ESP_ERR_INVALID_STATE
W (70567) rc_control: Ctrl send failed: ESP_ERR_INVALID_STATE
W (70587) rc_control: Ctrl send failed: ESP_ERR_INVALID_STATE
W (70607) rc_control: Ctrl send failed: ESP_ERR_INVALID_STATE
W (70627) rc_control: Ctrl send failed: ESP_ERR_INVALID_STATE
W (70647) rc_control: Ctrl send failed: ESP_ERR_INVALID_STATE
W (70667) rc_control: Ctrl send failed: ESP_ERR_INVALID_STATE
W (70687) rc_control: Ctrl send failed: ESP_ERR_INVALID_STATE
W (70707) rc_control: Ctrl send failed: ESP_ERR_INVALID_STATE
W (70727) rc_control: Ctrl send failed: ESP_ERR_INVALID_STATE
W (70747) rc_control: Ctrl send failed: ESP_ERR_INVALID_STATE
W (70767) rc_control: Ctrl send failed: ESP_ERR_INVALID_STATE
W (70787) rc_control: Ctrl send failed: ESP_ERR_INVALID_STATE
W (70807) rc_control: Ctrl send failed: ESP_ERR_INVALID_STATE
W (70827) rc_control: Ctrl send failed: ESP_ERR_INVALID_STATE
W (70847) rc_control: Ctrl send failed: ESP_ERR_INVALID_STATE
W (70867) rc_control: Ctrl send failed: ESP_ERR_INVALID_STATE
W (70887) rc_control: Ctrl send failed: ESP_ERR_INVALID_STATE
W (70907) rc_control: Ctrl send failed: ESP_ERR_INVALID_STATE
W (70927) rc_control: Ctrl send failed: ESP_ERR_INVALID_STATE
W (70947) rc_control: Ctrl send failed: ESP_ERR_INVALID_STATE
W (70967) rc_control: Ctrl send failed: ESP_ERR_INVALID_STATE
W (70987) rc_control: Ctrl send failed: ESP_ERR_INVALID_STATE
W (71007) rc_control: Ctrl send failed: ESP_ERR_INVALID_STATE
W (71027) rc_control: Ctrl send failed: ESP_ERR_INVALID_STATE
W (71047) rc_control: Ctrl send failed: ESP_ERR_INVALID_STATE
W (71067) rc_control: Ctrl send failed: ESP_ERR_INVALID_STATE
W (71087) rc_control: Ctrl send failed: ESP_ERR_INVALID_STATE
W (71107) rc_control: Ctrl send failed: ESP_ERR_INVALID_STATE
W (71127) rc_control: Ctrl send failed: ESP_ERR_INVALID_STATE
W (71147) rc_control: Ctrl send failed: ESP_ERR_INVALID_STATE
W (71167) rc_control: Ctrl send failed: ESP_ERR_INVALID_STATE
W (71187) rc_control: Ctrl send failed: ESP_ERR_INVALID_STATE
W (71207) rc_control: Ctrl send failed: ESP_ERR_INVALID_STATE
W (71227) rc_control: Ctrl send failed: ESP_ERR_INVALID_STATE
W (71247) rc_control: Ctrl send failed: ESP_ERR_INVALID_STATE
W (71267) rc_control: Ctrl send failed: ESP_ERR_INVALID_STATE
W (71287) rc_control: Ctrl send failed: ESP_ERR_INVALID_STATE
W (71307) rc_control: Ctrl send failed: ESP_ERR_INVALID_STATE
W (71327) rc_control: Ctrl send failed: ESP_ERR_INVALID_STATE
W (71347) rc_control: Ctrl send failed: ESP_ERR_INVALID_STATE
W (71367) rc_control: Ctrl send failed: ESP_ERR_INVALID_STATE
W (71387) rc_control: Ctrl send failed: ESP_ERR_INVALID_STATE
W (71407) rc_control: Ctrl send failed: ESP_ERR_INVALID_STATE
W (71427) rc_control: Ctrl send failed: ESP_ERR_INVALID_STATE
W (71447) rc_control: Ctrl send failed: ESP_ERR_INVALID_STATE
W (71467) rc_control: Ctrl send failed: ESP_ERR_INVALID_STATE
W (71487) rc_control: Ctrl send failed: ESP_ERR_INVALID_STATE
W (71507) rc_control: Ctrl send failed: ESP_ERR_INVALID_STATE
W (71527) rc_control: Ctrl send failed: ESP_ERR_INVALID_STATE
W (71547) rc_control: Ctrl send failed: ESP_ERR_INVALID_STATE
W (71567) rc_control: Ctrl send failed: ESP_ERR_INVALID_STATE
W (71587) rc_control: Ctrl send failed: ESP_ERR_INVALID_STATE
W (71607) rc_control: Ctrl send failed: ESP_ERR_INVALID_STATE
W (71627) rc_control: Ctrl send failed: ESP_ERR_INVALID_STATE
W (71647) rc_control: Ctrl send failed: ESP_ERR_INVALID_STATE
W (71667) rc_control: Ctrl send failed: ESP_ERR_INVALID_STATE
W (71687) rc_control: Ctrl send failed: ESP_ERR_INVALID_STATE
W (71707) rc_control: Ctrl send failed: ESP_ERR_INVALID_STATE
W (71727) rc_control: Ctrl send failed: ESP_ERR_INVALID_STATE
W (71747) rc_control: Ctrl send failed: ESP_ERR_INVALID_STATE
W (71767) rc_control: Ctrl send failed: ESP_ERR_INVALID_STATE
W (71787) rc_control: Ctrl send failed: ESP_ERR_INVALID_STATE
W (71807) rc_control: Ctrl send failed: ESP_ERR_INVALID_STATE
W (71827) rc_control: Ctrl send failed: ESP_ERR_INVALID_STATE
W (71847) rc_control: Ctrl send failed: ESP_ERR_INVALID_STATE
W (71867) rc_control: Ctrl send failed: ESP_ERR_INVALID_STATE
W (71887) rc_control: Ctrl send failed: ESP_ERR_INVALID_STATE
W (71907) rc_control: Ctrl send failed: ESP_ERR_INVALID_STATE
W (71927) rc_control: Ctrl send failed: ESP_ERR_INVALID_STATE
W (71947) rc_control: Ctrl send failed: ESP_ERR_INVALID_STATE
W (71967) rc_control: Ctrl send failed: ESP_ERR_INVALID_STATE
W (71987) rc_control: Ctrl send failed: ESP_ERR_INVALID_STATE
W (72007) rc_control: Ctrl send failed: ESP_ERR_INVALID_STATE
W (72027) rc_control: Ctrl send failed: ESP_ERR_INVALID_STATE
W (72047) rc_control: Ctrl send failed: ESP_ERR_INVALID_STATE
W (72067) rc_control: Ctrl send failed: ESP_ERR_INVALID_STATE
W (72087) rc_control: Ctrl send failed: ESP_ERR_INVALID_STATE
W (72107) rc_control: Ctrl send failed: ESP_ERR_INVALID_STATE
W (72127) rc_control: Ctrl send failed: ESP_ERR_INVALID_STATE
W (72147) rc_control: Ctrl send failed: ESP_ERR_INVALID_STATE
W (72167) rc_control: Ctrl send failed: ESP_ERR_INVALID_STATE
W (72187) rc_control: Ctrl send failed: ESP_ERR_INVALID_STATE
W (72207) rc_control: Ctrl send failed: ESP_ERR_INVALID_STATE
W (72227) rc_control: Ctrl send failed: ESP_ERR_INVALID_STATE
W (72247) rc_control: Ctrl send failed: ESP_ERR_INVALID_STATE
W (72267) rc_control: Ctrl send failed: ESP_ERR_INVALID_STATE
W (72287) rc_control: Ctrl send failed: ESP_ERR_INVALID_STATE
W (72307) rc_control: Ctrl send failed: ESP_ERR_INVALID_STATE
W (72327) rc_control: Ctrl send failed: ESP_ERR_INVALID_STATE
W (72347) rc_control: Ctrl send failed: ESP_ERR_INVALID_STATE
W (72367) rc_control: Ctrl send failed: ESP_ERR_INVALID_STATE
W (72387) rc_control: Ctrl send failed: ESP_ERR_INVALID_STATE
W (72407) rc_control: Ctrl send failed: ESP_ERR_INVALID_STATE
W (72427) rc_control: Ctrl send failed: ESP_ERR_INVALID_STATE
W (72447) rc_control: Ctrl send failed: ESP_ERR_INVALID_STATE
W (72467) rc_control: Ctrl send failed: ESP_ERR_INVALID_STATE
W (72487) rc_control: Ctrl send failed: ESP_ERR_INVALID_STATE
W (72507) rc_control: Ctrl send failed: ESP_ERR_INVALID_STATE
W (72527) rc_control: Ctrl send failed: ESP_ERR_INVALID_STATE
W (72547) rc_control: Ctrl send failed: ESP_ERR_INVALID_STATE
W (72567) rc_control: Ctrl send failed: ESP_ERR_INVALID_STATE
W (72587) rc_control: Ctrl send failed: ESP_ERR_INVALID_STATE
W (72607) rc_control: Ctrl send failed: ESP_ERR_INVALID_STATE
W (72627) rc_control: Ctrl send failed: ESP_ERR_INVALID_STATE
W (72647) rc_control: Ctrl send failed: ESP_ERR_INVALID_STATE
W (72667) rc_control: Ctrl send failed: ESP_ERR_INVALID_STATE
W (72687) rc_control: Ctrl send failed: ESP_ERR_INVALID_STATE
W (72707) rc_control: Ctrl send failed: ESP_ERR_INVALID_STATE
W (72727) rc_control: Ctrl send failed: ESP_ERR_INVALID_STATE
W (72747) rc_control: Ctrl send failed: ESP_ERR_INVALID_STATE
W (72767) rc_control: Ctrl send failed: ESP_ERR_INVALID_STATE
W (72787) rc_control: Ctrl send failed: ESP_ERR_INVALID_STATE
W (72807) rc_control: Ctrl send failed: ESP_ERR_INVALID_STATE
W (72827) rc_control: Ctrl send failed: ESP_ERR_INVALID_STATE
W (72847) rc_control: Ctrl send failed: ESP_ERR_INVALID_STATE
W (72867) rc_control: Ctrl send failed: ESP_ERR_INVALID_STATE
W (72887) rc_control: Ctrl send failed: ESP_ERR_INVALID_STATE
W (72907) rc_control: Ctrl send failed: ESP_ERR_INVALID_STATE
W (72927) rc_control: Ctrl send failed: ESP_ERR_INVALID_STATE
W (72947) rc_control: Ctrl send failed: ESP_ERR_INVALID_STATE
W (72967) rc_control: Ctrl send failed: ESP_ERR_INVALID_STATE
W (72987) rc_control: Ctrl send failed: ESP_ERR_INVALID_STATE
W (73007) rc_control: Ctrl send failed: ESP_ERR_INVALID_STATE
W (73027) rc_control: Ctrl send failed: ESP_ERR_INVALID_STATE
W (73047) rc_control: Ctrl send failed: ESP_ERR_INVALID_STATE
W (73067) rc_control: Ctrl send failed: ESP_ERR_INVALID_STATE
W (73087) rc_control: Ctrl send failed: ESP_ERR_INVALID_STATE
W (73107) rc_control: Ctrl send failed: ESP_ERR_INVALID_STATE
W (73127) rc_control: Ctrl send failed: ESP_ERR_INVALID_STATE
W (73147) rc_control: Ctrl send failed: ESP_ERR_INVALID_STATE
W (73167) rc_control: Ctrl send failed: ESP_ERR_INVALID_STATE
W (73187) rc_control: Ctrl send failed: ESP_ERR_INVALID_STATE
W (73207) rc_control: Ctrl send failed: ESP_ERR_INVALID_STATE
W (73227) rc_control: Ctrl send failed: ESP_ERR_INVALID_STATE
W (73247) rc_control: Ctrl send failed: ESP_ERR_INVALID_STATE
W (73267) rc_control: Ctrl send failed: ESP_ERR_INVALID_STATE
W (73287) rc_control: Ctrl send failed: ESP_ERR_INVALID_STATE
W (73307) rc_control: Ctrl send failed: ESP_ERR_INVALID_STATE
W (73327) rc_control: Ctrl send failed: ESP_ERR_INVALID_STATE
W (73347) rc_control: Ctrl send failed: ESP_ERR_INVALID_STATE
W (73367) rc_control: Ctrl send failed: ESP_ERR_INVALID_STATE
W (73387) rc_control: Ctrl send failed: ESP_ERR_INVALID_STATE
W (73407) rc_control: Ctrl send failed: ESP_ERR_INVALID_STATE
W (73427) rc_control: Ctrl send failed: ESP_ERR_INVALID_STATE
W (73447) rc_control: Ctrl send failed: ESP_ERR_INVALID_STATE
W (73467) rc_control: Ctrl send failed: ESP_ERR_INVALID_STATE
W (73487) rc_control: Ctrl send failed: ESP_ERR_INVALID_STATE
W (73507) rc_control: Ctrl send failed: ESP_ERR_INVALID_STATE
W (73527) rc_control: Ctrl send failed: ESP_ERR_INVALID_STATE
W (73547) rc_control: Ctrl send failed: ESP_ERR_INVALID_STATE
W (73567) rc_control: Ctrl send failed: ESP_ERR_INVALID_STATE
W (73587) rc_control: Ctrl send failed: ESP_ERR_INVALID_STATE
W (73607) rc_control: Ctrl send failed: ESP_ERR_INVALID_STATE
W (73627) rc_control: Ctrl send failed: ESP_ERR_INVALID_STATE
W (73647) rc_control: Ctrl send failed: ESP_ERR_INVALID_STATE
W (73667) rc_control: Ctrl send failed: ESP_ERR_INVALID_STATE
W (73687) rc_control: Ctrl send failed: ESP_ERR_INVALID_STATE
W (73707) rc_control: Ctrl send failed: ESP_ERR_INVALID_STATE
W (73727) rc_control: Ctrl send failed: ESP_ERR_INVALID_STATE
W (73747) rc_control: Ctrl send failed: ESP_ERR_INVALID_STATE
W (73767) rc_control: Ctrl send failed: ESP_ERR_INVALID_STATE
W (73787) rc_control: Ctrl send failed: ESP_ERR_INVALID_STATE
W (73807) rc_control: Ctrl send failed: ESP_ERR_INVALID_STATE
W (73827) rc_control: Ctrl send failed: ESP_ERR_INVALID_STATE
W (73847) rc_control: Ctrl send failed: ESP_ERR_INVALID_STATE
W (73867) rc_control: Ctrl send failed: ESP_ERR_INVALID_STATE
W (73887) rc_control: Ctrl send failed: ESP_ERR_INVALID_STATE
W (73907) rc_control: Ctrl send failed: ESP_ERR_INVALID_STATE
W (73927) rc_control: Ctrl send failed: ESP_ERR_INVALID_STATE
W (73947) rc_control: Ctrl send failed: ESP_ERR_INVALID_STATE
W (73967) rc_control: Ctrl send failed: ESP_ERR_INVALID_STATE
W (73987) rc_control: Ctrl send failed: ESP_ERR_INVALID_STATE
W (74007) rc_control: Ctrl send failed: ESP_ERR_INVALID_STATE
W (74027) rc_control: Ctrl send failed: ESP_ERR_INVALID_STATE
W (74047) rc_control: Ctrl send failed: ESP_ERR_INVALID_STATE
W (74067) rc_control: Ctrl send failed: ESP_ERR_INVALID_STATE
W (74087) rc_control: Ctrl send failed: ESP_ERR_INVALID_STATE
W (74107) rc_control: Ctrl send failed: ESP_ERR_INVALID_STATE
W (74127) rc_control: Ctrl send failed: ESP_ERR_INVALID_STATE
W (74147) rc_control: Ctrl send failed: ESP_ERR_INVALID_STATE
W (74167) rc_control: Ctrl send failed: ESP_ERR_INVALID_STATE
W (74187) rc_control: Ctrl send failed: ESP_ERR_INVALID_STATE
W (74207) rc_control: Ctrl send failed: ESP_ERR_INVALID_STATE
W (74227) rc_control: Ctrl send failed: ESP_ERR_INVALID_STATE
W (74247) rc_control: Ctrl send failed: ESP_ERR_INVALID_STATE
W (74267) rc_control: Ctrl send failed: ESP_ERR_INVALID_STATE
W (74287) rc_control: Ctrl send failed: ESP_ERR_INVALID_STATE
W (74307) rc_control: Ctrl send failed: ESP_ERR_INVALID_STATE
W (74327) rc_control: Ctrl send failed: ESP_ERR_INVALID_STATE
W (74347) rc_control: Ctrl send failed: ESP_ERR_INVALID_STATE
W (74367) rc_control: Ctrl send failed: ESP_ERR_INVALID_STATE
W (74387) rc_control: Ctrl send failed: ESP_ERR_INVALID_STATE
W (74407) rc_control: Ctrl send failed: ESP_ERR_INVALID_STATE
W (74427) rc_control: Ctrl send failed: ESP_ERR_INVALID_STATE
W (74447) rc_control: Ctrl send failed: ESP_ERR_INVALID_STATE
W (74467) rc_control: Ctrl send failed: ESP_ERR_INVALID_STATE
W (74487) rc_control: Ctrl send failed: ESP_ERR_INVALID_STATE
W (74507) rc_control: Ctrl send failed: ESP_ERR_INVALID_STATE
W (74527) rc_control: Ctrl send failed: ESP_ERR_INVALID_STATE
W (74547) rc_control: Ctrl send failed: ESP_ERR_INVALID_STATE
W (74567) rc_control: Ctrl send failed: ESP_ERR_INVALID_STATE
W (74587) rc_control: Ctrl send failed: ESP_ERR_INVALID_STATE
W (74607) rc_control: Ctrl send failed: ESP_ERR_INVALID_STATE
W (74627) rc_control: Ctrl send failed: ESP_ERR_INVALID_STATE
W (74647) rc_control: Ctrl send failed: ESP_ERR_INVALID_STATE
W (74667) rc_control: Ctrl send failed: ESP_ERR_INVALID_STATE
W (74687) rc_control: Ctrl send failed: ESP_ERR_INVALID_STATE
W (74707) rc_control: Ctrl send failed: ESP_ERR_INVALID_STATE
W (74727) rc_control: Ctrl send failed: ESP_ERR_INVALID_STATE
W (74747) rc_control: Ctrl send failed: ESP_ERR_INVALID_STATE
W (74767) rc_control: Ctrl send failed: ESP_ERR_INVALID_STATE
W (74787) rc_control: Ctrl send failed: ESP_ERR_INVALID_STATE
W (74807) rc_control: Ctrl send failed: ESP_ERR_INVALID_STATE
W (74827) rc_control: Ctrl send failed: ESP_ERR_INVALID_STATE
W (74847) rc_control: Ctrl send failed: ESP_ERR_INVALID_STATE
W (74867) rc_control: Ctrl send failed: ESP_ERR_INVALID_STATE
W (74887) rc_control: Ctrl send failed: ESP_ERR_INVALID_STATE
W (74907) rc_control: Ctrl send failed: ESP_ERR_INVALID_STATE
W (74927) rc_control: Ctrl send failed: ESP_ERR_INVALID_STATE
W (74947) rc_control: Ctrl send failed: ESP_ERR_INVALID_STATE
W (74967) rc_control: Ctrl send failed: ESP_ERR_INVALID_STATE
W (74987) rc_control: Ctrl send failed: ESP_ERR_INVALID_STATE
W (75007) rc_control: Ctrl send failed: ESP_ERR_INVALID_STATE
W (75027) rc_control: Ctrl send failed: ESP_ERR_INVALID_STATE
W (75047) rc_control: Ctrl send failed: ESP_ERR_INVALID_STATE
W (75067) rc_control: Ctrl send failed: ESP_ERR_INVALID_STATE
W (75087) rc_control: Ctrl send failed: ESP_ERR_INVALID_STATE
W (75107) rc_control: Ctrl send failed: ESP_ERR_INVALID_STATE
W (75127) rc_control: Ctrl send failed: ESP_ERR_INVALID_STATE
W (75147) rc_control: Ctrl send failed: ESP_ERR_INVALID_STATE
W (75167) rc_control: Ctrl send failed: ESP_ERR_INVALID_STATE
W (75187) rc_control: Ctrl send failed: ESP_ERR_INVALID_STATE
W (75207) rc_control: Ctrl send failed: ESP_ERR_INVALID_STATE
W (75227) rc_control: Ctrl send failed: ESP_ERR_INVALID_STATE
W (75247) rc_control: Ctrl send failed: ESP_ERR_INVALID_STATE
W (75267) rc_control: Ctrl send failed: ESP_ERR_INVALID_STATE
W (75287) rc_control: Ctrl send failed: ESP_ERR_INVALID_STATE
W (75307) rc_control: Ctrl send failed: ESP_ERR_INVALID_STATE
W (75327) rc_control: Ctrl send failed: ESP_ERR_INVALID_STATE
W (75347) rc_control: Ctrl send failed: ESP_ERR_INVALID_STATE
W (75367) rc_control: Ctrl send failed: ESP_ERR_INVALID_STATE
W (75387) rc_control: Ctrl send failed: ESP_ERR_INVALID_STATE
W (75407) rc_control: Ctrl send failed: ESP_ERR_INVALID_STATE
W (75427) rc_control: Ctrl send failed: ESP_ERR_INVALID_STATE
W (75447) rc_control: Ctrl send failed: ESP_ERR_INVALID_STATE
W (75467) rc_control: Ctrl send failed: ESP_ERR_INVALID_STATE
W (75487) rc_control: Ctrl send failed: ESP_ERR_INVALID_STATE
W (75507) rc_control: Ctrl send failed: ESP_ERR_INVALID_STATE
W (75527) rc_control: Ctrl send failed: ESP_ERR_INVALID_STATE
W (75547) rc_control: Ctrl send failed: ESP_ERR_INVALID_STATE
W (75567) rc_control: Ctrl send failed: ESP_ERR_INVALID_STATE
W (75587) rc_control: Ctrl send failed: ESP_ERR_INVALID_STATE
W (75607) rc_control: Ctrl send failed: ESP_ERR_INVALID_STATE
W (75627) rc_control: Ctrl send failed: ESP_ERR_INVALID_STATE
W (75647) rc_control: Ctrl send failed: ESP_ERR_INVALID_STATE
W (75667) rc_control: Ctrl send failed: ESP_ERR_INVALID_STATE
W (75687) rc_control: Ctrl send failed: ESP_ERR_INVALID_STATE
W (75707) rc_control: Ctrl send failed: ESP_ERR_INVALID_STATE
W (75727) rc_control: Ctrl send failed: ESP_ERR_INVALID_STATE
W (75747) rc_control: Ctrl send failed: ESP_ERR_INVALID_STATE
W (75767) rc_control: Ctrl send failed: ESP_ERR_INVALID_STATE
W (75787) rc_control: Ctrl send failed: ESP_ERR_INVALID_STATE
W (75807) rc_control: Ctrl send failed: ESP_ERR_INVALID_STATE
W (75827) rc_control: Ctrl send failed: ESP_ERR_INVALID_STATE
W (75847) rc_control: Ctrl send failed: ESP_ERR_INVALID_STATE
W (75867) rc_control: Ctrl send failed: ESP_ERR_INVALID_STATE
W (75887) rc_control: Ctrl send failed: ESP_ERR_INVALID_STATE
W (75907) rc_control: Ctrl send failed: ESP_ERR_INVALID_STATE
W (75927) rc_control: Ctrl send failed: ESP_ERR_INVALID_STATE
W (75947) rc_control: Ctrl send failed: ESP_ERR_INVALID_STATE
W (75967) rc_control: Ctrl send failed: ESP_ERR_INVALID_STATE
W (75987) rc_control: Ctrl send failed: ESP_ERR_INVALID_STATE
W (76007) rc_control: Ctrl send failed: ESP_ERR_INVALID_STATE
W (76027) rc_control: Ctrl send failed: ESP_ERR_INVALID_STATE
W (76047) rc_control: Ctrl send failed: ESP_ERR_INVALID_STATE
W (76067) rc_control: Ctrl send failed: ESP_ERR_INVALID_STATE
W (76087) rc_control: Ctrl send failed: ESP_ERR_INVALID_STATE
W (76107) rc_control: Ctrl send failed: ESP_ERR_INVALID_STATE
W (76127) rc_control: Ctrl send failed: ESP_ERR_INVALID_STATE
W (76147) rc_control: Ctrl send failed: ESP_ERR_INVALID_STATE
W (76167) rc_control: Ctrl send failed: ESP_ERR_INVALID_STATE
W (76187) rc_control: Ctrl send failed: ESP_ERR_INVALID_STATE
W (76207) rc_control: Ctrl send failed: ESP_ERR_INVALID_STATE
W (76227) rc_control: Ctrl send failed: ESP_ERR_INVALID_STATE
W (76247) rc_control: Ctrl send failed: ESP_ERR_INVALID_STATE
W (76267) rc_control: Ctrl send failed: ESP_ERR_INVALID_STATE
W (76287) rc_control: Ctrl send failed: ESP_ERR_INVALID_STATE
W (76307) rc_control: Ctrl send failed: ESP_ERR_INVALID_STATE
W (76327) rc_control: Ctrl send failed: ESP_ERR_INVALID_STATE
W (76347) rc_control: Ctrl send failed: ESP_ERR_INVALID_STATE
W (76367) rc_control: Ctrl send failed: ESP_ERR_INVALID_STATE
W (76387) rc_control: Ctrl send failed: ESP_ERR_INVALID_STATE
W (76407) rc_control: Ctrl send failed: ESP_ERR_INVALID_STATE
W (76427) rc_control: Ctrl send failed: ESP_ERR_INVALID_STATE
W (76447) rc_control: Ctrl send failed: ESP_ERR_INVALID_STATE
W (76467) rc_control: Ctrl send failed: ESP_ERR_INVALID_STATE
W (76487) rc_control: Ctrl send failed: ESP_ERR_INVALID_STATE
W (76507) rc_control: Ctrl send failed: ESP_ERR_INVALID_STATE
W (76527) rc_control: Ctrl send failed: ESP_ERR_INVALID_STATE
W (76547) rc_control: Ctrl send failed: ESP_ERR_INVALID_STATE
W (76567) rc_control: Ctrl send failed: ESP_ERR_INVALID_STATE
W (76587) rc_control: Ctrl send failed: ESP_ERR_INVALID_STATE
W (76607) rc_control: Ctrl send failed: ESP_ERR_INVALID_STATE
W (76627) rc_control: Ctrl send failed: ESP_ERR_INVALID_STATE
W (76647) rc_control: Ctrl send failed: ESP_ERR_INVALID_STATE
W (76667) rc_control: Ctrl send failed: ESP_ERR_INVALID_STATE
W (76687) rc_control: Ctrl send failed: ESP_ERR_INVALID_STATE
W (76707) rc_control: Ctrl send failed: ESP_ERR_INVALID_STATE
W (76727) rc_control: Ctrl send failed: ESP_ERR_INVALID_STATE
W (76747) rc_control: Ctrl send failed: ESP_ERR_INVALID_STATE
W (76767) rc_control: Ctrl send failed: ESP_ERR_INVALID_STATE
W (76787) rc_control: Ctrl send failed: ESP_ERR_INVALID_STATE
W (76807) rc_control: Ctrl send failed: ESP_ERR_INVALID_STATE
W (76827) rc_control: Ctrl send failed: ESP_ERR_INVALID_STATE
W (76847) rc_control: Ctrl send failed: ESP_ERR_INVALID_STATE
W (76867) rc_control: Ctrl send failed: ESP_ERR_INVALID_STATE
W (76887) rc_control: Ctrl send failed: ESP_ERR_INVALID_STATE
W (76907) rc_control: Ctrl send failed: ESP_ERR_INVALID_STATE
W (76927) rc_control: Ctrl send failed: ESP_ERR_INVALID_STATE
W (76947) rc_control: Ctrl send failed: ESP_ERR_INVALID_STATE
W (76967) rc_control: Ctrl send failed: ESP_ERR_INVALID_STATE
W (76987) rc_control: Ctrl send failed: ESP_ERR_INVALID_STATE
W (77007) rc_control: Ctrl send failed: ESP_ERR_INVALID_STATE
W (77027) rc_control: Ctrl send failed: ESP_ERR_INVALID_STATE
W (77047) rc_control: Ctrl send failed: ESP_ERR_INVALID_STATE
W (77067) rc_control: Ctrl send failed: ESP_ERR_INVALID_STATE
W (77087) rc_control: Ctrl send failed: ESP_ERR_INVALID_STATE
W (77107) rc_control: Ctrl send failed: ESP_ERR_INVALID_STATE
W (77127) rc_control: Ctrl send failed: ESP_ERR_INVALID_STATE
W (77147) rc_control: Ctrl send failed: ESP_ERR_INVALID_STATE
W (77167) rc_control: Ctrl send failed: ESP_ERR_INVALID_STATE
W (77187) rc_control: Ctrl send failed: ESP_ERR_INVALID_STATE
W (77207) rc_control: Ctrl send failed: ESP_ERR_INVALID_STATE
W (77227) rc_control: Ctrl send failed: ESP_ERR_INVALID_STATE
W (77247) rc_control: Ctrl send failed: ESP_ERR_INVALID_STATE
W (77267) rc_control: Ctrl send failed: ESP_ERR_INVALID_STATE
W (77287) rc_control: Ctrl send failed: ESP_ERR_INVALID_STATE
W (77307) rc_control: Ctrl send failed: ESP_ERR_INVALID_STATE
W (77327) rc_control: Ctrl send failed: ESP_ERR_INVALID_STATE
W (77347) rc_control: Ctrl send failed: ESP_ERR_INVALID_STATE
W (77367) rc_control: Ctrl send failed: ESP_ERR_INVALID_STATE
W (77387) rc_control: Ctrl send failed: ESP_ERR_INVALID_STATE
W (77407) rc_control: Ctrl send failed: ESP_ERR_INVALID_STATE
W (77427) rc_control: Ctrl send failed: ESP_ERR_INVALID_STATE
W (77447) rc_control: Ctrl send failed: ESP_ERR_INVALID_STATE
W (77467) rc_control: Ctrl send failed: ESP_ERR_INVALID_STATE
W (77487) rc_control: Ctrl send failed: ESP_ERR_INVALID_STATE
W (77507) rc_control: Ctrl send failed: ESP_ERR_INVALID_STATE
W (77527) rc_control: Ctrl send failed: ESP_ERR_INVALID_STATE
W (77547) rc_control: Ctrl send failed: ESP_ERR_INVALID_STATE
W (77567) rc_control: Ctrl send failed: ESP_ERR_INVALID_STATE
W (77587) rc_control: Ctrl send failed: ESP_ERR_INVALID_STATE
W (77607) rc_control: Ctrl send failed: ESP_ERR_INVALID_STATE
W (77627) rc_control: Ctrl send failed: ESP_ERR_INVALID_STATE
W (77647) rc_control: Ctrl send failed: ESP_ERR_INVALID_STATE
W (77667) rc_control: Ctrl send failed: ESP_ERR_INVALID_STATE
W (77687) rc_control: Ctrl send failed: ESP_ERR_INVALID_STATE
W (77707) rc_control: Ctrl send failed: ESP_ERR_INVALID_STATE
W (77727) rc_control: Ctrl send failed: ESP_ERR_INVALID_STATE
W (77747) rc_control: Ctrl send failed: ESP_ERR_INVALID_STATE
W (77767) rc_control: Ctrl send failed: ESP_ERR_INVALID_STATE
W (77787) rc_control: Ctrl send failed: ESP_ERR_INVALID_STATE
W (77807) rc_control: Ctrl send failed: ESP_ERR_INVALID_STATE
W (77827) rc_control: Ctrl send failed: ESP_ERR_INVALID_STATE
W (77847) rc_control: Ctrl send failed: ESP_ERR_INVALID_STATE
W (77867) rc_control: Ctrl send failed: ESP_ERR_INVALID_STATE
W (77887) rc_control: Ctrl send failed: ESP_ERR_INVALID_STATE
W (77907) rc_control: Ctrl send failed: ESP_ERR_INVALID_STATE
W (77927) rc_control: Ctrl send failed: ESP_ERR_INVALID_STATE
W (77947) rc_control: Ctrl send failed: ESP_ERR_INVALID_STATE
W (77967) rc_control: Ctrl send failed: ESP_ERR_INVALID_STATE
W (77987) rc_control: Ctrl send failed: ESP_ERR_INVALID_STATE
W (78007) rc_control: Ctrl send failed: ESP_ERR_INVALID_STATE
W (78027) rc_control: Ctrl send failed: ESP_ERR_INVALID_STATE
W (78047) rc_control: Ctrl send failed: ESP_ERR_INVALID_STATE
W (78067) rc_control: Ctrl send failed: ESP_ERR_INVALID_STATE
W (78087) rc_control: Ctrl send failed: ESP_ERR_INVALID_STATE
W (78107) rc_control: Ctrl send failed: ESP_ERR_INVALID_STATE
W (78127) rc_control: Ctrl send failed: ESP_ERR_INVALID_STATE
W (78147) rc_control: Ctrl send failed: ESP_ERR_INVALID_STATE
W (78167) rc_control: Ctrl send failed: ESP_ERR_INVALID_STATE
W (78187) rc_control: Ctrl send failed: ESP_ERR_INVALID_STATE
W (78207) rc_control: Ctrl send failed: ESP_ERR_INVALID_STATE
W (78227) rc_control: Ctrl send failed: ESP_ERR_INVALID_STATE
W (78247) rc_control: Ctrl send failed: ESP_ERR_INVALID_STATE
W (78267) rc_control: Ctrl send failed: ESP_ERR_INVALID_STATE
W (78287) rc_control: Ctrl send failed: ESP_ERR_INVALID_STATE
W (78307) rc_control: Ctrl send failed: ESP_ERR_INVALID_STATE
W (78327) rc_control: Ctrl send failed: ESP_ERR_INVALID_STATE
W (78347) rc_control: Ctrl send failed: ESP_ERR_INVALID_STATE
W (78367) rc_control: Ctrl send failed: ESP_ERR_INVALID_STATE
W (78387) rc_control: Ctrl send failed: ESP_ERR_INVALID_STATE
W (78407) rc_control: Ctrl send failed: ESP_ERR_INVALID_STATE
W (78427) rc_control: Ctrl send failed: ESP_ERR_INVALID_STATE
W (78447) rc_control: Ctrl send failed: ESP_ERR_INVALID_STATE
W (78467) rc_control: Ctrl send failed: ESP_ERR_INVALID_STATE
W (78487) rc_control: Ctrl send failed: ESP_ERR_INVALID_STATE
W (78507) rc_control: Ctrl send failed: ESP_ERR_INVALID_STATE
W (78527) rc_control: Ctrl send failed: ESP_ERR_INVALID_STATE
W (78547) rc_control: Ctrl send failed: ESP_ERR_INVALID_STATE
W (78567) rc_control: Ctrl send failed: ESP_ERR_INVALID_STATE
W (78587) rc_control: Ctrl send failed: ESP_ERR_INVALID_STATE
W (78607) rc_control: Ctrl send failed: ESP_ERR_INVALID_STATE
W (78627) rc_control: Ctrl send failed: ESP_ERR_INVALID_STATE
W (78647) rc_control: Ctrl send failed: ESP_ERR_INVALID_STATE
W (78667) rc_control: Ctrl send failed: ESP_ERR_INVALID_STATE
W (78687) rc_control: Ctrl send failed: ESP_ERR_INVALID_STATE
W (78707) rc_control: Ctrl send failed: ESP_ERR_INVALID_STATE
W (78727) rc_control: Ctrl send failed: ESP_ERR_INVALID_STATE
W (78747) rc_control: Ctrl send failed: ESP_ERR_INVALID_STATE
W (78767) rc_control: Ctrl send failed: ESP_ERR_INVALID_STATE
W (78787) rc_control: Ctrl send failed: ESP_ERR_INVALID_STATE
W (78807) rc_control: Ctrl send failed: ESP_ERR_INVALID_STATE
W (78827) rc_control: Ctrl send failed: ESP_ERR_INVALID_STATE
W (78847) rc_control: Ctrl send failed: ESP_ERR_INVALID_STATE
W (78867) rc_control: Ctrl send failed: ESP_ERR_INVALID_STATE
W (78887) rc_control: Ctrl send failed: ESP_ERR_INVALID_STATE
W (78907) rc_control: Ctrl send failed: ESP_ERR_INVALID_STATE
W (78927) rc_control: Ctrl send failed: ESP_ERR_INVALID_STATE
W (78947) rc_control: Ctrl send failed: ESP_ERR_INVALID_STATE
W (78967) rc_control: Ctrl send failed: ESP_ERR_INVALID_STATE
W (78987) rc_control: Ctrl send failed: ESP_ERR_INVALID_STATE
W (79007) rc_control: Ctrl send failed: ESP_ERR_INVALID_STATE
W (79027) rc_control: Ctrl send failed: ESP_ERR_INVALID_STATE
W (79047) rc_control: Ctrl send failed: ESP_ERR_INVALID_STATE
W (79067) rc_control: Ctrl send failed: ESP_ERR_INVALID_STATE
W (79087) rc_control: Ctrl send failed: ESP_ERR_INVALID_STATE
W (79107) rc_control: Ctrl send failed: ESP_ERR_INVALID_STATE
W (79127) rc_control: Ctrl send failed: ESP_ERR_INVALID_STATE
W (79147) rc_control: Ctrl send failed: ESP_ERR_INVALID_STATE
W (79167) rc_control: Ctrl send failed: ESP_ERR_INVALID_STATE
W (79187) rc_control: Ctrl send failed: ESP_ERR_INVALID_STATE
W (79207) rc_control: Ctrl send failed: ESP_ERR_INVALID_STATE
W (79227) rc_control: Ctrl send failed: ESP_ERR_INVALID_STATE
W (79247) rc_control: Ctrl send failed: ESP_ERR_INVALID_STATE
W (79267) rc_control: Ctrl send failed: ESP_ERR_INVALID_STATE
W (79287) rc_control: Ctrl send failed: ESP_ERR_INVALID_STATE
W (79307) rc_control: Ctrl send failed: ESP_ERR_INVALID_STATE
W (79327) rc_control: Ctrl send failed: ESP_ERR_INVALID_STATE
W (79347) rc_control: Ctrl send failed: ESP_ERR_INVALID_STATE
W (79367) rc_control: Ctrl send failed: ESP_ERR_INVALID_STATE
W (79387) rc_control: Ctrl send failed: ESP_ERR_INVALID_STATE
W (79407) rc_control: Ctrl send failed: ESP_ERR_INVALID_STATE
W (79427) rc_control: Ctrl send failed: ESP_ERR_INVALID_STATE
W (79447) rc_control: Ctrl send failed: ESP_ERR_INVALID_STATE
W (79467) rc_control: Ctrl send failed: ESP_ERR_INVALID_STATE
W (79487) rc_control: Ctrl send failed: ESP_ERR_INVALID_STATE
W (79507) rc_control: Ctrl send failed: ESP_ERR_INVALID_STATE
W (79527) rc_control: Ctrl send failed: ESP_ERR_INVALID_STATE
W (79547) rc_control: Ctrl send failed: ESP_ERR_INVALID_STATE
W (79567) rc_control: Ctrl send failed: ESP_ERR_INVALID_STATE
W (79587) rc_control: Ctrl send failed: ESP_ERR_INVALID_STATE
W (79607) rc_control: Ctrl send failed: ESP_ERR_INVALID_STATE
W (79627) rc_control: Ctrl send failed: ESP_ERR_INVALID_STATE
W (79647) rc_control: Ctrl send failed: ESP_ERR_INVALID_STATE
W (79667) rc_control: Ctrl send failed: ESP_ERR_INVALID_STATE
W (79687) rc_control: Ctrl send failed: ESP_ERR_INVALID_STATE
W (79707) rc_control: Ctrl send failed: ESP_ERR_INVALID_STATE
W (79727) rc_control: Ctrl send failed: ESP_ERR_INVALID_STATE
W (79747) rc_control: Ctrl send failed: ESP_ERR_INVALID_STATE
W (79767) rc_control: Ctrl send failed: ESP_ERR_INVALID_STATE
W (79787) rc_control: Ctrl send failed: ESP_ERR_INVALID_STATE
W (79807) rc_control: Ctrl send failed: ESP_ERR_INVALID_STATE
W (79827) rc_control: Ctrl send failed: ESP_ERR_INVALID_STATE
W (79847) rc_control: Ctrl send failed: ESP_ERR_INVALID_STATE
W (79867) rc_control: Ctrl send failed: ESP_ERR_INVALID_STATE
W (79887) rc_control: Ctrl send failed: ESP_ERR_INVALID_STATE
W (79907) rc_control: Ctrl send failed: ESP_ERR_INVALID_STATE
W (79927) rc_control: Ctrl send failed: ESP_ERR_INVALID_STATE
W (79947) rc_control: Ctrl send failed: ESP_ERR_INVALID_STATE
W (79967) rc_control: Ctrl send failed: ESP_ERR_INVALID_STATE
W (79987) rc_control: Ctrl send failed: ESP_ERR_INVALID_STATE
W (80007) rc_control: Ctrl send failed: ESP_ERR_INVALID_STATE
W (80027) rc_control: Ctrl send failed: ESP_ERR_INVALID_STATE
W (80047) rc_control: Ctrl send failed: ESP_ERR_INVALID_STATE
W (80067) rc_control: Ctrl send failed: ESP_ERR_INVALID_STATE
W (80087) rc_control: Ctrl send failed: ESP_ERR_INVALID_STATE
W (80107) rc_control: Ctrl send failed: ESP_ERR_INVALID_STATE
W (80127) rc_control: Ctrl send failed: ESP_ERR_INVALID_STATE
W (80147) rc_control: Ctrl send failed: ESP_ERR_INVALID_STATE
W (80167) rc_control: Ctrl send failed: ESP_ERR_INVALID_STATE
W (80187) rc_control: Ctrl send failed: ESP_ERR_INVALID_STATE
W (80207) rc_control: Ctrl send failed: ESP_ERR_INVALID_STATE
W (80227) rc_control: Ctrl send failed: ESP_ERR_INVALID_STATE
W (80247) rc_control: Ctrl send failed: ESP_ERR_INVALID_STATE
W (80267) rc_control: Ctrl send failed: ESP_ERR_INVALID_STATE
W (80287) rc_control: Ctrl send failed: ESP_ERR_INVALID_STATE
W (80307) rc_control: Ctrl send failed: ESP_ERR_INVALID_STATE
W (80327) rc_control: Ctrl send failed: ESP_ERR_INVALID_STATE
W (80347) rc_control: Ctrl send failed: ESP_ERR_INVALID_STATE
W (80367) rc_control: Ctrl send failed: ESP_ERR_INVALID_STATE
W (80387) rc_control: Ctrl send failed: ESP_ERR_INVALID_STATE
W (80407) rc_control: Ctrl send failed: ESP_ERR_INVALID_STATE
W (80427) rc_control: Ctrl send failed: ESP_ERR_INVALID_STATE
W (80447) rc_control: Ctrl send failed: ESP_ERR_INVALID_STATE
W (80467) rc_control: Ctrl send failed: ESP_ERR_INVALID_STATE
W (80487) rc_control: Ctrl send failed: ESP_ERR_INVALID_STATE
W (80507) rc_control: Ctrl send failed: ESP_ERR_INVALID_STATE
W (80527) rc_control: Ctrl send failed: ESP_ERR_INVALID_STATE
W (80547) rc_control: Ctrl send failed: ESP_ERR_INVALID_STATE
W (80567) rc_control: Ctrl send failed: ESP_ERR_INVALID_STATE
W (80587) rc_control: Ctrl send failed: ESP_ERR_INVALID_STATE
W (80607) rc_control: Ctrl send failed: ESP_ERR_INVALID_STATE
W (80627) rc_control: Ctrl send failed: ESP_ERR_INVALID_STATE
W (80647) rc_control: Ctrl send failed: ESP_ERR_INVALID_STATE
W (80667) rc_control: Ctrl send failed: ESP_ERR_INVALID_STATE
W (80687) rc_control: Ctrl send failed: ESP_ERR_INVALID_STATE
W (80707) rc_control: Ctrl send failed: ESP_ERR_INVALID_STATE
W (80727) rc_control: Ctrl send failed: ESP_ERR_INVALID_STATE
W (80747) rc_control: Ctrl send failed: ESP_ERR_INVALID_STATE
W (80767) rc_control: Ctrl send failed: ESP_ERR_INVALID_STATE
W (80787) rc_control: Ctrl send failed: ESP_ERR_INVALID_STATE
W (80807) rc_control: Ctrl send failed: ESP_ERR_INVALID_STATE
W (80827) rc_control: Ctrl send failed: ESP_ERR_INVALID_STATE
W (80847) rc_control: Ctrl send failed: ESP_ERR_INVALID_STATE
W (80867) rc_control: Ctrl send failed: ESP_ERR_INVALID_STATE
W (80887) rc_control: Ctrl send failed: ESP_ERR_INVALID_STATE
W (80907) rc_control: Ctrl send failed: ESP_ERR_INVALID_STATE
W (80927) rc_control: Ctrl send failed: ESP_ERR_INVALID_STATE
W (80947) rc_control: Ctrl send failed: ESP_ERR_INVALID_STATE
W (80967) rc_control: Ctrl send failed: ESP_ERR_INVALID_STATE
W (80987) rc_control: Ctrl send failed: ESP_ERR_INVALID_STATE
W (81007) rc_control: Ctrl send failed: ESP_ERR_INVALID_STATE
W (81027) rc_control: Ctrl send failed: ESP_ERR_INVALID_STATE
W (81047) rc_control: Ctrl send failed: ESP_ERR_INVALID_STATE
W (81067) rc_control: Ctrl send failed: ESP_ERR_INVALID_STATE
W (81087) rc_control: Ctrl send failed: ESP_ERR_INVALID_STATE
W (81107) rc_control: Ctrl send failed: ESP_ERR_INVALID_STATE
W (81127) rc_control: Ctrl send failed: ESP_ERR_INVALID_STATE
W (81147) rc_control: Ctrl send failed: ESP_ERR_INVALID_STATE
W (81167) rc_control: Ctrl send failed: ESP_ERR_INVALID_STATE
W (81187) rc_control: Ctrl send failed: ESP_ERR_INVALID_STATE
W (81207) rc_control: Ctrl send failed: ESP_ERR_INVALID_STATE
W (81227) rc_control: Ctrl send failed: ESP_ERR_INVALID_STATE
W (81247) rc_control: Ctrl send failed: ESP_ERR_INVALID_STATE
W (81267) rc_control: Ctrl send failed: ESP_ERR_INVALID_STATE
W (81287) rc_control: Ctrl send failed: ESP_ERR_INVALID_STATE
W (81307) rc_control: Ctrl send failed: ESP_ERR_INVALID_STATE
W (81327) rc_control: Ctrl send failed: ESP_ERR_INVALID_STATE
W (81347) rc_control: Ctrl send failed: ESP_ERR_INVALID_STATE
W (81367) rc_control: Ctrl send failed: ESP_ERR_INVALID_STATE
W (81387) rc_control: Ctrl send failed: ESP_ERR_INVALID_STATE
W (81407) rc_control: Ctrl send failed: ESP_ERR_INVALID_STATE
W (81427) rc_control: Ctrl send failed: ESP_ERR_INVALID_STATE
W (81447) rc_control: Ctrl send failed: ESP_ERR_INVALID_STATE
W (81467) rc_control: Ctrl send failed: ESP_ERR_INVALID_STATE
W (81487) rc_control: Ctrl send failed: ESP_ERR_INVALID_STATE
W (81507) rc_control: Ctrl send failed: ESP_ERR_INVALID_STATE
W (81527) rc_control: Ctrl send failed: ESP_ERR_INVALID_STATE
W (81547) rc_control: Ctrl send failed: ESP_ERR_INVALID_STATE
W (81567) rc_control: Ctrl send failed: ESP_ERR_INVALID_STATE
W (81587) rc_control: Ctrl send failed: ESP_ERR_INVALID_STATE
W (81607) rc_control: Ctrl send failed: ESP_ERR_INVALID_STATE
W (81627) rc_control: Ctrl send failed: ESP_ERR_INVALID_STATE
W (81647) rc_control: Ctrl send failed: ESP_ERR_INVALID_STATE
W (81667) rc_control: Ctrl send failed: ESP_ERR_INVALID_STATE
W (81687) rc_control: Ctrl send failed: ESP_ERR_INVALID_STATE
W (81707) rc_control: Ctrl send failed: ESP_ERR_INVALID_STATE
W (81727) rc_control: Ctrl send failed: ESP_ERR_INVALID_STATE
W (81747) rc_control: Ctrl send failed: ESP_ERR_INVALID_STATE
W (81767) rc_control: Ctrl send failed: ESP_ERR_INVALID_STATE
W (81787) rc_control: Ctrl send failed: ESP_ERR_INVALID_STATE
W (81807) rc_control: Ctrl send failed: ESP_ERR_INVALID_STATE
W (81827) rc_control: Ctrl send failed: ESP_ERR_INVALID_STATE
W (81847) rc_control: Ctrl send failed: ESP_ERR_INVALID_STATE
W (81867) rc_control: Ctrl send failed: ESP_ERR_INVALID_STATE
W (81887) rc_control: Ctrl send failed: ESP_ERR_INVALID_STATE
W (81907) rc_control: Ctrl send failed: ESP_ERR_INVALID_STATE
W (81927) rc_control: Ctrl send failed: ESP_ERR_INVALID_STATE
W (81947) rc_control: Ctrl send failed: ESP_ERR_INVALID_STATE
W (81967) rc_control: Ctrl send failed: ESP_ERR_INVALID_STATE
W (81987) rc_control: Ctrl send failed: ESP_ERR_INVALID_STATE
W (82007) rc_control: Ctrl send failed: ESP_ERR_INVALID_STATE
W (82027) rc_control: Ctrl send failed: ESP_ERR_INVALID_STATE
W (82047) rc_control: Ctrl send failed: ESP_ERR_INVALID_STATE
W (82067) rc_control: Ctrl send failed: ESP_ERR_INVALID_STATE
W (82087) rc_control: Ctrl send failed: ESP_ERR_INVALID_STATE
W (82107) rc_control: Ctrl send failed: ESP_ERR_INVALID_STATE
W (82127) rc_control: Ctrl send failed: ESP_ERR_INVALID_STATE
W (82147) rc_control: Ctrl send failed: ESP_ERR_INVALID_STATE
W (82167) rc_control: Ctrl send failed: ESP_ERR_INVALID_STATE
W (82187) rc_control: Ctrl send failed: ESP_ERR_INVALID_STATE
W (82207) rc_control: Ctrl send failed: ESP_ERR_INVALID_STATE
W (82227) rc_control: Ctrl send failed: ESP_ERR_INVALID_STATE
W (82247) rc_control: Ctrl send failed: ESP_ERR_INVALID_STATE
W (82267) rc_control: Ctrl send failed: ESP_ERR_INVALID_STATE
W (82287) rc_control: Ctrl send failed: ESP_ERR_INVALID_STATE
W (82307) rc_control: Ctrl send failed: ESP_ERR_INVALID_STATE
W (82327) rc_control: Ctrl send failed: ESP_ERR_INVALID_STATE
W (82347) rc_control: Ctrl send failed: ESP_ERR_INVALID_STATE
W (82367) rc_control: Ctrl send failed: ESP_ERR_INVALID_STATE
W (82387) rc_control: Ctrl send failed: ESP_ERR_INVALID_STATE
W (82407) rc_control: Ctrl send failed: ESP_ERR_INVALID_STATE
W (82427) rc_control: Ctrl send failed: ESP_ERR_INVALID_STATE
W (82447) rc_control: Ctrl send failed: ESP_ERR_INVALID_STATE
W (82467) rc_control: Ctrl send failed: ESP_ERR_INVALID_STATE
W (82487) rc_control: Ctrl send failed: ESP_ERR_INVALID_STATE
W (82507) rc_control: Ctrl send failed: ESP_ERR_INVALID_STATE
W (82527) rc_control: Ctrl send failed: ESP_ERR_INVALID_STATE
W (82547) rc_control: Ctrl send failed: ESP_ERR_INVALID_STATE
W (82567) rc_control: Ctrl send failed: ESP_ERR_INVALID_STATE
W (82587) rc_control: Ctrl send failed: ESP_ERR_INVALID_STATE
W (82607) rc_control: Ctrl send failed: ESP_ERR_INVALID_STATE
W (82627) rc_control: Ctrl send failed: ESP_ERR_INVALID_STATE
W (82647) rc_control: Ctrl send failed: ESP_ERR_INVALID_STATE
W (82667) rc_control: Ctrl send failed: ESP_ERR_INVALID_STATE
W (82687) rc_control: Ctrl send failed: ESP_ERR_INVALID_STATE
W (82707) rc_control: Ctrl send failed: ESP_ERR_INVALID_STATE
W (82727) rc_control: Ctrl send failed: ESP_ERR_INVALID_STATE
W (82747) rc_control: Ctrl send failed: ESP_ERR_INVALID_STATE
W (82767) rc_control: Ctrl send failed: ESP_ERR_INVALID_STATE
W (82787) rc_control: Ctrl send failed: ESP_ERR_INVALID_STATE
W (82807) rc_control: Ctrl send failed: ESP_ERR_INVALID_STATE
W (82827) rc_control: Ctrl send failed: ESP_ERR_INVALID_STATE
W (82847) rc_control: Ctrl send failed: ESP_ERR_INVALID_STATE
W (82867) rc_control: Ctrl send failed: ESP_ERR_INVALID_STATE
W (82887) rc_control: Ctrl send failed: ESP_ERR_INVALID_STATE
W (82907) rc_control: Ctrl send failed: ESP_ERR_INVALID_STATE
W (82927) rc_control: Ctrl send failed: ESP_ERR_INVALID_STATE
W (82947) rc_control: Ctrl send failed: ESP_ERR_INVALID_STATE
W (82967) rc_control: Ctrl send failed: ESP_ERR_INVALID_STATE
W (82987) rc_control: Ctrl send failed: ESP_ERR_INVALID_STATE
W (83007) rc_control: Ctrl send failed: ESP_ERR_INVALID_STATE
W (83027) rc_control: Ctrl send failed: ESP_ERR_INVALID_STATE
W (83047) rc_control: Ctrl send failed: ESP_ERR_INVALID_STATE
W (83067) rc_control: Ctrl send failed: ESP_ERR_INVALID_STATE
W (83087) rc_control: Ctrl send failed: ESP_ERR_INVALID_STATE
W (83107) rc_control: Ctrl send failed: ESP_ERR_INVALID_STATE
W (83127) rc_control: Ctrl send failed: ESP_ERR_INVALID_STATE
W (83147) rc_control: Ctrl send failed: ESP_ERR_INVALID_STATE
W (83167) rc_control: Ctrl send failed: ESP_ERR_INVALID_STATE
W (83187) rc_control: Ctrl send failed: ESP_ERR_INVALID_STATE
W (83207) rc_control: Ctrl send failed: ESP_ERR_INVALID_STATE
W (83227) rc_control: Ctrl send failed: ESP_ERR_INVALID_STATE
W (83247) rc_control: Ctrl send failed: ESP_ERR_INVALID_STATE
W (83267) rc_control: Ctrl send failed: ESP_ERR_INVALID_STATE
W (83287) rc_control: Ctrl send failed: ESP_ERR_INVALID_STATE
W (83307) rc_control: Ctrl send failed: ESP_ERR_INVALID_STATE
W (83327) rc_control: Ctrl send failed: ESP_ERR_INVALID_STATE
W (83347) rc_control: Ctrl send failed: ESP_ERR_INVALID_STATE
W (83367) rc_control: Ctrl send failed: ESP_ERR_INVALID_STATE
W (83387) rc_control: Ctrl send failed: ESP_ERR_INVALID_STATE
W (83407) rc_control: Ctrl send failed: ESP_ERR_INVALID_STATE
W (83427) rc_control: Ctrl send failed: ESP_ERR_INVALID_STATE
W (83447) rc_control: Ctrl send failed: ESP_ERR_INVALID_STATE
W (83467) rc_control: Ctrl send failed: ESP_ERR_INVALID_STATE
W (83487) rc_control: Ctrl send failed: ESP_ERR_INVALID_STATE
W (83507) rc_control: Ctrl send failed: ESP_ERR_INVALID_STATE
W (83527) rc_control: Ctrl send failed: ESP_ERR_INVALID_STATE
W (83547) rc_control: Ctrl send failed: ESP_ERR_INVALID_STATE
W (83567) rc_control: Ctrl send failed: ESP_ERR_INVALID_STATE
W (83587) rc_control: Ctrl send failed: ESP_ERR_INVALID_STATE
W (83607) rc_control: Ctrl send failed: ESP_ERR_INVALID_STATE
W (83627) rc_control: Ctrl send failed: ESP_ERR_INVALID_STATE
W (83647) rc_control: Ctrl send failed: ESP_ERR_INVALID_STATE
W (83667) rc_control: Ctrl send failed: ESP_ERR_INVALID_STATE
W (83687) rc_control: Ctrl send failed: ESP_ERR_INVALID_STATE
W (83707) rc_control: Ctrl send failed: ESP_ERR_INVALID_STATE
W (83727) rc_control: Ctrl send failed: ESP_ERR_INVALID_STATE
W (83747) rc_control: Ctrl send failed: ESP_ERR_INVALID_STATE
W (83767) rc_control: Ctrl send failed: ESP_ERR_INVALID_STATE
W (83787) rc_control: Ctrl send failed: ESP_ERR_INVALID_STATE
W (83807) rc_control: Ctrl send failed: ESP_ERR_INVALID_STATE
W (83827) rc_control: Ctrl send failed: ESP_ERR_INVALID_STATE
W (83847) rc_control: Ctrl send failed: ESP_ERR_INVALID_STATE
W (83867) rc_control: Ctrl send failed: ESP_ERR_INVALID_STATE
W (83887) rc_control: Ctrl send failed: ESP_ERR_INVALID_STATE
W (83907) rc_control: Ctrl send failed: ESP_ERR_INVALID_STATE
W (83927) rc_control: Ctrl send failed: ESP_ERR_INVALID_STATE
W (83947) rc_control: Ctrl send failed: ESP_ERR_INVALID_STATE
W (83967) rc_control: Ctrl send failed: ESP_ERR_INVALID_STATE
W (83987) rc_control: Ctrl send failed: ESP_ERR_INVALID_STATE
W (84007) rc_control: Ctrl send failed: ESP_ERR_INVALID_STATE
W (84027) rc_control: Ctrl send failed: ESP_ERR_INVALID_STATE
W (84047) rc_control: Ctrl send failed: ESP_ERR_INVALID_STATE
W (84067) rc_control: Ctrl send failed: ESP_ERR_INVALID_STATE
W (84087) rc_control: Ctrl send failed: ESP_ERR_INVALID_STATE
W (84107) rc_control: Ctrl send failed: ESP_ERR_INVALID_STATE
W (84127) rc_control: Ctrl send failed: ESP_ERR_INVALID_STATE
W (84147) rc_control: Ctrl send failed: ESP_ERR_INVALID_STATE
W (84167) rc_control: Ctrl send failed: ESP_ERR_INVALID_STATE
W (84187) rc_control: Ctrl send failed: ESP_ERR_INVALID_STATE
W (84207) rc_control: Ctrl send failed: ESP_ERR_INVALID_STATE
W (84227) rc_control: Ctrl send failed: ESP_ERR_INVALID_STATE
W (84247) rc_control: Ctrl send failed: ESP_ERR_INVALID_STATE
W (84267) rc_control: Ctrl send failed: ESP_ERR_INVALID_STATE
W (84287) rc_control: Ctrl send failed: ESP_ERR_INVALID_STATE
W (84307) rc_control: Ctrl send failed: ESP_ERR_INVALID_STATE
W (84327) rc_control: Ctrl send failed: ESP_ERR_INVALID_STATE
W (84347) rc_control: Ctrl send failed: ESP_ERR_INVALID_STATE
W (84367) rc_control: Ctrl send failed: ESP_ERR_INVALID_STATE
W (84387) rc_control: Ctrl send failed: ESP_ERR_INVALID_STATE
W (84407) rc_control: Ctrl send failed: ESP_ERR_INVALID_STATE
W (84427) rc_control: Ctrl send failed: ESP_ERR_INVALID_STATE
W (84447) rc_control: Ctrl send failed: ESP_ERR_INVALID_STATE
W (84467) rc_control: Ctrl send failed: ESP_ERR_INVALID_STATE
W (84487) rc_control: Ctrl send failed: ESP_ERR_INVALID_STATE
W (84507) rc_control: Ctrl send failed: ESP_ERR_INVALID_STATE
W (84527) rc_control: Ctrl send failed: ESP_ERR_INVALID_STATE
W (84547) rc_control: Ctrl send failed: ESP_ERR_INVALID_STATE
W (84567) rc_control: Ctrl send failed: ESP_ERR_INVALID_STATE
W (84587) rc_control: Ctrl send failed: ESP_ERR_INVALID_STATE
W (84607) rc_control: Ctrl send failed: ESP_ERR_INVALID_STATE
W (84627) rc_control: Ctrl send failed: ESP_ERR_INVALID_STATE
W (84647) rc_control: Ctrl send failed: ESP_ERR_INVALID_STATE
W (84667) rc_control: Ctrl send failed: ESP_ERR_INVALID_STATE
W (84687) rc_control: Ctrl send failed: ESP_ERR_INVALID_STATE
W (84707) rc_control: Ctrl send failed: ESP_ERR_INVALID_STATE
W (84727) rc_control: Ctrl send failed: ESP_ERR_INVALID_STATE
W (84747) rc_control: Ctrl send failed: ESP_ERR_INVALID_STATE
W (84767) rc_control: Ctrl send failed: ESP_ERR_INVALID_STATE
W (84787) rc_control: Ctrl send failed: ESP_ERR_INVALID_STATE
W (84807) rc_control: Ctrl send failed: ESP_ERR_INVALID_STATE
W (84827) rc_control: Ctrl send failed: ESP_ERR_INVALID_STATE
W (84847) rc_control: Ctrl send failed: ESP_ERR_INVALID_STATE
W (84867) rc_control: Ctrl send failed: ESP_ERR_INVALID_STATE
W (84887) rc_control: Ctrl send failed: ESP_ERR_INVALID_STATE
W (84907) rc_control: Ctrl send failed: ESP_ERR_INVALID_STATE
W (84927) rc_control: Ctrl send failed: ESP_ERR_INVALID_STATE
W (84947) rc_control: Ctrl send failed: ESP_ERR_INVALID_STATE
W (84967) rc_control: Ctrl send failed: ESP_ERR_INVALID_STATE
W (84987) rc_control: Ctrl send failed: ESP_ERR_INVALID_STATE
W (85007) rc_control: Ctrl send failed: ESP_ERR_INVALID_STATE
W (85027) rc_control: Ctrl send failed: ESP_ERR_INVALID_STATE
W (85047) rc_control: Ctrl send failed: ESP_ERR_INVALID_STATE
W (85067) rc_control: Ctrl send failed: ESP_ERR_INVALID_STATE
W (85087) rc_control: Ctrl send failed: ESP_ERR_INVALID_STATE
W (85107) rc_control: Ctrl send failed: ESP_ERR_INVALID_STATE
W (85127) rc_control: Ctrl send failed: ESP_ERR_INVALID_STATE
W (85147) rc_control: Ctrl send failed: ESP_ERR_INVALID_STATE
W (85167) rc_control: Ctrl send failed: ESP_ERR_INVALID_STATE
W (85187) rc_control: Ctrl send failed: ESP_ERR_INVALID_STATE
W (85207) rc_control: Ctrl send failed: ESP_ERR_INVALID_STATE
W (85227) rc_control: Ctrl send failed: ESP_ERR_INVALID_STATE
W (85247) rc_control: Ctrl send failed: ESP_ERR_INVALID_STATE
W (85267) rc_control: Ctrl send failed: ESP_ERR_INVALID_STATE
W (85287) rc_control: Ctrl send failed: ESP_ERR_INVALID_STATE
W (85307) rc_control: Ctrl send failed: ESP_ERR_INVALID_STATE
W (85327) rc_control: Ctrl send failed: ESP_ERR_INVALID_STATE
W (85347) rc_control: Ctrl send failed: ESP_ERR_INVALID_STATE
W (85367) rc_control: Ctrl send failed: ESP_ERR_INVALID_STATE
W (85387) rc_control: Ctrl send failed: ESP_ERR_INVALID_STATE
W (85407) rc_control: Ctrl send failed: ESP_ERR_INVALID_STATE
W (85427) rc_control: Ctrl send failed: ESP_ERR_INVALID_STATE
W (85447) rc_control: Ctrl send failed: ESP_ERR_INVALID_STATE
W (85467) rc_control: Ctrl send failed: ESP_ERR_INVALID_STATE
W (85487) rc_control: Ctrl send failed: ESP_ERR_INVALID_STATE
W (85507) rc_control: Ctrl send failed: ESP_ERR_INVALID_STATE
W (85527) rc_control: Ctrl send failed: ESP_ERR_INVALID_STATE
W (85547) rc_control: Ctrl send failed: ESP_ERR_INVALID_STATE
W (85567) rc_control: Ctrl send failed: ESP_ERR_INVALID_STATE
W (85587) rc_control: Ctrl send failed: ESP_ERR_INVALID_STATE
W (85607) rc_control: Ctrl send failed: ESP_ERR_INVALID_STATE
W (85627) rc_control: Ctrl send failed: ESP_ERR_INVALID_STATE
W (85647) rc_control: Ctrl send failed: ESP_ERR_INVALID_STATE
W (85667) rc_control: Ctrl send failed: ESP_ERR_INVALID_STATE
W (85687) rc_control: Ctrl send failed: ESP_ERR_INVALID_STATE
W (85707) rc_control: Ctrl send failed: ESP_ERR_INVALID_STATE
W (85727) rc_control: Ctrl send failed: ESP_ERR_INVALID_STATE
W (85747) rc_control: Ctrl send failed: ESP_ERR_INVALID_STATE
W (85767) rc_control: Ctrl send failed: ESP_ERR_INVALID_STATE
W (85787) rc_control: Ctrl send failed: ESP_ERR_INVALID_STATE
W (85807) rc_control: Ctrl send failed: ESP_ERR_INVALID_STATE
W (85827) rc_control: Ctrl send failed: ESP_ERR_INVALID_STATE
W (85847) rc_control: Ctrl send failed: ESP_ERR_INVALID_STATE
W (85867) rc_control: Ctrl send failed: ESP_ERR_INVALID_STATE
W (85887) rc_control: Ctrl send failed: ESP_ERR_INVALID_STATE
W (85907) rc_control: Ctrl send failed: ESP_ERR_INVALID_STATE
W (85927) rc_control: Ctrl send failed: ESP_ERR_INVALID_STATE
W (85947) rc_control: Ctrl send failed: ESP_ERR_INVALID_STATE
W (85967) rc_control: Ctrl send failed: ESP_ERR_INVALID_STATE
W (85987) rc_control: Ctrl send failed: ESP_ERR_INVALID_STATE
W (86007) rc_control: Ctrl send failed: ESP_ERR_INVALID_STATE
W (86027) rc_control: Ctrl send failed: ESP_ERR_INVALID_STATE
W (86047) rc_control: Ctrl send failed: ESP_ERR_INVALID_STATE
W (86067) rc_control: Ctrl send failed: ESP_ERR_INVALID_STATE
W (86087) rc_control: Ctrl send failed: ESP_ERR_INVALID_STATE
W (86107) rc_control: Ctrl send failed: ESP_ERR_INVALID_STATE
W (86127) rc_control: Ctrl send failed: ESP_ERR_INVALID_STATE
W (86147) rc_control: Ctrl send failed: ESP_ERR_INVALID_STATE
W (86167) rc_control: Ctrl send failed: ESP_ERR_INVALID_STATE
W (86187) rc_control: Ctrl send failed: ESP_ERR_INVALID_STATE
W (86207) rc_control: Ctrl send failed: ESP_ERR_INVALID_STATE
W (86227) rc_control: Ctrl send failed: ESP_ERR_INVALID_STATE
W (86247) rc_control: Ctrl send failed: ESP_ERR_INVALID_STATE
W (86267) rc_control: Ctrl send failed: ESP_ERR_INVALID_STATE
W (86287) rc_control: Ctrl send failed: ESP_ERR_INVALID_STATE
W (86307) rc_control: Ctrl send failed: ESP_ERR_INVALID_STATE
W (86327) rc_control: Ctrl send failed: ESP_ERR_INVALID_STATE
W (86347) rc_control: Ctrl send failed: ESP_ERR_INVALID_STATE
W (86367) rc_control: Ctrl send failed: ESP_ERR_INVALID_STATE
W (86387) rc_control: Ctrl send failed: ESP_ERR_INVALID_STATE
W (86407) rc_control: Ctrl send failed: ESP_ERR_INVALID_STATE
W (86427) rc_control: Ctrl send failed: ESP_ERR_INVALID_STATE
W (86447) rc_control: Ctrl send failed: ESP_ERR_INVALID_STATE
W (86467) rc_control: Ctrl send failed: ESP_ERR_INVALID_STATE
W (86487) rc_control: Ctrl send failed: ESP_ERR_INVALID_STATE
W (86507) rc_control: Ctrl send failed: ESP_ERR_INVALID_STATE
W (86527) rc_control: Ctrl send failed: ESP_ERR_INVALID_STATE
W (86547) rc_control: Ctrl send failed: ESP_ERR_INVALID_STATE
W (86567) rc_control: Ctrl send failed: ESP_ERR_INVALID_STATE
W (86587) rc_control: Ctrl send failed: ESP_ERR_INVALID_STATE
W (86607) rc_control: Ctrl send failed: ESP_ERR_INVALID_STATE
W (86627) rc_control: Ctrl send failed: ESP_ERR_INVALID_STATE
W (86647) rc_control: Ctrl send failed: ESP_ERR_INVALID_STATE
W (86667) rc_control: Ctrl send failed: ESP_ERR_INVALID_STATE
W (86687) rc_control: Ctrl send failed: ESP_ERR_INVALID_STATE
W (86707) rc_control: Ctrl send failed: ESP_ERR_INVALID_STATE
W (86727) rc_control: Ctrl send failed: ESP_ERR_INVALID_STATE
W (86747) rc_control: Ctrl send failed: ESP_ERR_INVALID_STATE
W (86767) rc_control: Ctrl send failed: ESP_ERR_INVALID_STATE
W (86787) rc_control: Ctrl send failed: ESP_ERR_INVALID_STATE
W (86807) rc_control: Ctrl send failed: ESP_ERR_INVALID_STATE
W (86827) rc_control: Ctrl send failed: ESP_ERR_INVALID_STATE
W (86847) rc_control: Ctrl send failed: ESP_ERR_INVALID_STATE
W (86867) rc_control: Ctrl send failed: ESP_ERR_INVALID_STATE
W (86887) rc_control: Ctrl send failed: ESP_ERR_INVALID_STATE
W (86907) rc_control: Ctrl send failed: ESP_ERR_INVALID_STATE
W (86927) rc_control: Ctrl send failed: ESP_ERR_INVALID_STATE
W (86947) rc_control: Ctrl send failed: ESP_ERR_INVALID_STATE
W (86967) rc_control: Ctrl send failed: ESP_ERR_INVALID_STATE
W (86987) rc_control: Ctrl send failed: ESP_ERR_INVALID_STATE
W (87007) rc_control: Ctrl send failed: ESP_ERR_INVALID_STATE
W (87027) rc_control: Ctrl send failed: ESP_ERR_INVALID_STATE
W (87047) rc_control: Ctrl send failed: ESP_ERR_INVALID_STATE
W (87067) rc_control: Ctrl send failed: ESP_ERR_INVALID_STATE
W (87087) rc_control: Ctrl send failed: ESP_ERR_INVALID_STATE
W (87107) rc_control: Ctrl send failed: ESP_ERR_INVALID_STATE
W (87127) rc_control: Ctrl send failed: ESP_ERR_INVALID_STATE
W (87147) rc_control: Ctrl send failed: ESP_ERR_INVALID_STATE
W (87167) rc_control: Ctrl send failed: ESP_ERR_INVALID_STATE
W (87187) rc_control: Ctrl send failed: ESP_ERR_INVALID_STATE
W (87207) rc_control: Ctrl send failed: ESP_ERR_INVALID_STATE
W (87227) rc_control: Ctrl send failed: ESP_ERR_INVALID_STATE
W (87247) rc_control: Ctrl send failed: ESP_ERR_INVALID_STATE
W (87267) rc_control: Ctrl send failed: ESP_ERR_INVALID_STATE
W (87287) rc_control: Ctrl send failed: ESP_ERR_INVALID_STATE
W (87307) rc_control: Ctrl send failed: ESP_ERR_INVALID_STATE
W (87327) rc_control: Ctrl send failed: ESP_ERR_INVALID_STATE
W (87347) rc_control: Ctrl send failed: ESP_ERR_INVALID_STATE
W (87367) rc_control: Ctrl send failed: ESP_ERR_INVALID_STATE
W (87387) rc_control: Ctrl send failed: ESP_ERR_INVALID_STATE
W (87407) rc_control: Ctrl send failed: ESP_ERR_INVALID_STATE
W (87427) rc_control: Ctrl send failed: ESP_ERR_INVALID_STATE
W (87447) rc_control: Ctrl send failed: ESP_ERR_INVALID_STATE
W (87467) rc_control: Ctrl send failed: ESP_ERR_INVALID_STATE
W (87487) rc_control: Ctrl send failed: ESP_ERR_INVALID_STATE
W (87507) rc_control: Ctrl send failed: ESP_ERR_INVALID_STATE
W (87527) rc_control: Ctrl send failed: ESP_ERR_INVALID_STATE
W (87547) rc_control: Ctrl send failed: ESP_ERR_INVALID_STATE
W (87567) rc_control: Ctrl send failed: ESP_ERR_INVALID_STATE
W (87587) rc_control: Ctrl send failed: ESP_ERR_INVALID_STATE
W (87607) rc_control: Ctrl send failed: ESP_ERR_INVALID_STATE
W (87627) rc_control: Ctrl send failed: ESP_ERR_INVALID_STATE
W (87647) rc_control: Ctrl send failed: ESP_ERR_INVALID_STATE
W (87667) rc_control: Ctrl send failed: ESP_ERR_INVALID_STATE
W (87687) rc_control: Ctrl send failed: ESP_ERR_INVALID_STATE
W (87707) rc_control: Ctrl send failed: ESP_ERR_INVALID_STATE
W (87727) rc_control: Ctrl send failed: ESP_ERR_INVALID_STATE
W (87747) rc_control: Ctrl send failed: ESP_ERR_INVALID_STATE
W (87767) rc_control: Ctrl send failed: ESP_ERR_INVALID_STATE
W (87787) rc_control: Ctrl send failed: ESP_ERR_INVALID_STATE
W (87807) rc_control: Ctrl send failed: ESP_ERR_INVALID_STATE
W (87827) rc_control: Ctrl send failed: ESP_ERR_INVALID_STATE
W (87847) rc_control: Ctrl send failed: ESP_ERR_INVALID_STATE
W (87867) rc_control: Ctrl send failed: ESP_ERR_INVALID_STATE
W (87887) rc_control: Ctrl send failed: ESP_ERR_INVALID_STATE
W (87907) rc_control: Ctrl send failed: ESP_ERR_INVALID_STATE
W (87927) rc_control: Ctrl send failed: ESP_ERR_INVALID_STATE
W (87947) rc_control: Ctrl send failed: ESP_ERR_INVALID_STATE
W (87967) rc_control: Ctrl send failed: ESP_ERR_INVALID_STATE
W (87987) rc_control: Ctrl send failed: ESP_ERR_INVALID_STATE
W (88007) rc_control: Ctrl send failed: ESP_ERR_INVALID_STATE
W (88027) rc_control: Ctrl send failed: ESP_ERR_INVALID_STATE
W (88047) rc_control: Ctrl send failed: ESP_ERR_INVALID_STATE
W (88067) rc_control: Ctrl send failed: ESP_ERR_INVALID_STATE
W (88087) rc_control: Ctrl send failed: ESP_ERR_INVALID_STATE
W (88107) rc_control: Ctrl send failed: ESP_ERR_INVALID_STATE
W (88127) rc_control: Ctrl send failed: ESP_ERR_INVALID_STATE
W (88147) rc_control: Ctrl send failed: ESP_ERR_INVALID_STATE
W (88167) rc_control: Ctrl send failed: ESP_ERR_INVALID_STATE
W (88187) rc_control: Ctrl send failed: ESP_ERR_INVALID_STATE
W (88207) rc_control: Ctrl send failed: ESP_ERR_INVALID_STATE
W (88227) rc_control: Ctrl send failed: ESP_ERR_INVALID_STATE
W (88247) rc_control: Ctrl send failed: ESP_ERR_INVALID_STATE
W (88267) rc_control: Ctrl send failed: ESP_ERR_INVALID_STATE
W (88287) rc_control: Ctrl send failed: ESP_ERR_INVALID_STATE
W (88307) rc_control: Ctrl send failed: ESP_ERR_INVALID_STATE
W (88327) rc_control: Ctrl send failed: ESP_ERR_INVALID_STATE
W (88347) rc_control: Ctrl send failed: ESP_ERR_INVALID_STATE
W (88367) rc_control: Ctrl send failed: ESP_ERR_INVALID_STATE
W (88387) rc_control: Ctrl send failed: ESP_ERR_INVALID_STATE
W (88407) rc_control: Ctrl send failed: ESP_ERR_INVALID_STATE
W (88427) rc_control: Ctrl send failed: ESP_ERR_INVALID_STATE
W (88447) rc_control: Ctrl send failed: ESP_ERR_INVALID_STATE
W (88467) rc_control: Ctrl send failed: ESP_ERR_INVALID_STATE
W (88487) rc_control: Ctrl send failed: ESP_ERR_INVALID_STATE
W (88507) rc_control: Ctrl send failed: ESP_ERR_INVALID_STATE
W (88527) rc_control: Ctrl send failed: ESP_ERR_INVALID_STATE
W (88547) rc_control: Ctrl send failed: ESP_ERR_INVALID_STATE
W (88567) rc_control: Ctrl send failed: ESP_ERR_INVALID_STATE
W (88587) rc_control: Ctrl send failed: ESP_ERR_INVALID_STATE
W (88607) rc_control: Ctrl send failed: ESP_ERR_INVALID_STATE
W (88627) rc_control: Ctrl send failed: ESP_ERR_INVALID_STATE
W (88647) rc_control: Ctrl send failed: ESP_ERR_INVALID_STATE
W (88667) rc_control: Ctrl send failed: ESP_ERR_INVALID_STATE
W (88687) rc_control: Ctrl send failed: ESP_ERR_INVALID_STATE
W (88707) rc_control: Ctrl send failed: ESP_ERR_INVALID_STATE
W (88727) rc_control: Ctrl send failed: ESP_ERR_INVALID_STATE
W (88747) rc_control: Ctrl send failed: ESP_ERR_INVALID_STATE
W (88767) rc_control: Ctrl send failed: ESP_ERR_INVALID_STATE
W (88787) rc_control: Ctrl send failed: ESP_ERR_INVALID_STATE
W (88807) rc_control: Ctrl send failed: ESP_ERR_INVALID_STATE
W (88827) rc_control: Ctrl send failed: ESP_ERR_INVALID_STATE
W (88847) rc_control: Ctrl send failed: ESP_ERR_INVALID_STATE
W (88867) rc_control: Ctrl send failed: ESP_ERR_INVALID_STATE
W (88887) rc_control: Ctrl send failed: ESP_ERR_INVALID_STATE
W (88907) rc_control: Ctrl send failed: ESP_ERR_INVALID_STATE
W (88927) rc_control: Ctrl send failed: ESP_ERR_INVALID_STATE
W (88947) rc_control: Ctrl send failed: ESP_ERR_INVALID_STATE
W (88967) rc_control: Ctrl send failed: ESP_ERR_INVALID_STATE
W (88987) rc_control: Ctrl send failed: ESP_ERR_INVALID_STATE
W (89007) rc_control: Ctrl send failed: ESP_ERR_INVALID_STATE
W (89027) rc_control: Ctrl send failed: ESP_ERR_INVALID_STATE
W (89047) rc_control: Ctrl send failed: ESP_ERR_INVALID_STATE
W (89067) rc_control: Ctrl send failed: ESP_ERR_INVALID_STATE
W (89087) rc_control: Ctrl send failed: ESP_ERR_INVALID_STATE
W (89107) rc_control: Ctrl send failed: ESP_ERR_INVALID_STATE
W (89127) rc_control: Ctrl send failed: ESP_ERR_INVALID_STATE
W (89147) rc_control: Ctrl send failed: ESP_ERR_INVALID_STATE
W (89167) rc_control: Ctrl send failed: ESP_ERR_INVALID_STATE
W (89187) rc_control: Ctrl send failed: ESP_ERR_INVALID_STATE
W (89207) rc_control: Ctrl send failed: ESP_ERR_INVALID_STATE
W (89227) rc_control: Ctrl send failed: ESP_ERR_INVALID_STATE
W (89247) rc_control: Ctrl send failed: ESP_ERR_INVALID_STATE
W (89267) rc_control: Ctrl send failed: ESP_ERR_INVALID_STATE
W (89287) rc_control: Ctrl send failed: ESP_ERR_INVALID_STATE
W (89307) rc_control: Ctrl send failed: ESP_ERR_INVALID_STATE
W (89327) rc_control: Ctrl send failed: ESP_ERR_INVALID_STATE
W (89347) rc_control: Ctrl send failed: ESP_ERR_INVALID_STATE
W (89367) rc_control: Ctrl send failed: ESP_ERR_INVALID_STATE
W (89387) rc_control: Ctrl send failed: ESP_ERR_INVALID_STATE
W (89407) rc_control: Ctrl send failed: ESP_ERR_INVALID_STATE
W (89427) rc_control: Ctrl send failed: ESP_ERR_INVALID_STATE
W (89447) rc_control: Ctrl send failed: ESP_ERR_INVALID_STATE
W (89467) rc_control: Ctrl send failed: ESP_ERR_INVALID_STATE
W (89487) rc_control: Ctrl send failed: ESP_ERR_INVALID_STATE
W (89507) rc_control: Ctrl send failed: ESP_ERR_INVALID_STATE
W (89527) rc_control: Ctrl send failed: ESP_ERR_INVALID_STATE
W (89547) rc_control: Ctrl send failed: ESP_ERR_INVALID_STATE
W (89567) rc_control: Ctrl send failed: ESP_ERR_INVALID_STATE
W (89587) rc_control: Ctrl send failed: ESP_ERR_INVALID_STATE
W (89607) rc_control: Ctrl send failed: ESP_ERR_INVALID_STATE
W (89627) rc_control: Ctrl send failed: ESP_ERR_INVALID_STATE
W (89647) rc_control: Ctrl send failed: ESP_ERR_INVALID_STATE
W (89667) rc_control: Ctrl send failed: ESP_ERR_INVALID_STATE
W (89687) rc_control: Ctrl send failed: ESP_ERR_INVALID_STATE
W (89707) rc_control: Ctrl send failed: ESP_ERR_INVALID_STATE
W (89727) rc_control: Ctrl send failed: ESP_ERR_INVALID_STATE
W (89747) rc_control: Ctrl send failed: ESP_ERR_INVALID_STATE
W (89767) rc_control: Ctrl send failed: ESP_ERR_INVALID_STATE
W (89787) rc_control: Ctrl send failed: ESP_ERR_INVALID_STATE
W (89807) rc_control: Ctrl send failed: ESP_ERR_INVALID_STATE
W (89827) rc_control: Ctrl send failed: ESP_ERR_INVALID_STATE
W (89847) rc_control: Ctrl send failed: ESP_ERR_INVALID_STATE
W (89867) rc_control: Ctrl send failed: ESP_ERR_INVALID_STATE
W (89887) rc_control: Ctrl send failed: ESP_ERR_INVALID_STATE
W (89907) rc_control: Ctrl send failed: ESP_ERR_INVALID_STATE
W (89927) rc_control: Ctrl send failed: ESP_ERR_INVALID_STATE
W (89947) rc_control: Ctrl send failed: ESP_ERR_INVALID_STATE
W (89967) rc_control: Ctrl send failed: ESP_ERR_INVALID_STATE
W (89987) rc_control: Ctrl send failed: ESP_ERR_INVALID_STATE
W (90007) rc_control: Ctrl send failed: ESP_ERR_INVALID_STATE
W (90027) rc_control: Ctrl send failed: ESP_ERR_INVALID_STATE
W (90047) rc_control: Ctrl send failed: ESP_ERR_INVALID_STATE
W (90067) rc_control: Ctrl send failed: ESP_ERR_INVALID_STATE
W (90087) rc_control: Ctrl send failed: ESP_ERR_INVALID_STATE
W (90107) rc_control: Ctrl send failed: ESP_ERR_INVALID_STATE
W (90127) rc_control: Ctrl send failed: ESP_ERR_INVALID_STATE
W (90147) rc_control: Ctrl send failed: ESP_ERR_INVALID_STATE
W (90167) rc_control: Ctrl send failed: ESP_ERR_INVALID_STATE
W (90187) rc_control: Ctrl send failed: ESP_ERR_INVALID_STATE
W (90207) rc_control: Ctrl send failed: ESP_ERR_INVALID_STATE
W (90227) rc_control: Ctrl send failed: ESP_ERR_INVALID_STATE
W (90247) rc_control: Ctrl send failed: ESP_ERR_INVALID_STATE
W (90267) rc_control: Ctrl send failed: ESP_ERR_INVALID_STATE
W (90287) rc_control: Ctrl send failed: ESP_ERR_INVALID_STATE
W (90307) rc_control: Ctrl send failed: ESP_ERR_INVALID_STATE
W (90327) rc_control: Ctrl send failed: ESP_ERR_INVALID_STATE
W (90347) rc_control: Ctrl send failed: ESP_ERR_INVALID_STATE
W (90367) rc_control: Ctrl send failed: ESP_ERR_INVALID_STATE
W (90387) rc_control: Ctrl send failed: ESP_ERR_INVALID_STATE
W (90407) rc_control: Ctrl send failed: ESP_ERR_INVALID_STATE
W (90427) rc_control: Ctrl send failed: ESP_ERR_INVALID_STATE
W (90447) rc_control: Ctrl send failed: ESP_ERR_INVALID_STATE
W (90467) rc_control: Ctrl send failed: ESP_ERR_INVALID_STATE
W (90487) rc_control: Ctrl send failed: ESP_ERR_INVALID_STATE
W (90507) rc_control: Ctrl send failed: ESP_ERR_INVALID_STATE
W (90527) rc_control: Ctrl send failed: ESP_ERR_INVALID_STATE
W (90547) rc_control: Ctrl send failed: ESP_ERR_INVALID_STATE
W (90567) rc_control: Ctrl send failed: ESP_ERR_INVALID_STATE
W (90587) rc_control: Ctrl send failed: ESP_ERR_INVALID_STATE
W (90607) rc_control: Ctrl send failed: ESP_ERR_INVALID_STATE
W (90627) rc_control: Ctrl send failed: ESP_ERR_INVALID_STATE
W (90647) rc_control: Ctrl send failed: ESP_ERR_INVALID_STATE
W (90667) rc_control: Ctrl send failed: ESP_ERR_INVALID_STATE
W (90687) rc_control: Ctrl send failed: ESP_ERR_INVALID_STATE
W (90707) rc_control: Ctrl send failed: ESP_ERR_INVALID_STATE
W (90727) rc_control: Ctrl send failed: ESP_ERR_INVALID_STATE
W (90747) rc_control: Ctrl send failed: ESP_ERR_INVALID_STATE
W (90767) rc_control: Ctrl send failed: ESP_ERR_INVALID_STATE
W (90787) rc_control: Ctrl send failed: ESP_ERR_INVALID_STATE
W (90807) rc_control: Ctrl send failed: ESP_ERR_INVALID_STATE
W (90827) rc_control: Ctrl send failed: ESP_ERR_INVALID_STATE
W (90847) rc_control: Ctrl send failed: ESP_ERR_INVALID_STATE
W (90867) rc_control: Ctrl send failed: ESP_ERR_INVALID_STATE
W (90887) rc_control: Ctrl send failed: ESP_ERR_INVALID_STATE
W (90907) rc_control: Ctrl send failed: ESP_ERR_INVALID_STATE
W (90927) rc_control: Ctrl send failed: ESP_ERR_INVALID_STATE
W (90947) rc_control: Ctrl send failed: ESP_ERR_INVALID_STATE
W (90967) rc_control: Ctrl send failed: ESP_ERR_INVALID_STATE
W (90987) rc_control: Ctrl send failed: ESP_ERR_INVALID_STATE
W (91007) rc_control: Ctrl send failed: ESP_ERR_INVALID_STATE
W (91027) rc_control: Ctrl send failed: ESP_ERR_INVALID_STATE
W (91047) rc_control: Ctrl send failed: ESP_ERR_INVALID_STATE
W (91067) rc_control: Ctrl send failed: ESP_ERR_INVALID_STATE
W (91087) rc_control: Ctrl send failed: ESP_ERR_INVALID_STATE
W (91107) rc_control: Ctrl send failed: ESP_ERR_INVALID_STATE
W (91127) rc_control: Ctrl send failed: ESP_ERR_INVALID_STATE
W (91147) rc_control: Ctrl send failed: ESP_ERR_INVALID_STATE
W (91167) rc_control: Ctrl send failed: ESP_ERR_INVALID_STATE
W (91187) rc_control: Ctrl send failed: ESP_ERR_INVALID_STATE
W (91207) rc_control: Ctrl send failed: ESP_ERR_INVALID_STATE
W (91227) rc_control: Ctrl send failed: ESP_ERR_INVALID_STATE
W (91247) rc_control: Ctrl send failed: ESP_ERR_INVALID_STATE
W (91267) rc_control: Ctrl send failed: ESP_ERR_INVALID_STATE
W (91287) rc_control: Ctrl send failed: ESP_ERR_INVALID_STATE
W (91307) rc_control: Ctrl send failed: ESP_ERR_INVALID_STATE
W (91327) rc_control: Ctrl send failed: ESP_ERR_INVALID_STATE
W (91347) rc_control: Ctrl send failed: ESP_ERR_INVALID_STATE
W (91367) rc_control: Ctrl send failed: ESP_ERR_INVALID_STATE
W (91387) rc_control: Ctrl send failed: ESP_ERR_INVALID_STATE
W (91407) rc_control: Ctrl send failed: ESP_ERR_INVALID_STATE
W (91427) rc_control: Ctrl send failed: ESP_ERR_INVALID_STATE
W (91447) rc_control: Ctrl send failed: ESP_ERR_INVALID_STATE
W (91467) rc_control: Ctrl send failed: ESP_ERR_INVALID_STATE
W (91487) rc_control: Ctrl send failed: ESP_ERR_INVALID_STATE
W (91507) rc_control: Ctrl send failed: ESP_ERR_INVALID_STATE
W (91527) rc_control: Ctrl send failed: ESP_ERR_INVALID_STATE
W (91547) rc_control: Ctrl send failed: ESP_ERR_INVALID_STATE
W (91567) rc_control: Ctrl send failed: ESP_ERR_INVALID_STATE
W (91587) rc_control: Ctrl send failed: ESP_ERR_INVALID_STATE
W (91607) rc_control: Ctrl send failed: ESP_ERR_INVALID_STATE
W (91627) rc_control: Ctrl send failed: ESP_ERR_INVALID_STATE
W (91647) rc_control: Ctrl send failed: ESP_ERR_INVALID_STATE
W (91667) rc_control: Ctrl send failed: ESP_ERR_INVALID_STATE
W (91687) rc_control: Ctrl send failed: ESP_ERR_INVALID_STATE
W (91707) rc_control: Ctrl send failed: ESP_ERR_INVALID_STATE
W (91727) rc_control: Ctrl send failed: ESP_ERR_INVALID_STATE
W (91747) rc_control: Ctrl send failed: ESP_ERR_INVALID_STATE
W (91767) rc_control: Ctrl send failed: ESP_ERR_INVALID_STATE
W (91787) rc_control: Ctrl send failed: ESP_ERR_INVALID_STATE
W (91807) rc_control: Ctrl send failed: ESP_ERR_INVALID_STATE
W (91827) rc_control: Ctrl send failed: ESP_ERR_INVALID_STATE
W (91847) rc_control: Ctrl send failed: ESP_ERR_INVALID_STATE
W (91867) rc_control: Ctrl send failed: ESP_ERR_INVALID_STATE
W (91887) rc_control: Ctrl send failed: ESP_ERR_INVALID_STATE
W (91907) rc_control: Ctrl send failed: ESP_ERR_INVALID_STATE
W (91927) rc_control: Ctrl send failed: ESP_ERR_INVALID_STATE
W (91947) rc_control: Ctrl send failed: ESP_ERR_INVALID_STATE
W (91967) rc_control: Ctrl send failed: ESP_ERR_INVALID_STATE
W (91987) rc_control: Ctrl send failed: ESP_ERR_INVALID_STATE
W (92007) rc_control: Ctrl send failed: ESP_ERR_INVALID_STATE
W (92027) rc_control: Ctrl send failed: ESP_ERR_INVALID_STATE
W (92047) rc_control: Ctrl send failed: ESP_ERR_INVALID_STATE
W (92067) rc_control: Ctrl send failed: ESP_ERR_INVALID_STATE
W (92087) rc_control: Ctrl send failed: ESP_ERR_INVALID_STATE
W (92107) rc_control: Ctrl send failed: ESP_ERR_INVALID_STATE
W (92127) rc_control: Ctrl send failed: ESP_ERR_INVALID_STATE
W (92147) rc_control: Ctrl send failed: ESP_ERR_INVALID_STATE
W (92167) rc_control: Ctrl send failed: ESP_ERR_INVALID_STATE
W (92187) rc_control: Ctrl send failed: ESP_ERR_INVALID_STATE
W (92207) rc_control: Ctrl send failed: ESP_ERR_INVALID_STATE
W (92227) rc_control: Ctrl send failed: ESP_ERR_INVALID_STATE
W (92247) rc_control: Ctrl send failed: ESP_ERR_INVALID_STATE
W (92267) rc_control: Ctrl send failed: ESP_ERR_INVALID_STATE
W (92287) rc_control: Ctrl send failed: ESP_ERR_INVALID_STATE
W (92307) rc_control: Ctrl send failed: ESP_ERR_INVALID_STATE
W (92327) rc_control: Ctrl send failed: ESP_ERR_INVALID_STATE
W (92347) rc_control: Ctrl send failed: ESP_ERR_INVALID_STATE
W (92367) rc_control: Ctrl send failed: ESP_ERR_INVALID_STATE
W (92387) rc_control: Ctrl send failed: ESP_ERR_INVALID_STATE
W (92407) rc_control: Ctrl send failed: ESP_ERR_INVALID_STATE
W (92427) rc_control: Ctrl send failed: ESP_ERR_INVALID_STATE
W (92447) rc_control: Ctrl send failed: ESP_ERR_INVALID_STATE
W (92467) rc_control: Ctrl send failed: ESP_ERR_INVALID_STATE
W (92487) rc_control: Ctrl send failed: ESP_ERR_INVALID_STATE
W (92507) rc_control: Ctrl send failed: ESP_ERR_INVALID_STATE
W (92527) rc_control: Ctrl send failed: ESP_ERR_INVALID_STATE
W (92547) rc_control: Ctrl send failed: ESP_ERR_INVALID_STATE
W (92567) rc_control: Ctrl send failed: ESP_ERR_INVALID_STATE
W (92587) rc_control: Ctrl send failed: ESP_ERR_INVALID_STATE
W (92607) rc_control: Ctrl send failed: ESP_ERR_INVALID_STATE
W (92627) rc_control: Ctrl send failed: ESP_ERR_INVALID_STATE
W (92647) rc_control: Ctrl send failed: ESP_ERR_INVALID_STATE
W (92667) rc_control: Ctrl send failed: ESP_ERR_INVALID_STATE
W (92687) rc_control: Ctrl send failed: ESP_ERR_INVALID_STATE
W (92707) rc_control: Ctrl send failed: ESP_ERR_INVALID_STATE
W (92727) rc_control: Ctrl send failed: ESP_ERR_INVALID_STATE
W (92747) rc_control: Ctrl send failed: ESP_ERR_INVALID_STATE
W (92767) rc_control: Ctrl send failed: ESP_ERR_INVALID_STATE
W (92787) rc_control: Ctrl send failed: ESP_ERR_INVALID_STATE
W (92807) rc_control: Ctrl send failed: ESP_ERR_INVALID_STATE
W (92827) rc_control: Ctrl send failed: ESP_ERR_INVALID_STATE
W (92847) rc_control: Ctrl send failed: ESP_ERR_INVALID_STATE
W (92867) rc_control: Ctrl send failed: ESP_ERR_INVALID_STATE
W (92887) rc_control: Ctrl send failed: ESP_ERR_INVALID_STATE
W (92907) rc_control: Ctrl send failed: ESP_ERR_INVALID_STATE
W (92927) rc_control: Ctrl send failed: ESP_ERR_INVALID_STATE
W (92947) rc_control: Ctrl send failed: ESP_ERR_INVALID_STATE
W (92967) rc_control: Ctrl send failed: ESP_ERR_INVALID_STATE
W (92987) rc_control: Ctrl send failed: ESP_ERR_INVALID_STATE
W (93007) rc_control: Ctrl send failed: ESP_ERR_INVALID_STATE
W (93027) rc_control: Ctrl send failed: ESP_ERR_INVALID_STATE
W (93047) rc_control: Ctrl send failed: ESP_ERR_INVALID_STATE
W (93067) rc_control: Ctrl send failed: ESP_ERR_INVALID_STATE
W (93087) rc_control: Ctrl send failed: ESP_ERR_INVALID_STATE
W (93107) rc_control: Ctrl send failed: ESP_ERR_INVALID_STATE
W (93127) rc_control: Ctrl send failed: ESP_ERR_INVALID_STATE
W (93147) rc_control: Ctrl send failed: ESP_ERR_INVALID_STATE
W (93167) rc_control: Ctrl send failed: ESP_ERR_INVALID_STATE
W (93187) rc_control: Ctrl send failed: ESP_ERR_INVALID_STATE
W (93207) rc_control: Ctrl send failed: ESP_ERR_INVALID_STATE
W (93227) rc_control: Ctrl send failed: ESP_ERR_INVALID_STATE
W (93247) rc_control: Ctrl send failed: ESP_ERR_INVALID_STATE
W (93267) rc_control: Ctrl send failed: ESP_ERR_INVALID_STATE
W (93287) rc_control: Ctrl send failed: ESP_ERR_INVALID_STATE
W (93307) rc_control: Ctrl send failed: ESP_ERR_INVALID_STATE
W (93327) rc_control: Ctrl send failed: ESP_ERR_INVALID_STATE
W (93347) rc_control: Ctrl send failed: ESP_ERR_INVALID_STATE
W (93367) rc_control: Ctrl send failed: ESP_ERR_INVALID_STATE
W (93387) rc_control: Ctrl send failed: ESP_ERR_INVALID_STATE
W (93407) rc_control: Ctrl send failed: ESP_ERR_INVALID_STATE
W (93427) rc_control: Ctrl send failed: ESP_ERR_INVALID_STATE
W (93447) rc_control: Ctrl send failed: ESP_ERR_INVALID_STATE
W (93467) rc_control: Ctrl send failed: ESP_ERR_INVALID_STATE
W (93487) rc_control: Ctrl send failed: ESP_ERR_INVALID_STATE
W (93507) rc_control: Ctrl send failed: ESP_ERR_INVALID_STATE
W (93527) rc_control: Ctrl send failed: ESP_ERR_INVALID_STATE
W (93547) rc_control: Ctrl send failed: ESP_ERR_INVALID_STATE
W (93567) rc_control: Ctrl send failed: ESP_ERR_INVALID_STATE
W (93587) rc_control: Ctrl send failed: ESP_ERR_INVALID_STATE
W (93607) rc_control: Ctrl send failed: ESP_ERR_INVALID_STATE
W (93627) rc_control: Ctrl send failed: ESP_ERR_INVALID_STATE
W (93647) rc_control: Ctrl send failed: ESP_ERR_INVALID_STATE
W (93667) rc_control: Ctrl send failed: ESP_ERR_INVALID_STATE
W (93687) rc_control: Ctrl send failed: ESP_ERR_INVALID_STATE
W (93707) rc_control: Ctrl send failed: ESP_ERR_INVALID_STATE
W (93727) rc_control: Ctrl send failed: ESP_ERR_INVALID_STATE
W (93747) rc_control: Ctrl send failed: ESP_ERR_INVALID_STATE
W (93767) rc_control: Ctrl send failed: ESP_ERR_INVALID_STATE
W (93787) rc_control: Ctrl send failed: ESP_ERR_INVALID_STATE
W (93807) rc_control: Ctrl send failed: ESP_ERR_INVALID_STATE
W (93827) rc_control: Ctrl send failed: ESP_ERR_INVALID_STATE
W (93847) rc_control: Ctrl send failed: ESP_ERR_INVALID_STATE
W (93867) rc_control: Ctrl send failed: ESP_ERR_INVALID_STATE
W (93887) rc_control: Ctrl send failed: ESP_ERR_INVALID_STATE
W (93907) rc_control: Ctrl send failed: ESP_ERR_INVALID_STATE
W (93927) rc_control: Ctrl send failed: ESP_ERR_INVALID_STATE
W (93947) rc_control: Ctrl send failed: ESP_ERR_INVALID_STATE
W (93967) rc_control: Ctrl send failed: ESP_ERR_INVALID_STATE
W (93987) rc_control: Ctrl send failed: ESP_ERR_INVALID_STATE
W (94007) rc_control: Ctrl send failed: ESP_ERR_INVALID_STATE
W (94027) rc_control: Ctrl send failed: ESP_ERR_INVALID_STATE
W (94047) rc_control: Ctrl send failed: ESP_ERR_INVALID_STATE
W (94067) rc_control: Ctrl send failed: ESP_ERR_INVALID_STATE
W (94087) rc_control: Ctrl send failed: ESP_ERR_INVALID_STATE
W (94107) rc_control: Ctrl send failed: ESP_ERR_INVALID_STATE
W (94127) rc_control: Ctrl send failed: ESP_ERR_INVALID_STATE
W (94147) rc_control: Ctrl send failed: ESP_ERR_INVALID_STATE
W (94167) rc_control: Ctrl send failed: ESP_ERR_INVALID_STATE
W (94187) rc_control: Ctrl send failed: ESP_ERR_INVALID_STATE
W (94207) rc_control: Ctrl send failed: ESP_ERR_INVALID_STATE
W (94227) rc_control: Ctrl send failed: ESP_ERR_INVALID_STATE
W (94247) rc_control: Ctrl send failed: ESP_ERR_INVALID_STATE
W (94267) rc_control: Ctrl send failed: ESP_ERR_INVALID_STATE
W (94287) rc_control: Ctrl send failed: ESP_ERR_INVALID_STATE
W (94307) rc_control: Ctrl send failed: ESP_ERR_INVALID_STATE
W (94327) rc_control: Ctrl send failed: ESP_ERR_INVALID_STATE
W (94347) rc_control: Ctrl send failed: ESP_ERR_INVALID_STATE
W (94367) rc_control: Ctrl send failed: ESP_ERR_INVALID_STATE
W (94387) rc_control: Ctrl send failed: ESP_ERR_INVALID_STATE
W (94407) rc_control: Ctrl send failed: ESP_ERR_INVALID_STATE
W (94427) rc_control: Ctrl send failed: ESP_ERR_INVALID_STATE
W (94447) rc_control: Ctrl send failed: ESP_ERR_INVALID_STATE
W (94467) rc_control: Ctrl send failed: ESP_ERR_INVALID_STATE
W (94487) rc_control: Ctrl send failed: ESP_ERR_INVALID_STATE
W (94507) rc_control: Ctrl send failed: ESP_ERR_INVALID_STATE
W (94527) rc_control: Ctrl send failed: ESP_ERR_INVALID_STATE
W (94547) rc_control: Ctrl send failed: ESP_ERR_INVALID_STATE
W (94567) rc_control: Ctrl send failed: ESP_ERR_INVALID_STATE
W (94587) rc_control: Ctrl send failed: ESP_ERR_INVALID_STATE
W (94607) rc_control: Ctrl send failed: ESP_ERR_INVALID_STATE
W (94627) rc_control: Ctrl send failed: ESP_ERR_INVALID_STATE
W (94647) rc_control: Ctrl send failed: ESP_ERR_INVALID_STATE
W (94667) rc_control: Ctrl send failed: ESP_ERR_INVALID_STATE
W (94687) rc_control: Ctrl send failed: ESP_ERR_INVALID_STATE
W (94707) rc_control: Ctrl send failed: ESP_ERR_INVALID_STATE
W (94727) rc_control: Ctrl send failed: ESP_ERR_INVALID_STATE
W (94747) rc_control: Ctrl send failed: ESP_ERR_INVALID_STATE
W (94767) rc_control: Ctrl send failed: ESP_ERR_INVALID_STATE
W (94787) rc_control: Ctrl send failed: ESP_ERR_INVALID_STATE
W (94807) rc_control: Ctrl send failed: ESP_ERR_INVALID_STATE
W (94827) rc_control: Ctrl send failed: ESP_ERR_INVALID_STATE
W (94847) rc_control: Ctrl send failed: ESP_ERR_INVALID_STATE
W (94867) rc_control: Ctrl send failed: ESP_ERR_INVALID_STATE
W (94887) rc_control: Ctrl send failed: ESP_ERR_INVALID_STATE
W (94907) rc_control: Ctrl send failed: ESP_ERR_INVALID_STATE
W (94927) rc_control: Ctrl send failed: ESP_ERR_INVALID_STATE
W (94947) rc_control: Ctrl send failed: ESP_ERR_INVALID_STATE
W (94967) rc_control: Ctrl send failed: ESP_ERR_INVALID_STATE
W (94987) rc_control: Ctrl send failed: ESP_ERR_INVALID_STATE
W (95007) rc_control: Ctrl send failed: ESP_ERR_INVALID_STATE
W (95027) rc_control: Ctrl send failed: ESP_ERR_INVALID_STATE
W (95047) rc_control: Ctrl send failed: ESP_ERR_INVALID_STATE
W (95067) rc_control: Ctrl send failed: ESP_ERR_INVALID_STATE
W (95087) rc_control: Ctrl send failed: ESP_ERR_INVALID_STATE
W (95107) rc_control: Ctrl send failed: ESP_ERR_INVALID_STATE
W (95127) rc_control: Ctrl send failed: ESP_ERR_INVALID_STATE
W (95147) rc_control: Ctrl send failed: ESP_ERR_INVALID_STATE
W (95167) rc_control: Ctrl send failed: ESP_ERR_INVALID_STATE
W (95187) rc_control: Ctrl send failed: ESP_ERR_INVALID_STATE
W (95207) rc_control: Ctrl send failed: ESP_ERR_INVALID_STATE
W (95227) rc_control: Ctrl send failed: ESP_ERR_INVALID_STATE
W (95247) rc_control: Ctrl send failed: ESP_ERR_INVALID_STATE
W (95267) rc_control: Ctrl send failed: ESP_ERR_INVALID_STATE
W (95287) rc_control: Ctrl send failed: ESP_ERR_INVALID_STATE
W (95307) rc_control: Ctrl send failed: ESP_ERR_INVALID_STATE
W (95327) rc_control: Ctrl send failed: ESP_ERR_INVALID_STATE
W (95347) rc_control: Ctrl send failed: ESP_ERR_INVALID_STATE
W (95367) rc_control: Ctrl send failed: ESP_ERR_INVALID_STATE
W (95387) rc_control: Ctrl send failed: ESP_ERR_INVALID_STATE
W (95407) rc_control: Ctrl send failed: ESP_ERR_INVALID_STATE
W (95427) rc_control: Ctrl send failed: ESP_ERR_INVALID_STATE
W (95447) rc_control: Ctrl send failed: ESP_ERR_INVALID_STATE
W (95467) rc_control: Ctrl send failed: ESP_ERR_INVALID_STATE
W (95487) rc_control: Ctrl send failed: ESP_ERR_INVALID_STATE
W (95507) rc_control: Ctrl send failed: ESP_ERR_INVALID_STATE
W (95527) rc_control: Ctrl send failed: ESP_ERR_INVALID_STATE
W (95547) rc_control: Ctrl send failed: ESP_ERR_INVALID_STATE
W (95567) rc_control: Ctrl send failed: ESP_ERR_INVALID_STATE
W (95587) rc_control: Ctrl send failed: ESP_ERR_INVALID_STATE
W (95607) rc_control: Ctrl send failed: ESP_ERR_INVALID_STATE
W (95627) rc_control: Ctrl send failed: ESP_ERR_INVALID_STATE
W (95647) rc_control: Ctrl send failed: ESP_ERR_INVALID_STATE
W (95667) rc_control: Ctrl send failed: ESP_ERR_INVALID_STATE
W (95687) rc_control: Ctrl send failed: ESP_ERR_INVALID_STATE
W (95707) rc_control: Ctrl send failed: ESP_ERR_INVALID_STATE
W (95727) rc_control: Ctrl send failed: ESP_ERR_INVALID_STATE
W (95747) rc_control: Ctrl send failed: ESP_ERR_INVALID_STATE
W (95767) rc_control: Ctrl send failed: ESP_ERR_INVALID_STATE
W (95787) rc_control: Ctrl send failed: ESP_ERR_INVALID_STATE
W (95807) rc_control: Ctrl send failed: ESP_ERR_INVALID_STATE
W (95827) rc_control: Ctrl send failed: ESP_ERR_INVALID_STATE
W (95847) rc_control: Ctrl send failed: ESP_ERR_INVALID_STATE
W (95867) rc_control: Ctrl send failed: ESP_ERR_INVALID_STATE
W (95887) rc_control: Ctrl send failed: ESP_ERR_INVALID_STATE
W (95907) rc_control: Ctrl send failed: ESP_ERR_INVALID_STATE
W (95927) rc_control: Ctrl send failed: ESP_ERR_INVALID_STATE
W (95947) rc_control: Ctrl send failed: ESP_ERR_INVALID_STATE
W (95967) rc_control: Ctrl send failed: ESP_ERR_INVALID_STATE
W (95987) rc_control: Ctrl send failed: ESP_ERR_INVALID_STATE
W (96007) rc_control: Ctrl send failed: ESP_ERR_INVALID_STATE
W (96027) rc_control: Ctrl send failed: ESP_ERR_INVALID_STATE
W (96047) rc_control: Ctrl send failed: ESP_ERR_INVALID_STATE
W (96067) rc_control: Ctrl send failed: ESP_ERR_INVALID_STATE
W (96087) rc_control: Ctrl send failed: ESP_ERR_INVALID_STATE
W (96107) rc_control: Ctrl send failed: ESP_ERR_INVALID_STATE
W (96127) rc_control: Ctrl send failed: ESP_ERR_INVALID_STATE
W (96147) rc_control: Ctrl send failed: ESP_ERR_INVALID_STATE
W (96167) rc_control: Ctrl send failed: ESP_ERR_INVALID_STATE
W (96187) rc_control: Ctrl send failed: ESP_ERR_INVALID_STATE
W (96207) rc_control: Ctrl send failed: ESP_ERR_INVALID_STATE
W (96227) rc_control: Ctrl send failed: ESP_ERR_INVALID_STATE
W (96247) rc_control: Ctrl send failed: ESP_ERR_INVALID_STATE
W (96267) rc_control: Ctrl send failed: ESP_ERR_INVALID_STATE
W (96287) rc_control: Ctrl send failed: ESP_ERR_INVALID_STATE
W (96307) rc_control: Ctrl send failed: ESP_ERR_INVALID_STATE
W (96327) rc_control: Ctrl send failed: ESP_ERR_INVALID_STATE
W (96347) rc_control: Ctrl send failed: ESP_ERR_INVALID_STATE
W (96367) rc_control: Ctrl send failed: ESP_ERR_INVALID_STATE
W (96387) rc_control: Ctrl send failed: ESP_ERR_INVALID_STATE
W (96407) rc_control: Ctrl send failed: ESP_ERR_INVALID_STATE
W (96427) rc_control: Ctrl send failed: ESP_ERR_INVALID_STATE
W (96447) rc_control: Ctrl send failed: ESP_ERR_INVALID_STATE
W (96467) rc_control: Ctrl send failed: ESP_ERR_INVALID_STATE
W (96487) rc_control: Ctrl send failed: ESP_ERR_INVALID_STATE
W (96507) rc_control: Ctrl send failed: ESP_ERR_INVALID_STATE
W (96527) rc_control: Ctrl send failed: ESP_ERR_INVALID_STATE
W (96547) rc_control: Ctrl send failed: ESP_ERR_INVALID_STATE
W (96567) rc_control: Ctrl send failed: ESP_ERR_INVALID_STATE
W (96587) rc_control: Ctrl send failed: ESP_ERR_INVALID_STATE
W (96607) rc_control: Ctrl send failed: ESP_ERR_INVALID_STATE
W (96627) rc_control: Ctrl send failed: ESP_ERR_INVALID_STATE
W (96647) rc_control: Ctrl send failed: ESP_ERR_INVALID_STATE
W (96667) rc_control: Ctrl send failed: ESP_ERR_INVALID_STATE
W (96687) rc_control: Ctrl send failed: ESP_ERR_INVALID_STATE
W (96707) rc_control: Ctrl send failed: ESP_ERR_INVALID_STATE
W (96727) rc_control: Ctrl send failed: ESP_ERR_INVALID_STATE
W (96747) rc_control: Ctrl send failed: ESP_ERR_INVALID_STATE
W (96767) rc_control: Ctrl send failed: ESP_ERR_INVALID_STATE
W (96787) rc_control: Ctrl send failed: ESP_ERR_INVALID_STATE
W (96807) rc_control: Ctrl send failed: ESP_ERR_INVALID_STATE
W (96827) rc_control: Ctrl send failed: ESP_ERR_INVALID_STATE
W (96847) rc_control: Ctrl send failed: ESP_ERR_INVALID_STATE
W (96867) rc_control: Ctrl send failed: ESP_ERR_INVALID_STATE
W (96887) rc_control: Ctrl send failed: ESP_ERR_INVALID_STATE
W (96907) rc_control: Ctrl send failed: ESP_ERR_INVALID_STATE
W (96927) rc_control: Ctrl send failed: ESP_ERR_INVALID_STATE
W (96947) rc_control: Ctrl send failed: ESP_ERR_INVALID_STATE
W (96967) rc_control: Ctrl send failed: ESP_ERR_INVALID_STATE
W (96987) rc_control: Ctrl send failed: ESP_ERR_INVALID_STATE
W (97007) rc_control: Ctrl send failed: ESP_ERR_INVALID_STATE
W (97027) rc_control: Ctrl send failed: ESP_ERR_INVALID_STATE
W (97047) rc_control: Ctrl send failed: ESP_ERR_INVALID_STATE
W (97067) rc_control: Ctrl send failed: ESP_ERR_INVALID_STATE
W (97087) rc_control: Ctrl send failed: ESP_ERR_INVALID_STATE
W (97107) rc_control: Ctrl send failed: ESP_ERR_INVALID_STATE
W (97127) rc_control: Ctrl send failed: ESP_ERR_INVALID_STATE
W (97147) rc_control: Ctrl send failed: ESP_ERR_INVALID_STATE
W (97167) rc_control: Ctrl send failed: ESP_ERR_INVALID_STATE
W (97187) rc_control: Ctrl send failed: ESP_ERR_INVALID_STATE
W (97207) rc_control: Ctrl send failed: ESP_ERR_INVALID_STATE
W (97227) rc_control: Ctrl send failed: ESP_ERR_INVALID_STATE
W (97247) rc_control: Ctrl send failed: ESP_ERR_INVALID_STATE
W (97267) rc_control: Ctrl send failed: ESP_ERR_INVALID_STATE
W (97287) rc_control: Ctrl send failed: ESP_ERR_INVALID_STATE
W (97307) rc_control: Ctrl send failed: ESP_ERR_INVALID_STATE
W (97327) rc_control: Ctrl send failed: ESP_ERR_INVALID_STATE
W (97347) rc_control: Ctrl send failed: ESP_ERR_INVALID_STATE
W (97367) rc_control: Ctrl send failed: ESP_ERR_INVALID_STATE
W (97387) rc_control: Ctrl send failed: ESP_ERR_INVALID_STATE
W (97407) rc_control: Ctrl send failed: ESP_ERR_INVALID_STATE
W (97427) rc_control: Ctrl send failed: ESP_ERR_INVALID_STATE
W (97447) rc_control: Ctrl send failed: ESP_ERR_INVALID_STATE
W (97467) rc_control: Ctrl send failed: ESP_ERR_INVALID_STATE
W (97487) rc_control: Ctrl send failed: ESP_ERR_INVALID_STATE
W (97507) rc_control: Ctrl send failed: ESP_ERR_INVALID_STATE
W (97527) rc_control: Ctrl send failed: ESP_ERR_INVALID_STATE
W (97547) rc_control: Ctrl send failed: ESP_ERR_INVALID_STATE
W (97567) rc_control: Ctrl send failed: ESP_ERR_INVALID_STATE
W (97587) rc_control: Ctrl send failed: ESP_ERR_INVALID_STATE
W (97607) rc_control: Ctrl send failed: ESP_ERR_INVALID_STATE
W (97627) rc_control: Ctrl send failed: ESP_ERR_INVALID_STATE
W (97647) rc_control: Ctrl send failed: ESP_ERR_INVALID_STATE
W (97667) rc_control: Ctrl send failed: ESP_ERR_INVALID_STATE
W (97687) rc_control: Ctrl send failed: ESP_ERR_INVALID_STATE
W (97707) rc_control: Ctrl send failed: ESP_ERR_INVALID_STATE
W (97727) rc_control: Ctrl send failed: ESP_ERR_INVALID_STATE
W (97747) rc_control: Ctrl send failed: ESP_ERR_INVALID_STATE
W (97767) rc_control: Ctrl send failed: ESP_ERR_INVALID_STATE
W (97787) rc_control: Ctrl send failed: ESP_ERR_INVALID_STATE
W (97807) rc_control: Ctrl send failed: ESP_ERR_INVALID_STATE
W (97827) rc_control: Ctrl send failed: ESP_ERR_INVALID_STATE
W (97847) rc_control: Ctrl send failed: ESP_ERR_INVALID_STATE
W (97867) rc_control: Ctrl send failed: ESP_ERR_INVALID_STATE
W (97887) rc_control: Ctrl send failed: ESP_ERR_INVALID_STATE
W (97907) rc_control: Ctrl send failed: ESP_ERR_INVALID_STATE
W (97927) rc_control: Ctrl send failed: ESP_ERR_INVALID_STATE
W (97947) rc_control: Ctrl send failed: ESP_ERR_INVALID_STATE
W (97967) rc_control: Ctrl send failed: ESP_ERR_INVALID_STATE
W (97987) rc_control: Ctrl send failed: ESP_ERR_INVALID_STATE
W (98007) rc_control: Ctrl send failed: ESP_ERR_INVALID_STATE
W (98027) rc_control: Ctrl send failed: ESP_ERR_INVALID_STATE
W (98047) rc_control: Ctrl send failed: ESP_ERR_INVALID_STATE
W (98067) rc_control: Ctrl send failed: ESP_ERR_INVALID_STATE
W (98087) rc_control: Ctrl send failed: ESP_ERR_INVALID_STATE
W (98107) rc_control: Ctrl send failed: ESP_ERR_INVALID_STATE
W (98127) rc_control: Ctrl send failed: ESP_ERR_INVALID_STATE
W (98147) rc_control: Ctrl send failed: ESP_ERR_INVALID_STATE
W (98167) rc_control: Ctrl send failed: ESP_ERR_INVALID_STATE
W (98187) rc_control: Ctrl send failed: ESP_ERR_INVALID_STATE
W (98207) rc_control: Ctrl send failed: ESP_ERR_INVALID_STATE
W (98227) rc_control: Ctrl send failed: ESP_ERR_INVALID_STATE
W (98247) rc_control: Ctrl send failed: ESP_ERR_INVALID_STATE
W (98267) rc_control: Ctrl send failed: ESP_ERR_INVALID_STATE
W (98287) rc_control: Ctrl send failed: ESP_ERR_INVALID_STATE
W (98307) rc_control: Ctrl send failed: ESP_ERR_INVALID_STATE
W (98327) rc_control: Ctrl send failed: ESP_ERR_INVALID_STATE
W (98347) rc_control: Ctrl send failed: ESP_ERR_INVALID_STATE
W (98367) rc_control: Ctrl send failed: ESP_ERR_INVALID_STATE
W (98387) rc_control: Ctrl send failed: ESP_ERR_INVALID_STATE
W (98407) rc_control: Ctrl send failed: ESP_ERR_INVALID_STATE
W (98427) rc_control: Ctrl send failed: ESP_ERR_INVALID_STATE
W (98447) rc_control: Ctrl send failed: ESP_ERR_INVALID_STATE
W (98467) rc_control: Ctrl send failed: ESP_ERR_INVALID_STATE
W (98487) rc_control: Ctrl send failed: ESP_ERR_INVALID_STATE
W (98507) rc_control: Ctrl send failed: ESP_ERR_INVALID_STATE
W (98527) rc_control: Ctrl send failed: ESP_ERR_INVALID_STATE
W (98547) rc_control: Ctrl send failed: ESP_ERR_INVALID_STATE
W (98567) rc_control: Ctrl send failed: ESP_ERR_INVALID_STATE
W (98587) rc_control: Ctrl send failed: ESP_ERR_INVALID_STATE
W (98607) rc_control: Ctrl send failed: ESP_ERR_INVALID_STATE
W (98627) rc_control: Ctrl send failed: ESP_ERR_INVALID_STATE
W (98647) rc_control: Ctrl send failed: ESP_ERR_INVALID_STATE
W (98667) rc_control: Ctrl send failed: ESP_ERR_INVALID_STATE
W (98687) rc_control: Ctrl send failed: ESP_ERR_INVALID_STATE
W (98707) rc_control: Ctrl send failed: ESP_ERR_INVALID_STATE
W (98727) rc_control: Ctrl send failed: ESP_ERR_INVALID_STATE
W (98747) rc_control: Ctrl send failed: ESP_ERR_INVALID_STATE
W (98767) rc_control: Ctrl send failed: ESP_ERR_INVALID_STATE
W (98787) rc_control: Ctrl send failed: ESP_ERR_INVALID_STATE
W (98807) rc_control: Ctrl send failed: ESP_ERR_INVALID_STATE
W (98827) rc_control: Ctrl send failed: ESP_ERR_INVALID_STATE
W (98847) rc_control: Ctrl send failed: ESP_ERR_INVALID_STATE
W (98867) rc_control: Ctrl send failed: ESP_ERR_INVALID_STATE
W (98887) rc_control: Ctrl send failed: ESP_ERR_INVALID_STATE
W (98907) rc_control: Ctrl send failed: ESP_ERR_INVALID_STATE
W (98927) rc_control: Ctrl send failed: ESP_ERR_INVALID_STATE
W (98947) rc_control: Ctrl send failed: ESP_ERR_INVALID_STATE
W (98967) rc_control: Ctrl send failed: ESP_ERR_INVALID_STATE
W (98987) rc_control: Ctrl send failed: ESP_ERR_INVALID_STATE
W (99007) rc_control: Ctrl send failed: ESP_ERR_INVALID_STATE
W (99027) rc_control: Ctrl send failed: ESP_ERR_INVALID_STATE
W (99047) rc_control: Ctrl send failed: ESP_ERR_INVALID_STATE
W (99067) rc_control: Ctrl send failed: ESP_ERR_INVALID_STATE
W (99087) rc_control: Ctrl send failed: ESP_ERR_INVALID_STATE
W (99107) rc_control: Ctrl send failed: ESP_ERR_INVALID_STATE
W (99127) rc_control: Ctrl send failed: ESP_ERR_INVALID_STATE
W (99147) rc_control: Ctrl send failed: ESP_ERR_INVALID_STATE
W (99167) rc_control: Ctrl send failed: ESP_ERR_INVALID_STATE
W (99187) rc_control: Ctrl send failed: ESP_ERR_INVALID_STATE
W (99207) rc_control: Ctrl send failed: ESP_ERR_INVALID_STATE
W (99227) rc_control: Ctrl send failed: ESP_ERR_INVALID_STATE
W (99247) rc_control: Ctrl send failed: ESP_ERR_INVALID_STATE
W (99267) rc_control: Ctrl send failed: ESP_ERR_INVALID_STATE
W (99287) rc_control: Ctrl send failed: ESP_ERR_INVALID_STATE
W (99307) rc_control: Ctrl send failed: ESP_ERR_INVALID_STATE
W (99327) rc_control: Ctrl send failed: ESP_ERR_INVALID_STATE
W (99347) rc_control: Ctrl send failed: ESP_ERR_INVALID_STATE
W (99367) rc_control: Ctrl send failed: ESP_ERR_INVALID_STATE
W (99387) rc_control: Ctrl send failed: ESP_ERR_INVALID_STATE
W (99407) rc_control: Ctrl send failed: ESP_ERR_INVALID_STATE
W (99427) rc_control: Ctrl send failed: ESP_ERR_INVALID_STATE
W (99447) rc_control: Ctrl send failed: ESP_ERR_INVALID_STATE
W (99467) rc_control: Ctrl send failed: ESP_ERR_INVALID_STATE
W (99487) rc_control: Ctrl send failed: ESP_ERR_INVALID_STATE
W (99507) rc_control: Ctrl send failed: ESP_ERR_INVALID_STATE
W (99527) rc_control: Ctrl send failed: ESP_ERR_INVALID_STATE
W (99547) rc_control: Ctrl send failed: ESP_ERR_INVALID_STATE
W (99567) rc_control: Ctrl send failed: ESP_ERR_INVALID_STATE
W (99587) rc_control: Ctrl send failed: ESP_ERR_INVALID_STATE
W (99607) rc_control: Ctrl send failed: ESP_ERR_INVALID_STATE
W (99627) rc_control: Ctrl send failed: ESP_ERR_INVALID_STATE
W (99647) rc_control: Ctrl send failed: ESP_ERR_INVALID_STATE
W (99667) rc_control: Ctrl send failed: ESP_ERR_INVALID_STATE
W (99687) rc_control: Ctrl send failed: ESP_ERR_INVALID_STATE
W (99707) rc_control: Ctrl send failed: ESP_ERR_INVALID_STATE
W (99727) rc_control: Ctrl send failed: ESP_ERR_INVALID_STATE
W (99747) rc_control: Ctrl send failed: ESP_ERR_INVALID_STATE
W (99767) rc_control: Ctrl send failed: ESP_ERR_INVALID_STATE
W (99787) rc_control: Ctrl send failed: ESP_ERR_INVALID_STATE
W (99807) rc_control: Ctrl send failed: ESP_ERR_INVALID_STATE
W (99827) rc_control: Ctrl send failed: ESP_ERR_INVALID_STATE
W (99847) rc_control: Ctrl send failed: ESP_ERR_INVALID_STATE
W (99867) rc_control: Ctrl send failed: ESP_ERR_INVALID_STATE
W (99887) rc_control: Ctrl send failed: ESP_ERR_INVALID_STATE
W (99907) rc_control: Ctrl send failed: ESP_ERR_INVALID_STATE
W (99927) rc_control: Ctrl send failed: ESP_ERR_INVALID_STATE
W (99947) rc_control: Ctrl send failed: ESP_ERR_INVALID_STATE
W (99967) rc_control: Ctrl send failed: ESP_ERR_INVALID_STATE
W (99987) rc_control: Ctrl send failed: ESP_ERR_INVALID_STATE
W (100007) rc_control: Ctrl send failed: ESP_ERR_INVALID_STATE
W (100027) rc_control: Ctrl send failed: ESP_ERR_INVALID_STATE
W (100047) rc_control: Ctrl send failed: ESP_ERR_INVALID_STATE
W (100067) rc_control: Ctrl send failed: ESP_ERR_INVALID_STATE
W (100087) rc_control: Ctrl send failed: ESP_ERR_INVALID_STATE
W (100107) rc_control: Ctrl send failed: ESP_ERR_INVALID_STATE
W (100127) rc_control: Ctrl send failed: ESP_ERR_INVALID_STATE
W (100147) rc_control: Ctrl send failed: ESP_ERR_INVALID_STATE
W (100167) rc_control: Ctrl send failed: ESP_ERR_INVALID_STATE
W (100187) rc_control: Ctrl send failed: ESP_ERR_INVALID_STATE
W (100207) rc_control: Ctrl send failed: ESP_ERR_INVALID_STATE
W (100227) rc_control: Ctrl send failed: ESP_ERR_INVALID_STATE
W (100247) rc_control: Ctrl send failed: ESP_ERR_INVALID_STATE
W (100267) rc_control: Ctrl send failed: ESP_ERR_INVALID_STATE
W (100287) rc_control: Ctrl send failed: ESP_ERR_INVALID_STATE
W (100307) rc_control: Ctrl send failed: ESP_ERR_INVALID_STATE
W (100327) rc_control: Ctrl send failed: ESP_ERR_INVALID_STATE
W (100347) rc_control: Ctrl send failed: ESP_ERR_INVALID_STATE
W (100367) rc_control: Ctrl send failed: ESP_ERR_INVALID_STATE
W (100387) rc_control: Ctrl send failed: ESP_ERR_INVALID_STATE
W (100407) rc_control: Ctrl send failed: ESP_ERR_INVALID_STATE
W (100427) rc_control: Ctrl send failed: ESP_ERR_INVALID_STATE
W (100447) rc_control: Ctrl send failed: ESP_ERR_INVALID_STATE
W (100467) rc_control: Ctrl send failed: ESP_ERR_INVALID_STATE
W (100487) rc_control: Ctrl send failed: ESP_ERR_INVALID_STATE
W (100507) rc_control: Ctrl send failed: ESP_ERR_INVALID_STATE
W (100527) rc_control: Ctrl send failed: ESP_ERR_INVALID_STATE
W (100547) rc_control: Ctrl send failed: ESP_ERR_INVALID_STATE
W (100567) rc_control: Ctrl send failed: ESP_ERR_INVALID_STATE
W (100587) rc_control: Ctrl send failed: ESP_ERR_INVALID_STATE
W (100607) rc_control: Ctrl send failed: ESP_ERR_INVALID_STATE
W (100627) rc_control: Ctrl send failed: ESP_ERR_INVALID_STATE
W (100647) rc_control: Ctrl send failed: ESP_ERR_INVALID_STATE
W (100667) rc_control: Ctrl send failed: ESP_ERR_INVALID_STATE
W (100687) rc_control: Ctrl send failed: ESP_ERR_INVALID_STATE
W (100707) rc_control: Ctrl send failed: ESP_ERR_INVALID_STATE
W (100727) rc_control: Ctrl send failed: ESP_ERR_INVALID_STATE
W (100747) rc_control: Ctrl send failed: ESP_ERR_INVALID_STATE
W (100767) rc_control: Ctrl send failed: ESP_ERR_INVALID_STATE
W (100787) rc_control: Ctrl send failed: ESP_ERR_INVALID_STATE
W (100807) rc_control: Ctrl send failed: ESP_ERR_INVALID_STATE
W (100827) rc_control: Ctrl send failed: ESP_ERR_INVALID_STATE
W (100847) rc_control: Ctrl send failed: ESP_ERR_INVALID_STATE
W (100867) rc_control: Ctrl send failed: ESP_ERR_INVALID_STATE
W (100887) rc_control: Ctrl send failed: ESP_ERR_INVALID_STATE
W (100907) rc_control: Ctrl send failed: ESP_ERR_INVALID_STATE
W (100927) rc_control: Ctrl send failed: ESP_ERR_INVALID_STATE
W (100947) rc_control: Ctrl send failed: ESP_ERR_INVALID_STATE
W (100967) rc_control: Ctrl send failed: ESP_ERR_INVALID_STATE
W (100987) rc_control: Ctrl send failed: ESP_ERR_INVALID_STATE
W (101007) rc_control: Ctrl send failed: ESP_ERR_INVALID_STATE
W (101027) rc_control: Ctrl send failed: ESP_ERR_INVALID_STATE
W (101047) rc_control: Ctrl send failed: ESP_ERR_INVALID_STATE
W (101067) rc_control: Ctrl send failed: ESP_ERR_INVALID_STATE
W (101087) rc_control: Ctrl send failed: ESP_ERR_INVALID_STATE
W (101107) rc_control: Ctrl send failed: ESP_ERR_INVALID_STATE
W (101127) rc_control: Ctrl send failed: ESP_ERR_INVALID_STATE
W (101147) rc_control: Ctrl send failed: ESP_ERR_INVALID_STATE
W (101167) rc_control: Ctrl send failed: ESP_ERR_INVALID_STATE
W (101187) rc_control: Ctrl send failed: ESP_ERR_INVALID_STATE
W (101207) rc_control: Ctrl send failed: ESP_ERR_INVALID_STATE
W (101227) rc_control: Ctrl send failed: ESP_ERR_INVALID_STATE
W (101247) rc_control: Ctrl send failed: ESP_ERR_INVALID_STATE
W (101267) rc_control: Ctrl send failed: ESP_ERR_INVALID_STATE
W (101287) rc_control: Ctrl send failed: ESP_ERR_INVALID_STATE
W (101307) rc_control: Ctrl send failed: ESP_ERR_INVALID_STATE
W (101327) rc_control: Ctrl send failed: ESP_ERR_INVALID_STATE
W (101347) rc_control: Ctrl send failed: ESP_ERR_INVALID_STATE
W (101367) rc_control: Ctrl send failed: ESP_ERR_INVALID_STATE
W (101387) rc_control: Ctrl send failed: ESP_ERR_INVALID_STATE
W (101407) rc_control: Ctrl send failed: ESP_ERR_INVALID_STATE
W (101427) rc_control: Ctrl send failed: ESP_ERR_INVALID_STATE
W (101447) rc_control: Ctrl send failed: ESP_ERR_INVALID_STATE
W (101467) rc_control: Ctrl send failed: ESP_ERR_INVALID_STATE
W (101487) rc_control: Ctrl send failed: ESP_ERR_INVALID_STATE
W (101507) rc_control: Ctrl send failed: ESP_ERR_INVALID_STATE
W (101527) rc_control: Ctrl send failed: ESP_ERR_INVALID_STATE
W (101547) rc_control: Ctrl send failed: ESP_ERR_INVALID_STATE
W (101567) rc_control: Ctrl send failed: ESP_ERR_INVALID_STATE
W (101587) rc_control: Ctrl send failed: ESP_ERR_INVALID_STATE
W (101607) rc_control: Ctrl send failed: ESP_ERR_INVALID_STATE
W (101627) rc_control: Ctrl send failed: ESP_ERR_INVALID_STATE
W (101647) rc_control: Ctrl send failed: ESP_ERR_INVALID_STATE
W (101667) rc_control: Ctrl send failed: ESP_ERR_INVALID_STATE
W (101687) rc_control: Ctrl send failed: ESP_ERR_INVALID_STATE
W (101707) rc_control: Ctrl send failed: ESP_ERR_INVALID_STATE
W (101727) rc_control: Ctrl send failed: ESP_ERR_INVALID_STATE
W (101747) rc_control: Ctrl send failed: ESP_ERR_INVALID_STATE
W (101767) rc_control: Ctrl send failed: ESP_ERR_INVALID_STATE
W (101787) rc_control: Ctrl send failed: ESP_ERR_INVALID_STATE
W (101807) rc_control: Ctrl send failed: ESP_ERR_INVALID_STATE
W (101827) rc_control: Ctrl send failed: ESP_ERR_INVALID_STATE
W (101847) rc_control: Ctrl send failed: ESP_ERR_INVALID_STATE
W (101867) rc_control: Ctrl send failed: ESP_ERR_INVALID_STATE
W (101887) rc_control: Ctrl send failed: ESP_ERR_INVALID_STATE
W (101907) rc_control: Ctrl send failed: ESP_ERR_INVALID_STATE
W (101927) rc_control: Ctrl send failed: ESP_ERR_INVALID_STATE
W (101947) rc_control: Ctrl send failed: ESP_ERR_INVALID_STATE
W (101967) rc_control: Ctrl send failed: ESP_ERR_INVALID_STATE
W (101987) rc_control: Ctrl send failed: ESP_ERR_INVALID_STATE
W (102007) rc_control: Ctrl send failed: ESP_ERR_INVALID_STATE
W (102027) rc_control: Ctrl send failed: ESP_ERR_INVALID_STATE
W (102047) rc_control: Ctrl send failed: ESP_ERR_INVALID_STATE
W (102067) rc_control: Ctrl send failed: ESP_ERR_INVALID_STATE
W (102087) rc_control: Ctrl send failed: ESP_ERR_INVALID_STATE
W (102107) rc_control: Ctrl send failed: ESP_ERR_INVALID_STATE
W (102127) rc_control: Ctrl send failed: ESP_ERR_INVALID_STATE
W (102147) rc_control: Ctrl send failed: ESP_ERR_INVALID_STATE
W (102167) rc_control: Ctrl send failed: ESP_ERR_INVALID_STATE
W (102187) rc_control: Ctrl send failed: ESP_ERR_INVALID_STATE
W (102207) rc_control: Ctrl send failed: ESP_ERR_INVALID_STATE
W (102227) rc_control: Ctrl send failed: ESP_ERR_INVALID_STATE
W (102247) rc_control: Ctrl send failed: ESP_ERR_INVALID_STATE
W (102267) rc_control: Ctrl send failed: ESP_ERR_INVALID_STATE
W (102287) rc_control: Ctrl send failed: ESP_ERR_INVALID_STATE
W (102307) rc_control: Ctrl send failed: ESP_ERR_INVALID_STATE
W (102327) rc_control: Ctrl send failed: ESP_ERR_INVALID_STATE
W (102347) rc_control: Ctrl send failed: ESP_ERR_INVALID_STATE
W (102367) rc_control: Ctrl send failed: ESP_ERR_INVALID_STATE
W (102387) rc_control: Ctrl send failed: ESP_ERR_INVALID_STATE
W (102407) rc_control: Ctrl send failed: ESP_ERR_INVALID_STATE
W (102427) rc_control: Ctrl send failed: ESP_ERR_INVALID_STATE
W (102447) rc_control: Ctrl send failed: ESP_ERR_INVALID_STATE
W (102467) rc_control: Ctrl send failed: ESP_ERR_INVALID_STATE
W (102487) rc_control: Ctrl send failed: ESP_ERR_INVALID_STATE
W (102507) rc_control: Ctrl send failed: ESP_ERR_INVALID_STATE
W (102527) rc_control: Ctrl send failed: ESP_ERR_INVALID_STATE
W (102547) rc_control: Ctrl send failed: ESP_ERR_INVALID_STATE
W (102567) rc_control: Ctrl send failed: ESP_ERR_INVALID_STATE
W (102587) rc_control: Ctrl send failed: ESP_ERR_INVALID_STATE
W (102607) rc_control: Ctrl send failed: ESP_ERR_INVALID_STATE
W (102627) rc_control: Ctrl send failed: ESP_ERR_INVALID_STATE
W (102647) rc_control: Ctrl send failed: ESP_ERR_INVALID_STATE
W (102667) rc_control: Ctrl send failed: ESP_ERR_INVALID_STATE
W (102687) rc_control: Ctrl send failed: ESP_ERR_INVALID_STATE
W (102707) rc_control: Ctrl send failed: ESP_ERR_INVALID_STATE
W (102727) rc_control: Ctrl send failed: ESP_ERR_INVALID_STATE
W (102747) rc_control: Ctrl send failed: ESP_ERR_INVALID_STATE
W (102767) rc_control: Ctrl send failed: ESP_ERR_INVALID_STATE
W (102787) rc_control: Ctrl send failed: ESP_ERR_INVALID_STATE
W (102807) rc_control: Ctrl send failed: ESP_ERR_INVALID_STATE
W (102827) rc_control: Ctrl send failed: ESP_ERR_INVALID_STATE
W (102847) rc_control: Ctrl send failed: ESP_ERR_INVALID_STATE
W (102867) rc_control: Ctrl send failed: ESP_ERR_INVALID_STATE
W (102887) rc_control: Ctrl send failed: ESP_ERR_INVALID_STATE
W (102907) rc_control: Ctrl send failed: ESP_ERR_INVALID_STATE
W (102927) rc_control: Ctrl send failed: ESP_ERR_INVALID_STATE
W (102947) rc_control: Ctrl send failed: ESP_ERR_INVALID_STATE
W (102967) rc_control: Ctrl send failed: ESP_ERR_INVALID_STATE
W (102987) rc_control: Ctrl send failed: ESP_ERR_INVALID_STATE
W (103007) rc_control: Ctrl send failed: ESP_ERR_INVALID_STATE
W (103027) rc_control: Ctrl send failed: ESP_ERR_INVALID_STATE
W (103047) rc_control: Ctrl send failed: ESP_ERR_INVALID_STATE
W (103067) rc_control: Ctrl send failed: ESP_ERR_INVALID_STATE
W (103087) rc_control: Ctrl send failed: ESP_ERR_INVALID_STATE
W (103107) rc_control: Ctrl send failed: ESP_ERR_INVALID_STATE
W (103127) rc_control: Ctrl send failed: ESP_ERR_INVALID_STATE
W (103147) rc_control: Ctrl send failed: ESP_ERR_INVALID_STATE
W (103167) rc_control: Ctrl send failed: ESP_ERR_INVALID_STATE
W (103187) rc_control: Ctrl send failed: ESP_ERR_INVALID_STATE
W (103207) rc_control: Ctrl send failed: ESP_ERR_INVALID_STATE
W (103227) rc_control: Ctrl send failed: ESP_ERR_INVALID_STATE
W (103247) rc_control: Ctrl send failed: ESP_ERR_INVALID_STATE
W (103267) rc_control: Ctrl send failed: ESP_ERR_INVALID_STATE
W (103287) rc_control: Ctrl send failed: ESP_ERR_INVALID_STATE
W (103307) rc_control: Ctrl send failed: ESP_ERR_INVALID_STATE
W (103327) rc_control: Ctrl send failed: ESP_ERR_INVALID_STATE
W (103347) rc_control: Ctrl send failed: ESP_ERR_INVALID_STATE
W (103367) rc_control: Ctrl send failed: ESP_ERR_INVALID_STATE
W (103387) rc_control: Ctrl send failed: ESP_ERR_INVALID_STATE
W (103407) rc_control: Ctrl send failed: ESP_ERR_INVALID_STATE
W (103427) rc_control: Ctrl send failed: ESP_ERR_INVALID_STATE
W (103447) rc_control: Ctrl send failed: ESP_ERR_INVALID_STATE
W (103467) rc_control: Ctrl send failed: ESP_ERR_INVALID_STATE
W (103487) rc_control: Ctrl send failed: ESP_ERR_INVALID_STATE
W (103507) rc_control: Ctrl send failed: ESP_ERR_INVALID_STATE
W (103527) rc_control: Ctrl send failed: ESP_ERR_INVALID_STATE
W (103547) rc_control: Ctrl send failed: ESP_ERR_INVALID_STATE
W (103567) rc_con