Building RC Tank Demo - TANK Role
Setting target to esp32s3...
Adding "set-target"'s dependency "fullclean" to list of commands with default set of options.
Executing action: fullclean
Build directory 'C:\Users\15301\AppData\Local\Temp\laiwfs300_build\rc_tank_demo\build' not found. Nothing to clean.
Executing action: set-target
Set Target to: esp32s3, new sdkconfig will be created.
Running cmake in directory C:\Users\15301\AppData\Local\Temp\laiwfs300_build\rc_tank_demo\build
Executing "cmake -G Ninja -DPYTHON_DEPS_CHECKED=1 -DPYTHON=D:\Espressif\python_env\idf5.5_py3.11_env\Scripts\python.exe -DESP_PLATFORM=1 -DIDF_TARGET=esp32s3 -DCCACHE_ENABLE=0 C:\Users\15301\AppData\Local\Temp\laiwfs300_build\rc_tank_demo"...
-- Found Git: C:/Program Files/Git/cmd/git.exe (found version "2.52.0.windows.1")
-- Minimal build - OFF
-- The C compiler identification is GNU 14.2.0
-- The CXX compiler identification is GNU 14.2.0
-- The ASM compiler identification is GNU
-- Found assembler: D:/Espressif/tools/xtensa-esp-elf/esp-14.2.0_20260121/xtensa-esp-elf/bin/xtensa-esp32s3-elf-gcc.exe
-- Detecting C compiler ABI info
-- Detecting C compiler ABI info - done
-- Check for working C compiler: D:/Espressif/tools/xtensa-esp-elf/esp-14.2.0_20260121/xtensa-esp-elf/bin/xtensa-esp32s3-elf-gcc.exe - skipped
-- Detecting C compile features
-- Detecting C compile features - done
-- Detecting CXX compiler ABI info
-- Detecting CXX compiler ABI info - done
-- Check for working CXX compiler: D:/Espressif/tools/xtensa-esp-elf/esp-14.2.0_20260121/xtensa-esp-elf/bin/xtensa-esp32s3-elf-g++.exe - skipped
-- Detecting CXX compile features
-- Detecting CXX compile features - done
-- git rev-parse returned 'fatal: not a git repository (or any of the parent directories): .git'
-- Could not use 'git describe' to determine PROJECT_VER.
-- Building ESP-IDF components for target esp32s3
NOTICE: Dependencies lock doesn't exist, solving dependencies.

NOTICE: Skipping optional dependency: espressif/usb

......................................NOTICE: Updating lock file at C:\Users\15301\AppData\Local\Temp\laiwfs300_build\rc_tank_demo\dependencies.lock

NOTICE: Processing 17 dependencies:

NOTICE: [1/17] espressif/cmake_utilities (1.1.1)

NOTICE: [2/17] espressif/dl_fft (0.6.0)

NOTICE: [3/17] espressif/esp-dsp (1.7.0)

NOTICE: [4/17] espressif/esp-sr (2.3.1)

NOTICE: [5/17] espressif/esp_audio_codec (2.4.1)

NOTICE: [6/17] espressif/esp_audio_effects (1.2.1)

NOTICE: [7/17] espressif/esp_audio_simple_player (0.9.6~1)

NOTICE: [8/17] espressif/esp_codec_dev (1.5.11)

NOTICE: [9/17] espressif/esp_new_jpeg (0.6.1)

NOTICE: [10/17] espressif/esp_websocket_client (1.2.3)

NOTICE: [11/17] espressif/gmf_audio (0.8.1)

NOTICE: [12/17] espressif/gmf_core (0.8.4)

NOTICE: [13/17] espressif/gmf_io (0.8.1)

NOTICE: [14/17] espressif/iot_eth (1.1.0)

NOTICE: [15/17] espressif/iot_usbh_cdc (3.1.0)

NOTICE: [16/17] espressif/iot_usbh_ecm (0.4.0)

NOTICE: [17/17] idf (5.5.4)

-- ESP-TEE is currently supported only on the esp32c6;esp32h2;esp32c5 SoCs
NOTICE: Skipping optional dependency: espressif/usb

-- Project sdkconfig file C:/Users/15301/AppData/Local/Temp/laiwfs300_build/rc_tank_demo/sdkconfig
C:/Users/15301/AppData/Local/Temp/laiwfs300_build/rc_tank_demo/managed_components/espressif__esp_codec_dev/Kconfig:4: warning: ESP_IDF_VERSION has 'option env="ESP_IDF_VERSION"', but the environment variable ESP_IDF_VERSION is not set

Loading defaults file C:/Users/15301/AppData/Local/Temp/laiwfs300_build/rc_tank_demo/sdkconfig.defaults...

C:/Users/15301/AppData/Local/Temp/laiwfs300_build/rc_tank_demo/sdkconfig.defaults:15 CONFIG_SPIRAM_ALLOW_STACK_EXTERNAL_MEMORY was replaced with CONFIG_FREERTOS_TASK_CREATE_ALLOW_EXT_MEM 

Loading defaults file C:/Users/15301/AppData/Local/Temp/laiwfs300_build/rc_tank_demo/sdkconfig.defaults.tank...

-- Compiler supported targets: xtensa-esp-elf
-- Detecting C compiler ABI info
-- Detecting C compiler ABI info - done
-- Detecting CXX compiler ABI info
-- Detecting CXX compiler ABI info - done
-- Detecting C compiler ABI info
-- Detecting C compiler ABI info - done
-- Detecting CXX compiler ABI info
-- Detecting CXX compiler ABI info - done
-- Found Python3: D:/Espressif/python_env/idf5.5_py3.11_env/Scripts/python.exe (found version "3.11.2") found components: Interpreter
-- Performing Test CMAKE_HAVE_LIBC_PTHREAD
-- Performing Test CMAKE_HAVE_LIBC_PTHREAD - Success
-- Found Threads: TRUE
-- Performing Test C_COMPILER_SUPPORTS_WFORMAT_SIGNEDNESS
-- Performing Test C_COMPILER_SUPPORTS_WFORMAT_SIGNEDNESS - Success
-- USING O3
-- App "rc_tank_demo" version: 1
-- Adding linker script C:/Users/15301/AppData/Local/Temp/laiwfs300_build/rc_tank_demo/build/esp-idf/esp_system/ld/memory.ld
-- Adding linker script C:/Users/15301/AppData/Local/Temp/laiwfs300_build/rc_tank_demo/build/esp-idf/esp_system/ld/sections.ld.in
-- Adding linker script D:/Espressif/frameworks/esp-idf-v5.5.4/components/esp_rom/esp32s3/ld/esp32s3.rom.ld
-- Adding linker script D:/Espressif/frameworks/esp-idf-v5.5.4/components/esp_rom/esp32s3/ld/esp32s3.rom.api.ld
-- Adding linker script D:/Espressif/frameworks/esp-idf-v5.5.4/components/esp_rom/esp32s3/ld/esp32s3.rom.bt_funcs.ld
-- Adding linker script D:/Espressif/frameworks/esp-idf-v5.5.4/components/esp_rom/esp32s3/ld/esp32s3.rom.libgcc.ld
-- Adding linker script D:/Espressif/frameworks/esp-idf-v5.5.4/components/esp_rom/esp32s3/ld/esp32s3.rom.wdt.ld
-- Adding linker script D:/Espressif/frameworks/esp-idf-v5.5.4/components/esp_rom/esp32s3/ld/esp32s3.rom.version.ld
-- Adding linker script D:/Espressif/frameworks/esp-idf-v5.5.4/components/esp_rom/esp32s3/ld/esp32s3.rom.ble_master.ld
-- Adding linker script D:/Espressif/frameworks/esp-idf-v5.5.4/components/esp_rom/esp32s3/ld/esp32s3.rom.ble_50.ld
-- Adding linker script D:/Espressif/frameworks/esp-idf-v5.5.4/components/esp_rom/esp32s3/ld/esp32s3.rom.ble_smp.ld
-- Adding linker script D:/Espressif/frameworks/esp-idf-v5.5.4/components/esp_rom/esp32s3/ld/esp32s3.rom.ble_dtm.ld
-- Adding linker script D:/Espressif/frameworks/esp-idf-v5.5.4/components/esp_rom/esp32s3/ld/esp32s3.rom.ble_test.ld
-- Adding linker script D:/Espressif/frameworks/esp-idf-v5.5.4/components/esp_rom/esp32s3/ld/esp32s3.rom.ble_scan.ld
-- Adding linker script D:/Espressif/frameworks/esp-idf-v5.5.4/components/esp_rom/esp32s3/ld/esp32s3.rom.libc.ld
-- Adding linker script D:/Espressif/frameworks/esp-idf-v5.5.4/components/esp_rom/esp32s3/ld/esp32s3.rom.newlib.ld
-- Adding linker script D:/Espressif/frameworks/esp-idf-v5.5.4/components/soc/esp32s3/ld/esp32s3.peripherals.ld
-- IOT_ETH: 1.1.0
-- IOT_USBH_CDC: 3.1.0
-- IOT_USBH_ECM: 0.4.0
-- The esp_codec_dev is installed
-- Components: aip8563_rtc app_trace app_update audio_hal audio_processor bmi260_imu board_adc board_power bootloader bootloader_support bringup_test bt bus_i2c bus_spi camera_hal capability_registry cmock console cxx display_hal driver efuse es7210_adc es8311_codec esp-tls esp_adc esp_app_format esp_bootloader_format esp_coex esp_common esp_driver_ana_cmpr esp_driver_bitscrambler esp_driver_cam esp_driver_dac esp_driver_gpio esp_driver_gptimer esp_driver_i2c esp_driver_i2s esp_driver_isp esp_driver_jpeg esp_driver_ledc esp_driver_mcpwm esp_driver_parlio esp_driver_pcnt esp_driver_ppa esp_driver_rmt esp_driver_sdio esp_driver_sdm esp_driver_sdmmc esp_driver_sdspi esp_driver_spi esp_driver_touch_sens esp_driver_tsens esp_driver_twai esp_driver_uart esp_driver_usb_serial_jtag esp_eth esp_event esp_gdbstub esp_hal_ieee802154 esp_hid esp_http_client esp_http_server esp_https_ota esp_https_server esp_hw_support esp_lcd esp_local_ctrl esp_mm esp_netif esp_netif_stack esp_partition esp_phy esp_pm esp_psram esp_ringbuf esp_rom esp_security esp_system esp_timer esp_vfs_console esp_wifi espcoredump espressif__cmake_utilities espressif__dl_fft espressif__esp-dsp espressif__esp-sr espressif__esp_audio_codec espressif__esp_audio_effects espressif__esp_audio_simple_player espressif__esp_codec_dev espressif__esp_new_jpeg espressif__esp_websocket_client espressif__gmf_audio espressif__gmf_core espressif__gmf_io espressif__iot_eth espressif__iot_usbh_cdc espressif__iot_usbh_ecm esptool_py fatfs freertos hal heap http_parser idf_test ieee802154 io_expander json laiwfs300 log lte_hal lwip main mbedtls module_detect mqtt net_mgmt network_manager newlib nvs_flash nvs_sec_provider openthread partition_table perfmon protobuf-c protocomm pt2466_motor pthread robot_motion rt sdmmc soc spi_flash spiffs storage_hal tcp_transport touch_element touch_hal ulp unity usb vfs wear_levelling wifi_provisioning wpa_supplicant xiaozhi_agent xiaozhi_audio xtensa
-- Component paths: C:/Users/15301/AppData/Local/Temp/laiwfs300_build/rc_tank_demo/components/aip8563_rtc D:/Espressif/frameworks/esp-idf-v5.5.4/components/app_trace D:/Espressif/frameworks/esp-idf-v5.5.4/components/app_update C:/Users/15301/AppData/Local/Temp/laiwfs300_build/rc_tank_demo/components/audio_hal C:/Users/15301/AppData/Local/Temp/laiwfs300_build/rc_tank_demo/components/audio_processor C:/Users/15301/AppData/Local/Temp/laiwfs300_build/rc_tank_demo/components/bmi260_imu C:/Users/15301/AppData/Local/Temp/laiwfs300_build/rc_tank_demo/components/board_adc C:/Users/15301/AppData/Local/Temp/laiwfs300_build/rc_tank_demo/components/board_power D:/Espressif/frameworks/esp-idf-v5.5.4/components/bootloader D:/Espressif/frameworks/esp-idf-v5.5.4/components/bootloader_support C:/Users/15301/AppData/Local/Temp/laiwfs300_build/rc_tank_demo/components/bringup_test D:/Espressif/frameworks/esp-idf-v5.5.4/components/bt C:/Users/15301/AppData/Local/Temp/laiwfs300_build/rc_tank_demo/components/bus_i2c C:/Users/15301/AppData/Local/Temp/laiwfs300_build/rc_tank_demo/components/bus_spi C:/Users/15301/AppData/Local/Temp/laiwfs300_build/rc_tank_demo/components/camera_hal C:/Users/15301/AppData/Local/Temp/laiwfs300_build/rc_tank_demo/components/capability_registry D:/Espressif/frameworks/esp-idf-v5.5.4/components/cmock D:/Espressif/frameworks/esp-idf-v5.5.4/components/console D:/Espressif/frameworks/esp-idf-v5.5.4/components/cxx C:/Users/15301/AppData/Local/Temp/laiwfs300_build/rc_tank_demo/components/display_hal D:/Espressif/frameworks/esp-idf-v5.5.4/components/driver D:/Espressif/frameworks/esp-idf-v5.5.4/components/efuse C:/Users/15301/AppData/Local/Temp/laiwfs300_build/rc_tank_demo/components/es7210_adc C:/Users/15301/AppData/Local/Temp/laiwfs300_build/rc_tank_demo/components/es8311_codec D:/Espressif/frameworks/esp-idf-v5.5.4/components/esp-tls D:/Espressif/frameworks/esp-idf-v5.5.4/components/esp_adc D:/Espressif/frameworks/esp-idf-v5.5.4/components/esp_app_format D:/Espressif/frameworks/esp-idf-v5.5.4/components/esp_bootloader_format D:/Espressif/frameworks/esp-idf-v5.5.4/components/esp_coex D:/Espressif/frameworks/esp-idf-v5.5.4/components/esp_common D:/Espressif/frameworks/esp-idf-v5.5.4/components/esp_driver_ana_cmpr D:/Espressif/frameworks/esp-idf-v5.5.4/components/esp_driver_bitscrambler D:/Espressif/frameworks/esp-idf-v5.5.4/components/esp_driver_cam D:/Espressif/frameworks/esp-idf-v5.5.4/components/esp_driver_dac D:/Espressif/frameworks/esp-idf-v5.5.4/components/esp_driver_gpio D:/Espressif/frameworks/esp-idf-v5.5.4/components/esp_driver_gptimer D:/Espressif/frameworks/esp-idf-v5.5.4/components/esp_driver_i2c D:/Espressif/frameworks/esp-idf-v5.5.4/components/esp_driver_i2s D:/Espressif/frameworks/esp-idf-v5.5.4/components/esp_driver_isp D:/Espressif/frameworks/esp-idf-v5.5.4/components/esp_driver_jpeg D:/Espressif/frameworks/esp-idf-v5.5.4/components/esp_driver_ledc D:/Espressif/frameworks/esp-idf-v5.5.4/components/esp_driver_mcpwm D:/Espressif/frameworks/esp-idf-v5.5.4/components/esp_driver_parlio D:/Espressif/frameworks/esp-idf-v5.5.4/components/esp_driver_pcnt D:/Espressif/frameworks/esp-idf-v5.5.4/components/esp_driver_ppa D:/Espressif/frameworks/esp-idf-v5.5.4/components/esp_driver_rmt D:/Espressif/frameworks/esp-idf-v5.5.4/components/esp_driver_sdio D:/Espressif/frameworks/esp-idf-v5.5.4/components/esp_driver_sdm D:/Espressif/frameworks/esp-idf-v5.5.4/components/esp_driver_sdmmc D:/Espressif/frameworks/esp-idf-v5.5.4/components/esp_driver_sdspi D:/Espressif/frameworks/esp-idf-v5.5.4/components/esp_driver_spi D:/Espressif/frameworks/esp-idf-v5.5.4/components/esp_driver_touch_sens D:/Espressif/frameworks/esp-idf-v5.5.4/components/esp_driver_tsens D:/Espressif/frameworks/esp-idf-v5.5.4/components/esp_driver_twai D:/Espressif/frameworks/esp-idf-v5.5.4/components/esp_driver_uart D:/Espressif/frameworks/esp-idf-v5.5.4/components/esp_driver_usb_serial_jtag D:/Espressif/frameworks/esp-idf-v5.5.4/components/esp_eth D:/Espressif/frameworks/esp-idf-v5.5.4/components/esp_event D:/Espressif/frameworks/esp-idf-v5.5.4/components/esp_gdbstub D:/Espressif/frameworks/esp-idf-v5.5.4/components/esp_hal_ieee802154 D:/Espressif/frameworks/esp-idf-v5.5.4/components/esp_hid D:/Espressif/frameworks/esp-idf-v5.5.4/components/esp_http_client D:/Espressif/frameworks/esp-idf-v5.5.4/components/esp_http_server D:/Espressif/frameworks/esp-idf-v5.5.4/components/esp_https_ota D:/Espressif/frameworks/esp-idf-v5.5.4/components/esp_https_server D:/Espressif/frameworks/esp-idf-v5.5.4/components/esp_hw_support D:/Espressif/frameworks/esp-idf-v5.5.4/components/esp_lcd D:/Espressif/frameworks/esp-idf-v5.5.4/components/esp_local_ctrl D:/Espressif/frameworks/esp-idf-v5.5.4/components/esp_mm D:/Espressif/frameworks/esp-idf-v5.5.4/components/esp_netif D:/Espressif/frameworks/esp-idf-v5.5.4/components/esp_netif_stack D:/Espressif/frameworks/esp-idf-v5.5.4/components/esp_partition D:/Espressif/frameworks/esp-idf-v5.5.4/components/esp_phy D:/Espressif/frameworks/esp-idf-v5.5.4/components/esp_pm D:/Espressif/frameworks/esp-idf-v5.5.4/components/esp_psram D:/Espressif/frameworks/esp-idf-v5.5.4/components/esp_ringbuf D:/Espressif/frameworks/esp-idf-v5.5.4/components/esp_rom D:/Espressif/frameworks/esp-idf-v5.5.4/components/esp_security D:/Espressif/frameworks/esp-idf-v5.5.4/components/esp_system D:/Espressif/frameworks/esp-idf-v5.5.4/components/esp_timer D:/Espressif/frameworks/esp-idf-v5.5.4/components/esp_vfs_console D:/Espressif/frameworks/esp-idf-v5.5.4/components/esp_wifi D:/Espressif/frameworks/esp-idf-v5.5.4/components/espcoredump C:/Users/15301/AppData/Local/Temp/laiwfs300_build/rc_tank_demo/managed_components/espressif__cmake_utilities C:/Users/15301/AppData/Local/Temp/laiwfs300_build/rc_tank_demo/managed_components/espressif__dl_fft C:/Users/15301/AppData/Local/Temp/laiwfs300_build/rc_tank_demo/managed_components/espressif__esp-dsp C:/Users/15301/AppData/Local/Temp/laiwfs300_build/rc_tank_demo/managed_components/espressif__esp-sr C:/Users/15301/AppData/Local/Temp/laiwfs300_build/rc_tank_demo/managed_components/espressif__esp_audio_codec C:/Users/15301/AppData/Local/Temp/laiwfs300_build/rc_tank_demo/managed_components/espressif__esp_audio_effects C:/Users/15301/AppData/Local/Temp/laiwfs300_build/rc_tank_demo/managed_components/espressif__esp_audio_simple_player C:/Users/15301/AppData/Local/Temp/laiwfs300_build/rc_tank_demo/managed_components/espressif__esp_codec_dev C:/Users/15301/AppData/Local/Temp/laiwfs300_build/rc_tank_demo/managed_components/espressif__esp_new_jpeg C:/Users/15301/AppData/Local/Temp/laiwfs300_build/rc_tank_demo/managed_components/espressif__esp_websocket_client C:/Users/15301/AppData/Local/Temp/laiwfs300_build/rc_tank_demo/managed_components/espressif__gmf_audio C:/Users/15301/AppData/Local/Temp/laiwfs300_build/rc_tank_demo/managed_components/espressif__gmf_core C:/Users/15301/AppData/Local/Temp/laiwfs300_build/rc_tank_demo/managed_components/espressif__gmf_io C:/Users/15301/AppData/Local/Temp/laiwfs300_build/rc_tank_demo/managed_components/espressif__iot_eth C:/Users/15301/AppData/Local/Temp/laiwfs300_build/rc_tank_demo/managed_components/espressif__iot_usbh_cdc C:/Users/15301/AppData/Local/Temp/laiwfs300_build/rc_tank_demo/managed_components/espressif__iot_usbh_ecm D:/Espressif/frameworks/esp-idf-v5.5.4/components/esptool_py D:/Espressif/frameworks/esp-idf-v5.5.4/components/fatfs D:/Espressif/frameworks/esp-idf-v5.5.4/components/freertos D:/Espressif/frameworks/esp-idf-v5.5.4/components/hal D:/Espressif/frameworks/esp-idf-v5.5.4/components/heap D:/Espressif/frameworks/esp-idf-v5.5.4/components/http_parser D:/Espressif/frameworks/esp-idf-v5.5.4/components/idf_test D:/Espressif/frameworks/esp-idf-v5.5.4/components/ieee802154 C:/Users/15301/AppData/Local/Temp/laiwfs300_build/rc_tank_demo/components/io_expander D:/Espressif/frameworks/esp-idf-v5.5.4/components/json C:/Users/15301/AppData/Local/Temp/laiwfs300_build/rc_tank_demo/components/laiwfs300 D:/Espressif/frameworks/esp-idf-v5.5.4/components/log C:/Users/15301/AppData/Local/Temp/laiwfs300_build/rc_tank_demo/components/lte_hal D:/Espressif/frameworks/esp-idf-v5.5.4/components/lwip C:/Users/15301/AppData/Local/Temp/laiwfs300_build/rc_tank_demo/main D:/Espressif/frameworks/esp-idf-v5.5.4/components/mbedtls C:/Users/15301/AppData/Local/Temp/laiwfs300_build/rc_tank_demo/components/module_detect D:/Espressif/frameworks/esp-idf-v5.5.4/components/mqtt C:/Users/15301/AppData/Local/Temp/laiwfs300_build/rc_tank_demo/components/net_mgmt C:/Users/15301/AppData/Local/Temp/laiwfs300_build/rc_tank_demo/components/network_manager D:/Espressif/frameworks/esp-idf-v5.5.4/components/newlib D:/Espressif/frameworks/esp-idf-v5.5.4/components/nvs_flash D:/Espressif/frameworks/esp-idf-v5.5.4/components/nvs_sec_provider D:/Espressif/frameworks/esp-idf-v5.5.4/components/openthread D:/Espressif/frameworks/esp-idf-v5.5.4/components/partition_table D:/Espressif/frameworks/esp-idf-v5.5.4/components/perfmon D:/Espressif/frameworks/esp-idf-v5.5.4/components/protobuf-c D:/Espressif/frameworks/esp-idf-v5.5.4/components/protocomm C:/Users/15301/AppData/Local/Temp/laiwfs300_build/rc_tank_demo/components/pt2466_motor D:/Espressif/frameworks/esp-idf-v5.5.4/components/pthread C:/Users/15301/AppData/Local/Temp/laiwfs300_build/rc_tank_demo/components/robot_motion D:/Espressif/frameworks/esp-idf-v5.5.4/components/rt D:/Espressif/frameworks/esp-idf-v5.5.4/components/sdmmc D:/Espressif/frameworks/esp-idf-v5.5.4/components/soc D:/Espressif/frameworks/esp-idf-v5.5.4/components/spi_flash D:/Espressif/frameworks/esp-idf-v5.5.4/components/spiffs C:/Users/15301/AppData/Local/Temp/laiwfs300_build/rc_tank_demo/components/storage_hal D:/Espressif/frameworks/esp-idf-v5.5.4/components/tcp_transport D:/Espressif/frameworks/esp-idf-v5.5.4/components/touch_element C:/Users/15301/AppData/Local/Temp/laiwfs300_build/rc_tank_demo/components/touch_hal D:/Espressif/frameworks/esp-idf-v5.5.4/components/ulp D:/Espressif/frameworks/esp-idf-v5.5.4/components/unity D:/Espressif/frameworks/esp-idf-v5.5.4/components/usb D:/Espressif/frameworks/esp-idf-v5.5.4/components/vfs D:/Espressif/frameworks/esp-idf-v5.5.4/components/wear_levelling D:/Espressif/frameworks/esp-idf-v5.5.4/components/wifi_provisioning D:/Espressif/frameworks/esp-idf-v5.5.4/components/wpa_supplicant C:/Users/15301/AppData/Local/Temp/laiwfs300_build/rc_tank_demo/components/xiaozhi_agent C:/Users/15301/AppData/Local/Temp/laiwfs300_build/rc_tank_demo/components/xiaozhi_audio D:/Espressif/frameworks/esp-idf-v5.5.4/components/xtensa
-- Configuring done (30.1s)
-- Generating done (2.2s)
-- Build files have been written to: C:/Users/15301/AppData/Local/Temp/laiwfs300_build/rc_tank_demo/build
Building firmware...
Executing action: all (aliases: build)
Running ninja in directory C:\Users\15301\AppData\Local\Temp\laiwfs300_build\rc_tank_demo\build
Executing "ninja all"...
[1/1432] Generating project_elf_src_esp32s3.c

[2/1432] Generating C:/Users/15301/AppData/Local/Temp/laiwfs300_build/rc_tank_demo/build/esp-idf/esp_system/ld/memory.ld linker script...

[3/1432] Generating C:/Users/15301/AppData/Local/Temp/laiwfs300_build/rc_tank_demo/build/esp-idf/esp_system/ld/sections.ld.in linker script...

[4/1432] Generating ../../partition_table/partition-table.bin

Partition table binary generated. Contents:

*******************************************************************************

# ESP-IDF Partition Table


# Name, Type, SubType, Offset, Size, Flags


nvs,data,nvs,0x9000,24K,


phy_init,data,phy,0xf000,4K,


factory,app,factory,0x10000,3M,


storage,data,spiffs,0x310000,1M,


*******************************************************************************

[5/1432] Building C object esp-idf/esp_http_client/CMakeFiles/__idf_esp_http_client.dir/lib/http_utils.c.obj

[6/1432] Building C object esp-idf/esp_http_client/CMakeFiles/__idf_esp_http_client.dir/lib/http_header.c.obj

[7/1432] Building C object esp-idf/esp_http_server/CMakeFiles/__idf_esp_http_server.dir/src/util/ctrl_sock.c.obj

[8/1432] Building C object esp-idf/esp_http_server/CMakeFiles/__idf_esp_http_server.dir/src/httpd_ws.c.obj

[9/1432] Building C object esp-idf/esp_http_server/CMakeFiles/__idf_esp_http_server.dir/src/httpd_sess.c.obj

[10/1432] Building C object esp-idf/tcp_transport/CMakeFiles/__idf_tcp_transport.dir/transport_socks_proxy.c.obj

[11/1432] Building C object esp-idf/esp_http_server/CMakeFiles/__idf_esp_http_server.dir/src/httpd_uri.c.obj

[12/1432] Building C object esp-idf/esp_http_client/CMakeFiles/__idf_esp_http_client.dir/lib/http_auth.c.obj

[13/1432] Building C object esp-idf/esp_http_server/CMakeFiles/__idf_esp_http_server.dir/src/httpd_main.c.obj

[14/1432] Building C object esp-idf/tcp_transport/CMakeFiles/__idf_tcp_transport.dir/transport_internal.c.obj

[15/1432] Building C object esp-idf/esp_http_server/CMakeFiles/__idf_esp_http_server.dir/src/httpd_parse.c.obj

[16/1432] Building C object esp-idf/esp_http_server/CMakeFiles/__idf_esp_http_server.dir/src/httpd_txrx.c.obj

[17/1432] Building C object esp-idf/esp_https_ota/CMakeFiles/__idf_esp_https_ota.dir/src/esp_https_ota.c.obj

[18/1432] Building C object esp-idf/tcp_transport/CMakeFiles/__idf_tcp_transport.dir/transport.c.obj

[19/1432] Building C object esp-idf/esp_adc/CMakeFiles/__idf_esp_adc.dir/adc_cali.c.obj

[20/1432] Building C object esp-idf/esp_adc/CMakeFiles/__idf_esp_adc.dir/adc_oneshot.c.obj

[21/1432] Building C object esp-idf/tcp_transport/CMakeFiles/__idf_tcp_transport.dir/transport_ssl.c.obj

[22/1432] Building C object esp-idf/esp_adc/CMakeFiles/__idf_esp_adc.dir/esp32s3/curve_fitting_coefficients.c.obj

[23/1432] Building C object esp-idf/esp_adc/CMakeFiles/__idf_esp_adc.dir/adc_cali_curve_fitting.c.obj

[24/1432] Building C object esp-idf/esp_http_client/CMakeFiles/__idf_esp_http_client.dir/esp_http_client.c.obj

[25/1432] Building C object esp-idf/esp_adc/CMakeFiles/__idf_esp_adc.dir/adc_common.c.obj

[26/1432] Building C object esp-idf/esp_adc/CMakeFiles/__idf_esp_adc.dir/deprecated/esp_adc_cal_common_legacy.c.obj

[27/1432] Building C object esp-idf/tcp_transport/CMakeFiles/__idf_tcp_transport.dir/transport_ws.c.obj

[28/1432] Building C object esp-idf/esp-tls/CMakeFiles/__idf_esp-tls.dir/esp_tls_platform_port.c.obj

[29/1432] Building C object esp-idf/esp_adc/CMakeFiles/__idf_esp_adc.dir/deprecated/esp32s3/esp_adc_cal_legacy.c.obj

[30/1432] Building C object esp-idf/esp-tls/CMakeFiles/__idf_esp-tls.dir/esp-tls-crypto/esp_tls_crypto.c.obj

[31/1432] Building C object esp-idf/esp_adc/CMakeFiles/__idf_esp_adc.dir/gdma/adc_dma.c.obj

[32/1432] Building C object esp-idf/esp_adc/CMakeFiles/__idf_esp_adc.dir/adc_filter.c.obj

[33/1432] Building C object esp-idf/esp_adc/CMakeFiles/__idf_esp_adc.dir/adc_monitor.c.obj

[34/1432] Building C object esp-idf/esp-tls/CMakeFiles/__idf_esp-tls.dir/esp_tls_error_capture.c.obj

[35/1432] Building C object esp-idf/esp_adc/CMakeFiles/__idf_esp_adc.dir/adc_continuous.c.obj

[36/1432] Building C object esp-idf/driver/CMakeFiles/__idf_driver.dir/deprecated/adc_dma_legacy.c.obj

[37/1432] Building C object esp-idf/esp-tls/CMakeFiles/__idf_esp-tls.dir/esp_tls.c.obj

[38/1432] Building C object esp-idf/http_parser/CMakeFiles/__idf_http_parser.dir/http_parser.c.obj

[39/1432] Linking C static library esp-idf\esp_https_ota\libesp_https_ota.a

[40/1432] Building C object esp-idf/driver/CMakeFiles/__idf_driver.dir/deprecated/sigma_delta_legacy.c.obj

[41/1432] Building C object esp-idf/driver/CMakeFiles/__idf_driver.dir/deprecated/adc_legacy.c.obj

[42/1432] Building C object esp-idf/driver/CMakeFiles/__idf_driver.dir/deprecated/rtc_temperature_legacy.c.obj

[43/1432] Building C object esp-idf/driver/CMakeFiles/__idf_driver.dir/deprecated/timer_legacy.c.obj

[44/1432] Building C object esp-idf/driver/CMakeFiles/__idf_driver.dir/touch_sensor/touch_sensor_common.c.obj

[45/1432] Building C object esp-idf/driver/CMakeFiles/__idf_driver.dir/deprecated/pcnt_legacy.c.obj

[46/1432] Building C object esp-idf/esp-tls/CMakeFiles/__idf_esp-tls.dir/esp_tls_mbedtls.c.obj

[47/1432] Building C object esp-idf/driver/CMakeFiles/__idf_driver.dir/deprecated/i2s_legacy.c.obj

[48/1432] Building C object esp-idf/esp_driver_twai/CMakeFiles/__idf_esp_driver_twai.dir/esp_twai.c.obj

[49/1432] Building C object esp-idf/driver/CMakeFiles/__idf_driver.dir/touch_sensor/esp32s3/touch_sensor.c.obj

[50/1432] Building C object esp-idf/driver/CMakeFiles/__idf_driver.dir/i2c/i2c.c.obj

[51/1432] Building C object esp-idf/driver/CMakeFiles/__idf_driver.dir/twai/twai.c.obj

[52/1432] Building C object esp-idf/driver/CMakeFiles/__idf_driver.dir/deprecated/mcpwm_legacy.c.obj

[53/1432] Building C object esp-idf/esp_driver_i2c/CMakeFiles/__idf_esp_driver_i2c.dir/i2c_common.c.obj

[54/1432] Building C object esp-idf/driver/CMakeFiles/__idf_driver.dir/deprecated/rmt_legacy.c.obj

[55/1432] Building C object esp-idf/esp_driver_sdm/CMakeFiles/__idf_esp_driver_sdm.dir/src/sdm.c.obj

[56/1432] Building C object esp-idf/esp_driver_twai/CMakeFiles/__idf_esp_driver_twai.dir/esp_twai_onchip.c.obj

[57/1432] Building C object esp-idf/esp_driver_rmt/CMakeFiles/__idf_esp_driver_rmt.dir/src/rmt_encoder.c.obj

[58/1432] Linking C static library esp-idf\esp_http_server\libesp_http_server.a

[59/1432] Building C object esp-idf/esp_driver_tsens/CMakeFiles/__idf_esp_driver_tsens.dir/src/temperature_sensor.c.obj

[60/1432] Building C object esp-idf/esp_driver_sdspi/CMakeFiles/__idf_esp_driver_sdspi.dir/src/sdspi_crc.c.obj

[61/1432] Building C object esp-idf/esp_driver_i2c/CMakeFiles/__idf_esp_driver_i2c.dir/i2c_slave.c.obj

[62/1432] Building C object esp-idf/esp_driver_rmt/CMakeFiles/__idf_esp_driver_rmt.dir/src/rmt_encoder_bytes.c.obj

[63/1432] Building C object esp-idf/esp_driver_rmt/CMakeFiles/__idf_esp_driver_rmt.dir/src/rmt_common.c.obj

[64/1432] Building C object esp-idf/esp_driver_rmt/CMakeFiles/__idf_esp_driver_rmt.dir/src/rmt_encoder_copy.c.obj

[65/1432] Building C object esp-idf/esp_driver_rmt/CMakeFiles/__idf_esp_driver_rmt.dir/src/rmt_encoder_simple.c.obj

[66/1432] Building C object esp-idf/esp_driver_i2c/CMakeFiles/__idf_esp_driver_i2c.dir/i2c_master.c.obj

[67/1432] Building C object esp-idf/esp_driver_ledc/CMakeFiles/__idf_esp_driver_ledc.dir/src/ledc.c.obj

[68/1432] Building C object esp-idf/esp_driver_rmt/CMakeFiles/__idf_esp_driver_rmt.dir/src/rmt_rx.c.obj

[69/1432] Building C object esp-idf/sdmmc/CMakeFiles/__idf_sdmmc.dir/sd_pwr_ctrl/sd_pwr_ctrl.c.obj

[70/1432] Building C object esp-idf/esp_driver_sdspi/CMakeFiles/__idf_esp_driver_sdspi.dir/src/sdspi_transaction.c.obj

[71/1432] Building C object esp-idf/esp_driver_sdspi/CMakeFiles/__idf_esp_driver_sdspi.dir/src/sdspi_host.c.obj

[72/1432] Building C object esp-idf/esp_driver_sdmmc/CMakeFiles/__idf_esp_driver_sdmmc.dir/src/sdmmc_transaction.c.obj

[73/1432] Building C object esp-idf/esp_driver_rmt/CMakeFiles/__idf_esp_driver_rmt.dir/src/rmt_tx.c.obj

[74/1432] Building C object esp-idf/sdmmc/CMakeFiles/__idf_sdmmc.dir/sdmmc_common.c.obj

[75/1432] Building C object esp-idf/sdmmc/CMakeFiles/__idf_sdmmc.dir/sdmmc_init.c.obj

[76/1432] Building C object esp-idf/sdmmc/CMakeFiles/__idf_sdmmc.dir/sdmmc_io.c.obj

[77/1432] Building C object esp-idf/sdmmc/CMakeFiles/__idf_sdmmc.dir/sdmmc_cmd.c.obj

[78/1432] Building C object esp-idf/sdmmc/CMakeFiles/__idf_sdmmc.dir/sdmmc_mmc.c.obj

[79/1432] Linking C static library esp-idf\esp_http_client\libesp_http_client.a

[80/1432] Building C object esp-idf/sdmmc/CMakeFiles/__idf_sdmmc.dir/sdmmc_sd.c.obj

[81/1432] Building C object esp-idf/esp_driver_sdmmc/CMakeFiles/__idf_esp_driver_sdmmc.dir/src/sdmmc_host.c.obj

[82/1432] Building C object esp-idf/esp_driver_i2s/CMakeFiles/__idf_esp_driver_i2s.dir/i2s_std.c.obj

[83/1432] Building C object esp-idf/esp_driver_i2s/CMakeFiles/__idf_esp_driver_i2s.dir/i2s_tdm.c.obj

[84/1432] Building C object esp-idf/esp_driver_i2s/CMakeFiles/__idf_esp_driver_i2s.dir/i2s_pdm.c.obj

[85/1432] Building C object esp-idf/esp_driver_i2s/CMakeFiles/__idf_esp_driver_i2s.dir/i2s_platform.c.obj

[86/1432] Building C object esp-idf/esp_driver_mcpwm/CMakeFiles/__idf_esp_driver_mcpwm.dir/src/mcpwm_com.c.obj

[87/1432] Building C object esp-idf/esp_driver_i2s/CMakeFiles/__idf_esp_driver_i2s.dir/i2s_common.c.obj

[88/1432] Linking C static library esp-idf\tcp_transport\libtcp_transport.a

[89/1432] Building C object esp-idf/esp_driver_mcpwm/CMakeFiles/__idf_esp_driver_mcpwm.dir/src/mcpwm_cmpr.c.obj

[90/1432] Building C object esp-idf/esp_driver_mcpwm/CMakeFiles/__idf_esp_driver_mcpwm.dir/src/mcpwm_sync.c.obj

[91/1432] Building C object esp-idf/esp_driver_mcpwm/CMakeFiles/__idf_esp_driver_mcpwm.dir/src/mcpwm_cap.c.obj

[92/1432] Building ASM object esp-idf/esp_gdbstub/CMakeFiles/__idf_esp_gdbstub.dir/src/port/xtensa/gdbstub-entry.S.obj

[93/1432] Building ASM object esp-idf/esp_gdbstub/CMakeFiles/__idf_esp_gdbstub.dir/src/port/xtensa/xt_debugexception.S.obj

[94/1432] Building C object esp-idf/esp_gdbstub/CMakeFiles/__idf_esp_gdbstub.dir/src/gdbstub_transport.c.obj

[95/1432] Building C object esp-idf/esp_driver_mcpwm/CMakeFiles/__idf_esp_driver_mcpwm.dir/src/mcpwm_timer.c.obj

[96/1432] Building C object esp-idf/esp_driver_mcpwm/CMakeFiles/__idf_esp_driver_mcpwm.dir/src/mcpwm_fault.c.obj

[97/1432] Building C object esp-idf/esp_driver_mcpwm/CMakeFiles/__idf_esp_driver_mcpwm.dir/src/mcpwm_gen.c.obj

[98/1432] Building C object esp-idf/esp_driver_mcpwm/CMakeFiles/__idf_esp_driver_mcpwm.dir/src/mcpwm_oper.c.obj

[99/1432] Building C object esp-idf/esp_gdbstub/CMakeFiles/__idf_esp_gdbstub.dir/src/gdbstub.c.obj

[100/1432] Building C object esp-idf/esp_gdbstub/CMakeFiles/__idf_esp_gdbstub.dir/src/packet.c.obj

[101/1432] Building C object esp-idf/esp_driver_pcnt/CMakeFiles/__idf_esp_driver_pcnt.dir/src/pulse_cnt.c.obj

[102/1432] Building C object esp-idf/esp_gdbstub/CMakeFiles/__idf_esp_gdbstub.dir/src/port/xtensa/gdbstub_xtensa.c.obj

[103/1432] Building C object esp-idf/esp_wifi/CMakeFiles/__idf_esp_wifi.dir/src/lib_printf.c.obj

[104/1432] Linking C static library esp-idf\esp_adc\libesp_adc.a

[105/1432] Building C object esp-idf/esp_coex/CMakeFiles/__idf_esp_coex.dir/src/coexist_debug_diagram.c.obj

[106/1432] Building C object esp-idf/esp_wifi/CMakeFiles/__idf_esp_wifi.dir/src/mesh_event.c.obj

[107/1432] Building C object esp-idf/esp_wifi/CMakeFiles/__idf_esp_wifi.dir/src/wifi_default_ap.c.obj

[108/1432] Building C object esp-idf/esp_coex/CMakeFiles/__idf_esp_coex.dir/src/coexist_debug.c.obj

[109/1432] Building C object esp-idf/esp_wifi/CMakeFiles/__idf_esp_wifi.dir/src/smartconfig.c.obj

[110/1432] Building C object esp-idf/esp_driver_spi/CMakeFiles/__idf_esp_driver_spi.dir/src/gpspi/spi_slave.c.obj

[111/1432] Building C object esp-idf/esp_wifi/CMakeFiles/__idf_esp_wifi.dir/src/wifi_netif.c.obj

[112/1432] Building C object esp-idf/esp_driver_spi/CMakeFiles/__idf_esp_driver_spi.dir/src/gpspi/spi_common.c.obj

[113/1432] Building C object esp-idf/esp_coex/CMakeFiles/__idf_esp_coex.dir/esp32s3/esp_coex_adapter.c.obj

[114/1432] Building C object esp-idf/esp_wifi/CMakeFiles/__idf_esp_wifi.dir/src/wifi_init.c.obj

[115/1432] Building C object esp-idf/esp_wifi/CMakeFiles/__idf_esp_wifi.dir/regulatory/esp_wifi_regulatory.c.obj

[116/1432] Building C object esp-idf/esp_wifi/CMakeFiles/__idf_esp_wifi.dir/src/wifi_default.c.obj

[117/1432] Building C object esp-idf/esp_driver_spi/CMakeFiles/__idf_esp_driver_spi.dir/src/gpspi/spi_slave_hd.c.obj

[118/1432] Building C object esp-idf/esp_wifi/CMakeFiles/__idf_esp_wifi.dir/src/smartconfig_ack.c.obj

[119/1432] Building C object esp-idf/esp_driver_spi/CMakeFiles/__idf_esp_driver_spi.dir/src/gpspi/spi_master.c.obj

[120/1432] Building C object esp-idf/esp_wifi/CMakeFiles/__idf_esp_wifi.dir/esp32s3/esp_adapter.c.obj

[121/1432] Linking C static library esp-idf\esp-tls\libesp-tls.a

[122/1432] Building C object esp-idf/wpa_supplicant/CMakeFiles/__idf_wpa_supplicant.dir/port/os_xtensa.c.obj

[123/1432] Building C object esp-idf/wpa_supplicant/CMakeFiles/__idf_wpa_supplicant.dir/src/ap/ap_config.c.obj

[124/1432] Building C object esp-idf/wpa_supplicant/CMakeFiles/__idf_wpa_supplicant.dir/port/eloop.c.obj

[125/1432] Building C object esp-idf/wpa_supplicant/CMakeFiles/__idf_wpa_supplicant.dir/src/ap/ieee802_1x.c.obj

[126/1432] Building C object esp-idf/wpa_supplicant/CMakeFiles/__idf_wpa_supplicant.dir/src/ap/wpa_auth_ie.c.obj

[127/1432] Building C object esp-idf/wpa_supplicant/CMakeFiles/__idf_wpa_supplicant.dir/src/ap/pmksa_cache_auth.c.obj

[128/1432] Building C object esp-idf/wpa_supplicant/CMakeFiles/__idf_wpa_supplicant.dir/src/ap/comeback_token.c.obj

[129/1432] Building C object esp-idf/wpa_supplicant/CMakeFiles/__idf_wpa_supplicant.dir/src/ap/sta_info.c.obj

[130/1432] Building C object esp-idf/wpa_supplicant/CMakeFiles/__idf_wpa_supplicant.dir/src/common/dragonfly.c.obj

[131/1432] Building C object esp-idf/wpa_supplicant/CMakeFiles/__idf_wpa_supplicant.dir/src/utils/bitfield.c.obj

[132/1432] Building C object esp-idf/wpa_supplicant/CMakeFiles/__idf_wpa_supplicant.dir/src/common/wpa_common.c.obj

[133/1432] Building C object esp-idf/wpa_supplicant/CMakeFiles/__idf_wpa_supplicant.dir/src/ap/ieee802_11.c.obj

[134/1432] Building C object esp-idf/wpa_supplicant/CMakeFiles/__idf_wpa_supplicant.dir/src/crypto/ccmp.c.obj

[135/1432] Linking C static library esp-idf\http_parser\libhttp_parser.a

[136/1432] Building C object esp-idf/wpa_supplicant/CMakeFiles/__idf_wpa_supplicant.dir/src/ap/wpa_auth.c.obj

[137/1432] Building C object esp-idf/wpa_supplicant/CMakeFiles/__idf_wpa_supplicant.dir/src/crypto/aes-siv.c.obj

[138/1432] Building C object esp-idf/wpa_supplicant/CMakeFiles/__idf_wpa_supplicant.dir/src/crypto/sha256-kdf.c.obj

[139/1432] Building C object esp-idf/wpa_supplicant/CMakeFiles/__idf_wpa_supplicant.dir/src/common/sae.c.obj

[140/1432] Building C object esp-idf/wpa_supplicant/CMakeFiles/__idf_wpa_supplicant.dir/src/crypto/aes-gcm.c.obj

[141/1432] Building C object esp-idf/wpa_supplicant/CMakeFiles/__idf_wpa_supplicant.dir/src/crypto/dh_group5.c.obj

[142/1432] Building C object esp-idf/wpa_supplicant/CMakeFiles/__idf_wpa_supplicant.dir/src/crypto/crypto_ops.c.obj

[143/1432] Building C object esp-idf/wpa_supplicant/CMakeFiles/__idf_wpa_supplicant.dir/src/crypto/dh_groups.c.obj

[144/1432] Building C object esp-idf/wpa_supplicant/CMakeFiles/__idf_wpa_supplicant.dir/src/crypto/sha1-tlsprf.c.obj

[145/1432] Building C object esp-idf/wpa_supplicant/CMakeFiles/__idf_wpa_supplicant.dir/src/crypto/sha256-prf.c.obj

[146/1432] Building C object esp-idf/wpa_supplicant/CMakeFiles/__idf_wpa_supplicant.dir/src/crypto/sha384-tlsprf.c.obj

[147/1432] Building C object esp-idf/wpa_supplicant/CMakeFiles/__idf_wpa_supplicant.dir/src/crypto/sha256-tlsprf.c.obj

[148/1432] Linking C static library esp-idf\driver\libdriver.a

[149/1432] Building C object esp-idf/wpa_supplicant/CMakeFiles/__idf_wpa_supplicant.dir/src/crypto/sha384-prf.c.obj

[150/1432] Building C object esp-idf/wpa_supplicant/CMakeFiles/__idf_wpa_supplicant.dir/src/eap_peer/chap.c.obj

[151/1432] Building C object esp-idf/wpa_supplicant/CMakeFiles/__idf_wpa_supplicant.dir/src/crypto/md4-internal.c.obj

[152/1432] Building C object esp-idf/wpa_supplicant/CMakeFiles/__idf_wpa_supplicant.dir/src/crypto/ms_funcs.c.obj

[153/1432] Building C object esp-idf/wpa_supplicant/CMakeFiles/__idf_wpa_supplicant.dir/src/eap_common/eap_wsc_common.c.obj

[154/1432] Building C object esp-idf/wpa_supplicant/CMakeFiles/__idf_wpa_supplicant.dir/src/crypto/sha1-tprf.c.obj

[155/1432] Building C object esp-idf/wpa_supplicant/CMakeFiles/__idf_wpa_supplicant.dir/src/common/ieee802_11_common.c.obj

[156/1432] Building C object esp-idf/wpa_supplicant/CMakeFiles/__idf_wpa_supplicant.dir/src/crypto/sha1-prf.c.obj

[157/1432] Building C object esp-idf/wpa_supplicant/CMakeFiles/__idf_wpa_supplicant.dir/src/eap_peer/eap_common.c.obj

[158/1432] Building C object esp-idf/wpa_supplicant/CMakeFiles/__idf_wpa_supplicant.dir/src/eap_peer/eap_mschapv2.c.obj

[159/1432] Building C object esp-idf/wpa_supplicant/CMakeFiles/__idf_wpa_supplicant.dir/src/eap_peer/eap.c.obj

[160/1432] Building C object esp-idf/wpa_supplicant/CMakeFiles/__idf_wpa_supplicant.dir/src/eap_peer/eap_tls.c.obj

[161/1432] Linking C static library esp-idf\esp_driver_twai\libesp_driver_twai.a

[162/1432] Building C object esp-idf/wpa_supplicant/CMakeFiles/__idf_wpa_supplicant.dir/src/eap_peer/eap_peap_common.c.obj

[163/1432] Building C object esp-idf/wpa_supplicant/CMakeFiles/__idf_wpa_supplicant.dir/src/eap_peer/mschapv2.c.obj

[164/1432] Building C object esp-idf/wpa_supplicant/CMakeFiles/__idf_wpa_supplicant.dir/src/eap_peer/eap_peap.c.obj

[165/1432] Building C object esp-idf/wpa_supplicant/CMakeFiles/__idf_wpa_supplicant.dir/src/eap_peer/eap_fast_common.c.obj

[166/1432] Building C object esp-idf/wpa_supplicant/CMakeFiles/__idf_wpa_supplicant.dir/src/eap_peer/eap_tls_common.c.obj

[167/1432] Building C object esp-idf/wpa_supplicant/CMakeFiles/__idf_wpa_supplicant.dir/src/eap_peer/eap_ttls.c.obj

[168/1432] Building C object esp-idf/wpa_supplicant/CMakeFiles/__idf_wpa_supplicant.dir/src/eap_peer/eap_fast_pac.c.obj

[169/1432] Building C object esp-idf/wpa_supplicant/CMakeFiles/__idf_wpa_supplicant.dir/src/rsn_supp/pmksa_cache.c.obj

[170/1432] Building C object esp-idf/wpa_supplicant/CMakeFiles/__idf_wpa_supplicant.dir/src/rsn_supp/wpa_ie.c.obj

[171/1432] Building C object esp-idf/wpa_supplicant/CMakeFiles/__idf_wpa_supplicant.dir/src/utils/base64.c.obj

[172/1432] Building C object esp-idf/wpa_supplicant/CMakeFiles/__idf_wpa_supplicant.dir/src/eap_peer/eap_fast.c.obj

[173/1432] Building C object esp-idf/wpa_supplicant/CMakeFiles/__idf_wpa_supplicant.dir/src/utils/common.c.obj

[174/1432] Building C object esp-idf/wpa_supplicant/CMakeFiles/__idf_wpa_supplicant.dir/src/utils/uuid.c.obj

[175/1432] Building C object esp-idf/wpa_supplicant/CMakeFiles/__idf_wpa_supplicant.dir/src/utils/ext_password.c.obj

[176/1432] Building C object esp-idf/wpa_supplicant/CMakeFiles/__idf_wpa_supplicant.dir/src/rsn_supp/wpa.c.obj

[177/1432] Building C object esp-idf/wpa_supplicant/CMakeFiles/__idf_wpa_supplicant.dir/src/utils/wpa_debug.c.obj

[178/1432] Building C object esp-idf/wpa_supplicant/CMakeFiles/__idf_wpa_supplicant.dir/src/utils/wpabuf.c.obj

[179/1432] Building C object esp-idf/wpa_supplicant/CMakeFiles/__idf_wpa_supplicant.dir/src/utils/json.c.obj

[180/1432] Linking C static library esp-idf\esp_driver_ledc\libesp_driver_ledc.a

[181/1432] Building C object esp-idf/wpa_supplicant/CMakeFiles/__idf_wpa_supplicant.dir/src/wps/wps.c.obj

[182/1432] Building C object esp-idf/wpa_supplicant/CMakeFiles/__idf_wpa_supplicant.dir/src/wps/wps_attr_build.c.obj

[183/1432] Building C object esp-idf/wpa_supplicant/CMakeFiles/__idf_wpa_supplicant.dir/esp_supplicant/src/esp_wpa2_api_port.c.obj

[184/1432] Building C object esp-idf/wpa_supplicant/CMakeFiles/__idf_wpa_supplicant.dir/src/wps/wps_attr_parse.c.obj

[185/1432] Building C object esp-idf/wpa_supplicant/CMakeFiles/__idf_wpa_supplicant.dir/src/wps/wps_attr_process.c.obj

[186/1432] Building C object esp-idf/wpa_supplicant/CMakeFiles/__idf_wpa_supplicant.dir/src/wps/wps_common.c.obj

[187/1432] Building C object esp-idf/wpa_supplicant/CMakeFiles/__idf_wpa_supplicant.dir/src/wps/wps_dev_attr.c.obj

[188/1432] Building C object esp-idf/wpa_supplicant/CMakeFiles/__idf_wpa_supplicant.dir/esp_supplicant/src/esp_wpas_glue.c.obj

[189/1432] Building C object esp-idf/wpa_supplicant/CMakeFiles/__idf_wpa_supplicant.dir/src/wps/wps_enrollee.c.obj

[190/1432] Building C object esp-idf/wpa_supplicant/CMakeFiles/__idf_wpa_supplicant.dir/src/common/sae_pk.c.obj

[191/1432] Building C object esp-idf/wpa_supplicant/CMakeFiles/__idf_wpa_supplicant.dir/esp_supplicant/src/esp_common.c.obj

[192/1432] Building C object esp-idf/wpa_supplicant/CMakeFiles/__idf_wpa_supplicant.dir/esp_supplicant/src/esp_wpa_main.c.obj

[193/1432] Building C object esp-idf/wpa_supplicant/CMakeFiles/__idf_wpa_supplicant.dir/esp_supplicant/src/esp_owe.c.obj

[194/1432] Building C object esp-idf/wpa_supplicant/CMakeFiles/__idf_wpa_supplicant.dir/esp_supplicant/src/esp_wpa3.c.obj

[195/1432] Linking C static library esp-idf\esp_driver_i2c\libesp_driver_i2c.a

[196/1432] Building C object esp-idf/wpa_supplicant/CMakeFiles/__idf_wpa_supplicant.dir/esp_supplicant/src/esp_wps.c.obj

[197/1432] Building C object esp-idf/wpa_supplicant/CMakeFiles/__idf_wpa_supplicant.dir/esp_supplicant/src/esp_hostap.c.obj

[198/1432] Building C object esp-idf/wpa_supplicant/CMakeFiles/__idf_wpa_supplicant.dir/esp_supplicant/src/esp_eap_client.c.obj

[199/1432] Building C object esp-idf/wpa_supplicant/CMakeFiles/__idf_wpa_supplicant.dir/esp_supplicant/src/crypto/fastpsk.c.obj

[200/1432] Building C object esp-idf/wpa_supplicant/CMakeFiles/__idf_wpa_supplicant.dir/src/crypto/rc4.c.obj

[201/1432] Building C object esp-idf/wpa_supplicant/CMakeFiles/__idf_wpa_supplicant.dir/esp_supplicant/src/crypto/crypto_mbedtls-bignum.c.obj

[202/1432] Building C object esp-idf/wpa_supplicant/CMakeFiles/__idf_wpa_supplicant.dir/esp_supplicant/src/crypto/crypto_mbedtls-rsa.c.obj

[203/1432] Building C object esp-idf/wpa_supplicant/CMakeFiles/__idf_wpa_supplicant.dir/esp_supplicant/src/crypto/tls_mbedtls.c.obj

[204/1432] Building C object esp-idf/esp_netif/CMakeFiles/__idf_esp_netif.dir/esp_netif_defaults.c.obj

[205/1432] Building C object esp-idf/wpa_supplicant/CMakeFiles/__idf_wpa_supplicant.dir/esp_supplicant/src/crypto/crypto_mbedtls.c.obj

[206/1432] Building C object esp-idf/wpa_supplicant/CMakeFiles/__idf_wpa_supplicant.dir/src/crypto/des-internal.c.obj

[207/1432] Building C object esp-idf/esp_netif/CMakeFiles/__idf_esp_netif.dir/esp_netif_handlers.c.obj

[208/1432] Building C object esp-idf/wpa_supplicant/CMakeFiles/__idf_wpa_supplicant.dir/esp_supplicant/src/crypto/crypto_mbedtls-ec.c.obj

[209/1432] Building C object esp-idf/esp_netif/CMakeFiles/__idf_esp_netif.dir/esp_netif_objects.c.obj

[210/1432] Building C object esp-idf/wpa_supplicant/CMakeFiles/__idf_wpa_supplicant.dir/src/crypto/aes-wrap.c.obj

[211/1432] Building C object esp-idf/wpa_supplicant/CMakeFiles/__idf_wpa_supplicant.dir/esp_supplicant/src/crypto/fastpbkdf2.c.obj

[212/1432] Building C object esp-idf/wpa_supplicant/CMakeFiles/__idf_wpa_supplicant.dir/src/crypto/aes-unwrap.c.obj

[213/1432] Building C object esp-idf/wpa_supplicant/CMakeFiles/__idf_wpa_supplicant.dir/src/crypto/aes-ccm.c.obj

[214/1432] Linking C static library esp-idf\esp_driver_sdm\libesp_driver_sdm.a

[215/1432] Building C object esp-idf/esp_netif/CMakeFiles/__idf_esp_netif.dir/lwip/esp_netif_lwip_defaults.c.obj

[216/1432] Building C object esp-idf/esp_netif/CMakeFiles/__idf_esp_netif.dir/lwip/esp_netif_sntp.c.obj

[217/1432] Building C object esp-idf/esp_netif/CMakeFiles/__idf_esp_netif.dir/lwip/netif/esp_pbuf_ref.c.obj

[218/1432] Building C object esp-idf/esp_netif/CMakeFiles/__idf_esp_netif.dir/lwip/netif/ethernetif.c.obj

[219/1432] Building C object esp-idf/lwip/CMakeFiles/__idf_lwip.dir/lwip/src/api/err.c.obj

[220/1432] Building C object esp-idf/lwip/CMakeFiles/__idf_lwip.dir/apps/sntp/sntp.c.obj

[221/1432] Building C object esp-idf/esp_netif/CMakeFiles/__idf_esp_netif.dir/lwip/netif/wlanif.c.obj

[222/1432] Building C object esp-idf/lwip/CMakeFiles/__idf_lwip.dir/lwip/src/api/netbuf.c.obj

[223/1432] Building C object esp-idf/lwip/CMakeFiles/__idf_lwip.dir/lwip/src/api/api_lib.c.obj

[224/1432] Building C object esp-idf/lwip/CMakeFiles/__idf_lwip.dir/lwip/src/api/if_api.c.obj

[225/1432] Building C object esp-idf/lwip/CMakeFiles/__idf_lwip.dir/lwip/src/api/netifapi.c.obj

[226/1432] Building C object esp-idf/lwip/CMakeFiles/__idf_lwip.dir/lwip/src/api/tcpip.c.obj

[227/1432] Building C object esp-idf/lwip/CMakeFiles/__idf_lwip.dir/lwip/src/apps/sntp/sntp.c.obj

[228/1432] Linking C static library esp-idf\esp_driver_tsens\libesp_driver_tsens.a

[229/1432] Building C object esp-idf/lwip/CMakeFiles/__idf_lwip.dir/lwip/src/api/netdb.c.obj

[230/1432] Building C object esp-idf/esp_netif/CMakeFiles/__idf_esp_netif.dir/lwip/esp_netif_lwip.c.obj

[231/1432] Building C object esp-idf/lwip/CMakeFiles/__idf_lwip.dir/lwip/src/api/api_msg.c.obj

[232/1432] Building C object esp-idf/lwip/CMakeFiles/__idf_lwip.dir/lwip/src/apps/netbiosns/netbiosns.c.obj

[233/1432] Building C object esp-idf/lwip/CMakeFiles/__idf_lwip.dir/lwip/src/core/def.c.obj

[234/1432] Building C object esp-idf/lwip/CMakeFiles/__idf_lwip.dir/lwip/src/api/sockets.c.obj

[235/1432] Building C object esp-idf/lwip/CMakeFiles/__idf_lwip.dir/lwip/src/core/inet_chksum.c.obj

[236/1432] Building C object esp-idf/lwip/CMakeFiles/__idf_lwip.dir/lwip/src/core/ip.c.obj

[237/1432] Building C object esp-idf/lwip/CMakeFiles/__idf_lwip.dir/lwip/src/core/mem.c.obj

[238/1432] Building C object esp-idf/lwip/CMakeFiles/__idf_lwip.dir/lwip/src/core/stats.c.obj

[239/1432] Building C object esp-idf/lwip/CMakeFiles/__idf_lwip.dir/lwip/src/core/init.c.obj

[240/1432] Building C object esp-idf/lwip/CMakeFiles/__idf_lwip.dir/lwip/src/core/memp.c.obj

[241/1432] Linking C static library esp-idf\esp_driver_rmt\libesp_driver_rmt.a

[242/1432] Building C object esp-idf/lwip/CMakeFiles/__idf_lwip.dir/lwip/src/core/sys.c.obj

[243/1432] Building C object esp-idf/lwip/CMakeFiles/__idf_lwip.dir/lwip/src/core/raw.c.obj

[244/1432] Building C object esp-idf/lwip/CMakeFiles/__idf_lwip.dir/lwip/src/core/dns.c.obj

[245/1432] Building C object esp-idf/lwip/CMakeFiles/__idf_lwip.dir/lwip/src/core/pbuf.c.obj

[246/1432] Building C object esp-idf/lwip/CMakeFiles/__idf_lwip.dir/lwip/src/core/netif.c.obj

[247/1432] Building C object esp-idf/lwip/CMakeFiles/__idf_lwip.dir/lwip/src/core/timeouts.c.obj

[248/1432] Building C object esp-idf/lwip/CMakeFiles/__idf_lwip.dir/lwip/src/core/tcp_out.c.obj

[249/1432] Building C object esp-idf/lwip/CMakeFiles/__idf_lwip.dir/lwip/src/core/tcp_in.c.obj

[250/1432] Building C object esp-idf/lwip/CMakeFiles/__idf_lwip.dir/lwip/src/core/tcp.c.obj

[251/1432] Linking C static library esp-idf\esp_driver_sdspi\libesp_driver_sdspi.a

[252/1432] Building C object esp-idf/lwip/CMakeFiles/__idf_lwip.dir/lwip/src/core/ipv4/autoip.c.obj

[253/1432] Building C object esp-idf/lwip/CMakeFiles/__idf_lwip.dir/lwip/src/core/ipv4/icmp.c.obj

[254/1432] Building C object esp-idf/lwip/CMakeFiles/__idf_lwip.dir/lwip/src/core/udp.c.obj

[255/1432] Building C object esp-idf/lwip/CMakeFiles/__idf_lwip.dir/lwip/src/core/ipv4/ip4_frag.c.obj

[256/1432] Building C object esp-idf/lwip/CMakeFiles/__idf_lwip.dir/lwip/src/core/ipv4/etharp.c.obj

[257/1432] Building C object esp-idf/lwip/CMakeFiles/__idf_lwip.dir/lwip/src/core/ipv4/ip4.c.obj

[258/1432] Building C object esp-idf/lwip/CMakeFiles/__idf_lwip.dir/lwip/src/core/ipv4/ip4_addr.c.obj

[259/1432] Building C object esp-idf/lwip/CMakeFiles/__idf_lwip.dir/lwip/src/core/ipv4/igmp.c.obj

[260/1432] Building C object esp-idf/lwip/CMakeFiles/__idf_lwip.dir/lwip/src/core/ipv6/ethip6.c.obj

[261/1432] Building C object esp-idf/lwip/CMakeFiles/__idf_lwip.dir/lwip/src/core/ipv4/ip4_napt.c.obj

[262/1432] Building C object esp-idf/lwip/CMakeFiles/__idf_lwip.dir/lwip/src/core/ipv6/dhcp6.c.obj

[263/1432] Building C object esp-idf/lwip/CMakeFiles/__idf_lwip.dir/lwip/src/core/ipv4/dhcp.c.obj

[264/1432] Building C object esp-idf/lwip/CMakeFiles/__idf_lwip.dir/lwip/src/core/ipv6/icmp6.c.obj

[265/1432] Linking C static library esp-idf\esp_driver_sdmmc\libesp_driver_sdmmc.a

[266/1432] Building C object esp-idf/lwip/CMakeFiles/__idf_lwip.dir/lwip/src/core/ipv6/inet6.c.obj

[267/1432] Building C object esp-idf/lwip/CMakeFiles/__idf_lwip.dir/lwip/src/core/ipv6/ip6_frag.c.obj

[268/1432] Building C object esp-idf/lwip/CMakeFiles/__idf_lwip.dir/lwip/src/netif/ppp/ccp.c.obj

[269/1432] Building C object esp-idf/lwip/CMakeFiles/__idf_lwip.dir/lwip/src/core/ipv6/ip6_addr.c.obj

[270/1432] Building C object esp-idf/lwip/CMakeFiles/__idf_lwip.dir/lwip/src/core/ipv6/ip6.c.obj

[271/1432] Building C object esp-idf/lwip/CMakeFiles/__idf_lwip.dir/lwip/src/netif/bridgeif.c.obj

[272/1432] Building C object esp-idf/lwip/CMakeFiles/__idf_lwip.dir/lwip/src/netif/ppp/auth.c.obj

[273/1432] Building C object esp-idf/lwip/CMakeFiles/__idf_lwip.dir/lwip/src/netif/ethernet.c.obj

[274/1432] Building C object esp-idf/lwip/CMakeFiles/__idf_lwip.dir/lwip/src/core/ipv6/mld6.c.obj

[275/1432] Building C object esp-idf/lwip/CMakeFiles/__idf_lwip.dir/lwip/src/netif/ppp/chap-md5.c.obj

[276/1432] Building C object esp-idf/lwip/CMakeFiles/__idf_lwip.dir/lwip/src/netif/ppp/demand.c.obj

[277/1432] Building C object esp-idf/lwip/CMakeFiles/__idf_lwip.dir/lwip/src/netif/ppp/chap_ms.c.obj

[278/1432] Building C object esp-idf/lwip/CMakeFiles/__idf_lwip.dir/lwip/src/netif/ppp/chap-new.c.obj

[279/1432] Building C object esp-idf/lwip/CMakeFiles/__idf_lwip.dir/lwip/src/netif/bridgeif_fdb.c.obj

[280/1432] Building C object esp-idf/lwip/CMakeFiles/__idf_lwip.dir/lwip/src/netif/slipif.c.obj

[281/1432] Building C object esp-idf/lwip/CMakeFiles/__idf_lwip.dir/lwip/src/netif/ppp/eap.c.obj

[282/1432] Building C object esp-idf/lwip/CMakeFiles/__idf_lwip.dir/lwip/src/netif/ppp/ecp.c.obj

[283/1432] Building C object esp-idf/lwip/CMakeFiles/__idf_lwip.dir/lwip/src/core/ipv6/nd6.c.obj

[284/1432] Linking C static library esp-idf\sdmmc\libsdmmc.a

[285/1432] Building C object esp-idf/lwip/CMakeFiles/__idf_lwip.dir/lwip/src/netif/ppp/fsm.c.obj

[286/1432] Building C object esp-idf/lwip/CMakeFiles/__idf_lwip.dir/lwip/src/netif/ppp/eui64.c.obj

[287/1432] Building C object esp-idf/lwip/CMakeFiles/__idf_lwip.dir/lwip/src/netif/ppp/pppapi.c.obj

[288/1432] Building C object esp-idf/lwip/CMakeFiles/__idf_lwip.dir/lwip/src/netif/ppp/mppe.c.obj

[289/1432] Building C object esp-idf/lwip/CMakeFiles/__idf_lwip.dir/lwip/src/netif/ppp/ppp.c.obj

[290/1432] Building C object esp-idf/lwip/CMakeFiles/__idf_lwip.dir/lwip/src/netif/ppp/ipv6cp.c.obj

[291/1432] Building C object esp-idf/lwip/CMakeFiles/__idf_lwip.dir/lwip/src/netif/ppp/lcp.c.obj

[292/1432] Building C object esp-idf/lwip/CMakeFiles/__idf_lwip.dir/lwip/src/netif/ppp/multilink.c.obj

[293/1432] Building C object esp-idf/lwip/CMakeFiles/__idf_lwip.dir/lwip/src/netif/ppp/pppcrypt.c.obj

[294/1432] Building C object esp-idf/lwip/CMakeFiles/__idf_lwip.dir/lwip/src/netif/ppp/ipcp.c.obj

[295/1432] Building C object esp-idf/lwip/CMakeFiles/__idf_lwip.dir/lwip/src/netif/ppp/pppol2tp.c.obj

[296/1432] Building C object esp-idf/lwip/CMakeFiles/__idf_lwip.dir/lwip/src/netif/ppp/magic.c.obj

[297/1432] Building C object esp-idf/lwip/CMakeFiles/__idf_lwip.dir/lwip/src/netif/ppp/pppos.c.obj

[298/1432] Building C object esp-idf/lwip/CMakeFiles/__idf_lwip.dir/lwip/src/netif/ppp/pppoe.c.obj

[299/1432] Building C object esp-idf/lwip/CMakeFiles/__idf_lwip.dir/lwip/src/netif/ppp/utils.c.obj

[300/1432] Building C object esp-idf/lwip/CMakeFiles/__idf_lwip.dir/lwip/src/netif/ppp/upap.c.obj

[301/1432] Building C object esp-idf/lwip/CMakeFiles/__idf_lwip.dir/lwip/src/netif/ppp/vj.c.obj

[302/1432] Linking C static library esp-idf\esp_driver_i2s\libesp_driver_i2s.a

[303/1432] Building C object esp-idf/lwip/CMakeFiles/__idf_lwip.dir/port/sockets_ext.c.obj

[304/1432] Building C object esp-idf/lwip/CMakeFiles/__idf_lwip.dir/port/if_index.c.obj

[305/1432] Building C object esp-idf/lwip/CMakeFiles/__idf_lwip.dir/port/debug/lwip_debug.c.obj

[306/1432] Building C object esp-idf/lwip/CMakeFiles/__idf_lwip.dir/port/hooks/lwip_default_hooks.c.obj

[307/1432] Building C object esp-idf/lwip/CMakeFiles/__idf_lwip.dir/port/hooks/tcp_isn_default.c.obj

[308/1432] Building C object esp-idf/lwip/CMakeFiles/__idf_lwip.dir/port/acd_dhcp_check.c.obj

[309/1432] Building C object esp-idf/lwip/CMakeFiles/__idf_lwip.dir/port/freertos/sys_arch.c.obj

[310/1432] Building C object esp-idf/lwip/CMakeFiles/__idf_lwip.dir/apps/ping/ping.c.obj

[311/1432] Building C object esp-idf/lwip/CMakeFiles/__idf_lwip.dir/port/esp32xx/vfs_lwip.c.obj

[312/1432] Building C object esp-idf/lwip/CMakeFiles/__idf_lwip.dir/lwip/src/netif/ppp/polarssl/md5.c.obj

[313/1432] Building C object esp-idf/lwip/CMakeFiles/__idf_lwip.dir/lwip/src/netif/ppp/polarssl/des.c.obj

[314/1432] Building C object esp-idf/lwip/CMakeFiles/__idf_lwip.dir/lwip/src/netif/ppp/polarssl/md4.c.obj

[315/1432] Building C object esp-idf/lwip/CMakeFiles/__idf_lwip.dir/lwip/src/netif/ppp/polarssl/arc4.c.obj

[316/1432] Building C object esp-idf/lwip/CMakeFiles/__idf_lwip.dir/apps/ping/esp_ping.c.obj

[317/1432] Building C object esp-idf/lwip/CMakeFiles/__idf_lwip.dir/lwip/src/netif/ppp/polarssl/sha1.c.obj

[318/1432] Building C object esp-idf/lwip/CMakeFiles/__idf_lwip.dir/apps/ping/ping_sock.c.obj

[319/1432] Linking C static library esp-idf\esp_driver_mcpwm\libesp_driver_mcpwm.a

[320/1432] Building C object esp-idf/lwip/CMakeFiles/__idf_lwip.dir/apps/dhcpserver/dhcpserver.c.obj

[321/1432] Building C object esp-idf/esp_phy/CMakeFiles/__idf_esp_phy.dir/esp32s3/phy_init_data.c.obj

[322/1432] Building C object esp-idf/esp_phy/CMakeFiles/__idf_esp_phy.dir/src/lib_printf.c.obj

[323/1432] Building C object esp-idf/esp_phy/CMakeFiles/__idf_esp_phy.dir/src/phy_override.c.obj

[324/1432] Building C object esp-idf/esp_driver_usb_serial_jtag/CMakeFiles/__idf_esp_driver_usb_serial_jtag.dir/src/usb_serial_jtag_connection_monitor.c.obj

[325/1432] Building C object esp-idf/vfs/CMakeFiles/__idf_vfs.dir/vfs_eventfd.c.obj

[326/1432] Building C object esp-idf/vfs/CMakeFiles/__idf_vfs.dir/nullfs.c.obj

[327/1432] Building C object esp-idf/esp_phy/CMakeFiles/__idf_esp_phy.dir/src/phy_common.c.obj

[328/1432] Building C object esp-idf/esp_phy/CMakeFiles/__idf_esp_phy.dir/src/btbb_init.c.obj

[329/1432] Building C object esp-idf/esp_vfs_console/CMakeFiles/__idf_esp_vfs_console.dir/vfs_console.c.obj

[330/1432] Building C object esp-idf/esp_driver_usb_serial_jtag/CMakeFiles/__idf_esp_driver_usb_serial_jtag.dir/src/usb_serial_jtag.c.obj

[331/1432] Building C object esp-idf/vfs/CMakeFiles/__idf_vfs.dir/vfs_semihost.c.obj

[332/1432] Linking C static library esp-idf\esp_driver_pcnt\libesp_driver_pcnt.a

[333/1432] Building C object esp-idf/esp_driver_usb_serial_jtag/CMakeFiles/__idf_esp_driver_usb_serial_jtag.dir/src/usb_serial_jtag_vfs.c.obj

[334/1432] Building C object esp-idf/esp_phy/CMakeFiles/__idf_esp_phy.dir/src/phy_init.c.obj

[335/1432] Building C object esp-idf/vfs/CMakeFiles/__idf_vfs.dir/vfs.c.obj

[336/1432] Building CXX object esp-idf/nvs_flash/CMakeFiles/__idf_nvs_flash.dir/src/nvs_platform.cpp.obj

[337/1432] Linking C static library esp-idf\esp_gdbstub\libesp_gdbstub.a

[338/1432] Building C object esp-idf/nvs_flash/CMakeFiles/__idf_nvs_flash.dir/src/nvs_bootloader_aes.c.obj

[339/1432] Building C object esp-idf/nvs_flash/CMakeFiles/__idf_nvs_flash.dir/src/nvs_bootloader.c.obj

[340/1432] Building C object esp-idf/nvs_flash/CMakeFiles/__idf_nvs_flash.dir/src/nvs_bootloader_xts_aes.c.obj

[341/1432] Building CXX object esp-idf/nvs_flash/CMakeFiles/__idf_nvs_flash.dir/src/nvs_partition.cpp.obj

[342/1432] Building C object esp-idf/esp_event/CMakeFiles/__idf_esp_event.dir/default_event_loop.c.obj

[343/1432] Linking C static library esp-idf\esp_driver_spi\libesp_driver_spi.a

[344/1432] Building CXX object esp-idf/nvs_flash/CMakeFiles/__idf_nvs_flash.dir/src/nvs_partition_lookup.cpp.obj

[345/1432] Building C object esp-idf/esp_event/CMakeFiles/__idf_esp_event.dir/esp_event_private.c.obj

[346/1432] Building C object esp-idf/esp_event/CMakeFiles/__idf_esp_event.dir/esp_event.c.obj

[347/1432] Building C object esp-idf/esp_driver_uart/CMakeFiles/__idf_esp_driver_uart.dir/src/uart_wakeup.c.obj

[348/1432] Building C object esp-idf/esp_psram/CMakeFiles/__idf_esp_psram.dir/system_layer/esp_psram_mspi.c.obj

[349/1432] Linking C static library esp-idf\esp_wifi\libesp_wifi.a

[350/1432] Building C object esp-idf/esp_driver_uart/CMakeFiles/__idf_esp_driver_uart.dir/src/uhci.c.obj

[351/1432] Building C object esp-idf/esp_driver_uart/CMakeFiles/__idf_esp_driver_uart.dir/src/uart_vfs.c.obj

[352/1432] Building C object esp-idf/esp_psram/CMakeFiles/__idf_esp_psram.dir/xip_impl/mmu_psram_flash.c.obj

[353/1432] Building C object esp-idf/esp_psram/CMakeFiles/__idf_esp_psram.dir/device/esp_psram_impl_ap_quad.c.obj

[354/1432] Building C object esp-idf/esp_psram/CMakeFiles/__idf_esp_psram.dir/system_layer/esp_psram.c.obj

[355/1432] Building C object esp-idf/esp_driver_uart/CMakeFiles/__idf_esp_driver_uart.dir/src/uart.c.obj

[356/1432] Linking C static library esp-idf\esp_coex\libesp_coex.a

[357/1432] Building C object esp-idf/esp_timer/CMakeFiles/__idf_esp_timer.dir/src/esp_timer_init.c.obj

[358/1432] Building C object esp-idf/esp_timer/CMakeFiles/__idf_esp_timer.dir/src/esp_timer.c.obj

[359/1432] Building C object esp-idf/esp_driver_gptimer/CMakeFiles/__idf_esp_driver_gptimer.dir/src/gptimer_common.c.obj

[360/1432] Building C object esp-idf/esp_ringbuf/CMakeFiles/__idf_esp_ringbuf.dir/ringbuf.c.obj

[361/1432] Building C object esp-idf/esp_driver_gptimer/CMakeFiles/__idf_esp_driver_gptimer.dir/src/gptimer.c.obj

[362/1432] Building C object esp-idf/esp_timer/CMakeFiles/__idf_esp_timer.dir/src/ets_timer_legacy.c.obj

[363/1432] Building CXX object esp-idf/cxx/CMakeFiles/__idf_cxx.dir/cxx_init.cpp.obj

[364/1432] Building CXX object esp-idf/nvs_flash/CMakeFiles/__idf_nvs_flash.dir/src/nvs_handle_locked.cpp.obj

[365/1432] Building C object esp-idf/esp_timer/CMakeFiles/__idf_esp_timer.dir/src/esp_timer_impl_common.c.obj

[366/1432] Building CXX object esp-idf/cxx/CMakeFiles/__idf_cxx.dir/cxx_exception_stubs.cpp.obj

[367/1432] Building C object esp-idf/esp_timer/CMakeFiles/__idf_esp_timer.dir/src/system_time.c.obj

[368/1432] Building CXX object esp-idf/nvs_flash/CMakeFiles/__idf_nvs_flash.dir/src/nvs_encrypted_partition.cpp.obj

[369/1432] Building CXX object esp-idf/nvs_flash/CMakeFiles/__idf_nvs_flash.dir/src/nvs_cxx_api.cpp.obj

[370/1432] Building CXX object esp-idf/nvs_flash/CMakeFiles/__idf_nvs_flash.dir/src/nvs_item_hash_list.cpp.obj

[371/1432] Building CXX object esp-idf/nvs_flash/CMakeFiles/__idf_nvs_flash.dir/src/nvs_partition_manager.cpp.obj

[372/1432] Building C object esp-idf/esp_timer/CMakeFiles/__idf_esp_timer.dir/src/esp_timer_impl_systimer.c.obj

[373/1432] Building CXX object esp-idf/nvs_flash/CMakeFiles/__idf_nvs_flash.dir/src/nvs_types.cpp.obj

[374/1432] Building CXX object esp-idf/nvs_flash/CMakeFiles/__idf_nvs_flash.dir/src/nvs_handle_simple.cpp.obj

[375/1432] Building CXX object esp-idf/nvs_flash/CMakeFiles/__idf_nvs_flash.dir/src/nvs_pagemanager.cpp.obj

[376/1432] Linking C static library esp-idf\wpa_supplicant\libwpa_supplicant.a

[377/1432] Building CXX object esp-idf/nvs_flash/CMakeFiles/__idf_nvs_flash.dir/src/nvs_page.cpp.obj

[378/1432] Building C object esp-idf/newlib/CMakeFiles/__idf_newlib.dir/src/init.c.obj

[379/1432] Building C object esp-idf/newlib/CMakeFiles/__idf_newlib.dir/src/abort.c.obj

[380/1432] Building C object esp-idf/newlib/CMakeFiles/__idf_newlib.dir/src/heap.c.obj

[381/1432] Building C object esp-idf/newlib/CMakeFiles/__idf_newlib.dir/src/poll.c.obj

[382/1432] Building C object esp-idf/newlib/CMakeFiles/__idf_newlib.dir/src/assert.c.obj

[383/1432] Building C object esp-idf/pthread/CMakeFiles/__idf_pthread.dir/pthread_semaphore.c.obj

[384/1432] Building C object esp-idf/pthread/CMakeFiles/__idf_pthread.dir/pthread_cond_var.c.obj

[385/1432] Building C object esp-idf/newlib/CMakeFiles/__idf_newlib.dir/src/pthread.c.obj

[386/1432] Building C object esp-idf/pthread/CMakeFiles/__idf_pthread.dir/pthread_local_storage.c.obj

[387/1432] Building CXX object esp-idf/cxx/CMakeFiles/__idf_cxx.dir/cxx_guards.cpp.obj

[388/1432] Building CXX object esp-idf/nvs_flash/CMakeFiles/__idf_nvs_flash.dir/src/nvs_storage.cpp.obj

[389/1432] Building C object esp-idf/pthread/CMakeFiles/__idf_pthread.dir/pthread_rwlock.c.obj

[390/1432] Building C object esp-idf/newlib/CMakeFiles/__idf_newlib.dir/src/locks.c.obj

[391/1432] Building C object esp-idf/pthread/CMakeFiles/__idf_pthread.dir/pthread.c.obj

[392/1432] Building C object esp-idf/newlib/CMakeFiles/__idf_newlib.dir/src/random.c.obj

[393/1432] Building CXX object esp-idf/nvs_flash/CMakeFiles/__idf_nvs_flash.dir/src/nvs_api.cpp.obj

[394/1432] Building C object esp-idf/newlib/CMakeFiles/__idf_newlib.dir/src/getentropy.c.obj

[395/1432] Building C object esp-idf/newlib/CMakeFiles/__idf_newlib.dir/src/termios.c.obj

[396/1432] Building C object esp-idf/newlib/CMakeFiles/__idf_newlib.dir/src/reent_init.c.obj

[397/1432] Building C object esp-idf/newlib/CMakeFiles/__idf_newlib.dir/src/syscalls.c.obj

[398/1432] Building C object esp-idf/newlib/CMakeFiles/__idf_newlib.dir/src/scandir.c.obj

[399/1432] Building C object esp-idf/newlib/CMakeFiles/__idf_newlib.dir/src/realpath.c.obj

[400/1432] Building C object esp-idf/newlib/CMakeFiles/__idf_newlib.dir/src/flockfile.c.obj

[401/1432] Building C object esp-idf/newlib/CMakeFiles/__idf_newlib.dir/src/sysconf.c.obj

[402/1432] Building C object esp-idf/newlib/CMakeFiles/__idf_newlib.dir/src/port/esp_time_impl.c.obj

[403/1432] Building C object esp-idf/newlib/CMakeFiles/__idf_newlib.dir/src/time.c.obj

[404/1432] Building C object esp-idf/newlib/CMakeFiles/__idf_newlib.dir/src/newlib_init.c.obj

[405/1432] Linking C static library esp-idf\esp_netif\libesp_netif.a

[406/1432] Building C object esp-idf/freertos/CMakeFiles/__idf_freertos.dir/heap_idf.c.obj

[407/1432] Building C object esp-idf/newlib/CMakeFiles/__idf_newlib.dir/src/reent_syscalls.c.obj

[408/1432] Building C object esp-idf/freertos/CMakeFiles/__idf_freertos.dir/app_startup.c.obj

[409/1432] Building C object esp-idf/newlib/CMakeFiles/__idf_newlib.dir/src/port/xtensa/stdatomic_s32c1i.c.obj

[410/1432] Building C object esp-idf/freertos/CMakeFiles/__idf_freertos.dir/port_common.c.obj

[411/1432] Building C object esp-idf/freertos/CMakeFiles/__idf_freertos.dir/FreeRTOS-Kernel/list.c.obj

[412/1432] Building C object esp-idf/freertos/CMakeFiles/__idf_freertos.dir/port_systick.c.obj

[413/1432] Building ASM object esp-idf/freertos/CMakeFiles/__idf_freertos.dir/FreeRTOS-Kernel/portable/xtensa/portasm.S.obj

[414/1432] Building C object esp-idf/freertos/CMakeFiles/__idf_freertos.dir/FreeRTOS-Kernel/portable/xtensa/xtensa_init.c.obj

[415/1432] Building C object esp-idf/freertos/CMakeFiles/__idf_freertos.dir/FreeRTOS-Kernel/event_groups.c.obj

[416/1432] Building C object esp-idf/newlib/CMakeFiles/__idf_newlib.dir/src/stdatomic.c.obj

[417/1432] Building C object esp-idf/freertos/CMakeFiles/__idf_freertos.dir/FreeRTOS-Kernel/portable/xtensa/xtensa_overlay_os_hook.c.obj

[418/1432] Building C object esp-idf/freertos/CMakeFiles/__idf_freertos.dir/FreeRTOS-Kernel/stream_buffer.c.obj

[419/1432] Building C object esp-idf/freertos/CMakeFiles/__idf_freertos.dir/FreeRTOS-Kernel/timers.c.obj

[420/1432] Building C object esp-idf/freertos/CMakeFiles/__idf_freertos.dir/esp_additions/idf_additions_event_groups.c.obj

[421/1432] Building C object esp-idf/freertos/CMakeFiles/__idf_freertos.dir/esp_additions/freertos_compatibility.c.obj

[422/1432] Building C object esp-idf/freertos/CMakeFiles/__idf_freertos.dir/FreeRTOS-Kernel/queue.c.obj

[423/1432] Building C object esp-idf/freertos/CMakeFiles/__idf_freertos.dir/FreeRTOS-Kernel/portable/xtensa/port.c.obj

[424/1432] Building C object esp-idf/esp_hw_support/CMakeFiles/__idf_esp_hw_support.dir/cpu.c.obj

[425/1432] Building C object esp-idf/freertos/CMakeFiles/__idf_freertos.dir/esp_additions/idf_additions.c.obj

[426/1432] Building C object esp-idf/esp_hw_support/CMakeFiles/__idf_esp_hw_support.dir/port/esp32s3/esp_cpu_intr.c.obj

[427/1432] Building C object esp-idf/esp_hw_support/CMakeFiles/__idf_esp_hw_support.dir/port/esp32s3/cpu_region_protect.c.obj

[428/1432] Building C object esp-idf/esp_hw_support/CMakeFiles/__idf_esp_hw_support.dir/esp_memory_utils.c.obj

[429/1432] Building C object esp-idf/esp_hw_support/CMakeFiles/__idf_esp_hw_support.dir/mac_addr.c.obj

[430/1432] Building C object esp-idf/esp_hw_support/CMakeFiles/__idf_esp_hw_support.dir/revision.c.obj

[431/1432] Building C object esp-idf/esp_hw_support/CMakeFiles/__idf_esp_hw_support.dir/esp_clk.c.obj

[432/1432] Building C object esp-idf/esp_hw_support/CMakeFiles/__idf_esp_hw_support.dir/esp_gpio_reserve.c.obj

[433/1432] Building C object esp-idf/esp_hw_support/CMakeFiles/__idf_esp_hw_support.dir/hw_random.c.obj

[434/1432] Building C object esp-idf/esp_hw_support/CMakeFiles/__idf_esp_hw_support.dir/clk_ctrl_os.c.obj

[435/1432] Building C object esp-idf/freertos/CMakeFiles/__idf_freertos.dir/FreeRTOS-Kernel/tasks.c.obj

[436/1432] Linking C static library esp-idf\lwip\liblwip.a

[437/1432] Building C object esp-idf/esp_hw_support/CMakeFiles/__idf_esp_hw_support.dir/intr_alloc.c.obj

[438/1432] Building C object esp-idf/esp_hw_support/CMakeFiles/__idf_esp_hw_support.dir/port/esp32s3/esp_clk_tree.c.obj

[439/1432] Building C object esp-idf/esp_hw_support/CMakeFiles/__idf_esp_hw_support.dir/rtc_module.c.obj

[440/1432] Building C object esp-idf/esp_hw_support/CMakeFiles/__idf_esp_hw_support.dir/periph_ctrl.c.obj

[441/1432] Building C object esp-idf/esp_hw_support/CMakeFiles/__idf_esp_hw_support.dir/sar_periph_ctrl_common.c.obj

[442/1432] Building C object esp-idf/esp_hw_support/CMakeFiles/__idf_esp_hw_support.dir/port/esp32s3/io_mux.c.obj

[443/1432] Building C object esp-idf/esp_hw_support/CMakeFiles/__idf_esp_hw_support.dir/regi2c_ctrl.c.obj

[444/1432] Building C object esp-idf/esp_hw_support/CMakeFiles/__idf_esp_hw_support.dir/port/esp_clk_tree_common.c.obj

[445/1432] Building C object esp-idf/esp_hw_support/CMakeFiles/__idf_esp_hw_support.dir/dma/gdma_link.c.obj

[446/1432] Building C object esp-idf/esp_hw_support/CMakeFiles/__idf_esp_hw_support.dir/dma/esp_dma_utils.c.obj

[447/1432] Building C object esp-idf/esp_hw_support/CMakeFiles/__idf_esp_hw_support.dir/sleep_mspi.c.obj

[448/1432] Building C object esp-idf/esp_hw_support/CMakeFiles/__idf_esp_hw_support.dir/sleep_usb.c.obj

[449/1432] Building C object esp-idf/esp_hw_support/CMakeFiles/__idf_esp_hw_support.dir/clk_utils.c.obj

[450/1432] Building C object esp-idf/esp_hw_support/CMakeFiles/__idf_esp_hw_support.dir/spi_bus_lock.c.obj

[451/1432] Building C object esp-idf/esp_hw_support/CMakeFiles/__idf_esp_hw_support.dir/spi_share_hw_ctrl.c.obj

[452/1432] Building C object esp-idf/esp_hw_support/CMakeFiles/__idf_esp_hw_support.dir/sleep_console.c.obj

[453/1432] Building C object esp-idf/esp_hw_support/CMakeFiles/__idf_esp_hw_support.dir/port/esp32s3/systimer.c.obj

[454/1432] Linking C static library esp-idf\vfs\libvfs.a

[455/1432] Building C object esp-idf/esp_hw_support/CMakeFiles/__idf_esp_hw_support.dir/sleep_modem.c.obj

[456/1432] Building C object esp-idf/esp_hw_support/CMakeFiles/__idf_esp_hw_support.dir/adc_share_hw_ctrl.c.obj

[457/1432] Building C object esp-idf/esp_hw_support/CMakeFiles/__idf_esp_hw_support.dir/dma/esp_async_memcpy.c.obj

[458/1432] Building C object esp-idf/esp_hw_support/CMakeFiles/__idf_esp_hw_support.dir/sleep_event.c.obj

[459/1432] Building C object esp-idf/esp_hw_support/CMakeFiles/__idf_esp_hw_support.dir/sleep_gpio.c.obj

[460/1432] Building C object esp-idf/esp_hw_support/CMakeFiles/__idf_esp_hw_support.dir/mspi_timing_tuning/mspi_timing_tuning.c.obj

[461/1432] Building C object esp-idf/esp_hw_support/CMakeFiles/__idf_esp_hw_support.dir/deprecated/gdma_legacy.c.obj

[462/1432] Building C object esp-idf/esp_hw_support/CMakeFiles/__idf_esp_hw_support.dir/sleep_wake_stub.c.obj

[463/1432] Linking C static library esp-idf\esp_vfs_console\libesp_vfs_console.a

[464/1432] Building C object esp-idf/esp_hw_support/CMakeFiles/__idf_esp_hw_support.dir/port/esp32s3/rtc_clk_init.c.obj

[465/1432] Building C object esp-idf/esp_hw_support/CMakeFiles/__idf_esp_hw_support.dir/port/esp32s3/chip_info.c.obj

[466/1432] Building C object esp-idf/esp_hw_support/CMakeFiles/__idf_esp_hw_support.dir/dma/async_memcpy_gdma.c.obj

[467/1432] Building C object esp-idf/esp_hw_support/CMakeFiles/__idf_esp_hw_support.dir/port/esp32s3/rtc_sleep.c.obj

[468/1432] Building C object esp-idf/esp_hw_support/CMakeFiles/__idf_esp_hw_support.dir/port/esp32s3/rtc_time.c.obj

[469/1432] Building C object esp-idf/esp_hw_support/CMakeFiles/__idf_esp_hw_support.dir/port/esp32s3/rtc_init.c.obj

[470/1432] Building C object esp-idf/esp_hw_support/CMakeFiles/__idf_esp_hw_support.dir/dma/gdma.c.obj

[471/1432] Building C object esp-idf/esp_hw_support/CMakeFiles/__idf_esp_hw_support.dir/port/esp32s3/rtc_clk.c.obj

[472/1432] Building C object esp-idf/esp_hw_support/CMakeFiles/__idf_esp_hw_support.dir/power_supply/brownout.c.obj

[473/1432] Building C object esp-idf/esp_hw_support/CMakeFiles/__idf_esp_hw_support.dir/esp_clock_output.c.obj

[474/1432] Building C object esp-idf/esp_hw_support/CMakeFiles/__idf_esp_hw_support.dir/port/esp32s3/sar_periph_ctrl.c.obj

[475/1432] Building C object esp-idf/esp_hw_support/CMakeFiles/__idf_esp_hw_support.dir/port/esp_memprot_conv.c.obj

[476/1432] Building C object esp-idf/esp_hw_support/CMakeFiles/__idf_esp_hw_support.dir/sleep_modes.c.obj

[477/1432] Building C object esp-idf/esp_security/CMakeFiles/__idf_esp_security.dir/src/esp_crypto_lock.c.obj

[478/1432] Linking C static library esp-idf\esp_driver_usb_serial_jtag\libesp_driver_usb_serial_jtag.a

[479/1432] Building C object esp-idf/esp_hw_support/CMakeFiles/__idf_esp_hw_support.dir/mspi_timing_tuning/port/esp32s3/mspi_timing_config.c.obj

[480/1432] Building C object esp-idf/soc/CMakeFiles/__idf_soc.dir/esp32s3/interrupts.c.obj

[481/1432] Building C object esp-idf/soc/CMakeFiles/__idf_soc.dir/dport_access_common.c.obj

[482/1432] Building C object esp-idf/soc/CMakeFiles/__idf_soc.dir/esp32s3/uart_periph.c.obj

[483/1432] Building C object esp-idf/esp_security/CMakeFiles/__idf_esp_security.dir/src/init.c.obj

[484/1432] Building C object esp-idf/esp_hw_support/CMakeFiles/__idf_esp_hw_support.dir/mspi_timing_tuning/port/esp32s3/mspi_timing_by_mspi_delay.c.obj

[485/1432] Building C object esp-idf/soc/CMakeFiles/__idf_soc.dir/lldesc.c.obj

[486/1432] Building C object esp-idf/esp_security/CMakeFiles/__idf_esp_security.dir/src/esp_hmac.c.obj

[487/1432] Building C object esp-idf/esp_hw_support/CMakeFiles/__idf_esp_hw_support.dir/lowpower/port/esp32s3/sleep_cpu.c.obj

[488/1432] Building C object esp-idf/soc/CMakeFiles/__idf_soc.dir/esp32s3/gpio_periph.c.obj

[489/1432] Building C object esp-idf/esp_security/CMakeFiles/__idf_esp_security.dir/src/esp_crypto_periph_clk.c.obj

[490/1432] Building C object esp-idf/esp_security/CMakeFiles/__idf_esp_security.dir/src/esp_ds.c.obj

[491/1432] Building C object esp-idf/soc/CMakeFiles/__idf_soc.dir/esp32s3/dedic_gpio_periph.c.obj

[492/1432] Building C object esp-idf/soc/CMakeFiles/__idf_soc.dir/esp32s3/adc_periph.c.obj

[493/1432] Building C object esp-idf/soc/CMakeFiles/__idf_soc.dir/esp32s3/gdma_periph.c.obj

[494/1432] Building C object esp-idf/soc/CMakeFiles/__idf_soc.dir/esp32s3/ledc_periph.c.obj

[495/1432] Building C object esp-idf/soc/CMakeFiles/__idf_soc.dir/esp32s3/rmt_periph.c.obj

[496/1432] Building C object esp-idf/soc/CMakeFiles/__idf_soc.dir/esp32s3/spi_periph.c.obj

[497/1432] Building C object esp-idf/soc/CMakeFiles/__idf_soc.dir/esp32s3/pcnt_periph.c.obj

[498/1432] Building C object esp-idf/soc/CMakeFiles/__idf_soc.dir/esp32s3/sdm_periph.c.obj

[499/1432] Building C object esp-idf/esp_hw_support/CMakeFiles/__idf_esp_hw_support.dir/port/esp32s3/esp_memprot.c.obj

[500/1432] Building C object esp-idf/soc/CMakeFiles/__idf_soc.dir/esp32s3/i2c_periph.c.obj

[501/1432] Building C object esp-idf/soc/CMakeFiles/__idf_soc.dir/esp32s3/i2s_periph.c.obj

[502/1432] Linking C static library esp-idf\esp_phy\libesp_phy.a

[503/1432] Building C object esp-idf/soc/CMakeFiles/__idf_soc.dir/esp32s3/temperature_sensor_periph.c.obj

[504/1432] Building C object esp-idf/soc/CMakeFiles/__idf_soc.dir/esp32s3/timer_periph.c.obj

[505/1432] Building C object esp-idf/soc/CMakeFiles/__idf_soc.dir/esp32s3/lcd_periph.c.obj

[506/1432] Building C object esp-idf/soc/CMakeFiles/__idf_soc.dir/esp32s3/twai_periph.c.obj

[507/1432] Building C object esp-idf/soc/CMakeFiles/__idf_soc.dir/esp32s3/touch_sensor_periph.c.obj

[508/1432] Building C object esp-idf/soc/CMakeFiles/__idf_soc.dir/esp32s3/mcpwm_periph.c.obj

[509/1432] Building C object esp-idf/soc/CMakeFiles/__idf_soc.dir/esp32s3/usb_dwc_periph.c.obj

[510/1432] Building C object esp-idf/soc/CMakeFiles/__idf_soc.dir/esp32s3/sdmmc_periph.c.obj

[511/1432] Building C object esp-idf/soc/CMakeFiles/__idf_soc.dir/esp32s3/mpi_periph.c.obj

[512/1432] Building C object esp-idf/soc/CMakeFiles/__idf_soc.dir/esp32s3/power_supply_periph.c.obj

[513/1432] Building C object esp-idf/soc/CMakeFiles/__idf_soc.dir/esp32s3/cam_periph.c.obj

[514/1432] Building C object esp-idf/soc/CMakeFiles/__idf_soc.dir/esp32s3/wdt_periph.c.obj

[515/1432] Building C object esp-idf/soc/CMakeFiles/__idf_soc.dir/esp32s3/rtc_io_periph.c.obj

[516/1432] Building C object esp-idf/heap/CMakeFiles/__idf_heap.dir/port/esp32s3/memory_layout.c.obj

[517/1432] Building C object esp-idf/heap/CMakeFiles/__idf_heap.dir/port/memory_layout_utils.c.obj

[518/1432] Building C object esp-idf/log/CMakeFiles/__idf_log.dir/src/buffer/log_buffers.c.obj

[519/1432] Building C object esp-idf/log/CMakeFiles/__idf_log.dir/src/util.c.obj

[520/1432] Linking C static library esp-idf\nvs_flash\libnvs_flash.a

[521/1432] Building C object esp-idf/heap/CMakeFiles/__idf_heap.dir/heap_caps_base.c.obj

[522/1432] Building C object esp-idf/log/CMakeFiles/__idf_log.dir/src/os/log_timestamp.c.obj

[523/1432] Building C object esp-idf/heap/CMakeFiles/__idf_heap.dir/heap_caps_init.c.obj

[524/1432] Building C object esp-idf/heap/CMakeFiles/__idf_heap.dir/multi_heap.c.obj

[525/1432] Building C object esp-idf/log/CMakeFiles/__idf_log.dir/src/log_format_text.c.obj

[526/1432] Building C object esp-idf/log/CMakeFiles/__idf_log.dir/src/log_print.c.obj

[527/1432] Building C object esp-idf/heap/CMakeFiles/__idf_heap.dir/heap_caps.c.obj

[528/1432] Building C object esp-idf/log/CMakeFiles/__idf_log.dir/src/os/log_lock.c.obj

[529/1432] Building C object esp-idf/log/CMakeFiles/__idf_log.dir/src/log_timestamp_common.c.obj

[530/1432] Building C object esp-idf/log/CMakeFiles/__idf_log.dir/src/os/util.c.obj

[531/1432] Building C object esp-idf/log/CMakeFiles/__idf_log.dir/src/log.c.obj

[532/1432] Building C object esp-idf/log/CMakeFiles/__idf_log.dir/src/log_level/log_level.c.obj

[533/1432] Building C object esp-idf/log/CMakeFiles/__idf_log.dir/src/os/log_write.c.obj

[534/1432] Building C object esp-idf/hal/CMakeFiles/__idf_hal.dir/hal_utils.c.obj

[535/1432] Building C object esp-idf/log/CMakeFiles/__idf_log.dir/src/log_level/tag_log_level/tag_log_level.c.obj

[536/1432] Building C object esp-idf/log/CMakeFiles/__idf_log.dir/src/log_level/tag_log_level/cache/log_binary_heap.c.obj

[537/1432] Building C object esp-idf/log/CMakeFiles/__idf_log.dir/src/log_level/tag_log_level/linked_list/log_linked_list.c.obj

[538/1432] Building C object esp-idf/hal/CMakeFiles/__idf_hal.dir/color_hal.c.obj

[539/1432] Building C object esp-idf/hal/CMakeFiles/__idf_hal.dir/mpu_hal.c.obj

[540/1432] Building C object esp-idf/hal/CMakeFiles/__idf_hal.dir/efuse_hal.c.obj

[541/1432] Building C object esp-idf/hal/CMakeFiles/__idf_hal.dir/esp32s3/efuse_hal.c.obj

[542/1432] Building C object esp-idf/heap/CMakeFiles/__idf_heap.dir/tlsf/tlsf.c.obj

[543/1432] Linking C static library esp-idf\esp_event\libesp_event.a

[544/1432] Building C object esp-idf/hal/CMakeFiles/__idf_hal.dir/mmu_hal.c.obj

[545/1432] Building C object esp-idf/hal/CMakeFiles/__idf_hal.dir/spi_flash_encrypt_hal_iram.c.obj

[546/1432] Building C object esp-idf/hal/CMakeFiles/__idf_hal.dir/cache_hal.c.obj

[547/1432] Building C object esp-idf/hal/CMakeFiles/__idf_hal.dir/spi_flash_hal.c.obj

[548/1432] Building C object esp-idf/hal/CMakeFiles/__idf_hal.dir/esp32s3/clk_tree_hal.c.obj

[549/1432] Building C object esp-idf/hal/CMakeFiles/__idf_hal.dir/uart_hal.c.obj

[550/1432] Building C object esp-idf/hal/CMakeFiles/__idf_hal.dir/systimer_hal.c.obj

[551/1432] Building C object esp-idf/hal/CMakeFiles/__idf_hal.dir/timer_hal.c.obj

[552/1432] Building C object esp-idf/hal/CMakeFiles/__idf_hal.dir/spi_flash_hal_iram.c.obj

[553/1432] Building C object esp-idf/hal/CMakeFiles/__idf_hal.dir/uart_hal_iram.c.obj

[554/1432] Building C object esp-idf/hal/CMakeFiles/__idf_hal.dir/ledc_hal.c.obj

[555/1432] Building C object esp-idf/hal/CMakeFiles/__idf_hal.dir/gpio_hal.c.obj

[556/1432] Building C object esp-idf/hal/CMakeFiles/__idf_hal.dir/i2c_hal.c.obj

[557/1432] Building C object esp-idf/hal/CMakeFiles/__idf_hal.dir/ledc_hal_iram.c.obj

[558/1432] Building C object esp-idf/hal/CMakeFiles/__idf_hal.dir/i2c_hal_iram.c.obj

[559/1432] Building C object esp-idf/hal/CMakeFiles/__idf_hal.dir/rmt_hal.c.obj

[560/1432] Building C object esp-idf/hal/CMakeFiles/__idf_hal.dir/rtc_io_hal.c.obj

[561/1432] Building C object esp-idf/hal/CMakeFiles/__idf_hal.dir/pcnt_hal.c.obj

[562/1432] Linking C static library esp-idf\esp_driver_uart\libesp_driver_uart.a

[563/1432] Building C object esp-idf/hal/CMakeFiles/__idf_hal.dir/uhci_hal.c.obj

[564/1432] Building C object esp-idf/hal/CMakeFiles/__idf_hal.dir/mcpwm_hal.c.obj

[565/1432] Building C object esp-idf/hal/CMakeFiles/__idf_hal.dir/gdma_hal_top.c.obj

[566/1432] Building C object esp-idf/hal/CMakeFiles/__idf_hal.dir/sdm_hal.c.obj

[567/1432] Building C object esp-idf/hal/CMakeFiles/__idf_hal.dir/twai_hal_v1.c.obj

[568/1432] Building C object esp-idf/hal/CMakeFiles/__idf_hal.dir/mpi_hal.c.obj

[569/1432] Building C object esp-idf/hal/CMakeFiles/__idf_hal.dir/gdma_hal_ahb_v1.c.obj

[570/1432] Building C object esp-idf/hal/CMakeFiles/__idf_hal.dir/sha_hal.c.obj

[571/1432] Building C object esp-idf/hal/CMakeFiles/__idf_hal.dir/adc_hal_common.c.obj

[572/1432] Building C object esp-idf/hal/CMakeFiles/__idf_hal.dir/sdmmc_hal.c.obj

[573/1432] Building C object esp-idf/hal/CMakeFiles/__idf_hal.dir/lcd_hal.c.obj

[574/1432] Building C object esp-idf/hal/CMakeFiles/__idf_hal.dir/aes_hal.c.obj

[575/1432] Building C object esp-idf/hal/CMakeFiles/__idf_hal.dir/adc_oneshot_hal.c.obj

[576/1432] Building C object esp-idf/hal/CMakeFiles/__idf_hal.dir/adc_hal.c.obj

[577/1432] Building C object esp-idf/hal/CMakeFiles/__idf_hal.dir/i2s_hal.c.obj

[578/1432] Building C object esp-idf/hal/CMakeFiles/__idf_hal.dir/brownout_hal.c.obj

[579/1432] Building C object esp-idf/hal/CMakeFiles/__idf_hal.dir/spi_slave_hal.c.obj

[580/1432] Building C object esp-idf/hal/CMakeFiles/__idf_hal.dir/spi_hal.c.obj

[581/1432] Linking C static library esp-idf\esp_psram\libesp_psram.a

[582/1432] Building C object esp-idf/hal/CMakeFiles/__idf_hal.dir/spi_slave_hal_iram.c.obj

[583/1432] Building C object esp-idf/hal/CMakeFiles/__idf_hal.dir/ds_hal.c.obj

[584/1432] Building C object esp-idf/hal/CMakeFiles/__idf_hal.dir/usb_serial_jtag_hal.c.obj

[585/1432] Building C object esp-idf/hal/CMakeFiles/__idf_hal.dir/hmac_hal.c.obj

[586/1432] Building C object esp-idf/hal/CMakeFiles/__idf_hal.dir/spi_hal_iram.c.obj

[587/1432] Building C object esp-idf/hal/CMakeFiles/__idf_hal.dir/cam_hal.c.obj

[588/1432] Building C object esp-idf/hal/CMakeFiles/__idf_hal.dir/spi_slave_hd_hal.c.obj

[589/1432] Building C object esp-idf/hal/CMakeFiles/__idf_hal.dir/usb_wrap_hal.c.obj

[590/1432] Building C object esp-idf/hal/CMakeFiles/__idf_hal.dir/touch_sens_hal.c.obj

[591/1432] Building C object esp-idf/hal/CMakeFiles/__idf_hal.dir/spi_flash_hal_gpspi.c.obj

[592/1432] Building C object esp-idf/hal/CMakeFiles/__idf_hal.dir/esp32s3/touch_sensor_hal.c.obj

[593/1432] Building C object esp-idf/hal/CMakeFiles/__idf_hal.dir/touch_sensor_hal.c.obj

[594/1432] Building C object esp-idf/hal/CMakeFiles/__idf_hal.dir/usb_dwc_hal.c.obj

[595/1432] Building C object esp-idf/hal/CMakeFiles/__idf_hal.dir/xt_wdt_hal.c.obj

[596/1432] Building C object esp-idf/hal/CMakeFiles/__idf_hal.dir/esp32s3/rtc_cntl_hal.c.obj

[597/1432] Building C object esp-idf/esp_rom/CMakeFiles/__idf_esp_rom.dir/patches/esp_rom_crc.c.obj

[598/1432] Building ASM object esp-idf/esp_rom/CMakeFiles/__idf_esp_rom.dir/patches/esp_rom_longjmp.S.obj

[599/1432] Building ASM object esp-idf/esp_rom/CMakeFiles/__idf_esp_rom.dir/patches/esp_rom_cache_writeback_esp32s3.S.obj

[600/1432] Building C object esp-idf/esp_rom/CMakeFiles/__idf_esp_rom.dir/patches/esp_rom_print.c.obj

[601/1432] Building C object esp-idf/esp_rom/CMakeFiles/__idf_esp_rom.dir/patches/esp_rom_gpio.c.obj

[602/1432] Building C object esp-idf/esp_rom/CMakeFiles/__idf_esp_rom.dir/patches/esp_rom_systimer.c.obj

[603/1432] Building C object esp-idf/esp_rom/CMakeFiles/__idf_esp_rom.dir/patches/esp_rom_efuse.c.obj

[604/1432] Building C object esp-idf/esp_rom/CMakeFiles/__idf_esp_rom.dir/patches/esp_rom_spiflash.c.obj

[605/1432] Building C object esp-idf/esp_rom/CMakeFiles/__idf_esp_rom.dir/patches/esp_rom_uart.c.obj

[606/1432] Building C object esp-idf/esp_rom/CMakeFiles/__idf_esp_rom.dir/patches/esp_rom_sys.c.obj

[607/1432] Linking C static library esp-idf\esp_ringbuf\libesp_ringbuf.a

[608/1432] Building C object esp-idf/esp_rom/CMakeFiles/__idf_esp_rom.dir/patches/esp_rom_wdt.c.obj

[609/1432] Building C object esp-idf/esp_rom/CMakeFiles/__idf_esp_rom.dir/patches/esp_rom_cache_esp32s2_esp32s3.c.obj

[610/1432] Building C object esp-idf/esp_system/CMakeFiles/__idf_esp_system.dir/esp_err.c.obj

[611/1432] Building C object esp-idf/esp_system/CMakeFiles/__idf_esp_system.dir/crosscore_int.c.obj

[612/1432] Building C object esp-idf/esp_system/CMakeFiles/__idf_esp_system.dir/esp_system_console.c.obj

[613/1432] Building C object esp-idf/esp_system/CMakeFiles/__idf_esp_system.dir/esp_ipc.c.obj

[614/1432] Building C object esp-idf/esp_system/CMakeFiles/__idf_esp_system.dir/stack_check.c.obj

[615/1432] Building C object esp-idf/esp_system/CMakeFiles/__idf_esp_system.dir/ubsan.c.obj

[616/1432] Building C object esp-idf/esp_system/CMakeFiles/__idf_esp_system.dir/startup.c.obj

[617/1432] Building C object esp-idf/esp_system/CMakeFiles/__idf_esp_system.dir/freertos_hooks.c.obj

[618/1432] Building C object esp-idf/esp_system/CMakeFiles/__idf_esp_system.dir/esp_system.c.obj

[619/1432] Building C object esp-idf/esp_system/CMakeFiles/__idf_esp_system.dir/system_time.c.obj

[620/1432] Linking C static library esp-idf\esp_driver_gptimer\libesp_driver_gptimer.a

[621/1432] Building C object esp-idf/esp_system/CMakeFiles/__idf_esp_system.dir/xt_wdt.c.obj

[622/1432] Building C object esp-idf/esp_system/CMakeFiles/__idf_esp_system.dir/panic.c.obj

[623/1432] Building C object esp-idf/esp_system/CMakeFiles/__idf_esp_system.dir/int_wdt.c.obj

[624/1432] Building ASM object esp-idf/esp_system/CMakeFiles/__idf_esp_system.dir/port/arch/xtensa/esp_ipc_isr_handler.S.obj

[625/1432] Building ASM object esp-idf/esp_system/CMakeFiles/__idf_esp_system.dir/port/arch/xtensa/esp_ipc_isr_routines.S.obj

[626/1432] Building C object esp-idf/esp_system/CMakeFiles/__idf_esp_system.dir/task_wdt/task_wdt_impl_timergroup.c.obj

[627/1432] Building C object esp-idf/esp_system/CMakeFiles/__idf_esp_system.dir/task_wdt/task_wdt.c.obj

[628/1432] Building C object esp-idf/esp_system/CMakeFiles/__idf_esp_system.dir/startup_funcs.c.obj

[629/1432] Building C object esp-idf/esp_system/CMakeFiles/__idf_esp_system.dir/port/esp_system_chip.c.obj

[630/1432] Building C object esp-idf/esp_system/CMakeFiles/__idf_esp_system.dir/port/panic_handler.c.obj

[631/1432] Building C object esp-idf/esp_system/CMakeFiles/__idf_esp_system.dir/port/arch/xtensa/esp_ipc_isr_port.c.obj

[632/1432] Building C object esp-idf/esp_system/CMakeFiles/__idf_esp_system.dir/port/image_process.c.obj

[633/1432] Building ASM object esp-idf/esp_system/CMakeFiles/__idf_esp_system.dir/port/arch/xtensa/expression_with_stack_asm.S.obj

[634/1432] Building C object esp-idf/esp_system/CMakeFiles/__idf_esp_system.dir/port/esp_ipc_isr.c.obj

[635/1432] Building ASM object esp-idf/esp_system/CMakeFiles/__idf_esp_system.dir/port/arch/xtensa/panic_handler_asm.S.obj

[636/1432] Linking C static library esp-idf\esp_timer\libesp_timer.a

[637/1432] Building C object esp-idf/esp_system/CMakeFiles/__idf_esp_system.dir/port/cpu_start.c.obj

[638/1432] Building ASM object esp-idf/esp_system/CMakeFiles/__idf_esp_system.dir/port/soc/esp32s3/highint_hdl.S.obj

[639/1432] Building C object esp-idf/esp_system/CMakeFiles/__idf_esp_system.dir/port/arch/xtensa/expression_with_stack.c.obj

[640/1432] Building C object esp-idf/esp_system/CMakeFiles/__idf_esp_system.dir/port/arch/xtensa/panic_arch.c.obj

[641/1432] Building ASM object esp-idf/esp_system/CMakeFiles/__idf_esp_system.dir/port/arch/xtensa/debug_helpers_asm.S.obj

[642/1432] Building C object esp-idf/esp_system/CMakeFiles/__idf_esp_system.dir/port/arch/xtensa/debug_stubs.c.obj

[643/1432] Building C object esp-idf/esp_common/CMakeFiles/__idf_esp_common.dir/src/esp_err_to_name.c.obj

[644/1432] Building C object esp-idf/esp_system/CMakeFiles/__idf_esp_system.dir/port/soc/esp32s3/reset_reason.c.obj

[645/1432] Building C object esp-idf/esp_system/CMakeFiles/__idf_esp_system.dir/port/arch/xtensa/debug_helpers.c.obj

[646/1432] Building C object esp-idf/esp_system/CMakeFiles/__idf_esp_system.dir/port/arch/xtensa/trax.c.obj

[647/1432] Building C object esp-idf/spi_flash/CMakeFiles/__idf_spi_flash.dir/flash_brownout_hook.c.obj

[648/1432] Building C object esp-idf/esp_system/CMakeFiles/__idf_esp_system.dir/port/soc/esp32s3/apb_backup_dma.c.obj

[649/1432] Building C object esp-idf/esp_system/CMakeFiles/__idf_esp_system.dir/port/soc/esp32s3/cache_err_int.c.obj

[650/1432] Linking C static library esp-idf\cxx\libcxx.a

[651/1432] Building C object esp-idf/spi_flash/CMakeFiles/__idf_spi_flash.dir/spi_flash_hpm_enable.c.obj

[652/1432] Building C object esp-idf/esp_system/CMakeFiles/__idf_esp_system.dir/port/soc/esp32s3/clk.c.obj

[653/1432] Building C object esp-idf/esp_system/CMakeFiles/__idf_esp_system.dir/port/soc/esp32s3/system_internal.c.obj

[654/1432] Building C object esp-idf/spi_flash/CMakeFiles/__idf_spi_flash.dir/spi_flash_chip_issi.c.obj

[655/1432] Building C object esp-idf/spi_flash/CMakeFiles/__idf_spi_flash.dir/spi_flash_chip_boya.c.obj

[656/1432] Building C object esp-idf/spi_flash/CMakeFiles/__idf_spi_flash.dir/spi_flash_chip_drivers.c.obj

[657/1432] Building C object esp-idf/spi_flash/CMakeFiles/__idf_spi_flash.dir/spi_flash_chip_th.c.obj

[658/1432] Building C object esp-idf/spi_flash/CMakeFiles/__idf_spi_flash.dir/spi_flash_chip_gd.c.obj

[659/1432] Building C object esp-idf/spi_flash/CMakeFiles/__idf_spi_flash.dir/esp32s3/spi_flash_oct_flash_init.c.obj

[660/1432] Building C object esp-idf/spi_flash/CMakeFiles/__idf_spi_flash.dir/spi_flash_chip_winbond.c.obj

[661/1432] Building C object esp-idf/spi_flash/CMakeFiles/__idf_spi_flash.dir/spi_flash_chip_mxic.c.obj

[662/1432] Building C object esp-idf/spi_flash/CMakeFiles/__idf_spi_flash.dir/memspi_host_driver.c.obj

[663/1432] Building C object esp-idf/spi_flash/CMakeFiles/__idf_spi_flash.dir/spi_flash_chip_mxic_opi.c.obj

[664/1432] Building C object esp-idf/spi_flash/CMakeFiles/__idf_spi_flash.dir/spi_flash_chip_generic.c.obj

[665/1432] Linking C static library esp-idf\pthread\libpthread.a

[666/1432] Building C object esp-idf/spi_flash/CMakeFiles/__idf_spi_flash.dir/cache_utils.c.obj

[667/1432] Building C object esp-idf/spi_flash/CMakeFiles/__idf_spi_flash.dir/spi_flash_os_func_noos.c.obj

[668/1432] Building C object esp-idf/spi_flash/CMakeFiles/__idf_spi_flash.dir/spi_flash_wrap.c.obj

[669/1432] Building C object esp-idf/spi_flash/CMakeFiles/__idf_spi_flash.dir/flash_mmap.c.obj

[670/1432] Building C object esp-idf/spi_flash/CMakeFiles/__idf_spi_flash.dir/flash_ops.c.obj

[671/1432] Building C object esp-idf/esp_mm/CMakeFiles/__idf_esp_mm.dir/port/esp32s3/ext_mem_layout.c.obj

[672/1432] Building C object esp-idf/esp_mm/CMakeFiles/__idf_esp_mm.dir/esp_cache_utils.c.obj

[673/1432] Building C object esp-idf/esp_mm/CMakeFiles/__idf_esp_mm.dir/heap_align_hw.c.obj

[674/1432] Building C object esp-idf/spi_flash/CMakeFiles/__idf_spi_flash.dir/spi_flash_os_func_app.c.obj

[675/1432] Building C object esp-idf/esp_mm/CMakeFiles/__idf_esp_mm.dir/esp_cache_msync.c.obj

[676/1432] Building C object esp-idf/spi_flash/CMakeFiles/__idf_spi_flash.dir/esp_flash_spi_init.c.obj

[677/1432] Building C object esp-idf/esp_mm/CMakeFiles/__idf_esp_mm.dir/esp_mmu_map.c.obj

[678/1432] Building C object esp-idf/bootloader_support/CMakeFiles/__idf_bootloader_support.dir/src/bootloader_clock_init.c.obj

[679/1432] Building C object esp-idf/spi_flash/CMakeFiles/__idf_spi_flash.dir/esp_flash_api.c.obj

[680/1432] Building C object esp-idf/bootloader_support/CMakeFiles/__idf_bootloader_support.dir/src/bootloader_common.c.obj

[681/1432] Building C object esp-idf/bootloader_support/CMakeFiles/__idf_bootloader_support.dir/src/bootloader_mem.c.obj

[682/1432] Building C object esp-idf/bootloader_support/CMakeFiles/__idf_bootloader_support.dir/src/bootloader_efuse.c.obj

[683/1432] Building C object esp-idf/bootloader_support/CMakeFiles/__idf_bootloader_support.dir/src/bootloader_random.c.obj

[684/1432] Building C object esp-idf/bootloader_support/CMakeFiles/__idf_bootloader_support.dir/src/bootloader_common_loader.c.obj

[685/1432] Linking C static library esp-idf\newlib\libnewlib.a

[686/1432] Building C object esp-idf/bootloader_support/CMakeFiles/__idf_bootloader_support.dir/src/bootloader_random_esp32s3.c.obj

[687/1432] Building C object esp-idf/bootloader_support/CMakeFiles/__idf_bootloader_support.dir/src/flash_encrypt.c.obj

[688/1432] Building C object esp-idf/bootloader_support/CMakeFiles/__idf_bootloader_support.dir/src/secure_boot.c.obj

[689/1432] Building C object esp-idf/bootloader_support/CMakeFiles/__idf_bootloader_support.dir/src/flash_partitions.c.obj

[690/1432] Building C object esp-idf/bootloader_support/CMakeFiles/__idf_bootloader_support.dir/bootloader_flash/src/bootloader_flash_config_esp32s3.c.obj

[691/1432] Building C object esp-idf/bootloader_support/CMakeFiles/__idf_bootloader_support.dir/bootloader_flash/src/flash_qio_mode.c.obj

[692/1432] Building C object esp-idf/bootloader_support/CMakeFiles/__idf_bootloader_support.dir/bootloader_flash/src/bootloader_flash.c.obj

[693/1432] Building C object esp-idf/efuse/CMakeFiles/__idf_efuse.dir/esp32s3/esp_efuse_table.c.obj

[694/1432] Building C object esp-idf/efuse/CMakeFiles/__idf_efuse.dir/esp32s3/esp_efuse_fields.c.obj

[695/1432] Building C object esp-idf/bootloader_support/CMakeFiles/__idf_bootloader_support.dir/src/esp32s3/secure_boot_secure_features.c.obj

[696/1432] Building C object esp-idf/efuse/CMakeFiles/__idf_efuse.dir/esp32s3/esp_efuse_rtc_calib.c.obj

[697/1432] Building C object esp-idf/bootloader_support/CMakeFiles/__idf_bootloader_support.dir/src/bootloader_sha.c.obj

[698/1432] Building C object esp-idf/bootloader_support/CMakeFiles/__idf_bootloader_support.dir/src/esp_image_format.c.obj

[699/1432] Building C object esp-idf/bootloader_support/CMakeFiles/__idf_bootloader_support.dir/src/bootloader_utility.c.obj

[700/1432] Building C object esp-idf/efuse/CMakeFiles/__idf_efuse.dir/esp32s3/esp_efuse_utility.c.obj

[701/1432] Linking C static library esp-idf\freertos\libfreertos.a

[702/1432] Building C object esp-idf/efuse/CMakeFiles/__idf_efuse.dir/src/esp_efuse_fields.c.obj

[703/1432] Building C object esp-idf/app_update/CMakeFiles/__idf_app_update.dir/esp_ota_app_desc.c.obj

[704/1432] Building C object esp-idf/efuse/CMakeFiles/__idf_efuse.dir/src/esp_efuse_api.c.obj

[705/1432] Building C object esp-idf/efuse/CMakeFiles/__idf_efuse.dir/src/esp_efuse_startup.c.obj

[706/1432] Building C object esp-idf/esp_bootloader_format/CMakeFiles/__idf_esp_bootloader_format.dir/esp_bootloader_desc.c.obj

[707/1432] Building C object esp-idf/mbedtls/mbedtls/library/CMakeFiles/mbedtls.dir/debug.c.obj

[708/1432] Building C object esp-idf/efuse/CMakeFiles/__idf_efuse.dir/src/esp_efuse_utility.c.obj

[709/1432] Building C object esp-idf/esp_app_format/CMakeFiles/__idf_esp_app_format.dir/esp_app_desc.c.obj

[710/1432] Building C object esp-idf/efuse/CMakeFiles/__idf_efuse.dir/src/efuse_controller/keys/with_key_purposes/esp_efuse_api_key.c.obj

[711/1432] Building C object esp-idf/mbedtls/mbedtls/library/CMakeFiles/mbedtls.dir/mps_reader.c.obj

[712/1432] Building C object esp-idf/esp_partition/CMakeFiles/__idf_esp_partition.dir/partition_target.c.obj

[713/1432] Building C object esp-idf/mbedtls/mbedtls/library/CMakeFiles/mbedtls.dir/mps_trace.c.obj

[714/1432] Building C object esp-idf/esp_partition/CMakeFiles/__idf_esp_partition.dir/partition.c.obj

[715/1432] Building C object esp-idf/mbedtls/mbedtls/library/CMakeFiles/mbedtls.dir/ssl_cache.c.obj

[716/1432] Building C object esp-idf/mbedtls/mbedtls/library/CMakeFiles/mbedtls.dir/ssl_tls13_generic.c.obj

[717/1432] Building C object esp-idf/app_update/CMakeFiles/__idf_app_update.dir/esp_ota_ops.c.obj

[718/1432] Building C object esp-idf/mbedtls/mbedtls/library/CMakeFiles/mbedtls.dir/ssl_tls13_server.c.obj

[719/1432] Building C object esp-idf/mbedtls/mbedtls/library/CMakeFiles/mbedtls.dir/ssl_tls13_keys.c.obj

[720/1432] Building C object esp-idf/mbedtls/mbedtls/library/CMakeFiles/mbedtls.dir/ssl_ciphersuites.c.obj

[721/1432] Building C object esp-idf/mbedtls/mbedtls/library/CMakeFiles/mbedtls.dir/ssl_tls13_client.c.obj

[722/1432] Building C object esp-idf/mbedtls/mbedtls/library/CMakeFiles/mbedtls.dir/ssl_debug_helpers_generated.c.obj

[723/1432] Building C object esp-idf/mbedtls/mbedtls/library/CMakeFiles/mbedtls.dir/ssl_cookie.c.obj

[724/1432] Building C object esp-idf/mbedtls/mbedtls/library/CMakeFiles/mbedtls.dir/ssl_ticket.c.obj

[725/1432] Building C object esp-idf/mbedtls/mbedtls/library/CMakeFiles/mbedtls.dir/ssl_client.c.obj

[726/1432] Building C object esp-idf/mbedtls/mbedtls/library/CMakeFiles/mbedtls.dir/D_/Espressif/frameworks/esp-idf-v5.5.4/components/mbedtls/port/esp_platform_time.c.obj

[727/1432] Building C object esp-idf/mbedtls/mbedtls/library/CMakeFiles/mbedtls.dir/D_/Espressif/frameworks/esp-idf-v5.5.4/components/mbedtls/port/mbedtls_debug.c.obj

[728/1432] Linking C static library esp-idf\esp_hw_support\libesp_hw_support.a

[729/1432] Building C object esp-idf/mbedtls/mbedtls/library/CMakeFiles/mbedtls.dir/ssl_msg.c.obj

[730/1432] Building C object esp-idf/mbedtls/mbedtls/library/CMakeFiles/mbedtls.dir/ssl_tls12_client.c.obj

[731/1432] Building C object esp-idf/mbedtls/mbedtls/library/CMakeFiles/mbedtls.dir/ssl_tls12_server.c.obj

[732/1432] Building C object esp-idf/mbedtls/mbedtls/library/CMakeFiles/mbedx509.dir/x509_crl.c.obj

[733/1432] Building C object esp-idf/mbedtls/mbedtls/library/CMakeFiles/mbedx509.dir/x509write.c.obj

[734/1432] Building C object esp-idf/mbedtls/mbedtls/library/CMakeFiles/mbedcrypto.dir/aesni.c.obj

[735/1432] Building C object esp-idf/mbedtls/mbedtls/library/CMakeFiles/mbedx509.dir/pkcs7.c.obj

[736/1432] Building C object esp-idf/mbedtls/mbedtls/library/CMakeFiles/mbedx509.dir/x509_create.c.obj

[737/1432] Building C object esp-idf/mbedtls/mbedtls/library/CMakeFiles/mbedx509.dir/x509_csr.c.obj

[738/1432] Building C object esp-idf/mbedtls/mbedtls/library/CMakeFiles/mbedcrypto.dir/aesce.c.obj

[739/1432] Building C object esp-idf/mbedtls/mbedtls/library/CMakeFiles/mbedtls.dir/ssl_tls.c.obj

[740/1432] Building C object esp-idf/mbedtls/mbedtls/library/CMakeFiles/mbedcrypto.dir/aes.c.obj

[741/1432] Building C object esp-idf/mbedtls/mbedtls/library/CMakeFiles/mbedx509.dir/x509write_csr.c.obj

[742/1432] Building C object esp-idf/mbedtls/mbedtls/library/CMakeFiles/mbedx509.dir/x509write_crt.c.obj

[743/1432] Linking C static library esp-idf\esp_security\libesp_security.a

[744/1432] Building C object esp-idf/mbedtls/mbedtls/library/CMakeFiles/mbedx509.dir/x509.c.obj

[745/1432] Building C object esp-idf/mbedtls/mbedtls/library/CMakeFiles/mbedtls.dir/D_/Espressif/frameworks/esp-idf-v5.5.4/components/mbedtls/port/net_sockets.c.obj

[746/1432] Building C object esp-idf/mbedtls/mbedtls/library/CMakeFiles/mbedcrypto.dir/asn1parse.c.obj

[747/1432] Building C object esp-idf/mbedtls/mbedtls/library/CMakeFiles/mbedcrypto.dir/bignum_mod.c.obj

[748/1432] Building C object esp-idf/mbedtls/mbedtls/library/CMakeFiles/mbedcrypto.dir/bignum_mod_raw.c.obj

[749/1432] Building C object esp-idf/mbedtls/mbedtls/library/CMakeFiles/mbedcrypto.dir/asn1write.c.obj

[750/1432] Building C object esp-idf/mbedtls/mbedtls/library/CMakeFiles/mbedcrypto.dir/aria.c.obj

[751/1432] Building C object esp-idf/mbedtls/mbedtls/library/CMakeFiles/mbedcrypto.dir/chacha20.c.obj

[752/1432] Building C object esp-idf/mbedtls/mbedtls/library/CMakeFiles/mbedcrypto.dir/base64.c.obj

[753/1432] Building C object esp-idf/mbedtls/mbedtls/library/CMakeFiles/mbedcrypto.dir/camellia.c.obj

[754/1432] Building C object esp-idf/mbedtls/mbedtls/library/CMakeFiles/mbedcrypto.dir/block_cipher.c.obj

[755/1432] Building C object esp-idf/mbedtls/mbedtls/library/CMakeFiles/mbedcrypto.dir/chachapoly.c.obj

[756/1432] Building C object esp-idf/mbedtls/mbedtls/library/CMakeFiles/mbedcrypto.dir/bignum_core.c.obj

[757/1432] Building C object esp-idf/mbedtls/mbedtls/library/CMakeFiles/mbedx509.dir/x509_crt.c.obj

[758/1432] Building C object esp-idf/mbedtls/mbedtls/library/CMakeFiles/mbedcrypto.dir/ccm.c.obj

[759/1432] Building C object esp-idf/mbedtls/mbedtls/library/CMakeFiles/mbedcrypto.dir/des.c.obj

[760/1432] Building C object esp-idf/mbedtls/mbedtls/library/CMakeFiles/mbedcrypto.dir/cipher_wrap.c.obj

[761/1432] Building C object esp-idf/mbedtls/mbedtls/library/CMakeFiles/mbedcrypto.dir/bignum.c.obj

[762/1432] Building C object esp-idf/mbedtls/mbedtls/library/CMakeFiles/mbedcrypto.dir/constant_time.c.obj

[763/1432] Building C object esp-idf/mbedtls/mbedtls/library/CMakeFiles/mbedcrypto.dir/ecjpake.c.obj

[764/1432] Building C object esp-idf/mbedtls/mbedtls/library/CMakeFiles/mbedcrypto.dir/dhm.c.obj

[765/1432] Building C object esp-idf/mbedtls/mbedtls/library/CMakeFiles/mbedcrypto.dir/cmac.c.obj

[766/1432] Building C object esp-idf/mbedtls/mbedtls/library/CMakeFiles/mbedcrypto.dir/ecp_curves_new.c.obj

[767/1432] Building C object esp-idf/mbedtls/mbedtls/library/CMakeFiles/mbedcrypto.dir/ecdh.c.obj

[768/1432] Building C object esp-idf/mbedtls/mbedtls/library/CMakeFiles/mbedcrypto.dir/ctr_drbg.c.obj

[769/1432] Linking C static library esp-idf\soc\libsoc.a

[770/1432] Building C object esp-idf/mbedtls/mbedtls/library/CMakeFiles/mbedcrypto.dir/cipher.c.obj

[771/1432] Building C object esp-idf/mbedtls/mbedtls/library/CMakeFiles/mbedcrypto.dir/ecdsa.c.obj

[772/1432] Building C object esp-idf/mbedtls/mbedtls/library/CMakeFiles/mbedcrypto.dir/ecp_curves.c.obj

[773/1432] Building C object esp-idf/mbedtls/mbedtls/library/CMakeFiles/mbedcrypto.dir/hkdf.c.obj

[774/1432] Building C object esp-idf/mbedtls/mbedtls/library/CMakeFiles/mbedcrypto.dir/entropy_poll.c.obj

[775/1432] Building C object esp-idf/mbedtls/mbedtls/library/CMakeFiles/mbedcrypto.dir/nist_kw.c.obj

[776/1432] Building C object esp-idf/mbedtls/mbedtls/library/CMakeFiles/mbedcrypto.dir/ecp.c.obj

[777/1432] Building C object esp-idf/mbedtls/mbedtls/library/CMakeFiles/mbedcrypto.dir/entropy.c.obj

[778/1432] Building C object esp-idf/mbedtls/mbedtls/library/CMakeFiles/mbedcrypto.dir/hmac_drbg.c.obj

[779/1432] Building C object esp-idf/mbedtls/mbedtls/library/CMakeFiles/mbedcrypto.dir/memory_buffer_alloc.c.obj

[780/1432] Building C object esp-idf/mbedtls/mbedtls/library/CMakeFiles/mbedcrypto.dir/padlock.c.obj

[781/1432] Building C object esp-idf/mbedtls/mbedtls/library/CMakeFiles/mbedcrypto.dir/md5.c.obj

[782/1432] Building C object esp-idf/mbedtls/mbedtls/library/CMakeFiles/mbedcrypto.dir/error.c.obj

[783/1432] Building C object esp-idf/mbedtls/mbedtls/library/CMakeFiles/mbedcrypto.dir/lmots.c.obj

[784/1432] Building C object esp-idf/mbedtls/mbedtls/library/CMakeFiles/mbedcrypto.dir/gcm.c.obj

[785/1432] Linking C static library esp-idf\heap\libheap.a

[786/1432] Building C object esp-idf/mbedtls/mbedtls/library/CMakeFiles/mbedcrypto.dir/lms.c.obj

[787/1432] Building C object esp-idf/mbedtls/mbedtls/library/CMakeFiles/mbedcrypto.dir/oid.c.obj

[788/1432] Building C object esp-idf/mbedtls/mbedtls/library/CMakeFiles/mbedcrypto.dir/md.c.obj

[789/1432] Building C object esp-idf/mbedtls/mbedtls/library/CMakeFiles/mbedcrypto.dir/pk_ecc.c.obj

[790/1432] Building C object esp-idf/mbedtls/mbedtls/library/CMakeFiles/mbedcrypto.dir/pem.c.obj

[791/1432] Building C object esp-idf/mbedtls/mbedtls/library/CMakeFiles/mbedcrypto.dir/pkcs12.c.obj

[792/1432] Building C object esp-idf/mbedtls/mbedtls/library/CMakeFiles/mbedcrypto.dir/pk.c.obj

[793/1432] Building C object esp-idf/mbedtls/mbedtls/library/CMakeFiles/mbedcrypto.dir/pk_wrap.c.obj

[794/1432] Building C object esp-idf/mbedtls/mbedtls/library/CMakeFiles/mbedcrypto.dir/pkcs5.c.obj

[795/1432] Building C object esp-idf/mbedtls/mbedtls/library/CMakeFiles/mbedcrypto.dir/poly1305.c.obj

[796/1432] Building C object esp-idf/mbedtls/mbedtls/library/CMakeFiles/mbedcrypto.dir/pkwrite.c.obj

[797/1432] Building C object esp-idf/mbedtls/mbedtls/library/CMakeFiles/mbedcrypto.dir/pkparse.c.obj

[798/1432] Building C object esp-idf/mbedtls/mbedtls/library/CMakeFiles/mbedcrypto.dir/platform_util.c.obj

[799/1432] Building C object esp-idf/mbedtls/mbedtls/library/CMakeFiles/mbedcrypto.dir/platform.c.obj

[800/1432] Building C object esp-idf/mbedtls/mbedtls/library/CMakeFiles/mbedcrypto.dir/psa_crypto_cipher.c.obj

[801/1432] Linking C static library esp-idf\log\liblog.a

[802/1432] Building C object esp-idf/mbedtls/mbedtls/library/CMakeFiles/mbedcrypto.dir/psa_crypto_aead.c.obj

[803/1432] Building C object esp-idf/mbedtls/mbedtls/library/CMakeFiles/mbedcrypto.dir/psa_crypto_driver_wrappers_no_static.c.obj

[804/1432] Building C object esp-idf/mbedtls/mbedtls/library/CMakeFiles/mbedcrypto.dir/psa_crypto_client.c.obj

[805/1432] Building C object esp-idf/mbedtls/mbedtls/library/CMakeFiles/mbedcrypto.dir/psa_crypto_hash.c.obj

[806/1432] Building C object esp-idf/mbedtls/mbedtls/library/CMakeFiles/mbedcrypto.dir/psa_crypto_pake.c.obj

[807/1432] Building C object esp-idf/mbedtls/mbedtls/library/CMakeFiles/mbedcrypto.dir/psa_crypto_ffdh.c.obj

[808/1432] Building C object esp-idf/mbedtls/mbedtls/library/CMakeFiles/mbedcrypto.dir/psa_crypto_se.c.obj

[809/1432] Building C object esp-idf/mbedtls/mbedtls/library/CMakeFiles/mbedcrypto.dir/psa_crypto_ecp.c.obj

[810/1432] Building C object esp-idf/mbedtls/mbedtls/library/CMakeFiles/mbedcrypto.dir/psa_crypto_mac.c.obj

[811/1432] Building C object esp-idf/mbedtls/mbedtls/library/CMakeFiles/mbedcrypto.dir/psa_crypto_rsa.c.obj

[812/1432] Building C object esp-idf/mbedtls/mbedtls/library/CMakeFiles/mbedcrypto.dir/ripemd160.c.obj

[813/1432] Building C object esp-idf/mbedtls/mbedtls/library/CMakeFiles/mbedcrypto.dir/psa_crypto_storage.c.obj

[814/1432] Building C object esp-idf/mbedtls/mbedtls/library/CMakeFiles/mbedcrypto.dir/psa_util.c.obj

[815/1432] Building C object esp-idf/mbedtls/mbedtls/library/CMakeFiles/mbedcrypto.dir/psa_its_file.c.obj

[816/1432] Building C object esp-idf/mbedtls/mbedtls/library/CMakeFiles/mbedcrypto.dir/psa_crypto_slot_management.c.obj

[817/1432] Building C object esp-idf/mbedtls/mbedtls/library/CMakeFiles/mbedcrypto.dir/rsa_alt_helpers.c.obj

[818/1432] Building C object esp-idf/mbedtls/mbedtls/library/CMakeFiles/mbedcrypto.dir/sha3.c.obj

[819/1432] Building C object esp-idf/mbedtls/mbedtls/library/CMakeFiles/mbedcrypto.dir/sha1.c.obj

[820/1432] Building C object esp-idf/mbedtls/mbedtls/library/CMakeFiles/mbedcrypto.dir/sha256.c.obj

[821/1432] Building C object esp-idf/mbedtls/mbedtls/library/CMakeFiles/mbedcrypto.dir/timing.c.obj

[822/1432] Building C object esp-idf/mbedtls/mbedtls/library/CMakeFiles/mbedcrypto.dir/sha512.c.obj

[823/1432] Building C object esp-idf/mbedtls/mbedtls/library/CMakeFiles/mbedcrypto.dir/threading.c.obj

[824/1432] Building C object esp-idf/mbedtls/mbedtls/library/CMakeFiles/mbedcrypto.dir/version.c.obj

[825/1432] Building C object esp-idf/mbedtls/mbedtls/library/CMakeFiles/mbedcrypto.dir/version_features.c.obj

[826/1432] Building C object esp-idf/mbedtls/mbedtls/library/CMakeFiles/mbedcrypto.dir/D_/Espressif/frameworks/esp-idf-v5.5.4/components/mbedtls/port/sha/core/esp_sha_gdma_impl.c.obj

[827/1432] Building C object esp-idf/mbedtls/mbedtls/library/CMakeFiles/mbedcrypto.dir/D_/Espressif/frameworks/esp-idf-v5.5.4/components/mbedtls/port/aes/dma/esp_aes_gdma_impl.c.obj

[828/1432] Building C object esp-idf/mbedtls/mbedtls/library/CMakeFiles/mbedcrypto.dir/D_/Espressif/frameworks/esp-idf-v5.5.4/components/mbedtls/port/esp_mem.c.obj

[829/1432] Linking C static library esp-idf\hal\libhal.a

[830/1432] Building C object esp-idf/mbedtls/mbedtls/library/CMakeFiles/mbedcrypto.dir/D_/Espressif/frameworks/esp-idf-v5.5.4/components/mbedtls/port/esp_hardware.c.obj

[831/1432] Building C object esp-idf/mbedtls/mbedtls/library/CMakeFiles/mbedcrypto.dir/D_/Espressif/frameworks/esp-idf-v5.5.4/components/mbedtls/port/aes/esp_aes_xts.c.obj

[832/1432] Building C object esp-idf/mbedtls/mbedtls/library/CMakeFiles/mbedcrypto.dir/rsa.c.obj

[833/1432] Building C object esp-idf/mbedtls/mbedtls/library/CMakeFiles/mbedcrypto.dir/psa_crypto.c.obj

[834/1432] Building C object esp-idf/mbedtls/mbedtls/library/CMakeFiles/mbedcrypto.dir/D_/Espressif/frameworks/esp-idf-v5.5.4/components/mbedtls/port/esp_timing.c.obj

[835/1432] Building C object esp-idf/mbedtls/mbedtls/library/CMakeFiles/mbedcrypto.dir/D_/Espressif/frameworks/esp-idf-v5.5.4/components/mbedtls/port/crypto_shared_gdma/esp_crypto_shared_gdma.c.obj

[836/1432] Building C object esp-idf/mbedtls/mbedtls/library/CMakeFiles/mbedcrypto.dir/D_/Espressif/frameworks/esp-idf-v5.5.4/components/mbedtls/port/sha/esp_sha.c.obj

[837/1432] Building C object esp-idf/mbedtls/mbedtls/library/CMakeFiles/mbedcrypto.dir/D_/Espressif/frameworks/esp-idf-v5.5.4/components/mbedtls/port/aes/esp_aes_common.c.obj

[838/1432] Building C object esp-idf/mbedtls/mbedtls/library/CMakeFiles/mbedcrypto.dir/D_/Espressif/frameworks/esp-idf-v5.5.4/components/mbedtls/port/esp_ds/esp_rsa_dec_alt.c.obj

[839/1432] Building C object esp-idf/mbedtls/mbedtls/library/CMakeFiles/mbedcrypto.dir/D_/Espressif/frameworks/esp-idf-v5.5.4/components/mbedtls/port/aes/dma/esp_aes.c.obj

[840/1432] Building C object esp-idf/mbedtls/mbedtls/library/CMakeFiles/mbedcrypto.dir/D_/Espressif/frameworks/esp-idf-v5.5.4/components/mbedtls/port/esp_hmac_pbkdf2.c.obj

[841/1432] Building C object esp-idf/mbedtls/mbedtls/library/CMakeFiles/mbedcrypto.dir/D_/Espressif/frameworks/esp-idf-v5.5.4/components/mbedtls/port/aes/dma/esp_aes_dma_core.c.obj

[842/1432] Building C object esp-idf/mbedtls/mbedtls/library/CMakeFiles/mbedcrypto.dir/D_/Espressif/frameworks/esp-idf-v5.5.4/components/mbedtls/port/esp_ds/esp_ds_common.c.obj

[843/1432] Building C object esp-idf/mbedtls/mbedtls/library/CMakeFiles/mbedcrypto.dir/D_/Espressif/frameworks/esp-idf-v5.5.4/components/mbedtls/port/sha/core/sha.c.obj

[844/1432] Building C object esp-idf/mbedtls/mbedtls/library/CMakeFiles/mbedcrypto.dir/D_/Espressif/frameworks/esp-idf-v5.5.4/components/mbedtls/port/esp_ds/esp_rsa_sign_alt.c.obj

[845/1432] Building C object esp-idf/mbedtls/mbedtls/library/CMakeFiles/mbedcrypto.dir/D_/Espressif/frameworks/esp-idf-v5.5.4/components/mbedtls/port/bignum/bignum_alt.c.obj

[846/1432] Building C object esp-idf/mbedtls/mbedtls/library/CMakeFiles/mbedcrypto.dir/D_/Espressif/frameworks/esp-idf-v5.5.4/components/mbedtls/port/sha/core/esp_sha1.c.obj

[847/1432] Building C object esp-idf/mbedtls/mbedtls/library/CMakeFiles/mbedcrypto.dir/D_/Espressif/frameworks/esp-idf-v5.5.4/components/mbedtls/port/bignum/esp_bignum.c.obj

[848/1432] Building C object esp-idf/mbedtls/mbedtls/library/CMakeFiles/mbedcrypto.dir/D_/Espressif/frameworks/esp-idf-v5.5.4/components/mbedtls/port/sha/core/esp_sha512.c.obj

[849/1432] Building C object esp-idf/mbedtls/mbedtls/library/CMakeFiles/mbedcrypto.dir/D_/Espressif/frameworks/esp-idf-v5.5.4/components/mbedtls/port/md/esp_md.c.obj

[850/1432] Linking C static library esp-idf\esp_rom\libesp_rom.a

[851/1432] Creating directories for 'bootloader'

[852/1432] Building C object esp-idf/mbedtls/mbedtls/3rdparty/everest/CMakeFiles/everest.dir/library/Hacl_Curve25519_joined.c.obj

[853/1432] Building C object esp-idf/mbedtls/mbedtls/library/CMakeFiles/mbedcrypto.dir/D_/Espressif/frameworks/esp-idf-v5.5.4/components/mbedtls/port/sha/core/esp_sha256.c.obj

[854/1432] Building C object esp-idf/mbedtls/mbedtls/3rdparty/p256-m/CMakeFiles/p256m.dir/p256-m/p256-m.c.obj

[855/1432] Building C object esp-idf/mbedtls/mbedtls/3rdparty/everest/CMakeFiles/everest.dir/library/x25519.c.obj

[856/1432] Building C object esp-idf/mbedtls/mbedtls/3rdparty/p256-m/CMakeFiles/p256m.dir/p256-m_driver_entrypoints.c.obj

[857/1432] Building C object esp-idf/mbedtls/mbedtls/3rdparty/everest/CMakeFiles/everest.dir/library/everest.c.obj

[858/1432] Building C object esp-idf/mbedtls/mbedtls/library/CMakeFiles/mbedcrypto.dir/D_/Espressif/frameworks/esp-idf-v5.5.4/components/mbedtls/port/aes/esp_aes_gcm.c.obj

[859/1432] No download step for 'bootloader'

[860/1432] Linking C static library esp-idf\esp_common\libesp_common.a

[861/1432] No update step for 'bootloader'

[862/1432] No patch step for 'bootloader'

[863/1432] Linking C static library esp-idf\esp_system\libesp_system.a

[864/1432] Linking C static library esp-idf\spi_flash\libspi_flash.a

[865/1432] Linking C static library esp-idf\esp_mm\libesp_mm.a

[866/1432] Linking C static library esp-idf\bootloader_support\libbootloader_support.a

[867/1432] Linking C static library esp-idf\efuse\libefuse.a

[868/1432] Linking C static library esp-idf\esp_partition\libesp_partition.a

[869/1432] Linking C static library esp-idf\app_update\libapp_update.a

[870/1432] Linking C static library esp-idf\esp_bootloader_format\libesp_bootloader_format.a

[871/1432] Linking C static library esp-idf\esp_app_format\libesp_app_format.a

[872/1432] Linking CXX static library esp-idf\mbedtls\mbedtls\library\libmbedtls.a

[873/1432] Linking CXX static library esp-idf\mbedtls\mbedtls\library\libmbedx509.a

[874/1432] Linking CXX static library esp-idf\mbedtls\mbedtls\library\libmbedcrypto.a

[875/1432] Linking CXX static library esp-idf\mbedtls\mbedtls\3rdparty\p256-m\libp256m.a

[876/1432] Linking CXX static library esp-idf\mbedtls\mbedtls\3rdparty\everest\libeverest.a

[877/1432] Generating x509_crt_bundle

[878/1432] Generating ../../x509_crt_bundle.S

[879/1432] Building ASM object esp-idf/mbedtls/CMakeFiles/__idf_mbedtls.dir/__/__/x509_crt_bundle.S.obj

[880/1432] Building ASM object esp-idf/xtensa/CMakeFiles/__idf_xtensa.dir/xtensa_intr_asm.S.obj

[881/1432] Building C object esp-idf/xtensa/CMakeFiles/__idf_xtensa.dir/eri.c.obj

[882/1432] Building C object esp-idf/esp_driver_gpio/CMakeFiles/__idf_esp_driver_gpio.dir/src/gpio_glitch_filter_ops.c.obj

[883/1432] Building C object esp-idf/esp_pm/CMakeFiles/__idf_esp_pm.dir/pm_trace.c.obj

[884/1432] Building ASM object esp-idf/xtensa/CMakeFiles/__idf_xtensa.dir/xtensa_vectors.S.obj

[885/1432] Building C object esp-idf/esp_pm/CMakeFiles/__idf_esp_pm.dir/pm_locks.c.obj

[886/1432] Building C object esp-idf/xtensa/CMakeFiles/__idf_xtensa.dir/xt_trax.c.obj

[887/1432] Building ASM object esp-idf/xtensa/CMakeFiles/__idf_xtensa.dir/xtensa_context.S.obj

[888/1432] Building C object esp-idf/xtensa/CMakeFiles/__idf_xtensa.dir/xtensa_intr.c.obj

[889/1432] Building C object esp-idf/mbedtls/CMakeFiles/__idf_mbedtls.dir/esp_crt_bundle/esp_crt_bundle.c.obj

[890/1432] Building C object esp-idf/esp_driver_gpio/CMakeFiles/__idf_esp_driver_gpio.dir/src/gpio_pin_glitch_filter.c.obj

[891/1432] Building C object esp-idf/esp_pm/CMakeFiles/__idf_esp_pm.dir/pm_impl.c.obj

[892/1432] Building C object esp-idf/esp_driver_gpio/CMakeFiles/__idf_esp_driver_gpio.dir/src/dedic_gpio.c.obj

[893/1432] Building C object esp-idf/esp_driver_gpio/CMakeFiles/__idf_esp_driver_gpio.dir/src/rtc_io.c.obj

[894/1432] Building C object esp-idf/esp_lcd/CMakeFiles/__idf_esp_lcd.dir/src/esp_lcd_common.c.obj

[895/1432] Building C object esp-idf/bus_i2c/CMakeFiles/__idf_bus_i2c.dir/bus_i2c.c.obj

[896/1432] Linking C static library esp-idf\mbedtls\libmbedtls.a

[897/1432] Building C object esp-idf/esp_lcd/CMakeFiles/__idf_esp_lcd.dir/src/esp_lcd_panel_io.c.obj

[898/1432] Building C object esp-idf/esp_lcd/CMakeFiles/__idf_esp_lcd.dir/src/esp_lcd_panel_ops.c.obj

[899/1432] Building C object esp-idf/esp_driver_gpio/CMakeFiles/__idf_esp_driver_gpio.dir/src/gpio.c.obj

[900/1432] Building C object esp-idf/esp_lcd/CMakeFiles/__idf_esp_lcd.dir/src/esp_lcd_panel_ssd1306.c.obj

[901/1432] Building C object esp-idf/io_expander/CMakeFiles/__idf_io_expander.dir/io_expander.c.obj

[902/1432] Building C object esp-idf/pt2466_motor/CMakeFiles/__idf_pt2466_motor.dir/pt2466_motor.c.obj

[903/1432] Building C object esp-idf/esp_lcd/CMakeFiles/__idf_esp_lcd.dir/src/esp_lcd_panel_st7789.c.obj

[904/1432] Building C object esp-idf/esp_lcd/CMakeFiles/__idf_esp_lcd.dir/src/esp_lcd_panel_nt35510.c.obj

[905/1432] Building C object esp-idf/esp_lcd/CMakeFiles/__idf_esp_lcd.dir/i2c/esp_lcd_panel_io_i2c_v2.c.obj

[906/1432] Building C object esp-idf/esp_lcd/CMakeFiles/__idf_esp_lcd.dir/i2c/esp_lcd_panel_io_i2c_v1.c.obj

[907/1432] Building C object esp-idf/camera_hal/CMakeFiles/__idf_camera_hal.dir/camera_hal_policy.c.obj

[908/1432] Building C object esp-idf/esp_lcd/CMakeFiles/__idf_esp_lcd.dir/spi/esp_lcd_panel_io_spi.c.obj

[909/1432] Linking C static library esp-idf\esp_pm\libesp_pm.a

[910/1432] Building C object esp-idf/board_adc/CMakeFiles/__idf_board_adc.dir/board_adc.c.obj

[911/1432] Building C object esp-idf/esp_lcd/CMakeFiles/__idf_esp_lcd.dir/i80/esp_lcd_panel_io_i80.c.obj

[912/1432] Building C object esp-idf/board_power/CMakeFiles/__idf_board_power.dir/board_power.c.obj

[913/1432] Building C object esp-idf/esp_lcd/CMakeFiles/__idf_esp_lcd.dir/rgb/esp_lcd_panel_rgb.c.obj

FAILED: esp-idf/esp_lcd/CMakeFiles/__idf_esp_lcd.dir/rgb/esp_lcd_panel_rgb.c.obj 

D:\Espressif\tools\xtensa-esp-elf\esp-14.2.0_20260121\xtensa-esp-elf\bin\xtensa-esp32s3-elf-gcc.exe -DESP_PLATFORM -DIDF_VER=\"v5.5.4\" -DSOC_MMU_PAGE_SIZE=CONFIG_MMU_PAGE_SIZE -DSOC_XTAL_FREQ_MHZ=CONFIG_XTAL_FREQ -D_GLIBCXX_HAVE_POSIX_SEMAPHORE -D_GLIBCXX_USE_POSIX_SEMAPHORE -D_GNU_SOURCE -D_POSIX_READER_WRITER_LOCKS -IC:/Users/15301/AppData/Local/Temp/laiwfs300_build/rc_tank_demo/build/config -ID:/Espressif/frameworks/esp-idf-v5.5.4/components/esp_lcd/include -ID:/Espressif/frameworks/esp-idf-v5.5.4/components/esp_lcd/interface -ID:/Espressif/frameworks/esp-idf-v5.5.4/components/esp_lcd/rgb/include -ID:/Espressif/frameworks/esp-idf-v5.5.4/components/esp_lcd/priv_include -ID:/Espressif/frameworks/esp-idf-v5.5.4/components/newlib/platform_include -ID:/Espressif/frameworks/esp-idf-v5.5.4/components/freertos/config/include -ID:/Espressif/frameworks/esp-idf-v5.5.4/components/freertos/config/include/freertos -ID:/Espressif/frameworks/esp-idf-v5.5.4/components/freertos/config/xtensa/include -ID:/Espressif/frameworks/esp-idf-v5.5.4/components/freertos/FreeRTOS-Kernel/include -ID:/Espressif/frameworks/esp-idf-v5.5.4/components/freertos/FreeRTOS-Kernel/portable/xtensa/include -ID:/Espressif/frameworks/esp-idf-v5.5.4/components/freertos/FreeRTOS-Kernel/portable/xtensa/include/freertos -ID:/Espressif/frameworks/esp-idf-v5.5.4/components/freertos/esp_additions/include -ID:/Espressif/frameworks/esp-idf-v5.5.4/components/esp_hw_support/include -ID:/Espressif/frameworks/esp-idf-v5.5.4/components/esp_hw_support/include/soc -ID:/Espressif/frameworks/esp-idf-v5.5.4/components/esp_hw_support/include/soc/esp32s3 -ID:/Espressif/frameworks/esp-idf-v5.5.4/components/esp_hw_support/dma/include -ID:/Espressif/frameworks/esp-idf-v5.5.4/components/esp_hw_support/ldo/include -ID:/Espressif/frameworks/esp-idf-v5.5.4/components/esp_hw_support/debug_probe/include -ID:/Espressif/frameworks/esp-idf-v5.5.4/components/esp_hw_support/mspi_timing_tuning/include -ID:/Espressif/frameworks/esp-idf-v5.5.4/components/esp_hw_support/mspi_timing_tuning/tuning_scheme_impl/include -ID:/Espressif/frameworks/esp-idf-v5.5.4/components/esp_hw_support/power_supply/include -ID:/Espressif/frameworks/esp-idf-v5.5.4/components/esp_hw_support/port/esp32s3/. -ID:/Espressif/frameworks/esp-idf-v5.5.4/components/esp_hw_support/port/esp32s3/include -ID:/Espressif/frameworks/esp-idf-v5.5.4/components/esp_hw_support/mspi_timing_tuning/port/esp32s3/. -ID:/Espressif/frameworks/esp-idf-v5.5.4/components/esp_hw_support/mspi_timing_tuning/port/esp32s3/include -ID:/Espressif/frameworks/esp-idf-v5.5.4/components/heap/include -ID:/Espressif/frameworks/esp-idf-v5.5.4/components/heap/tlsf -ID:/Espressif/frameworks/esp-idf-v5.5.4/components/log/include -ID:/Espressif/frameworks/esp-idf-v5.5.4/components/soc/include -ID:/Espressif/frameworks/esp-idf-v5.5.4/components/soc/esp32s3 -ID:/Espressif/frameworks/esp-idf-v5.5.4/components/soc/esp32s3/include -ID:/Espressif/frameworks/esp-idf-v5.5.4/components/soc/esp32s3/register -ID:/Espressif/frameworks/esp-idf-v5.5.4/components/hal/platform_port/include -ID:/Espressif/frameworks/esp-idf-v5.5.4/components/hal/esp32s3/include -ID:/Espressif/frameworks/esp-idf-v5.5.4/components/hal/include -ID:/Espressif/frameworks/esp-idf-v5.5.4/components/esp_rom/include -ID:/Espressif/frameworks/esp-idf-v5.5.4/components/esp_rom/esp32s3/include -ID:/Espressif/frameworks/esp-idf-v5.5.4/components/esp_rom/esp32s3/include/esp32s3 -ID:/Espressif/frameworks/esp-idf-v5.5.4/components/esp_rom/esp32s3 -ID:/Espressif/frameworks/esp-idf-v5.5.4/components/esp_common/include -ID:/Espressif/frameworks/esp-idf-v5.5.4/components/esp_system/include -ID:/Espressif/frameworks/esp-idf-v5.5.4/components/esp_system/port/soc -ID:/Espressif/frameworks/esp-idf-v5.5.4/components/esp_system/port/include/private -ID:/Espressif/frameworks/esp-idf-v5.5.4/components/xtensa/esp32s3/include -ID:/Espressif/frameworks/esp-idf-v5.5.4/components/xtensa/include -ID:/Espressif/frameworks/esp-idf-v5.5.4/components/xtensa/deprecated_include -ID:/Espressif/frameworks/esp-idf-v5.5.4/components/lwip/include -ID:/Espressif/frameworks/esp-idf-v5.5.4/components/lwip/include/apps -ID:/Espressif/frameworks/esp-idf-v5.5.4/components/lwip/include/apps/sntp -ID:/Espressif/frameworks/esp-idf-v5.5.4/components/lwip/lwip/src/include -ID:/Espressif/frameworks/esp-idf-v5.5.4/components/lwip/port/include -ID:/Espressif/frameworks/esp-idf-v5.5.4/components/lwip/port/freertos/include -ID:/Espressif/frameworks/esp-idf-v5.5.4/components/lwip/port/esp32xx/include -ID:/Espressif/frameworks/esp-idf-v5.5.4/components/lwip/port/esp32xx/include/arch -ID:/Espressif/frameworks/esp-idf-v5.5.4/components/lwip/port/esp32xx/include/sys -ID:/Espressif/frameworks/esp-idf-v5.5.4/components/driver/deprecated -ID:/Espressif/frameworks/esp-idf-v5.5.4/components/driver/i2c/include -ID:/Espressif/frameworks/esp-idf-v5.5.4/components/driver/touch_sensor/include -ID:/Espressif/frameworks/esp-idf-v5.5.4/components/driver/twai/include -ID:/Espressif/frameworks/esp-idf-v5.5.4/components/driver/touch_sensor/esp32s3/include -ID:/Espressif/frameworks/esp-idf-v5.5.4/components/esp_pm/include -ID:/Espressif/frameworks/esp-idf-v5.5.4/components/esp_ringbuf/include -ID:/Espressif/frameworks/esp-idf-v5.5.4/components/esp_driver_gpio/include -ID:/Espressif/frameworks/esp-idf-v5.5.4/components/esp_driver_pcnt/include -ID:/Espressif/frameworks/esp-idf-v5.5.4/components/esp_driver_gptimer/include -ID:/Espressif/frameworks/esp-idf-v5.5.4/components/esp_driver_spi/include -ID:/Espressif/frameworks/esp-idf-v5.5.4/components/esp_driver_mcpwm/include -ID:/Espressif/frameworks/esp-idf-v5.5.4/components/esp_driver_ana_cmpr/include -ID:/Espressif/frameworks/esp-idf-v5.5.4/components/esp_driver_i2s/include -ID:/Espressif/frameworks/esp-idf-v5.5.4/components/esp_driver_sdmmc/include -ID:/Espressif/frameworks/esp-idf-v5.5.4/components/sdmmc/include -ID:/Espressif/frameworks/esp-idf-v5.5.4/components/esp_driver_sdspi/include -ID:/Espressif/frameworks/esp-idf-v5.5.4/components/esp_driver_sdio/include -ID:/Espressif/frameworks/esp-idf-v5.5.4/components/esp_driver_dac/include -ID:/Espressif/frameworks/esp-idf-v5.5.4/components/esp_driver_rmt/include -ID:/Espressif/frameworks/esp-idf-v5.5.4/components/esp_driver_tsens/include -ID:/Espressif/frameworks/esp-idf-v5.5.4/components/esp_driver_sdm/include -ID:/Espressif/frameworks/esp-idf-v5.5.4/components/esp_driver_i2c/include -ID:/Espressif/frameworks/esp-idf-v5.5.4/components/esp_driver_uart/include -ID:/Espressif/frameworks/esp-idf-v5.5.4/components/vfs/include -ID:/Espressif/frameworks/esp-idf-v5.5.4/components/esp_driver_ledc/include -ID:/Espressif/frameworks/esp-idf-v5.5.4/components/esp_driver_parlio/include -ID:/Espressif/frameworks/esp-idf-v5.5.4/components/esp_driver_usb_serial_jtag/include -ID:/Espressif/frameworks/esp-idf-v5.5.4/components/esp_driver_twai/include -ID:/Espressif/frameworks/esp-idf-v5.5.4/components/esp_mm/include -ID:/Espressif/frameworks/esp-idf-v5.5.4/components/esp_psram/include -ID:/Espressif/frameworks/esp-idf-v5.5.4/components/esp_psram/xip_impl/include @"C:/Users/15301/AppData/Local/Temp/laiwfs300_build/rc_tank_demo/build/toolchain/cflags" -fdiagnostics-color=always -fdiagnostics-color=always -ffunction-sections -fdata-sections -Wall -Werror=all -Wno-error=unused-function -Wno-error=unused-variable -Wno-error=unused-but-set-variable -Wno-error=deprecated-declarations -Wextra -Wno-error=extra -Wno-unused-parameter -Wno-sign-compare -Wno-enum-conversion -gdwarf-4 -ggdb -Og -fno-shrink-wrap -fmacro-prefix-map=C:/Users/15301/AppData/Local/Temp/laiwfs300_build/rc_tank_demo=. -fmacro-prefix-map=D:/Espressif/frameworks/esp-idf-v5.5.4=/IDF -fstrict-volatile-bitfields -fno-jump-tables -fno-tree-switch-conversion -std=gnu17 -Wno-old-style-declaration -MD -MT esp-idf/esp_lcd/CMakeFiles/__idf_esp_lcd.dir/rgb/esp_lcd_panel_rgb.c.obj -MF esp-idf\esp_lcd\CMakeFiles\__idf_esp_lcd.dir\rgb\esp_lcd_panel_rgb.c.obj.d -o esp-idf/esp_lcd/CMakeFiles/__idf_esp_lcd.dir/rgb/esp_lcd_panel_rgb.c.obj -c D:/Espressif/frameworks/esp-idf-v5.5.4/components/esp_lcd/rgb/esp_lcd_panel_rgb.c

during RTL pass: ira


D:/Espressif/frameworks/esp-idf-v5.5.4/components/esp_lcd/rgb/esp_lcd_panel_rgb.c: In function 'rgb_panel_draw_bitmap':

D:/Espressif/frameworks/esp-idf-v5.5.4/components/esp_lcd/rgb/esp_lcd_panel_rgb.c:700:1: internal compiler error: Segmentation fault

  700 | }

      | ^

Please submit a full bug report, with preprocessed source (by using -freport-bug).


See <https://gcc.gnu.org/bugs/> for instructions.


[914/1432] Building C object esp-idf/capability_registry/CMakeFiles/__idf_capability_registry.dir/capability_registry.c.obj

[915/1432] Building C object esp-idf/robot_motion/CMakeFiles/__idf_robot_motion.dir/robot_motion.c.obj

[916/1432] Building C object esp-idf/camera_hal/CMakeFiles/__idf_camera_hal.dir/camera_hal.c.obj

[917/1432] Building C object esp-idf/espressif__esp_codec_dev/CMakeFiles/__idf_espressif__esp_codec_dev.dir/audio_codec_sw_vol.c.obj

[918/1432] Building C object esp-idf/espressif__esp_codec_dev/CMakeFiles/__idf_espressif__esp_codec_dev.dir/esp_codec_dev_vol.c.obj

[919/1432] Building C object esp-idf/espressif__esp_codec_dev/CMakeFiles/__idf_espressif__esp_codec_dev.dir/platform/audio_codec_gpio.c.obj

[920/1432] Building C object esp-idf/espressif__esp_codec_dev/CMakeFiles/__idf_espressif__esp_codec_dev.dir/esp_codec_dev_if.c.obj

[921/1432] Building C object esp-idf/bus_spi/CMakeFiles/__idf_bus_spi.dir/bus_spi.c.obj

[922/1432] Building C object esp-idf/display_hal/CMakeFiles/__idf_display_hal.dir/display_hal.c.obj

[923/1432] Building C object esp-idf/espressif__esp_codec_dev/CMakeFiles/__idf_espressif__esp_codec_dev.dir/esp_codec_dev.c.obj

[924/1432] Linking C static library esp-idf\esp_driver_gpio\libesp_driver_gpio.a

[925/1432] Building C object esp-idf/espressif__esp_codec_dev/CMakeFiles/__idf_espressif__esp_codec_dev.dir/platform/audio_codec_ctrl_i2c.c.obj

[926/1432] Building C object esp-idf/espressif__esp_codec_dev/CMakeFiles/__idf_espressif__esp_codec_dev.dir/platform/esp_codec_dev_os.c.obj

[927/1432] Building C object esp-idf/espressif__esp_codec_dev/CMakeFiles/__idf_espressif__esp_codec_dev.dir/device/es8311/es8311.c.obj

[928/1432] Building C object esp-idf/espressif__esp_codec_dev/CMakeFiles/__idf_espressif__esp_codec_dev.dir/platform/audio_codec_ctrl_spi.c.obj

[929/1432] Building C object esp-idf/espressif__esp_codec_dev/CMakeFiles/__idf_espressif__esp_codec_dev.dir/platform/audio_codec_data_i2s.c.obj

[930/1432] Performing configure step for 'bootloader'

-- Found Git: C:/Program Files/Git/cmd/git.exe (found version "2.52.0.windows.1")
-- Minimal build - OFF
-- The C compiler identification is GNU 14.2.0
-- The CXX compiler identification is GNU 14.2.0
-- The ASM compiler identification is GNU
-- Found assembler: D:/Espressif/tools/xtensa-esp-elf/esp-14.2.0_20260121/xtensa-esp-elf/bin/xtensa-esp32s3-elf-gcc.exe
-- Detecting C compiler ABI info
-- Detecting C compiler ABI info - done
-- Check for working C compiler: D:/Espressif/tools/xtensa-esp-elf/esp-14.2.0_20260121/xtensa-esp-elf/bin/xtensa-esp32s3-elf-gcc.exe - skipped
-- Detecting C compile features
-- Detecting C compile features - done
-- Detecting CXX compiler ABI info
-- Detecting CXX compiler ABI info - done
-- Check for working CXX compiler: D:/Espressif/tools/xtensa-esp-elf/esp-14.2.0_20260121/xtensa-esp-elf/bin/xtensa-esp32s3-elf-g++.exe - skipped
-- Detecting CXX compile features
-- Detecting CXX compile features - done
-- Building ESP-IDF components for target esp32s3
-- ESP-TEE is currently supported only on the esp32c6;esp32h2;esp32c5 SoCs
-- Project sdkconfig file C:/Users/15301/AppData/Local/Temp/laiwfs300_build/rc_tank_demo/sdkconfig
-- Compiler supported targets: xtensa-esp-elf
-- Detecting C compiler ABI info
-- Detecting C compiler ABI info - done
-- Detecting CXX compiler ABI info
-- Detecting CXX compiler ABI info - done
-- Detecting C compiler ABI info
-- Detecting C compiler ABI info - done
-- Detecting CXX compiler ABI info
-- Detecting CXX compiler ABI info - done
-- Adding linker script D:/Espressif/frameworks/esp-idf-v5.5.4/components/soc/esp32s3/ld/esp32s3.peripherals.ld
-- Bootloader project name: "bootloader" version: 1
-- Adding linker script D:/Espressif/frameworks/esp-idf-v5.5.4/components/esp_rom/esp32s3/ld/esp32s3.rom.ld
-- Adding linker script D:/Espressif/frameworks/esp-idf-v5.5.4/components/esp_rom/esp32s3/ld/esp32s3.rom.api.ld
-- Adding linker script D:/Espressif/frameworks/esp-idf-v5.5.4/components/esp_rom/esp32s3/ld/esp32s3.rom.bt_funcs.ld
-- Adding linker script D:/Espressif/frameworks/esp-idf-v5.5.4/components/esp_rom/esp32s3/ld/esp32s3.rom.libgcc.ld
-- Adding linker script D:/Espressif/frameworks/esp-idf-v5.5.4/components/esp_rom/esp32s3/ld/esp32s3.rom.wdt.ld
-- Adding linker script D:/Espressif/frameworks/esp-idf-v5.5.4/components/esp_rom/esp32s3/ld/esp32s3.rom.version.ld
-- Adding linker script D:/Espressif/frameworks/esp-idf-v5.5.4/components/esp_rom/esp32s3/ld/esp32s3.rom.libc.ld
-- Adding linker script D:/Espressif/frameworks/esp-idf-v5.5.4/components/esp_rom/esp32s3/ld/esp32s3.rom.newlib.ld
-- Adding linker script D:/Espressif/frameworks/esp-idf-v5.5.4/components/bootloader/subproject/main/ld/esp32s3/bootloader.rom.ld
-- Components: bootloader bootloader_support efuse esp_app_format esp_bootloader_format esp_common esp_hw_support esp_rom esp_security esp_system esptool_py freertos hal log main micro-ecc newlib partition_table soc spi_flash xtensa
-- Component paths: D:/Espressif/frameworks/esp-idf-v5.5.4/components/bootloader D:/Espressif/frameworks/esp-idf-v5.5.4/components/bootloader_support D:/Espressif/frameworks/esp-idf-v5.5.4/components/efuse D:/Espressif/frameworks/esp-idf-v5.5.4/components/esp_app_format D:/Espressif/frameworks/esp-idf-v5.5.4/components/esp_bootloader_format D:/Espressif/frameworks/esp-idf-v5.5.4/components/esp_common D:/Espressif/frameworks/esp-idf-v5.5.4/components/esp_hw_support D:/Espressif/frameworks/esp-idf-v5.5.4/components/esp_rom D:/Espressif/frameworks/esp-idf-v5.5.4/components/esp_security D:/Espressif/frameworks/esp-idf-v5.5.4/components/esp_system D:/Espressif/frameworks/esp-idf-v5.5.4/components/esptool_py D:/Espressif/frameworks/esp-idf-v5.5.4/components/freertos D:/Espressif/frameworks/esp-idf-v5.5.4/components/hal D:/Espressif/frameworks/esp-idf-v5.5.4/components/log D:/Espressif/frameworks/esp-idf-v5.5.4/components/bootloader/subproject/main D:/Espressif/frameworks/esp-idf-v5.5.4/components/bootloader/subproject/components/micro-ecc D:/Espressif/frameworks/esp-idf-v5.5.4/components/newlib D:/Espressif/frameworks/esp-idf-v5.5.4/components/partition_table D:/Espressif/frameworks/esp-idf-v5.5.4/components/soc D:/Espressif/frameworks/esp-idf-v5.5.4/components/spi_flash D:/Espressif/frameworks/esp-idf-v5.5.4/components/xtensa

-- Adding linker script D:/Espressif/frameworks/esp-idf-v5.5.4/components/bootloader/subproject/main/ld/esp32s3/bootloader.ld

-- Configuring done (12.5s)

-- Generating done (0.2s)

-- Build files have been written to: C:/Users/15301/AppData/Local/Temp/laiwfs300_build/rc_tank_demo/build/bootloader

ninja: build stopped: subcommand failed.

ninja failed with exit code 1, output of the command is in the C:\Users\15301\AppData\Local\Temp\laiwfs300_build\rc_tank_demo\build\log\idf_py_stderr_output_22792 and C:\Users\15301\AppData\Local\Temp\laiwfs300_build\rc_tank_demo\build\log\idf_py_stdout_output_22792
