Building RC Tank Demo - REMOTE Role
Setting target to esp32s3...
Adding "set-target"'s dependency "fullclean" to list of commands with default set of options.
Executing action: fullclean
Build directory 'C:\Users\15301\AppData\Local\Temp\laiwfs300_build\rc_tank_demo\build' not found. Nothing to clean.
Executing action: set-target
Set Target to: esp32s3, new sdkconfig will be created.
Running cmake in directory C:\Users\15301\AppData\Local\Temp\laiwfs300_build\rc_tank_demo\build
Executing "cmake -G Ninja -DPYTHON_DEPS_CHECKED=1 -DPYTHON=D:\Espressif\python_env\idf5.5_py3.11_env\Scripts\python.exe -DESP_PLATFORM=1 -DIDF_TARGET=esp32s3 -DCCACHE_ENABLE=0 C:\Users\15301\AppData\Local\Temp\laiwfs300_build\rc_tank_demo"...
-- Found Git: C:/Program Files/Git/cmd/git.exe (found version "2.52.0.windows.1")
-- Minimal build - OFF
-- The C compiler identification is GNU 14.2.0
-- The CXX compiler identification is GNU 14.2.0
-- The ASM compiler identification is GNU
-- Found assembler: D:/Espressif/tools/xtensa-esp-elf/esp-14.2.0_20260121/xtensa-esp-elf/bin/xtensa-esp32s3-elf-gcc.exe
-- Detecting C compiler ABI info
-- Detecting C compiler ABI info - done
-- Check for working C compiler: D:/Espressif/tools/xtensa-esp-elf/esp-14.2.0_20260121/xtensa-esp-elf/bin/xtensa-esp32s3-elf-gcc.exe - skipped
-- Detecting C compile features
-- Detecting C compile features - done
-- Detecting CXX compiler ABI info
-- Detecting CXX compiler ABI info - done
-- Check for working CXX compiler: D:/Espressif/tools/xtensa-esp-elf/esp-14.2.0_20260121/xtensa-esp-elf/bin/xtensa-esp32s3-elf-g++.exe - skipped
-- Detecting CXX compile features
-- Detecting CXX compile features - done
-- git rev-parse returned 'fatal: not a git repository (or any of the parent directories): .git'
-- Could not use 'git describe' to determine PROJECT_VER.
-- Building ESP-IDF components for target esp32s3
NOTICE: Dependencies lock doesn't exist, solving dependencies.

NOTICE: Skipping optional dependency: espressif/usb

......................................NOTICE: Updating lock file at C:\Users\15301\AppData\Local\Temp\laiwfs300_build\rc_tank_demo\dependencies.lock

NOTICE: Processing 17 dependencies:

NOTICE: [1/17] espressif/cmake_utilities (1.1.1)

NOTICE: [2/17] espressif/dl_fft (0.6.0)

NOTICE: [3/17] espressif/esp-dsp (1.7.0)

NOTICE: [4/17] espressif/esp-sr (2.3.1)

NOTICE: [5/17] espressif/esp_audio_codec (2.4.1)

NOTICE: [6/17] espressif/esp_audio_effects (1.2.1)

NOTICE: [7/17] espressif/esp_audio_simple_player (0.9.6~1)

NOTICE: [8/17] espressif/esp_codec_dev (1.5.11)

NOTICE: [9/17] espressif/esp_new_jpeg (0.6.1)

NOTICE: [10/17] espressif/esp_websocket_client (1.2.3)

NOTICE: [11/17] espressif/gmf_audio (0.8.1)

NOTICE: [12/17] espressif/gmf_core (0.8.4)

NOTICE: [13/17] espressif/gmf_io (0.8.1)

NOTICE: [14/17] espressif/iot_eth (1.1.0)

NOTICE: [15/17] espressif/iot_usbh_cdc (3.1.0)

NOTICE: [16/17] espressif/iot_usbh_ecm (0.4.0)

NOTICE: [17/17] idf (5.5.4)

-- ESP-TEE is currently supported only on the esp32c6;esp32h2;esp32c5 SoCs
NOTICE: Skipping optional dependency: espressif/usb

-- Project sdkconfig file C:/Users/15301/AppData/Local/Temp/laiwfs300_build/rc_tank_demo/sdkconfig
C:/Users/15301/AppData/Local/Temp/laiwfs300_build/rc_tank_demo/managed_components/espressif__esp_codec_dev/Kconfig:4: warning: ESP_IDF_VERSION has 'option env="ESP_IDF_VERSION"', but the environment variable ESP_IDF_VERSION is not set

Loading defaults file C:/Users/15301/AppData/Local/Temp/laiwfs300_build/rc_tank_demo/sdkconfig.defaults...

C:/Users/15301/AppData/Local/Temp/laiwfs300_build/rc_tank_demo/sdkconfig.defaults:15 CONFIG_SPIRAM_ALLOW_STACK_EXTERNAL_MEMORY was replaced with CONFIG_FREERTOS_TASK_CREATE_ALLOW_EXT_MEM 

Loading defaults file C:/Users/15301/AppData/Local/Temp/laiwfs300_build/rc_tank_demo/sdkconfig.defaults.remote...

-- Compiler supported targets: xtensa-esp-elf
-- Detecting C compiler ABI info
-- Detecting C compiler ABI info - done
-- Detecting CXX compiler ABI info
-- Detecting CXX compiler ABI info - done
-- Detecting C compiler ABI info
-- Detecting C compiler ABI info - done
-- Detecting CXX compiler ABI info
-- Detecting CXX compiler ABI info - done
-- Found Python3: D:/Espressif/python_env/idf5.5_py3.11_env/Scripts/python.exe (found version "3.11.2") found components: Interpreter
-- Performing Test CMAKE_HAVE_LIBC_PTHREAD
-- Performing Test CMAKE_HAVE_LIBC_PTHREAD - Success
-- Found Threads: TRUE
-- Performing Test C_COMPILER_SUPPORTS_WFORMAT_SIGNEDNESS
-- Performing Test C_COMPILER_SUPPORTS_WFORMAT_SIGNEDNESS - Success
-- USING O3
-- App "rc_tank_demo" version: 1
-- Adding linker script C:/Users/15301/AppData/Local/Temp/laiwfs300_build/rc_tank_demo/build/esp-idf/esp_system/ld/memory.ld
-- Adding linker script C:/Users/15301/AppData/Local/Temp/laiwfs300_build/rc_tank_demo/build/esp-idf/esp_system/ld/sections.ld.in
-- Adding linker script D:/Espressif/frameworks/esp-idf-v5.5.4/components/esp_rom/esp32s3/ld/esp32s3.rom.ld
-- Adding linker script D:/Espressif/frameworks/esp-idf-v5.5.4/components/esp_rom/esp32s3/ld/esp32s3.rom.api.ld
-- Adding linker script D:/Espressif/frameworks/esp-idf-v5.5.4/components/esp_rom/esp32s3/ld/esp32s3.rom.bt_funcs.ld
-- Adding linker script D:/Espressif/frameworks/esp-idf-v5.5.4/components/esp_rom/esp32s3/ld/esp32s3.rom.libgcc.ld
-- Adding linker script D:/Espressif/frameworks/esp-idf-v5.5.4/components/esp_rom/esp32s3/ld/esp32s3.rom.wdt.ld
-- Adding linker script D:/Espressif/frameworks/esp-idf-v5.5.4/components/esp_rom/esp32s3/ld/esp32s3.rom.version.ld
-- Adding linker script D:/Espressif/frameworks/esp-idf-v5.5.4/components/esp_rom/esp32s3/ld/esp32s3.rom.ble_master.ld
-- Adding linker script D:/Espressif/frameworks/esp-idf-v5.5.4/components/esp_rom/esp32s3/ld/esp32s3.rom.ble_50.ld
-- Adding linker script D:/Espressif/frameworks/esp-idf-v5.5.4/components/esp_rom/esp32s3/ld/esp32s3.rom.ble_smp.ld
-- Adding linker script D:/Espressif/frameworks/esp-idf-v5.5.4/components/esp_rom/esp32s3/ld/esp32s3.rom.ble_dtm.ld
-- Adding linker script D:/Espressif/frameworks/esp-idf-v5.5.4/components/esp_rom/esp32s3/ld/esp32s3.rom.ble_test.ld
-- Adding linker script D:/Espressif/frameworks/esp-idf-v5.5.4/components/esp_rom/esp32s3/ld/esp32s3.rom.ble_scan.ld
-- Adding linker script D:/Espressif/frameworks/esp-idf-v5.5.4/components/esp_rom/esp32s3/ld/esp32s3.rom.libc.ld
-- Adding linker script D:/Espressif/frameworks/esp-idf-v5.5.4/components/esp_rom/esp32s3/ld/esp32s3.rom.newlib.ld
-- Adding linker script D:/Espressif/frameworks/esp-idf-v5.5.4/components/soc/esp32s3/ld/esp32s3.peripherals.ld
-- IOT_ETH: 1.1.0
-- IOT_USBH_CDC: 3.1.0
-- IOT_USBH_ECM: 0.4.0
-- The esp_codec_dev is installed
-- Components: aip8563_rtc app_trace app_update audio_hal audio_processor bmi260_imu board_adc board_power bootloader bootloader_support bringup_test bt bus_i2c bus_spi camera_hal capability_registry cmock console cxx display_hal driver efuse es7210_adc es8311_codec esp-tls esp_adc esp_app_format esp_bootloader_format esp_coex esp_common esp_driver_ana_cmpr esp_driver_bitscrambler esp_driver_cam esp_driver_dac esp_driver_gpio esp_driver_gptimer esp_driver_i2c esp_driver_i2s esp_driver_isp esp_driver_jpeg esp_driver_ledc esp_driver_mcpwm esp_driver_parlio esp_driver_pcnt esp_driver_ppa esp_driver_rmt esp_driver_sdio esp_driver_sdm esp_driver_sdmmc esp_driver_sdspi esp_driver_spi esp_driver_touch_sens esp_driver_tsens esp_driver_twai esp_driver_uart esp_driver_usb_serial_jtag esp_eth esp_event esp_gdbstub esp_hal_ieee802154 esp_hid esp_http_client esp_http_server esp_https_ota esp_https_server esp_hw_support esp_lcd esp_local_ctrl esp_mm esp_netif esp_netif_stack esp_partition esp_phy esp_pm esp_psram esp_ringbuf esp_rom esp_security esp_system esp_timer esp_vfs_console esp_wifi espcoredump espressif__cmake_utilities espressif__dl_fft espressif__esp-dsp espressif__esp-sr espressif__esp_audio_codec espressif__esp_audio_effects espressif__esp_audio_simple_player espressif__esp_codec_dev espressif__esp_new_jpeg espressif__esp_websocket_client espressif__gmf_audio espressif__gmf_core espressif__gmf_io espressif__iot_eth espressif__iot_usbh_cdc espressif__iot_usbh_ecm esptool_py fatfs freertos hal heap http_parser idf_test ieee802154 io_expander json laiwfs300 log lte_hal lwip main mbedtls module_detect mqtt net_mgmt network_manager newlib nvs_flash nvs_sec_provider openthread partition_table perfmon protobuf-c protocomm pt2466_motor pthread robot_motion rt sdmmc soc spi_flash spiffs storage_hal tcp_transport touch_element touch_hal ulp unity usb vfs wear_levelling wifi_provisioning wpa_supplicant xiaozhi_agent xiaozhi_audio xtensa
-- Component paths: C:/Users/15301/AppData/Local/Temp/laiwfs300_build/rc_tank_demo/components/aip8563_rtc D:/Espressif/frameworks/esp-idf-v5.5.4/components/app_trace D:/Espressif/frameworks/esp-idf-v5.5.4/components/app_update C:/Users/15301/AppData/Local/Temp/laiwfs300_build/rc_tank_demo/components/audio_hal C:/Users/15301/AppData/Local/Temp/laiwfs300_build/rc_tank_demo/components/audio_processor C:/Users/15301/AppData/Local/Temp/laiwfs300_build/rc_tank_demo/components/bmi260_imu C:/Users/15301/AppData/Local/Temp/laiwfs300_build/rc_tank_demo/components/board_adc C:/Users/15301/AppData/Local/Temp/laiwfs300_build/rc_tank_demo/components/board_power D:/Espressif/frameworks/esp-idf-v5.5.4/components/bootloader D:/Espressif/frameworks/esp-idf-v5.5.4/components/bootloader_support C:/Users/15301/AppData/Local/Temp/laiwfs300_build/rc_tank_demo/components/bringup_test D:/Espressif/frameworks/esp-idf-v5.5.4/components/bt C:/Users/15301/AppData/Local/Temp/laiwfs300_build/rc_tank_demo/components/bus_i2c C:/Users/15301/AppData/Local/Temp/laiwfs300_build/rc_tank_demo/components/bus_spi C:/Users/15301/AppData/Local/Temp/laiwfs300_build/rc_tank_demo/components/camera_hal C:/Users/15301/AppData/Local/Temp/laiwfs300_build/rc_tank_demo/components/capability_registry D:/Espressif/frameworks/esp-idf-v5.5.4/components/cmock D:/Espressif/frameworks/esp-idf-v5.5.4/components/console D:/Espressif/frameworks/esp-idf-v5.5.4/components/cxx C:/Users/15301/AppData/Local/Temp/laiwfs300_build/rc_tank_demo/components/display_hal D:/Espressif/frameworks/esp-idf-v5.5.4/components/driver D:/Espressif/frameworks/esp-idf-v5.5.4/components/efuse C:/Users/15301/AppData/Local/Temp/laiwfs300_build/rc_tank_demo/components/es7210_adc C:/Users/15301/AppData/Local/Temp/laiwfs300_build/rc_tank_demo/components/es8311_codec D:/Espressif/frameworks/esp-idf-v5.5.4/components/esp-tls D:/Espressif/frameworks/esp-idf-v5.5.4/components/esp_adc D:/Espressif/frameworks/esp-idf-v5.5.4/components/esp_app_format D:/Espressif/frameworks/esp-idf-v5.5.4/components/esp_bootloader_format D:/Espressif/frameworks/esp-idf-v5.5.4/components/esp_coex D:/Espressif/frameworks/esp-idf-v5.5.4/components/esp_common D:/Espressif/frameworks/esp-idf-v5.5.4/components/esp_driver_ana_cmpr D:/Espressif/frameworks/esp-idf-v5.5.4/components/esp_driver_bitscrambler D:/Espressif/frameworks/esp-idf-v5.5.4/components/esp_driver_cam D:/Espressif/frameworks/esp-idf-v5.5.4/components/esp_driver_dac D:/Espressif/frameworks/esp-idf-v5.5.4/components/esp_driver_gpio D:/Espressif/frameworks/esp-idf-v5.5.4/components/esp_driver_gptimer D:/Espressif/frameworks/esp-idf-v5.5.4/components/esp_driver_i2c D:/Espressif/frameworks/esp-idf-v5.5.4/components/esp_driver_i2s D:/Espressif/frameworks/esp-idf-v5.5.4/components/esp_driver_isp D:/Espressif/frameworks/esp-idf-v5.5.4/components/esp_driver_jpeg D:/Espressif/frameworks/esp-idf-v5.5.4/components/esp_driver_ledc D:/Espressif/frameworks/esp-idf-v5.5.4/components/esp_driver_mcpwm D:/Espressif/frameworks/esp-idf-v5.5.4/components/esp_driver_parlio D:/Espressif/frameworks/esp-idf-v5.5.4/components/esp_driver_pcnt D:/Espressif/frameworks/esp-idf-v5.5.4/components/esp_driver_ppa D:/Espressif/frameworks/esp-idf-v5.5.4/components/esp_driver_rmt D:/Espressif/frameworks/esp-idf-v5.5.4/components/esp_driver_sdio D:/Espressif/frameworks/esp-idf-v5.5.4/components/esp_driver_sdm D:/Espressif/frameworks/esp-idf-v5.5.4/components/esp_driver_sdmmc D:/Espressif/frameworks/esp-idf-v5.5.4/components/esp_driver_sdspi D:/Espressif/frameworks/esp-idf-v5.5.4/components/esp_driver_spi D:/Espressif/frameworks/esp-idf-v5.5.4/components/esp_driver_touch_sens D:/Espressif/frameworks/esp-idf-v5.5.4/components/esp_driver_tsens D:/Espressif/frameworks/esp-idf-v5.5.4/components/esp_driver_twai D:/Espressif/frameworks/esp-idf-v5.5.4/components/esp_driver_uart D:/Espressif/frameworks/esp-idf-v5.5.4/components/esp_driver_usb_serial_jtag D:/Espressif/frameworks/esp-idf-v5.5.4/components/esp_eth D:/Espressif/frameworks/esp-idf-v5.5.4/components/esp_event D:/Espressif/frameworks/esp-idf-v5.5.4/components/esp_gdbstub D:/Espressif/frameworks/esp-idf-v5.5.4/components/esp_hal_ieee802154 D:/Espressif/frameworks/esp-idf-v5.5.4/components/esp_hid D:/Espressif/frameworks/esp-idf-v5.5.4/components/esp_http_client D:/Espressif/frameworks/esp-idf-v5.5.4/components/esp_http_server D:/Espressif/frameworks/esp-idf-v5.5.4/components/esp_https_ota D:/Espressif/frameworks/esp-idf-v5.5.4/components/esp_https_server D:/Espressif/frameworks/esp-idf-v5.5.4/components/esp_hw_support D:/Espressif/frameworks/esp-idf-v5.5.4/components/esp_lcd D:/Espressif/frameworks/esp-idf-v5.5.4/components/esp_local_ctrl D:/Espressif/frameworks/esp-idf-v5.5.4/components/esp_mm D:/Espressif/frameworks/esp-idf-v5.5.4/components/esp_netif D:/Espressif/frameworks/esp-idf-v5.5.4/components/esp_netif_stack D:/Espressif/frameworks/esp-idf-v5.5.4/components/esp_partition D:/Espressif/frameworks/esp-idf-v5.5.4/components/esp_phy D:/Espressif/frameworks/esp-idf-v5.5.4/components/esp_pm D:/Espressif/frameworks/esp-idf-v5.5.4/components/esp_psram D:/Espressif/frameworks/esp-idf-v5.5.4/components/esp_ringbuf D:/Espressif/frameworks/esp-idf-v5.5.4/components/esp_rom D:/Espressif/frameworks/esp-idf-v5.5.4/components/esp_security D:/Espressif/frameworks/esp-idf-v5.5.4/components/esp_system D:/Espressif/frameworks/esp-idf-v5.5.4/components/esp_timer D:/Espressif/frameworks/esp-idf-v5.5.4/components/esp_vfs_console D:/Espressif/frameworks/esp-idf-v5.5.4/components/esp_wifi D:/Espressif/frameworks/esp-idf-v5.5.4/components/espcoredump C:/Users/15301/AppData/Local/Temp/laiwfs300_build/rc_tank_demo/managed_components/espressif__cmake_utilities C:/Users/15301/AppData/Local/Temp/laiwfs300_build/rc_tank_demo/managed_components/espressif__dl_fft C:/Users/15301/AppData/Local/Temp/laiwfs300_build/rc_tank_demo/managed_components/espressif__esp-dsp C:/Users/15301/AppData/Local/Temp/laiwfs300_build/rc_tank_demo/managed_components/espressif__esp-sr C:/Users/15301/AppData/Local/Temp/laiwfs300_build/rc_tank_demo/managed_components/espressif__esp_audio_codec C:/Users/15301/AppData/Local/Temp/laiwfs300_build/rc_tank_demo/managed_components/espressif__esp_audio_effects C:/Users/15301/AppData/Local/Temp/laiwfs300_build/rc_tank_demo/managed_components/espressif__esp_audio_simple_player C:/Users/15301/AppData/Local/Temp/laiwfs300_build/rc_tank_demo/managed_components/espressif__esp_codec_dev C:/Users/15301/AppData/Local/Temp/laiwfs300_build/rc_tank_demo/managed_components/espressif__esp_new_jpeg C:/Users/15301/AppData/Local/Temp/laiwfs300_build/rc_tank_demo/managed_components/espressif__esp_websocket_client C:/Users/15301/AppData/Local/Temp/laiwfs300_build/rc_tank_demo/managed_components/espressif__gmf_audio C:/Users/15301/AppData/Local/Temp/laiwfs300_build/rc_tank_demo/managed_components/espressif__gmf_core C:/Users/15301/AppData/Local/Temp/laiwfs300_build/rc_tank_demo/managed_components/espressif__gmf_io C:/Users/15301/AppData/Local/Temp/laiwfs300_build/rc_tank_demo/managed_components/espressif__iot_eth C:/Users/15301/AppData/Local/Temp/laiwfs300_build/rc_tank_demo/managed_components/espressif__iot_usbh_cdc C:/Users/15301/AppData/Local/Temp/laiwfs300_build/rc_tank_demo/managed_components/espressif__iot_usbh_ecm D:/Espressif/frameworks/esp-idf-v5.5.4/components/esptool_py D:/Espressif/frameworks/esp-idf-v5.5.4/components/fatfs D:/Espressif/frameworks/esp-idf-v5.5.4/components/freertos D:/Espressif/frameworks/esp-idf-v5.5.4/components/hal D:/Espressif/frameworks/esp-idf-v5.5.4/components/heap D:/Espressif/frameworks/esp-idf-v5.5.4/components/http_parser D:/Espressif/frameworks/esp-idf-v5.5.4/components/idf_test D:/Espressif/frameworks/esp-idf-v5.5.4/components/ieee802154 C:/Users/15301/AppData/Local/Temp/laiwfs300_build/rc_tank_demo/components/io_expander D:/Espressif/frameworks/esp-idf-v5.5.4/components/json C:/Users/15301/AppData/Local/Temp/laiwfs300_build/rc_tank_demo/components/laiwfs300 D:/Espressif/frameworks/esp-idf-v5.5.4/components/log C:/Users/15301/AppData/Local/Temp/laiwfs300_build/rc_tank_demo/components/lte_hal D:/Espressif/frameworks/esp-idf-v5.5.4/components/lwip C:/Users/15301/AppData/Local/Temp/laiwfs300_build/rc_tank_demo/main D:/Espressif/frameworks/esp-idf-v5.5.4/components/mbedtls C:/Users/15301/AppData/Local/Temp/laiwfs300_build/rc_tank_demo/components/module_detect D:/Espressif/frameworks/esp-idf-v5.5.4/components/mqtt C:/Users/15301/AppData/Local/Temp/laiwfs300_build/rc_tank_demo/components/net_mgmt C:/Users/15301/AppData/Local/Temp/laiwfs300_build/rc_tank_demo/components/network_manager D:/Espressif/frameworks/esp-idf-v5.5.4/components/newlib D:/Espressif/frameworks/esp-idf-v5.5.4/components/nvs_flash D:/Espressif/frameworks/esp-idf-v5.5.4/components/nvs_sec_provider D:/Espressif/frameworks/esp-idf-v5.5.4/components/openthread D:/Espressif/frameworks/esp-idf-v5.5.4/components/partition_table D:/Espressif/frameworks/esp-idf-v5.5.4/components/perfmon D:/Espressif/frameworks/esp-idf-v5.5.4/components/protobuf-c D:/Espressif/frameworks/esp-idf-v5.5.4/components/protocomm C:/Users/15301/AppData/Local/Temp/laiwfs300_build/rc_tank_demo/components/pt2466_motor D:/Espressif/frameworks/esp-idf-v5.5.4/components/pthread C:/Users/15301/AppData/Local/Temp/laiwfs300_build/rc_tank_demo/components/robot_motion D:/Espressif/frameworks/esp-idf-v5.5.4/components/rt D:/Espressif/frameworks/esp-idf-v5.5.4/components/sdmmc D:/Espressif/frameworks/esp-idf-v5.5.4/components/soc D:/Espressif/frameworks/esp-idf-v5.5.4/components/spi_flash D:/Espressif/frameworks/esp-idf-v5.5.4/components/spiffs C:/Users/15301/AppData/Local/Temp/laiwfs300_build/rc_tank_demo/components/storage_hal D:/Espressif/frameworks/esp-idf-v5.5.4/components/tcp_transport D:/Espressif/frameworks/esp-idf-v5.5.4/components/touch_element C:/Users/15301/AppData/Local/Temp/laiwfs300_build/rc_tank_demo/components/touch_hal D:/Espressif/frameworks/esp-idf-v5.5.4/components/ulp D:/Espressif/frameworks/esp-idf-v5.5.4/components/unity D:/Espressif/frameworks/esp-idf-v5.5.4/components/usb D:/Espressif/frameworks/esp-idf-v5.5.4/components/vfs D:/Espressif/frameworks/esp-idf-v5.5.4/components/wear_levelling D:/Espressif/frameworks/esp-idf-v5.5.4/components/wifi_provisioning D:/Espressif/frameworks/esp-idf-v5.5.4/components/wpa_supplicant C:/Users/15301/AppData/Local/Temp/laiwfs300_build/rc_tank_demo/components/xiaozhi_agent C:/Users/15301/AppData/Local/Temp/laiwfs300_build/rc_tank_demo/components/xiaozhi_audio D:/Espressif/frameworks/esp-idf-v5.5.4/components/xtensa
-- Configuring done (31.8s)
-- Generating done (2.2s)
-- Build files have been written to: C:/Users/15301/AppData/Local/Temp/laiwfs300_build/rc_tank_demo/build
Building firmware...
Executing action: all (aliases: build)
Running ninja in directory C:\Users\15301\AppData\Local\Temp\laiwfs300_build\rc_tank_demo\build
Executing "ninja all"...
[1/1430] Generating project_elf_src_esp32s3.c

[2/1430] Generating C:/Users/15301/AppData/Local/Temp/laiwfs300_build/rc_tank_demo/build/esp-idf/esp_system/ld/memory.ld linker script...

[3/1430] Generating C:/Users/15301/AppData/Local/Temp/laiwfs300_build/rc_tank_demo/build/esp-idf/esp_system/ld/sections.ld.in linker script...

[4/1430] Generating ../../partition_table/partition-table.bin

Partition table binary generated. Contents:

*******************************************************************************

# ESP-IDF Partition Table


# Name, Type, SubType, Offset, Size, Flags


nvs,data,nvs,0x9000,24K,


phy_init,data,phy,0xf000,4K,


factory,app,factory,0x10000,3M,


storage,data,spiffs,0x310000,1M,


*******************************************************************************

[5/1430] Building C object esp-idf/esp_http_client/CMakeFiles/__idf_esp_http_client.dir/lib/http_header.c.obj

[6/1430] Building C object esp-idf/esp_http_client/CMakeFiles/__idf_esp_http_client.dir/lib/http_utils.c.obj

[7/1430] Building C object esp-idf/esp_http_server/CMakeFiles/__idf_esp_http_server.dir/src/util/ctrl_sock.c.obj

[8/1430] Building C object esp-idf/esp_http_server/CMakeFiles/__idf_esp_http_server.dir/src/httpd_ws.c.obj

[9/1430] Building C object esp-idf/esp_http_server/CMakeFiles/__idf_esp_http_server.dir/src/httpd_main.c.obj

[10/1430] Building C object esp-idf/esp_http_server/CMakeFiles/__idf_esp_http_server.dir/src/httpd_parse.c.obj

[11/1430] Building C object esp-idf/esp_http_server/CMakeFiles/__idf_esp_http_server.dir/src/httpd_uri.c.obj

[12/1430] Building C object esp-idf/esp_https_ota/CMakeFiles/__idf_esp_https_ota.dir/src/esp_https_ota.c.obj

[13/1430] Building C object esp-idf/esp_http_server/CMakeFiles/__idf_esp_http_server.dir/src/httpd_sess.c.obj

[14/1430] Building C object esp-idf/tcp_transport/CMakeFiles/__idf_tcp_transport.dir/transport_socks_proxy.c.obj

[15/1430] Building C object esp-idf/esp_http_server/CMakeFiles/__idf_esp_http_server.dir/src/httpd_txrx.c.obj

[16/1430] Building C object esp-idf/esp_http_client/CMakeFiles/__idf_esp_http_client.dir/lib/http_auth.c.obj

[17/1430] Building C object esp-idf/tcp_transport/CMakeFiles/__idf_tcp_transport.dir/transport_internal.c.obj

[18/1430] Building C object esp-idf/esp_adc/CMakeFiles/__idf_esp_adc.dir/adc_cali.c.obj

[19/1430] Building C object esp-idf/tcp_transport/CMakeFiles/__idf_tcp_transport.dir/transport.c.obj

[20/1430] Building C object esp-idf/esp_adc/CMakeFiles/__idf_esp_adc.dir/adc_common.c.obj

[21/1430] Building C object esp-idf/tcp_transport/CMakeFiles/__idf_tcp_transport.dir/transport_ssl.c.obj

[22/1430] Building C object esp-idf/esp_adc/CMakeFiles/__idf_esp_adc.dir/adc_oneshot.c.obj

[23/1430] Building C object esp-idf/esp_adc/CMakeFiles/__idf_esp_adc.dir/adc_cali_curve_fitting.c.obj

[24/1430] Building C object esp-idf/esp_adc/CMakeFiles/__idf_esp_adc.dir/deprecated/esp_adc_cal_common_legacy.c.obj

[25/1430] Building C object esp-idf/esp_adc/CMakeFiles/__idf_esp_adc.dir/esp32s3/curve_fitting_coefficients.c.obj

[26/1430] Building C object esp-idf/esp_http_client/CMakeFiles/__idf_esp_http_client.dir/esp_http_client.c.obj

[27/1430] Building C object esp-idf/tcp_transport/CMakeFiles/__idf_tcp_transport.dir/transport_ws.c.obj

[28/1430] Building C object esp-idf/esp_adc/CMakeFiles/__idf_esp_adc.dir/deprecated/esp32s3/esp_adc_cal_legacy.c.obj

[29/1430] Building C object esp-idf/esp_adc/CMakeFiles/__idf_esp_adc.dir/gdma/adc_dma.c.obj

[30/1430] Linking C static library esp-idf\esp_https_ota\libesp_https_ota.a

[31/1430] Building C object esp-idf/esp_adc/CMakeFiles/__idf_esp_adc.dir/adc_monitor.c.obj

[32/1430] Building C object esp-idf/esp_adc/CMakeFiles/__idf_esp_adc.dir/adc_continuous.c.obj

[33/1430] Building C object esp-idf/esp-tls/CMakeFiles/__idf_esp-tls.dir/esp-tls-crypto/esp_tls_crypto.c.obj

[34/1430] Building C object esp-idf/esp-tls/CMakeFiles/__idf_esp-tls.dir/esp_tls_platform_port.c.obj

[35/1430] Building C object esp-idf/esp_adc/CMakeFiles/__idf_esp_adc.dir/adc_filter.c.obj

[36/1430] Building C object esp-idf/esp-tls/CMakeFiles/__idf_esp-tls.dir/esp_tls_error_capture.c.obj

[37/1430] Linking C static library esp-idf\esp_http_server\libesp_http_server.a

[38/1430] Building C object esp-idf/esp-tls/CMakeFiles/__idf_esp-tls.dir/esp_tls.c.obj

[39/1430] Building C object esp-idf/http_parser/CMakeFiles/__idf_http_parser.dir/http_parser.c.obj

[40/1430] Building C object esp-idf/driver/CMakeFiles/__idf_driver.dir/deprecated/adc_dma_legacy.c.obj

[41/1430] Building C object esp-idf/driver/CMakeFiles/__idf_driver.dir/deprecated/timer_legacy.c.obj

[42/1430] Building C object esp-idf/driver/CMakeFiles/__idf_driver.dir/deprecated/adc_legacy.c.obj

[43/1430] Building C object esp-idf/driver/CMakeFiles/__idf_driver.dir/deprecated/sigma_delta_legacy.c.obj

[44/1430] Building C object esp-idf/driver/CMakeFiles/__idf_driver.dir/deprecated/pcnt_legacy.c.obj

[45/1430] Building C object esp-idf/esp-tls/CMakeFiles/__idf_esp-tls.dir/esp_tls_mbedtls.c.obj

[46/1430] Building C object esp-idf/driver/CMakeFiles/__idf_driver.dir/deprecated/rtc_temperature_legacy.c.obj

[47/1430] Building C object esp-idf/driver/CMakeFiles/__idf_driver.dir/touch_sensor/touch_sensor_common.c.obj

[48/1430] Building C object esp-idf/driver/CMakeFiles/__idf_driver.dir/deprecated/i2s_legacy.c.obj

[49/1430] Building C object esp-idf/driver/CMakeFiles/__idf_driver.dir/deprecated/mcpwm_legacy.c.obj

[50/1430] Building C object esp-idf/esp_driver_twai/CMakeFiles/__idf_esp_driver_twai.dir/esp_twai.c.obj

[51/1430] Building C object esp-idf/driver/CMakeFiles/__idf_driver.dir/twai/twai.c.obj

[52/1430] Building C object esp-idf/driver/CMakeFiles/__idf_driver.dir/i2c/i2c.c.obj

[53/1430] Linking C static library esp-idf\esp_http_client\libesp_http_client.a

[54/1430] Building C object esp-idf/driver/CMakeFiles/__idf_driver.dir/touch_sensor/esp32s3/touch_sensor.c.obj

[55/1430] Building C object esp-idf/driver/CMakeFiles/__idf_driver.dir/deprecated/rmt_legacy.c.obj

[56/1430] Building C object esp-idf/esp_driver_twai/CMakeFiles/__idf_esp_driver_twai.dir/esp_twai_onchip.c.obj

[57/1430] Building C object esp-idf/esp_driver_sdm/CMakeFiles/__idf_esp_driver_sdm.dir/src/sdm.c.obj

[58/1430] Building C object esp-idf/esp_driver_sdspi/CMakeFiles/__idf_esp_driver_sdspi.dir/src/sdspi_crc.c.obj

[59/1430] Building C object esp-idf/esp_driver_i2c/CMakeFiles/__idf_esp_driver_i2c.dir/i2c_common.c.obj

[60/1430] Building C object esp-idf/esp_driver_i2c/CMakeFiles/__idf_esp_driver_i2c.dir/i2c_slave.c.obj

[61/1430] Building C object esp-idf/esp_driver_rmt/CMakeFiles/__idf_esp_driver_rmt.dir/src/rmt_encoder.c.obj

[62/1430] Building C object esp-idf/esp_driver_tsens/CMakeFiles/__idf_esp_driver_tsens.dir/src/temperature_sensor.c.obj

[63/1430] Building C object esp-idf/esp_driver_rmt/CMakeFiles/__idf_esp_driver_rmt.dir/src/rmt_encoder_bytes.c.obj

[64/1430] Building C object esp-idf/esp_driver_ledc/CMakeFiles/__idf_esp_driver_ledc.dir/src/ledc.c.obj

[65/1430] Building C object esp-idf/esp_driver_rmt/CMakeFiles/__idf_esp_driver_rmt.dir/src/rmt_common.c.obj

[66/1430] Building C object esp-idf/esp_driver_i2c/CMakeFiles/__idf_esp_driver_i2c.dir/i2c_master.c.obj

[67/1430] Building C object esp-idf/esp_driver_rmt/CMakeFiles/__idf_esp_driver_rmt.dir/src/rmt_encoder_copy.c.obj

[68/1430] Building C object esp-idf/esp_driver_rmt/CMakeFiles/__idf_esp_driver_rmt.dir/src/rmt_encoder_simple.c.obj

[69/1430] Linking C static library esp-idf\tcp_transport\libtcp_transport.a

[70/1430] Building C object esp-idf/sdmmc/CMakeFiles/__idf_sdmmc.dir/sd_pwr_ctrl/sd_pwr_ctrl.c.obj

[71/1430] Building C object esp-idf/esp_driver_sdspi/CMakeFiles/__idf_esp_driver_sdspi.dir/src/sdspi_transaction.c.obj

[72/1430] Building C object esp-idf/esp_driver_sdspi/CMakeFiles/__idf_esp_driver_sdspi.dir/src/sdspi_host.c.obj

[73/1430] Building C object esp-idf/esp_driver_rmt/CMakeFiles/__idf_esp_driver_rmt.dir/src/rmt_rx.c.obj

[74/1430] Building C object esp-idf/sdmmc/CMakeFiles/__idf_sdmmc.dir/sdmmc_init.c.obj

[75/1430] Building C object esp-idf/sdmmc/CMakeFiles/__idf_sdmmc.dir/sdmmc_mmc.c.obj

[76/1430] Building C object esp-idf/esp_driver_sdmmc/CMakeFiles/__idf_esp_driver_sdmmc.dir/src/sdmmc_transaction.c.obj

[77/1430] Building C object esp-idf/sdmmc/CMakeFiles/__idf_sdmmc.dir/sdmmc_common.c.obj

[78/1430] Building C object esp-idf/sdmmc/CMakeFiles/__idf_sdmmc.dir/sdmmc_io.c.obj

[79/1430] Building C object esp-idf/esp_driver_rmt/CMakeFiles/__idf_esp_driver_rmt.dir/src/rmt_tx.c.obj

[80/1430] Building C object esp-idf/sdmmc/CMakeFiles/__idf_sdmmc.dir/sdmmc_cmd.c.obj

[81/1430] Linking C static library esp-idf\esp_adc\libesp_adc.a

[82/1430] Building C object esp-idf/sdmmc/CMakeFiles/__idf_sdmmc.dir/sdmmc_sd.c.obj

[83/1430] Building C object esp-idf/esp_driver_sdmmc/CMakeFiles/__idf_esp_driver_sdmmc.dir/src/sdmmc_host.c.obj

[84/1430] Building C object esp-idf/esp_driver_i2s/CMakeFiles/__idf_esp_driver_i2s.dir/i2s_tdm.c.obj

[85/1430] Building C object esp-idf/esp_driver_i2s/CMakeFiles/__idf_esp_driver_i2s.dir/i2s_std.c.obj

[86/1430] Building C object esp-idf/esp_driver_i2s/CMakeFiles/__idf_esp_driver_i2s.dir/i2s_pdm.c.obj

[87/1430] Building C object esp-idf/esp_driver_i2s/CMakeFiles/__idf_esp_driver_i2s.dir/i2s_common.c.obj

[88/1430] Building C object esp-idf/esp_driver_mcpwm/CMakeFiles/__idf_esp_driver_mcpwm.dir/src/mcpwm_cmpr.c.obj

[89/1430] Building C object esp-idf/esp_driver_i2s/CMakeFiles/__idf_esp_driver_i2s.dir/i2s_platform.c.obj

[90/1430] Building C object esp-idf/esp_driver_mcpwm/CMakeFiles/__idf_esp_driver_mcpwm.dir/src/mcpwm_com.c.obj

[91/1430] Building ASM object esp-idf/esp_gdbstub/CMakeFiles/__idf_esp_gdbstub.dir/src/port/xtensa/gdbstub-entry.S.obj

[92/1430] Building C object esp-idf/esp_gdbstub/CMakeFiles/__idf_esp_gdbstub.dir/src/gdbstub_transport.c.obj

[93/1430] Building C object esp-idf/esp_driver_mcpwm/CMakeFiles/__idf_esp_driver_mcpwm.dir/src/mcpwm_sync.c.obj

[94/1430] Building C object esp-idf/esp_driver_mcpwm/CMakeFiles/__idf_esp_driver_mcpwm.dir/src/mcpwm_oper.c.obj

[95/1430] Building ASM object esp-idf/esp_gdbstub/CMakeFiles/__idf_esp_gdbstub.dir/src/port/xtensa/xt_debugexception.S.obj

[96/1430] Building C object esp-idf/esp_driver_mcpwm/CMakeFiles/__idf_esp_driver_mcpwm.dir/src/mcpwm_cap.c.obj

[97/1430] Building C object esp-idf/esp_driver_mcpwm/CMakeFiles/__idf_esp_driver_mcpwm.dir/src/mcpwm_fault.c.obj

[98/1430] Building C object esp-idf/esp_driver_mcpwm/CMakeFiles/__idf_esp_driver_mcpwm.dir/src/mcpwm_timer.c.obj

[99/1430] Building C object esp-idf/esp_gdbstub/CMakeFiles/__idf_esp_gdbstub.dir/src/gdbstub.c.obj

[100/1430] Linking C static library esp-idf\esp-tls\libesp-tls.a

[101/1430] Building C object esp-idf/esp_driver_mcpwm/CMakeFiles/__idf_esp_driver_mcpwm.dir/src/mcpwm_gen.c.obj

[102/1430] Building C object esp-idf/esp_gdbstub/CMakeFiles/__idf_esp_gdbstub.dir/src/packet.c.obj

[103/1430] Building C object esp-idf/esp_driver_pcnt/CMakeFiles/__idf_esp_driver_pcnt.dir/src/pulse_cnt.c.obj

[104/1430] Building C object esp-idf/esp_gdbstub/CMakeFiles/__idf_esp_gdbstub.dir/src/port/xtensa/gdbstub_xtensa.c.obj

[105/1430] Building C object esp-idf/esp_wifi/CMakeFiles/__idf_esp_wifi.dir/src/lib_printf.c.obj

[106/1430] Building C object esp-idf/esp_wifi/CMakeFiles/__idf_esp_wifi.dir/src/wifi_default_ap.c.obj

[107/1430] Building C object esp-idf/esp_wifi/CMakeFiles/__idf_esp_wifi.dir/src/mesh_event.c.obj

[108/1430] Linking C static library esp-idf\http_parser\libhttp_parser.a

[109/1430] Building C object esp-idf/esp_coex/CMakeFiles/__idf_esp_coex.dir/src/coexist_debug_diagram.c.obj

[110/1430] Building C object esp-idf/esp_wifi/CMakeFiles/__idf_esp_wifi.dir/src/wifi_netif.c.obj

[111/1430] Building C object esp-idf/esp_wifi/CMakeFiles/__idf_esp_wifi.dir/regulatory/esp_wifi_regulatory.c.obj

[112/1430] Building C object esp-idf/esp_coex/CMakeFiles/__idf_esp_coex.dir/esp32s3/esp_coex_adapter.c.obj

[113/1430] Building C object esp-idf/esp_wifi/CMakeFiles/__idf_esp_wifi.dir/src/wifi_default.c.obj

[114/1430] Building C object esp-idf/esp_driver_spi/CMakeFiles/__idf_esp_driver_spi.dir/src/gpspi/spi_slave.c.obj

[115/1430] Building C object esp-idf/esp_driver_spi/CMakeFiles/__idf_esp_driver_spi.dir/src/gpspi/spi_slave_hd.c.obj

[116/1430] Building C object esp-idf/esp_driver_spi/CMakeFiles/__idf_esp_driver_spi.dir/src/gpspi/spi_common.c.obj

[117/1430] Building C object esp-idf/esp_wifi/CMakeFiles/__idf_esp_wifi.dir/src/smartconfig.c.obj

[118/1430] Building C object esp-idf/esp_coex/CMakeFiles/__idf_esp_coex.dir/src/coexist_debug.c.obj

[119/1430] Building C object esp-idf/esp_wifi/CMakeFiles/__idf_esp_wifi.dir/src/wifi_init.c.obj

[120/1430] Building C object esp-idf/esp_wifi/CMakeFiles/__idf_esp_wifi.dir/src/smartconfig_ack.c.obj

[121/1430] Building C object esp-idf/esp_driver_spi/CMakeFiles/__idf_esp_driver_spi.dir/src/gpspi/spi_master.c.obj

[122/1430] Building C object esp-idf/esp_wifi/CMakeFiles/__idf_esp_wifi.dir/esp32s3/esp_adapter.c.obj

[123/1430] Linking C static library esp-idf\driver\libdriver.a

[124/1430] Building C object esp-idf/wpa_supplicant/CMakeFiles/__idf_wpa_supplicant.dir/port/os_xtensa.c.obj

[125/1430] Building C object esp-idf/wpa_supplicant/CMakeFiles/__idf_wpa_supplicant.dir/src/ap/ieee802_1x.c.obj

[126/1430] Building C object esp-idf/wpa_supplicant/CMakeFiles/__idf_wpa_supplicant.dir/port/eloop.c.obj

[127/1430] Building C object esp-idf/wpa_supplicant/CMakeFiles/__idf_wpa_supplicant.dir/src/ap/ap_config.c.obj

[128/1430] Building C object esp-idf/wpa_supplicant/CMakeFiles/__idf_wpa_supplicant.dir/src/ap/pmksa_cache_auth.c.obj

[129/1430] Building C object esp-idf/wpa_supplicant/CMakeFiles/__idf_wpa_supplicant.dir/src/ap/comeback_token.c.obj

[130/1430] Building C object esp-idf/wpa_supplicant/CMakeFiles/__idf_wpa_supplicant.dir/src/common/dragonfly.c.obj

[131/1430] Building C object esp-idf/wpa_supplicant/CMakeFiles/__idf_wpa_supplicant.dir/src/ap/sta_info.c.obj

[132/1430] Building C object esp-idf/wpa_supplicant/CMakeFiles/__idf_wpa_supplicant.dir/src/utils/bitfield.c.obj

[133/1430] Building C object esp-idf/wpa_supplicant/CMakeFiles/__idf_wpa_supplicant.dir/src/crypto/aes-siv.c.obj

[134/1430] Linking C static library esp-idf\esp_driver_twai\libesp_driver_twai.a

[135/1430] Building C object esp-idf/wpa_supplicant/CMakeFiles/__idf_wpa_supplicant.dir/src/crypto/sha256-kdf.c.obj

[136/1430] Building C object esp-idf/wpa_supplicant/CMakeFiles/__idf_wpa_supplicant.dir/src/ap/ieee802_11.c.obj

[137/1430] Building C object esp-idf/wpa_supplicant/CMakeFiles/__idf_wpa_supplicant.dir/src/common/wpa_common.c.obj

[138/1430] Building C object esp-idf/wpa_supplicant/CMakeFiles/__idf_wpa_supplicant.dir/src/ap/wpa_auth_ie.c.obj

[139/1430] Building C object esp-idf/wpa_supplicant/CMakeFiles/__idf_wpa_supplicant.dir/src/crypto/ccmp.c.obj

[140/1430] Building C object esp-idf/wpa_supplicant/CMakeFiles/__idf_wpa_supplicant.dir/src/ap/wpa_auth.c.obj

[141/1430] Building C object esp-idf/wpa_supplicant/CMakeFiles/__idf_wpa_supplicant.dir/src/common/sae.c.obj

[142/1430] Linking C static library esp-idf\esp_driver_ledc\libesp_driver_ledc.a

[143/1430] Building C object esp-idf/wpa_supplicant/CMakeFiles/__idf_wpa_supplicant.dir/src/crypto/aes-gcm.c.obj

[144/1430] Building C object esp-idf/wpa_supplicant/CMakeFiles/__idf_wpa_supplicant.dir/src/crypto/dh_groups.c.obj

[145/1430] Building C object esp-idf/wpa_supplicant/CMakeFiles/__idf_wpa_supplicant.dir/src/crypto/crypto_ops.c.obj

[146/1430] Building C object esp-idf/wpa_supplicant/CMakeFiles/__idf_wpa_supplicant.dir/src/crypto/dh_group5.c.obj

[147/1430] Building C object esp-idf/wpa_supplicant/CMakeFiles/__idf_wpa_supplicant.dir/src/crypto/sha256-tlsprf.c.obj

[148/1430] Building C object esp-idf/wpa_supplicant/CMakeFiles/__idf_wpa_supplicant.dir/src/crypto/sha1-tlsprf.c.obj

[149/1430] Building C object esp-idf/wpa_supplicant/CMakeFiles/__idf_wpa_supplicant.dir/src/crypto/sha1-prf.c.obj

[150/1430] Building C object esp-idf/wpa_supplicant/CMakeFiles/__idf_wpa_supplicant.dir/src/crypto/ms_funcs.c.obj

[151/1430] Building C object esp-idf/wpa_supplicant/CMakeFiles/__idf_wpa_supplicant.dir/src/crypto/sha384-prf.c.obj

[152/1430] Building C object esp-idf/wpa_supplicant/CMakeFiles/__idf_wpa_supplicant.dir/src/crypto/sha256-prf.c.obj

[153/1430] Building C object esp-idf/wpa_supplicant/CMakeFiles/__idf_wpa_supplicant.dir/src/crypto/sha384-tlsprf.c.obj

[154/1430] Building C object esp-idf/wpa_supplicant/CMakeFiles/__idf_wpa_supplicant.dir/src/eap_common/eap_wsc_common.c.obj

[155/1430] Building C object esp-idf/wpa_supplicant/CMakeFiles/__idf_wpa_supplicant.dir/src/crypto/sha1-tprf.c.obj

[156/1430] Building C object esp-idf/wpa_supplicant/CMakeFiles/__idf_wpa_supplicant.dir/src/crypto/md4-internal.c.obj

[157/1430] Building C object esp-idf/wpa_supplicant/CMakeFiles/__idf_wpa_supplicant.dir/src/eap_peer/chap.c.obj

[158/1430] Building C object esp-idf/wpa_supplicant/CMakeFiles/__idf_wpa_supplicant.dir/src/common/ieee802_11_common.c.obj

[159/1430] Linking C static library esp-idf\esp_driver_i2c\libesp_driver_i2c.a

[160/1430] Building C object esp-idf/wpa_supplicant/CMakeFiles/__idf_wpa_supplicant.dir/src/eap_peer/eap.c.obj

[161/1430] Building C object esp-idf/wpa_supplicant/CMakeFiles/__idf_wpa_supplicant.dir/src/eap_peer/eap_common.c.obj

[162/1430] Building C object esp-idf/wpa_supplicant/CMakeFiles/__idf_wpa_supplicant.dir/src/eap_peer/eap_mschapv2.c.obj

[163/1430] Building C object esp-idf/wpa_supplicant/CMakeFiles/__idf_wpa_supplicant.dir/src/eap_peer/eap_peap_common.c.obj

[164/1430] Building C object esp-idf/wpa_supplicant/CMakeFiles/__idf_wpa_supplicant.dir/src/eap_peer/mschapv2.c.obj

[165/1430] Building C object esp-idf/wpa_supplicant/CMakeFiles/__idf_wpa_supplicant.dir/src/eap_peer/eap_fast_common.c.obj

[166/1430] Building C object esp-idf/wpa_supplicant/CMakeFiles/__idf_wpa_supplicant.dir/src/eap_peer/eap_peap.c.obj

[167/1430] Linking C static library esp-idf\esp_driver_sdm\libesp_driver_sdm.a

[168/1430] Building C object esp-idf/wpa_supplicant/CMakeFiles/__idf_wpa_supplicant.dir/src/eap_peer/eap_tls.c.obj

[169/1430] Building C object esp-idf/wpa_supplicant/CMakeFiles/__idf_wpa_supplicant.dir/src/eap_peer/eap_tls_common.c.obj

[170/1430] Building C object esp-idf/wpa_supplicant/CMakeFiles/__idf_wpa_supplicant.dir/src/rsn_supp/wpa_ie.c.obj

[171/1430] Building C object esp-idf/wpa_supplicant/CMakeFiles/__idf_wpa_supplicant.dir/src/utils/base64.c.obj

[172/1430] Building C object esp-idf/wpa_supplicant/CMakeFiles/__idf_wpa_supplicant.dir/src/eap_peer/eap_ttls.c.obj

[173/1430] Building C object esp-idf/wpa_supplicant/CMakeFiles/__idf_wpa_supplicant.dir/src/rsn_supp/pmksa_cache.c.obj

[174/1430] Building C object esp-idf/wpa_supplicant/CMakeFiles/__idf_wpa_supplicant.dir/src/eap_peer/eap_fast_pac.c.obj

[175/1430] Building C object esp-idf/wpa_supplicant/CMakeFiles/__idf_wpa_supplicant.dir/src/rsn_supp/wpa.c.obj

[176/1430] Building C object esp-idf/wpa_supplicant/CMakeFiles/__idf_wpa_supplicant.dir/src/eap_peer/eap_fast.c.obj

[177/1430] Building C object esp-idf/wpa_supplicant/CMakeFiles/__idf_wpa_supplicant.dir/src/utils/ext_password.c.obj

[178/1430] Building C object esp-idf/wpa_supplicant/CMakeFiles/__idf_wpa_supplicant.dir/src/utils/common.c.obj

[179/1430] Building C object esp-idf/wpa_supplicant/CMakeFiles/__idf_wpa_supplicant.dir/src/utils/uuid.c.obj

[180/1430] Building C object esp-idf/wpa_supplicant/CMakeFiles/__idf_wpa_supplicant.dir/src/utils/wpabuf.c.obj

[181/1430] Linking C static library esp-idf\esp_driver_tsens\libesp_driver_tsens.a

[182/1430] Building C object esp-idf/wpa_supplicant/CMakeFiles/__idf_wpa_supplicant.dir/src/utils/wpa_debug.c.obj

[183/1430] Building C object esp-idf/wpa_supplicant/CMakeFiles/__idf_wpa_supplicant.dir/src/wps/wps_attr_process.c.obj

[184/1430] Building C object esp-idf/wpa_supplicant/CMakeFiles/__idf_wpa_supplicant.dir/src/wps/wps.c.obj

[185/1430] Building C object esp-idf/wpa_supplicant/CMakeFiles/__idf_wpa_supplicant.dir/src/wps/wps_attr_build.c.obj

[186/1430] Building C object esp-idf/wpa_supplicant/CMakeFiles/__idf_wpa_supplicant.dir/src/utils/json.c.obj

[187/1430] Building C object esp-idf/wpa_supplicant/CMakeFiles/__idf_wpa_supplicant.dir/src/wps/wps_attr_parse.c.obj

[188/1430] Building C object esp-idf/wpa_supplicant/CMakeFiles/__idf_wpa_supplicant.dir/src/wps/wps_dev_attr.c.obj

[189/1430] Building C object esp-idf/wpa_supplicant/CMakeFiles/__idf_wpa_supplicant.dir/esp_supplicant/src/esp_wpa2_api_port.c.obj

[190/1430] Building C object esp-idf/wpa_supplicant/CMakeFiles/__idf_wpa_supplicant.dir/src/wps/wps_common.c.obj

[191/1430] Building C object esp-idf/wpa_supplicant/CMakeFiles/__idf_wpa_supplicant.dir/src/common/sae_pk.c.obj

[192/1430] Building C object esp-idf/wpa_supplicant/CMakeFiles/__idf_wpa_supplicant.dir/src/wps/wps_enrollee.c.obj

[193/1430] Linking C static library esp-idf\esp_driver_rmt\libesp_driver_rmt.a

[194/1430] Building C object esp-idf/wpa_supplicant/CMakeFiles/__idf_wpa_supplicant.dir/esp_supplicant/src/esp_wpas_glue.c.obj

[195/1430] Building C object esp-idf/wpa_supplicant/CMakeFiles/__idf_wpa_supplicant.dir/esp_supplicant/src/esp_common.c.obj

[196/1430] Building C object esp-idf/wpa_supplicant/CMakeFiles/__idf_wpa_supplicant.dir/esp_supplicant/src/esp_wpa_main.c.obj

[197/1430] Building C object esp-idf/wpa_supplicant/CMakeFiles/__idf_wpa_supplicant.dir/esp_supplicant/src/crypto/fastpsk.c.obj

[198/1430] Building C object esp-idf/wpa_supplicant/CMakeFiles/__idf_wpa_supplicant.dir/esp_supplicant/src/esp_owe.c.obj

[199/1430] Building C object esp-idf/wpa_supplicant/CMakeFiles/__idf_wpa_supplicant.dir/esp_supplicant/src/esp_hostap.c.obj

[200/1430] Building C object esp-idf/wpa_supplicant/CMakeFiles/__idf_wpa_supplicant.dir/esp_supplicant/src/esp_wpa3.c.obj

[201/1430] Linking C static library esp-idf\esp_driver_sdspi\libesp_driver_sdspi.a

[202/1430] Building C object esp-idf/wpa_supplicant/CMakeFiles/__idf_wpa_supplicant.dir/esp_supplicant/src/esp_eap_client.c.obj

[203/1430] Building C object esp-idf/wpa_supplicant/CMakeFiles/__idf_wpa_supplicant.dir/esp_supplicant/src/esp_wps.c.obj

[204/1430] Building C object esp-idf/wpa_supplicant/CMakeFiles/__idf_wpa_supplicant.dir/src/crypto/rc4.c.obj

[205/1430] Building C object esp-idf/wpa_supplicant/CMakeFiles/__idf_wpa_supplicant.dir/esp_supplicant/src/crypto/crypto_mbedtls.c.obj

[206/1430] Building C object esp-idf/wpa_supplicant/CMakeFiles/__idf_wpa_supplicant.dir/esp_supplicant/src/crypto/crypto_mbedtls-bignum.c.obj

[207/1430] Building C object esp-idf/wpa_supplicant/CMakeFiles/__idf_wpa_supplicant.dir/src/crypto/des-internal.c.obj

[208/1430] Building C object esp-idf/wpa_supplicant/CMakeFiles/__idf_wpa_supplicant.dir/src/crypto/aes-wrap.c.obj

[209/1430] Building C object esp-idf/wpa_supplicant/CMakeFiles/__idf_wpa_supplicant.dir/esp_supplicant/src/crypto/fastpbkdf2.c.obj

[210/1430] Building C object esp-idf/esp_netif/CMakeFiles/__idf_esp_netif.dir/esp_netif_handlers.c.obj

[211/1430] Building C object esp-idf/wpa_supplicant/CMakeFiles/__idf_wpa_supplicant.dir/esp_supplicant/src/crypto/tls_mbedtls.c.obj

[212/1430] Building C object esp-idf/esp_netif/CMakeFiles/__idf_esp_netif.dir/esp_netif_objects.c.obj

[213/1430] Building C object esp-idf/wpa_supplicant/CMakeFiles/__idf_wpa_supplicant.dir/esp_supplicant/src/crypto/crypto_mbedtls-rsa.c.obj

[214/1430] Building C object esp-idf/esp_netif/CMakeFiles/__idf_esp_netif.dir/esp_netif_defaults.c.obj

[215/1430] Building C object esp-idf/wpa_supplicant/CMakeFiles/__idf_wpa_supplicant.dir/src/crypto/aes-unwrap.c.obj

[216/1430] Building C object esp-idf/wpa_supplicant/CMakeFiles/__idf_wpa_supplicant.dir/esp_supplicant/src/crypto/crypto_mbedtls-ec.c.obj

[217/1430] Building C object esp-idf/wpa_supplicant/CMakeFiles/__idf_wpa_supplicant.dir/src/crypto/aes-ccm.c.obj

[218/1430] Linking C static library esp-idf\esp_driver_sdmmc\libesp_driver_sdmmc.a

[219/1430] Building C object esp-idf/esp_netif/CMakeFiles/__idf_esp_netif.dir/lwip/esp_netif_lwip_defaults.c.obj

[220/1430] Building C object esp-idf/esp_netif/CMakeFiles/__idf_esp_netif.dir/lwip/netif/wlanif.c.obj

[221/1430] Building C object esp-idf/esp_netif/CMakeFiles/__idf_esp_netif.dir/lwip/esp_netif_sntp.c.obj

[222/1430] Building C object esp-idf/lwip/CMakeFiles/__idf_lwip.dir/lwip/src/api/err.c.obj

[223/1430] Building C object esp-idf/esp_netif/CMakeFiles/__idf_esp_netif.dir/lwip/netif/esp_pbuf_ref.c.obj

[224/1430] Building C object esp-idf/esp_netif/CMakeFiles/__idf_esp_netif.dir/lwip/netif/ethernetif.c.obj

[225/1430] Building C object esp-idf/lwip/CMakeFiles/__idf_lwip.dir/apps/sntp/sntp.c.obj

[226/1430] Building C object esp-idf/lwip/CMakeFiles/__idf_lwip.dir/lwip/src/api/if_api.c.obj

[227/1430] Linking C static library esp-idf\sdmmc\libsdmmc.a

[228/1430] Building C object esp-idf/lwip/CMakeFiles/__idf_lwip.dir/lwip/src/api/netbuf.c.obj

[229/1430] Building C object esp-idf/lwip/CMakeFiles/__idf_lwip.dir/lwip/src/api/netifapi.c.obj

[230/1430] Building C object esp-idf/lwip/CMakeFiles/__idf_lwip.dir/lwip/src/api/netdb.c.obj

[231/1430] Building C object esp-idf/lwip/CMakeFiles/__idf_lwip.dir/lwip/src/apps/sntp/sntp.c.obj

[232/1430] Building C object esp-idf/lwip/CMakeFiles/__idf_lwip.dir/lwip/src/api/api_lib.c.obj

[233/1430] Building C object esp-idf/lwip/CMakeFiles/__idf_lwip.dir/lwip/src/api/tcpip.c.obj

[234/1430] Building C object esp-idf/lwip/CMakeFiles/__idf_lwip.dir/lwip/src/api/api_msg.c.obj

[235/1430] Building C object esp-idf/esp_netif/CMakeFiles/__idf_esp_netif.dir/lwip/esp_netif_lwip.c.obj

[236/1430] Building C object esp-idf/lwip/CMakeFiles/__idf_lwip.dir/lwip/src/apps/netbiosns/netbiosns.c.obj

[237/1430] Building C object esp-idf/lwip/CMakeFiles/__idf_lwip.dir/lwip/src/core/init.c.obj

[238/1430] Linking C static library esp-idf\esp_driver_i2s\libesp_driver_i2s.a

[239/1430] Building C object esp-idf/lwip/CMakeFiles/__idf_lwip.dir/lwip/src/api/sockets.c.obj

[240/1430] Building C object esp-idf/lwip/CMakeFiles/__idf_lwip.dir/lwip/src/core/inet_chksum.c.obj

[241/1430] Building C object esp-idf/lwip/CMakeFiles/__idf_lwip.dir/lwip/src/core/def.c.obj

[242/1430] Building C object esp-idf/lwip/CMakeFiles/__idf_lwip.dir/lwip/src/core/mem.c.obj

[243/1430] Building C object esp-idf/lwip/CMakeFiles/__idf_lwip.dir/lwip/src/core/ip.c.obj

[244/1430] Building C object esp-idf/lwip/CMakeFiles/__idf_lwip.dir/lwip/src/core/memp.c.obj

[245/1430] Building C object esp-idf/lwip/CMakeFiles/__idf_lwip.dir/lwip/src/core/dns.c.obj

[246/1430] Building C object esp-idf/lwip/CMakeFiles/__idf_lwip.dir/lwip/src/core/raw.c.obj

[247/1430] Building C object esp-idf/lwip/CMakeFiles/__idf_lwip.dir/lwip/src/core/stats.c.obj

[248/1430] Building C object esp-idf/lwip/CMakeFiles/__idf_lwip.dir/lwip/src/core/sys.c.obj

[249/1430] Building C object esp-idf/lwip/CMakeFiles/__idf_lwip.dir/lwip/src/core/netif.c.obj

[250/1430] Building C object esp-idf/lwip/CMakeFiles/__idf_lwip.dir/lwip/src/core/pbuf.c.obj

[251/1430] Building C object esp-idf/lwip/CMakeFiles/__idf_lwip.dir/lwip/src/core/tcp_out.c.obj

[252/1430] Linking C static library esp-idf\esp_driver_mcpwm\libesp_driver_mcpwm.a

[253/1430] Building C object esp-idf/lwip/CMakeFiles/__idf_lwip.dir/lwip/src/core/ipv4/autoip.c.obj

[254/1430] Building C object esp-idf/lwip/CMakeFiles/__idf_lwip.dir/lwip/src/core/timeouts.c.obj

[255/1430] Building C object esp-idf/lwip/CMakeFiles/__idf_lwip.dir/lwip/src/core/ipv4/ip4_napt.c.obj

[256/1430] Building C object esp-idf/lwip/CMakeFiles/__idf_lwip.dir/lwip/src/core/ipv4/icmp.c.obj

[257/1430] Building C object esp-idf/lwip/CMakeFiles/__idf_lwip.dir/lwip/src/core/tcp_in.c.obj

[258/1430] Building C object esp-idf/lwip/CMakeFiles/__idf_lwip.dir/lwip/src/core/ipv4/igmp.c.obj

[259/1430] Building C object esp-idf/lwip/CMakeFiles/__idf_lwip.dir/lwip/src/core/tcp.c.obj

[260/1430] Building C object esp-idf/lwip/CMakeFiles/__idf_lwip.dir/lwip/src/core/udp.c.obj

[261/1430] Building C object esp-idf/lwip/CMakeFiles/__idf_lwip.dir/lwip/src/core/ipv4/ip4.c.obj

[262/1430] Building C object esp-idf/lwip/CMakeFiles/__idf_lwip.dir/lwip/src/core/ipv4/etharp.c.obj

[263/1430] Building C object esp-idf/lwip/CMakeFiles/__idf_lwip.dir/lwip/src/core/ipv6/dhcp6.c.obj

[264/1430] Building C object esp-idf/lwip/CMakeFiles/__idf_lwip.dir/lwip/src/core/ipv4/dhcp.c.obj

[265/1430] Building C object esp-idf/lwip/CMakeFiles/__idf_lwip.dir/lwip/src/core/ipv4/ip4_addr.c.obj

[266/1430] Building C object esp-idf/lwip/CMakeFiles/__idf_lwip.dir/lwip/src/core/ipv4/ip4_frag.c.obj

[267/1430] Linking C static library esp-idf\esp_driver_pcnt\libesp_driver_pcnt.a

[268/1430] Building C object esp-idf/lwip/CMakeFiles/__idf_lwip.dir/lwip/src/core/ipv6/icmp6.c.obj

[269/1430] Building C object esp-idf/lwip/CMakeFiles/__idf_lwip.dir/lwip/src/core/ipv6/ethip6.c.obj

[270/1430] Building C object esp-idf/lwip/CMakeFiles/__idf_lwip.dir/lwip/src/core/ipv6/inet6.c.obj

[271/1430] Building C object esp-idf/lwip/CMakeFiles/__idf_lwip.dir/lwip/src/core/ipv6/ip6_frag.c.obj

[272/1430] Building C object esp-idf/lwip/CMakeFiles/__idf_lwip.dir/lwip/src/core/ipv6/ip6_addr.c.obj

[273/1430] Building C object esp-idf/lwip/CMakeFiles/__idf_lwip.dir/lwip/src/netif/ppp/auth.c.obj

[274/1430] Building C object esp-idf/lwip/CMakeFiles/__idf_lwip.dir/lwip/src/netif/bridgeif.c.obj

[275/1430] Building C object esp-idf/lwip/CMakeFiles/__idf_lwip.dir/lwip/src/netif/ethernet.c.obj

[276/1430] Building C object esp-idf/lwip/CMakeFiles/__idf_lwip.dir/lwip/src/core/ipv6/ip6.c.obj

[277/1430] Linking C static library esp-idf\esp_gdbstub\libesp_gdbstub.a

[278/1430] Building C object esp-idf/lwip/CMakeFiles/__idf_lwip.dir/lwip/src/netif/bridgeif_fdb.c.obj

[279/1430] Building C object esp-idf/lwip/CMakeFiles/__idf_lwip.dir/lwip/src/netif/slipif.c.obj

[280/1430] Building C object esp-idf/lwip/CMakeFiles/__idf_lwip.dir/lwip/src/netif/ppp/chap-md5.c.obj

[281/1430] Building C object esp-idf/lwip/CMakeFiles/__idf_lwip.dir/lwip/src/netif/ppp/chap-new.c.obj

[282/1430] Building C object esp-idf/lwip/CMakeFiles/__idf_lwip.dir/lwip/src/core/ipv6/mld6.c.obj

[283/1430] Building C object esp-idf/lwip/CMakeFiles/__idf_lwip.dir/lwip/src/netif/ppp/ccp.c.obj

[284/1430] Building C object esp-idf/lwip/CMakeFiles/__idf_lwip.dir/lwip/src/netif/ppp/chap_ms.c.obj

[285/1430] Building C object esp-idf/lwip/CMakeFiles/__idf_lwip.dir/lwip/src/core/ipv6/nd6.c.obj

[286/1430] Building C object esp-idf/lwip/CMakeFiles/__idf_lwip.dir/lwip/src/netif/ppp/demand.c.obj

[287/1430] Building C object esp-idf/lwip/CMakeFiles/__idf_lwip.dir/lwip/src/netif/ppp/eap.c.obj

[288/1430] Building C object esp-idf/lwip/CMakeFiles/__idf_lwip.dir/lwip/src/netif/ppp/ecp.c.obj

[289/1430] Linking C static library esp-idf\esp_driver_spi\libesp_driver_spi.a

[290/1430] Building C object esp-idf/lwip/CMakeFiles/__idf_lwip.dir/lwip/src/netif/ppp/fsm.c.obj

[291/1430] Building C object esp-idf/lwip/CMakeFiles/__idf_lwip.dir/lwip/src/netif/ppp/eui64.c.obj

[292/1430] Building C object esp-idf/lwip/CMakeFiles/__idf_lwip.dir/lwip/src/netif/ppp/ipcp.c.obj

[293/1430] Building C object esp-idf/lwip/CMakeFiles/__idf_lwip.dir/lwip/src/netif/ppp/ipv6cp.c.obj

[294/1430] Building C object esp-idf/lwip/CMakeFiles/__idf_lwip.dir/lwip/src/netif/ppp/magic.c.obj

[295/1430] Building C object esp-idf/lwip/CMakeFiles/__idf_lwip.dir/lwip/src/netif/ppp/lcp.c.obj

[296/1430] Building C object esp-idf/lwip/CMakeFiles/__idf_lwip.dir/lwip/src/netif/ppp/ppp.c.obj

[297/1430] Building C object esp-idf/lwip/CMakeFiles/__idf_lwip.dir/lwip/src/netif/ppp/mppe.c.obj

[298/1430] Building C object esp-idf/lwip/CMakeFiles/__idf_lwip.dir/lwip/src/netif/ppp/pppoe.c.obj

[299/1430] Building C object esp-idf/lwip/CMakeFiles/__idf_lwip.dir/lwip/src/netif/ppp/multilink.c.obj

[300/1430] Building C object esp-idf/lwip/CMakeFiles/__idf_lwip.dir/lwip/src/netif/ppp/pppapi.c.obj

[301/1430] Building C object esp-idf/lwip/CMakeFiles/__idf_lwip.dir/lwip/src/netif/ppp/pppcrypt.c.obj

[302/1430] Building C object esp-idf/lwip/CMakeFiles/__idf_lwip.dir/lwip/src/netif/ppp/pppol2tp.c.obj

[303/1430] Building C object esp-idf/lwip/CMakeFiles/__idf_lwip.dir/lwip/src/netif/ppp/pppos.c.obj

[304/1430] Building C object esp-idf/lwip/CMakeFiles/__idf_lwip.dir/lwip/src/netif/ppp/vj.c.obj

[305/1430] Linking C static library esp-idf\esp_wifi\libesp_wifi.a

[306/1430] Building C object esp-idf/lwip/CMakeFiles/__idf_lwip.dir/lwip/src/netif/ppp/utils.c.obj

[307/1430] Building C object esp-idf/lwip/CMakeFiles/__idf_lwip.dir/lwip/src/netif/ppp/upap.c.obj

[308/1430] Building C object esp-idf/lwip/CMakeFiles/__idf_lwip.dir/port/hooks/tcp_isn_default.c.obj

[309/1430] Building C object esp-idf/lwip/CMakeFiles/__idf_lwip.dir/lwip/src/netif/ppp/polarssl/md4.c.obj

[310/1430] Building C object esp-idf/lwip/CMakeFiles/__idf_lwip.dir/port/hooks/lwip_default_hooks.c.obj

[311/1430] Building C object esp-idf/lwip/CMakeFiles/__idf_lwip.dir/lwip/src/netif/ppp/polarssl/des.c.obj

[312/1430] Building C object esp-idf/lwip/CMakeFiles/__idf_lwip.dir/port/acd_dhcp_check.c.obj

[313/1430] Building C object esp-idf/lwip/CMakeFiles/__idf_lwip.dir/lwip/src/netif/ppp/polarssl/arc4.c.obj

[314/1430] Building C object esp-idf/lwip/CMakeFiles/__idf_lwip.dir/port/esp32xx/vfs_lwip.c.obj

[315/1430] Building C object esp-idf/lwip/CMakeFiles/__idf_lwip.dir/port/if_index.c.obj

[316/1430] Building C object esp-idf/lwip/CMakeFiles/__idf_lwip.dir/port/freertos/sys_arch.c.obj

[317/1430] Building C object esp-idf/lwip/CMakeFiles/__idf_lwip.dir/port/sockets_ext.c.obj

[318/1430] Building C object esp-idf/lwip/CMakeFiles/__idf_lwip.dir/port/debug/lwip_debug.c.obj

[319/1430] Building C object esp-idf/lwip/CMakeFiles/__idf_lwip.dir/apps/ping/esp_ping.c.obj

[320/1430] Building C object esp-idf/lwip/CMakeFiles/__idf_lwip.dir/apps/ping/ping.c.obj

[321/1430] Building C object esp-idf/lwip/CMakeFiles/__idf_lwip.dir/apps/ping/ping_sock.c.obj

[322/1430] Building C object esp-idf/lwip/CMakeFiles/__idf_lwip.dir/lwip/src/netif/ppp/polarssl/md5.c.obj

[323/1430] Linking C static library esp-idf\esp_coex\libesp_coex.a

[324/1430] Building C object esp-idf/lwip/CMakeFiles/__idf_lwip.dir/lwip/src/netif/ppp/polarssl/sha1.c.obj

[325/1430] Building C object esp-idf/esp_phy/CMakeFiles/__idf_esp_phy.dir/src/lib_printf.c.obj

[326/1430] Building C object esp-idf/esp_phy/CMakeFiles/__idf_esp_phy.dir/esp32s3/phy_init_data.c.obj

[327/1430] Building C object esp-idf/esp_phy/CMakeFiles/__idf_esp_phy.dir/src/phy_common.c.obj

[328/1430] Building C object esp-idf/esp_driver_usb_serial_jtag/CMakeFiles/__idf_esp_driver_usb_serial_jtag.dir/src/usb_serial_jtag_connection_monitor.c.obj

[329/1430] Building C object esp-idf/lwip/CMakeFiles/__idf_lwip.dir/apps/dhcpserver/dhcpserver.c.obj

[330/1430] Building C object esp-idf/esp_vfs_console/CMakeFiles/__idf_esp_vfs_console.dir/vfs_console.c.obj

[331/1430] Building C object esp-idf/esp_phy/CMakeFiles/__idf_esp_phy.dir/src/phy_override.c.obj

[332/1430] Building C object esp-idf/vfs/CMakeFiles/__idf_vfs.dir/nullfs.c.obj

[333/1430] Building C object esp-idf/vfs/CMakeFiles/__idf_vfs.dir/vfs_eventfd.c.obj

[334/1430] Building C object esp-idf/esp_driver_usb_serial_jtag/CMakeFiles/__idf_esp_driver_usb_serial_jtag.dir/src/usb_serial_jtag.c.obj

[335/1430] Building C object esp-idf/esp_phy/CMakeFiles/__idf_esp_phy.dir/src/btbb_init.c.obj

[336/1430] Building C object esp-idf/vfs/CMakeFiles/__idf_vfs.dir/vfs_semihost.c.obj

[337/1430] Building C object esp-idf/esp_driver_usb_serial_jtag/CMakeFiles/__idf_esp_driver_usb_serial_jtag.dir/src/usb_serial_jtag_vfs.c.obj

[338/1430] Building C object esp-idf/esp_phy/CMakeFiles/__idf_esp_phy.dir/src/phy_init.c.obj

[339/1430] Building C object esp-idf/vfs/CMakeFiles/__idf_vfs.dir/vfs.c.obj

[340/1430] Linking C static library esp-idf\wpa_supplicant\libwpa_supplicant.a

[341/1430] Building CXX object esp-idf/nvs_flash/CMakeFiles/__idf_nvs_flash.dir/src/nvs_platform.cpp.obj

[342/1430] Building C object esp-idf/nvs_flash/CMakeFiles/__idf_nvs_flash.dir/src/nvs_bootloader.c.obj

[343/1430] Building C object esp-idf/nvs_flash/CMakeFiles/__idf_nvs_flash.dir/src/nvs_bootloader_xts_aes.c.obj

[344/1430] Building C object esp-idf/nvs_flash/CMakeFiles/__idf_nvs_flash.dir/src/nvs_bootloader_aes.c.obj

[345/1430] Linking C static library esp-idf\esp_netif\libesp_netif.a

[346/1430] Building CXX object esp-idf/nvs_flash/CMakeFiles/__idf_nvs_flash.dir/src/nvs_partition.cpp.obj

[347/1430] Building C object esp-idf/esp_event/CMakeFiles/__idf_esp_event.dir/default_event_loop.c.obj

[348/1430] Building CXX object esp-idf/nvs_flash/CMakeFiles/__idf_nvs_flash.dir/src/nvs_partition_lookup.cpp.obj

[349/1430] Building C object esp-idf/esp_event/CMakeFiles/__idf_esp_event.dir/esp_event_private.c.obj

[350/1430] Building C object esp-idf/esp_event/CMakeFiles/__idf_esp_event.dir/esp_event.c.obj

[351/1430] Building C object esp-idf/esp_driver_uart/CMakeFiles/__idf_esp_driver_uart.dir/src/uart_wakeup.c.obj

[352/1430] Building C object esp-idf/esp_driver_uart/CMakeFiles/__idf_esp_driver_uart.dir/src/uhci.c.obj

[353/1430] Building C object esp-idf/esp_psram/CMakeFiles/__idf_esp_psram.dir/system_layer/esp_psram_mspi.c.obj

[354/1430] Building C object esp-idf/esp_driver_uart/CMakeFiles/__idf_esp_driver_uart.dir/src/uart.c.obj

[355/1430] Building C object esp-idf/esp_driver_uart/CMakeFiles/__idf_esp_driver_uart.dir/src/uart_vfs.c.obj

[356/1430] Linking C static library esp-idf\lwip\liblwip.a

[357/1430] Building C object esp-idf/esp_psram/CMakeFiles/__idf_esp_psram.dir/device/esp_psram_impl_ap_quad.c.obj

[358/1430] Building C object esp-idf/esp_psram/CMakeFiles/__idf_esp_psram.dir/system_layer/esp_psram.c.obj

[359/1430] Building C object esp-idf/esp_psram/CMakeFiles/__idf_esp_psram.dir/xip_impl/mmu_psram_flash.c.obj

[360/1430] Building CXX object esp-idf/nvs_flash/CMakeFiles/__idf_nvs_flash.dir/src/nvs_cxx_api.cpp.obj

[361/1430] Building C object esp-idf/esp_driver_gptimer/CMakeFiles/__idf_esp_driver_gptimer.dir/src/gptimer.c.obj

[362/1430] Building C object esp-idf/esp_timer/CMakeFiles/__idf_esp_timer.dir/src/esp_timer_init.c.obj

[363/1430] Building CXX object esp-idf/nvs_flash/CMakeFiles/__idf_nvs_flash.dir/src/nvs_item_hash_list.cpp.obj

[364/1430] Building C object esp-idf/esp_driver_gptimer/CMakeFiles/__idf_esp_driver_gptimer.dir/src/gptimer_common.c.obj

[365/1430] Building CXX object esp-idf/nvs_flash/CMakeFiles/__idf_nvs_flash.dir/src/nvs_handle_locked.cpp.obj

[366/1430] Building C object esp-idf/esp_ringbuf/CMakeFiles/__idf_esp_ringbuf.dir/ringbuf.c.obj

[367/1430] Building CXX object esp-idf/nvs_flash/CMakeFiles/__idf_nvs_flash.dir/src/nvs_pagemanager.cpp.obj

[368/1430] Building CXX object esp-idf/nvs_flash/CMakeFiles/__idf_nvs_flash.dir/src/nvs_types.cpp.obj

[369/1430] Linking C static library esp-idf\vfs\libvfs.a

[370/1430] Building CXX object esp-idf/nvs_flash/CMakeFiles/__idf_nvs_flash.dir/src/nvs_api.cpp.obj

[371/1430] Building CXX object esp-idf/nvs_flash/CMakeFiles/__idf_nvs_flash.dir/src/nvs_handle_simple.cpp.obj

[372/1430] Building C object esp-idf/esp_timer/CMakeFiles/__idf_esp_timer.dir/src/esp_timer.c.obj

[373/1430] Building CXX object esp-idf/nvs_flash/CMakeFiles/__idf_nvs_flash.dir/src/nvs_partition_manager.cpp.obj

[374/1430] Building CXX object esp-idf/nvs_flash/CMakeFiles/__idf_nvs_flash.dir/src/nvs_encrypted_partition.cpp.obj

[375/1430] Building CXX object esp-idf/nvs_flash/CMakeFiles/__idf_nvs_flash.dir/src/nvs_page.cpp.obj

[376/1430] Building C object esp-idf/esp_timer/CMakeFiles/__idf_esp_timer.dir/src/system_time.c.obj

[377/1430] Building C object esp-idf/esp_timer/CMakeFiles/__idf_esp_timer.dir/src/ets_timer_legacy.c.obj

[378/1430] Building CXX object esp-idf/nvs_flash/CMakeFiles/__idf_nvs_flash.dir/src/nvs_storage.cpp.obj

[379/1430] Building CXX object esp-idf/cxx/CMakeFiles/__idf_cxx.dir/cxx_init.cpp.obj

[380/1430] Building C object esp-idf/esp_timer/CMakeFiles/__idf_esp_timer.dir/src/esp_timer_impl_common.c.obj

[381/1430] Building CXX object esp-idf/cxx/CMakeFiles/__idf_cxx.dir/cxx_exception_stubs.cpp.obj

[382/1430] Building C object esp-idf/newlib/CMakeFiles/__idf_newlib.dir/src/init.c.obj

[383/1430] Building C object esp-idf/pthread/CMakeFiles/__idf_pthread.dir/pthread_cond_var.c.obj

[384/1430] Building C object esp-idf/esp_timer/CMakeFiles/__idf_esp_timer.dir/src/esp_timer_impl_systimer.c.obj

[385/1430] Building C object esp-idf/pthread/CMakeFiles/__idf_pthread.dir/pthread_local_storage.c.obj

[386/1430] Building C object esp-idf/pthread/CMakeFiles/__idf_pthread.dir/pthread.c.obj

[387/1430] Linking C static library esp-idf\esp_vfs_console\libesp_vfs_console.a

[388/1430] Building C object esp-idf/pthread/CMakeFiles/__idf_pthread.dir/pthread_rwlock.c.obj

[389/1430] Building C object esp-idf/newlib/CMakeFiles/__idf_newlib.dir/src/heap.c.obj

[390/1430] Building C object esp-idf/newlib/CMakeFiles/__idf_newlib.dir/src/poll.c.obj

[391/1430] Building C object esp-idf/newlib/CMakeFiles/__idf_newlib.dir/src/abort.c.obj

[392/1430] Building C object esp-idf/pthread/CMakeFiles/__idf_pthread.dir/pthread_semaphore.c.obj

[393/1430] Building C object esp-idf/newlib/CMakeFiles/__idf_newlib.dir/src/assert.c.obj

[394/1430] Building C object esp-idf/newlib/CMakeFiles/__idf_newlib.dir/src/getentropy.c.obj

[395/1430] Building C object esp-idf/newlib/CMakeFiles/__idf_newlib.dir/src/random.c.obj

[396/1430] Building C object esp-idf/newlib/CMakeFiles/__idf_newlib.dir/src/pthread.c.obj

[397/1430] Building C object esp-idf/newlib/CMakeFiles/__idf_newlib.dir/src/termios.c.obj

[398/1430] Building C object esp-idf/newlib/CMakeFiles/__idf_newlib.dir/src/locks.c.obj

[399/1430] Building C object esp-idf/newlib/CMakeFiles/__idf_newlib.dir/src/sysconf.c.obj

[400/1430] Building CXX object esp-idf/cxx/CMakeFiles/__idf_cxx.dir/cxx_guards.cpp.obj

[401/1430] Building C object esp-idf/newlib/CMakeFiles/__idf_newlib.dir/src/realpath.c.obj

[402/1430] Building C object esp-idf/newlib/CMakeFiles/__idf_newlib.dir/src/scandir.c.obj

[403/1430] Building C object esp-idf/newlib/CMakeFiles/__idf_newlib.dir/src/flockfile.c.obj

[404/1430] Linking C static library esp-idf\esp_driver_usb_serial_jtag\libesp_driver_usb_serial_jtag.a

[405/1430] Building C object esp-idf/newlib/CMakeFiles/__idf_newlib.dir/src/syscalls.c.obj

[406/1430] Building C object esp-idf/newlib/CMakeFiles/__idf_newlib.dir/src/reent_init.c.obj

[407/1430] Building C object esp-idf/newlib/CMakeFiles/__idf_newlib.dir/src/port/esp_time_impl.c.obj

[408/1430] Building C object esp-idf/newlib/CMakeFiles/__idf_newlib.dir/src/time.c.obj

[409/1430] Building C object esp-idf/newlib/CMakeFiles/__idf_newlib.dir/src/reent_syscalls.c.obj

[410/1430] Building C object esp-idf/newlib/CMakeFiles/__idf_newlib.dir/src/port/xtensa/stdatomic_s32c1i.c.obj

[411/1430] Building C object esp-idf/newlib/CMakeFiles/__idf_newlib.dir/src/newlib_init.c.obj

[412/1430] Building C object esp-idf/freertos/CMakeFiles/__idf_freertos.dir/heap_idf.c.obj

[413/1430] Building C object esp-idf/freertos/CMakeFiles/__idf_freertos.dir/app_startup.c.obj

[414/1430] Building C object esp-idf/freertos/CMakeFiles/__idf_freertos.dir/port_common.c.obj

[415/1430] Building ASM object esp-idf/freertos/CMakeFiles/__idf_freertos.dir/FreeRTOS-Kernel/portable/xtensa/portasm.S.obj

[416/1430] Building C object esp-idf/freertos/CMakeFiles/__idf_freertos.dir/FreeRTOS-Kernel/list.c.obj

[417/1430] Building C object esp-idf/freertos/CMakeFiles/__idf_freertos.dir/port_systick.c.obj

[418/1430] Building C object esp-idf/newlib/CMakeFiles/__idf_newlib.dir/src/stdatomic.c.obj

[419/1430] Building C object esp-idf/freertos/CMakeFiles/__idf_freertos.dir/FreeRTOS-Kernel/portable/xtensa/xtensa_init.c.obj

[420/1430] Linking C static library esp-idf\esp_phy\libesp_phy.a

[421/1430] Building C object esp-idf/freertos/CMakeFiles/__idf_freertos.dir/FreeRTOS-Kernel/event_groups.c.obj

[422/1430] Building C object esp-idf/freertos/CMakeFiles/__idf_freertos.dir/FreeRTOS-Kernel/timers.c.obj

[423/1430] Building C object esp-idf/freertos/CMakeFiles/__idf_freertos.dir/FreeRTOS-Kernel/stream_buffer.c.obj

[424/1430] Building C object esp-idf/freertos/CMakeFiles/__idf_freertos.dir/FreeRTOS-Kernel/portable/xtensa/port.c.obj

[425/1430] Building C object esp-idf/freertos/CMakeFiles/__idf_freertos.dir/FreeRTOS-Kernel/portable/xtensa/xtensa_overlay_os_hook.c.obj

[426/1430] Building C object esp-idf/freertos/CMakeFiles/__idf_freertos.dir/esp_additions/idf_additions_event_groups.c.obj

[427/1430] Building C object esp-idf/esp_hw_support/CMakeFiles/__idf_esp_hw_support.dir/cpu.c.obj

[428/1430] Building C object esp-idf/freertos/CMakeFiles/__idf_freertos.dir/FreeRTOS-Kernel/queue.c.obj

[429/1430] Building C object esp-idf/freertos/CMakeFiles/__idf_freertos.dir/esp_additions/freertos_compatibility.c.obj

[430/1430] Building C object esp-idf/esp_hw_support/CMakeFiles/__idf_esp_hw_support.dir/port/esp32s3/esp_cpu_intr.c.obj

[431/1430] Building C object esp-idf/freertos/CMakeFiles/__idf_freertos.dir/esp_additions/idf_additions.c.obj

[432/1430] Building C object esp-idf/esp_hw_support/CMakeFiles/__idf_esp_hw_support.dir/esp_memory_utils.c.obj

[433/1430] Building C object esp-idf/esp_hw_support/CMakeFiles/__idf_esp_hw_support.dir/port/esp32s3/cpu_region_protect.c.obj

[434/1430] Building C object esp-idf/freertos/CMakeFiles/__idf_freertos.dir/FreeRTOS-Kernel/tasks.c.obj

[435/1430] Building C object esp-idf/esp_hw_support/CMakeFiles/__idf_esp_hw_support.dir/hw_random.c.obj

[436/1430] Building C object esp-idf/esp_hw_support/CMakeFiles/__idf_esp_hw_support.dir/clk_ctrl_os.c.obj

[437/1430] Building C object esp-idf/esp_hw_support/CMakeFiles/__idf_esp_hw_support.dir/esp_gpio_reserve.c.obj

[438/1430] Building C object esp-idf/esp_hw_support/CMakeFiles/__idf_esp_hw_support.dir/revision.c.obj

[439/1430] Building C object esp-idf/esp_hw_support/CMakeFiles/__idf_esp_hw_support.dir/esp_clk.c.obj

[440/1430] Linking C static library esp-idf\nvs_flash\libnvs_flash.a

[441/1430] Building C object esp-idf/esp_hw_support/CMakeFiles/__idf_esp_hw_support.dir/mac_addr.c.obj

[442/1430] Building C object esp-idf/esp_hw_support/CMakeFiles/__idf_esp_hw_support.dir/regi2c_ctrl.c.obj

[443/1430] Building C object esp-idf/esp_hw_support/CMakeFiles/__idf_esp_hw_support.dir/port/esp32s3/esp_clk_tree.c.obj

[444/1430] Building C object esp-idf/esp_hw_support/CMakeFiles/__idf_esp_hw_support.dir/rtc_module.c.obj

[445/1430] Building C object esp-idf/esp_hw_support/CMakeFiles/__idf_esp_hw_support.dir/intr_alloc.c.obj

[446/1430] Building C object esp-idf/esp_hw_support/CMakeFiles/__idf_esp_hw_support.dir/dma/esp_dma_utils.c.obj

[447/1430] Building C object esp-idf/esp_hw_support/CMakeFiles/__idf_esp_hw_support.dir/port/esp32s3/io_mux.c.obj

[448/1430] Building C object esp-idf/esp_hw_support/CMakeFiles/__idf_esp_hw_support.dir/periph_ctrl.c.obj

[449/1430] Building C object esp-idf/esp_hw_support/CMakeFiles/__idf_esp_hw_support.dir/dma/gdma_link.c.obj

[450/1430] Building C object esp-idf/esp_hw_support/CMakeFiles/__idf_esp_hw_support.dir/sar_periph_ctrl_common.c.obj

[451/1430] Building C object esp-idf/esp_hw_support/CMakeFiles/__idf_esp_hw_support.dir/clk_utils.c.obj

[452/1430] Building C object esp-idf/esp_hw_support/CMakeFiles/__idf_esp_hw_support.dir/port/esp_clk_tree_common.c.obj

[453/1430] Linking C static library esp-idf\esp_event\libesp_event.a

[454/1430] Building C object esp-idf/esp_hw_support/CMakeFiles/__idf_esp_hw_support.dir/spi_bus_lock.c.obj

[455/1430] Building C object esp-idf/esp_hw_support/CMakeFiles/__idf_esp_hw_support.dir/sleep_mspi.c.obj

[456/1430] Building C object esp-idf/esp_hw_support/CMakeFiles/__idf_esp_hw_support.dir/sleep_usb.c.obj

[457/1430] Building C object esp-idf/esp_hw_support/CMakeFiles/__idf_esp_hw_support.dir/sleep_modem.c.obj

[458/1430] Building C object esp-idf/esp_hw_support/CMakeFiles/__idf_esp_hw_support.dir/sleep_console.c.obj

[459/1430] Building C object esp-idf/esp_hw_support/CMakeFiles/__idf_esp_hw_support.dir/spi_share_hw_ctrl.c.obj

[460/1430] Building C object esp-idf/esp_hw_support/CMakeFiles/__idf_esp_hw_support.dir/adc_share_hw_ctrl.c.obj

[461/1430] Building C object esp-idf/esp_hw_support/CMakeFiles/__idf_esp_hw_support.dir/port/esp32s3/systimer.c.obj

[462/1430] Building C object esp-idf/esp_hw_support/CMakeFiles/__idf_esp_hw_support.dir/sleep_event.c.obj

[463/1430] Building C object esp-idf/esp_hw_support/CMakeFiles/__idf_esp_hw_support.dir/dma/esp_async_memcpy.c.obj

[464/1430] Building C object esp-idf/esp_hw_support/CMakeFiles/__idf_esp_hw_support.dir/mspi_timing_tuning/mspi_timing_tuning.c.obj

[465/1430] Linking C static library esp-idf\esp_driver_uart\libesp_driver_uart.a

[466/1430] Building C object esp-idf/esp_hw_support/CMakeFiles/__idf_esp_hw_support.dir/sleep_wake_stub.c.obj

[467/1430] Building C object esp-idf/esp_hw_support/CMakeFiles/__idf_esp_hw_support.dir/deprecated/gdma_legacy.c.obj

[468/1430] Building C object esp-idf/esp_hw_support/CMakeFiles/__idf_esp_hw_support.dir/sleep_gpio.c.obj

[469/1430] Building C object esp-idf/esp_hw_support/CMakeFiles/__idf_esp_hw_support.dir/dma/async_memcpy_gdma.c.obj

[470/1430] Building C object esp-idf/esp_hw_support/CMakeFiles/__idf_esp_hw_support.dir/port/esp32s3/rtc_sleep.c.obj

[471/1430] Building C object esp-idf/esp_hw_support/CMakeFiles/__idf_esp_hw_support.dir/port/esp32s3/rtc_clk_init.c.obj

[472/1430] Building C object esp-idf/esp_hw_support/CMakeFiles/__idf_esp_hw_support.dir/dma/gdma.c.obj

[473/1430] Building C object esp-idf/esp_hw_support/CMakeFiles/__idf_esp_hw_support.dir/esp_clock_output.c.obj

[474/1430] Building C object esp-idf/esp_hw_support/CMakeFiles/__idf_esp_hw_support.dir/port/esp32s3/chip_info.c.obj

[475/1430] Building C object esp-idf/esp_hw_support/CMakeFiles/__idf_esp_hw_support.dir/sleep_modes.c.obj

[476/1430] Building C object esp-idf/esp_hw_support/CMakeFiles/__idf_esp_hw_support.dir/port/esp32s3/rtc_clk.c.obj

[477/1430] Building C object esp-idf/esp_hw_support/CMakeFiles/__idf_esp_hw_support.dir/port/esp32s3/rtc_time.c.obj

[478/1430] Building C object esp-idf/esp_hw_support/CMakeFiles/__idf_esp_hw_support.dir/port/esp32s3/rtc_init.c.obj

[479/1430] Building C object esp-idf/esp_hw_support/CMakeFiles/__idf_esp_hw_support.dir/power_supply/brownout.c.obj

[480/1430] Building C object esp-idf/esp_hw_support/CMakeFiles/__idf_esp_hw_support.dir/mspi_timing_tuning/port/esp32s3/mspi_timing_config.c.obj

[481/1430] Linking C static library esp-idf\esp_psram\libesp_psram.a

[482/1430] Building C object esp-idf/esp_hw_support/CMakeFiles/__idf_esp_hw_support.dir/port/esp_memprot_conv.c.obj

[483/1430] Building C object esp-idf/esp_security/CMakeFiles/__idf_esp_security.dir/src/esp_crypto_lock.c.obj

[484/1430] Building C object esp-idf/soc/CMakeFiles/__idf_soc.dir/lldesc.c.obj

[485/1430] Building C object esp-idf/esp_hw_support/CMakeFiles/__idf_esp_hw_support.dir/mspi_timing_tuning/port/esp32s3/mspi_timing_by_mspi_delay.c.obj

[486/1430] Building C object esp-idf/soc/CMakeFiles/__idf_soc.dir/dport_access_common.c.obj

[487/1430] Building C object esp-idf/esp_hw_support/CMakeFiles/__idf_esp_hw_support.dir/port/esp32s3/sar_periph_ctrl.c.obj

[488/1430] Building C object esp-idf/esp_security/CMakeFiles/__idf_esp_security.dir/src/init.c.obj

[489/1430] Building C object esp-idf/soc/CMakeFiles/__idf_soc.dir/esp32s3/gpio_periph.c.obj

[490/1430] Building C object esp-idf/soc/CMakeFiles/__idf_soc.dir/esp32s3/interrupts.c.obj

[491/1430] Building C object esp-idf/esp_security/CMakeFiles/__idf_esp_security.dir/src/esp_hmac.c.obj

[492/1430] Building C object esp-idf/soc/CMakeFiles/__idf_soc.dir/esp32s3/uart_periph.c.obj

[493/1430] Building C object esp-idf/soc/CMakeFiles/__idf_soc.dir/esp32s3/spi_periph.c.obj

[494/1430] Building C object esp-idf/soc/CMakeFiles/__idf_soc.dir/esp32s3/adc_periph.c.obj

[495/1430] Building C object esp-idf/esp_hw_support/CMakeFiles/__idf_esp_hw_support.dir/lowpower/port/esp32s3/sleep_cpu.c.obj

[496/1430] Building C object esp-idf/soc/CMakeFiles/__idf_soc.dir/esp32s3/ledc_periph.c.obj

[497/1430] Building C object esp-idf/soc/CMakeFiles/__idf_soc.dir/esp32s3/dedic_gpio_periph.c.obj

[498/1430] Building C object esp-idf/esp_security/CMakeFiles/__idf_esp_security.dir/src/esp_ds.c.obj

[499/1430] Building C object esp-idf/esp_security/CMakeFiles/__idf_esp_security.dir/src/esp_crypto_periph_clk.c.obj

[500/1430] Building C object esp-idf/soc/CMakeFiles/__idf_soc.dir/esp32s3/gdma_periph.c.obj

[501/1430] Building C object esp-idf/soc/CMakeFiles/__idf_soc.dir/esp32s3/sdm_periph.c.obj

[502/1430] Linking C static library esp-idf\esp_ringbuf\libesp_ringbuf.a

[503/1430] Building C object esp-idf/esp_hw_support/CMakeFiles/__idf_esp_hw_support.dir/port/esp32s3/esp_memprot.c.obj

[504/1430] Building C object esp-idf/soc/CMakeFiles/__idf_soc.dir/esp32s3/pcnt_periph.c.obj

[505/1430] Building C object esp-idf/soc/CMakeFiles/__idf_soc.dir/esp32s3/lcd_periph.c.obj

[506/1430] Building C object esp-idf/soc/CMakeFiles/__idf_soc.dir/esp32s3/rmt_periph.c.obj

[507/1430] Building C object esp-idf/soc/CMakeFiles/__idf_soc.dir/esp32s3/i2s_periph.c.obj

[508/1430] Building C object esp-idf/soc/CMakeFiles/__idf_soc.dir/esp32s3/touch_sensor_periph.c.obj

[509/1430] Building C object esp-idf/soc/CMakeFiles/__idf_soc.dir/esp32s3/mpi_periph.c.obj

[510/1430] Building C object esp-idf/soc/CMakeFiles/__idf_soc.dir/esp32s3/twai_periph.c.obj

[511/1430] Building C object esp-idf/soc/CMakeFiles/__idf_soc.dir/esp32s3/timer_periph.c.obj

[512/1430] Building C object esp-idf/soc/CMakeFiles/__idf_soc.dir/esp32s3/temperature_sensor_periph.c.obj

[513/1430] Building C object esp-idf/soc/CMakeFiles/__idf_soc.dir/esp32s3/mcpwm_periph.c.obj

[514/1430] Building C object esp-idf/soc/CMakeFiles/__idf_soc.dir/esp32s3/i2c_periph.c.obj

[515/1430] Building C object esp-idf/soc/CMakeFiles/__idf_soc.dir/esp32s3/sdmmc_periph.c.obj

[516/1430] Building C object esp-idf/soc/CMakeFiles/__idf_soc.dir/esp32s3/power_supply_periph.c.obj

[517/1430] Building C object esp-idf/soc/CMakeFiles/__idf_soc.dir/esp32s3/cam_periph.c.obj

[518/1430] Building C object esp-idf/soc/CMakeFiles/__idf_soc.dir/esp32s3/usb_dwc_periph.c.obj

[519/1430] Building C object esp-idf/soc/CMakeFiles/__idf_soc.dir/esp32s3/wdt_periph.c.obj

[520/1430] Building C object esp-idf/soc/CMakeFiles/__idf_soc.dir/esp32s3/rtc_io_periph.c.obj

[521/1430] Linking C static library esp-idf\esp_driver_gptimer\libesp_driver_gptimer.a

[522/1430] Building C object esp-idf/log/CMakeFiles/__idf_log.dir/src/util.c.obj

[523/1430] Building C object esp-idf/log/CMakeFiles/__idf_log.dir/src/os/log_lock.c.obj

[524/1430] Building C object esp-idf/log/CMakeFiles/__idf_log.dir/src/os/log_write.c.obj

[525/1430] Building C object esp-idf/log/CMakeFiles/__idf_log.dir/src/log_timestamp_common.c.obj

[526/1430] Building C object esp-idf/log/CMakeFiles/__idf_log.dir/src/buffer/log_buffers.c.obj

[527/1430] Building C object esp-idf/heap/CMakeFiles/__idf_heap.dir/heap_caps_base.c.obj

[528/1430] Building C object esp-idf/heap/CMakeFiles/__idf_heap.dir/port/esp32s3/memory_layout.c.obj

[529/1430] Building C object esp-idf/log/CMakeFiles/__idf_log.dir/src/log_format_text.c.obj

[530/1430] Building C object esp-idf/log/CMakeFiles/__idf_log.dir/src/os/util.c.obj

[531/1430] Building C object esp-idf/log/CMakeFiles/__idf_log.dir/src/log_print.c.obj

[532/1430] Building C object esp-idf/log/CMakeFiles/__idf_log.dir/src/log.c.obj

[533/1430] Building C object esp-idf/log/CMakeFiles/__idf_log.dir/src/os/log_timestamp.c.obj

[534/1430] Building C object esp-idf/heap/CMakeFiles/__idf_heap.dir/heap_caps_init.c.obj

[535/1430] Building C object esp-idf/heap/CMakeFiles/__idf_heap.dir/port/memory_layout_utils.c.obj

[536/1430] Building C object esp-idf/heap/CMakeFiles/__idf_heap.dir/multi_heap.c.obj

[537/1430] Building C object esp-idf/heap/CMakeFiles/__idf_heap.dir/heap_caps.c.obj

[538/1430] Linking C static library esp-idf\esp_timer\libesp_timer.a

[539/1430] Building C object esp-idf/log/CMakeFiles/__idf_log.dir/src/log_level/log_level.c.obj

[540/1430] Building C object esp-idf/hal/CMakeFiles/__idf_hal.dir/hal_utils.c.obj

[541/1430] Building C object esp-idf/heap/CMakeFiles/__idf_heap.dir/tlsf/tlsf.c.obj

[542/1430] Building C object esp-idf/log/CMakeFiles/__idf_log.dir/src/log_level/tag_log_level/tag_log_level.c.obj

[543/1430] Building C object esp-idf/log/CMakeFiles/__idf_log.dir/src/log_level/tag_log_level/linked_list/log_linked_list.c.obj

[544/1430] Building C object esp-idf/log/CMakeFiles/__idf_log.dir/src/log_level/tag_log_level/cache/log_binary_heap.c.obj

[545/1430] Building C object esp-idf/hal/CMakeFiles/__idf_hal.dir/mpu_hal.c.obj

[546/1430] Building C object esp-idf/hal/CMakeFiles/__idf_hal.dir/color_hal.c.obj

[547/1430] Building C object esp-idf/hal/CMakeFiles/__idf_hal.dir/efuse_hal.c.obj

[548/1430] Building C object esp-idf/hal/CMakeFiles/__idf_hal.dir/esp32s3/efuse_hal.c.obj

[549/1430] Building C object esp-idf/hal/CMakeFiles/__idf_hal.dir/mmu_hal.c.obj

[550/1430] Building C object esp-idf/hal/CMakeFiles/__idf_hal.dir/cache_hal.c.obj

[551/1430] Building C object esp-idf/hal/CMakeFiles/__idf_hal.dir/spi_flash_encrypt_hal_iram.c.obj

[552/1430] Linking C static library esp-idf\cxx\libcxx.a

[553/1430] Building C object esp-idf/hal/CMakeFiles/__idf_hal.dir/esp32s3/clk_tree_hal.c.obj

[554/1430] Building C object esp-idf/hal/CMakeFiles/__idf_hal.dir/spi_flash_hal.c.obj

[555/1430] Building C object esp-idf/hal/CMakeFiles/__idf_hal.dir/systimer_hal.c.obj

[556/1430] Building C object esp-idf/hal/CMakeFiles/__idf_hal.dir/uart_hal_iram.c.obj

[557/1430] Building C object esp-idf/hal/CMakeFiles/__idf_hal.dir/uart_hal.c.obj

[558/1430] Building C object esp-idf/hal/CMakeFiles/__idf_hal.dir/gpio_hal.c.obj

[559/1430] Building C object esp-idf/hal/CMakeFiles/__idf_hal.dir/spi_flash_hal_iram.c.obj

[560/1430] Building C object esp-idf/hal/CMakeFiles/__idf_hal.dir/rtc_io_hal.c.obj

[561/1430] Building C object esp-idf/hal/CMakeFiles/__idf_hal.dir/timer_hal.c.obj

[562/1430] Building C object esp-idf/hal/CMakeFiles/__idf_hal.dir/ledc_hal.c.obj

[563/1430] Building C object esp-idf/hal/CMakeFiles/__idf_hal.dir/i2c_hal_iram.c.obj

[564/1430] Building C object esp-idf/hal/CMakeFiles/__idf_hal.dir/pcnt_hal.c.obj

[565/1430] Building C object esp-idf/hal/CMakeFiles/__idf_hal.dir/ledc_hal_iram.c.obj

[566/1430] Building C object esp-idf/hal/CMakeFiles/__idf_hal.dir/i2c_hal.c.obj

[567/1430] Building C object esp-idf/hal/CMakeFiles/__idf_hal.dir/rmt_hal.c.obj

[568/1430] Building C object esp-idf/hal/CMakeFiles/__idf_hal.dir/mcpwm_hal.c.obj

[569/1430] Building C object esp-idf/hal/CMakeFiles/__idf_hal.dir/uhci_hal.c.obj

[570/1430] Building C object esp-idf/hal/CMakeFiles/__idf_hal.dir/gdma_hal_top.c.obj

[571/1430] Linking C static library esp-idf\pthread\libpthread.a

[572/1430] Building C object esp-idf/hal/CMakeFiles/__idf_hal.dir/gdma_hal_ahb_v1.c.obj

[573/1430] Building C object esp-idf/hal/CMakeFiles/__idf_hal.dir/sdm_hal.c.obj

[574/1430] Building C object esp-idf/hal/CMakeFiles/__idf_hal.dir/twai_hal_v1.c.obj

[575/1430] Building C object esp-idf/hal/CMakeFiles/__idf_hal.dir/sdmmc_hal.c.obj

[576/1430] Building C object esp-idf/hal/CMakeFiles/__idf_hal.dir/i2s_hal.c.obj

[577/1430] Building C object esp-idf/hal/CMakeFiles/__idf_hal.dir/lcd_hal.c.obj

[578/1430] Building C object esp-idf/hal/CMakeFiles/__idf_hal.dir/aes_hal.c.obj

[579/1430] Building C object esp-idf/hal/CMakeFiles/__idf_hal.dir/mpi_hal.c.obj

[580/1430] Building C object esp-idf/hal/CMakeFiles/__idf_hal.dir/adc_oneshot_hal.c.obj

[581/1430] Building C object esp-idf/hal/CMakeFiles/__idf_hal.dir/brownout_hal.c.obj

[582/1430] Building C object esp-idf/hal/CMakeFiles/__idf_hal.dir/adc_hal.c.obj

[583/1430] Building C object esp-idf/hal/CMakeFiles/__idf_hal.dir/adc_hal_common.c.obj

[584/1430] Building C object esp-idf/hal/CMakeFiles/__idf_hal.dir/sha_hal.c.obj

[585/1430] Building C object esp-idf/hal/CMakeFiles/__idf_hal.dir/spi_hal.c.obj

[586/1430] Building C object esp-idf/hal/CMakeFiles/__idf_hal.dir/spi_slave_hal_iram.c.obj

[587/1430] Building C object esp-idf/hal/CMakeFiles/__idf_hal.dir/ds_hal.c.obj

[588/1430] Building C object esp-idf/hal/CMakeFiles/__idf_hal.dir/cam_hal.c.obj

[589/1430] Building C object esp-idf/hal/CMakeFiles/__idf_hal.dir/spi_slave_hal.c.obj

[590/1430] Building C object esp-idf/hal/CMakeFiles/__idf_hal.dir/spi_flash_hal_gpspi.c.obj

[591/1430] Building C object esp-idf/hal/CMakeFiles/__idf_hal.dir/hmac_hal.c.obj

[592/1430] Building C object esp-idf/hal/CMakeFiles/__idf_hal.dir/usb_serial_jtag_hal.c.obj

[593/1430] Linking C static library esp-idf\newlib\libnewlib.a

[594/1430] Building C object esp-idf/hal/CMakeFiles/__idf_hal.dir/spi_hal_iram.c.obj

[595/1430] Building C object esp-idf/hal/CMakeFiles/__idf_hal.dir/usb_wrap_hal.c.obj

[596/1430] Building C object esp-idf/hal/CMakeFiles/__idf_hal.dir/touch_sens_hal.c.obj

[597/1430] Building C object esp-idf/hal/CMakeFiles/__idf_hal.dir/spi_slave_hd_hal.c.obj

[598/1430] Building C object esp-idf/hal/CMakeFiles/__idf_hal.dir/xt_wdt_hal.c.obj

[599/1430] Building C object esp-idf/hal/CMakeFiles/__idf_hal.dir/touch_sensor_hal.c.obj

[600/1430] Building C object esp-idf/hal/CMakeFiles/__idf_hal.dir/esp32s3/touch_sensor_hal.c.obj

[601/1430] Building C object esp-idf/hal/CMakeFiles/__idf_hal.dir/esp32s3/rtc_cntl_hal.c.obj

[602/1430] Building C object esp-idf/hal/CMakeFiles/__idf_hal.dir/usb_dwc_hal.c.obj

[603/1430] Building C object esp-idf/esp_rom/CMakeFiles/__idf_esp_rom.dir/patches/esp_rom_crc.c.obj

[604/1430] Building C object esp-idf/esp_rom/CMakeFiles/__idf_esp_rom.dir/patches/esp_rom_sys.c.obj

[605/1430] Building C object esp-idf/esp_rom/CMakeFiles/__idf_esp_rom.dir/patches/esp_rom_gpio.c.obj

[606/1430] Building C object esp-idf/esp_rom/CMakeFiles/__idf_esp_rom.dir/patches/esp_rom_spiflash.c.obj

[607/1430] Building C object esp-idf/esp_rom/CMakeFiles/__idf_esp_rom.dir/patches/esp_rom_uart.c.obj

[608/1430] Building ASM object esp-idf/esp_rom/CMakeFiles/__idf_esp_rom.dir/patches/esp_rom_longjmp.S.obj

[609/1430] Building C object esp-idf/esp_rom/CMakeFiles/__idf_esp_rom.dir/patches/esp_rom_print.c.obj

[610/1430] Building C object esp-idf/esp_rom/CMakeFiles/__idf_esp_rom.dir/patches/esp_rom_efuse.c.obj

[611/1430] Building ASM object esp-idf/esp_rom/CMakeFiles/__idf_esp_rom.dir/patches/esp_rom_cache_writeback_esp32s3.S.obj

[612/1430] Building C object esp-idf/esp_rom/CMakeFiles/__idf_esp_rom.dir/patches/esp_rom_wdt.c.obj

[613/1430] Building C object esp-idf/esp_rom/CMakeFiles/__idf_esp_rom.dir/patches/esp_rom_systimer.c.obj

[614/1430] Building C object esp-idf/esp_rom/CMakeFiles/__idf_esp_rom.dir/patches/esp_rom_cache_esp32s2_esp32s3.c.obj

[615/1430] Linking C static library esp-idf\freertos\libfreertos.a

[616/1430] Building C object esp-idf/esp_system/CMakeFiles/__idf_esp_system.dir/esp_err.c.obj

[617/1430] Building C object esp-idf/esp_system/CMakeFiles/__idf_esp_system.dir/esp_system_console.c.obj

[618/1430] Building C object esp-idf/esp_system/CMakeFiles/__idf_esp_system.dir/crosscore_int.c.obj

[619/1430] Building C object esp-idf/esp_system/CMakeFiles/__idf_esp_system.dir/startup.c.obj

[620/1430] Building C object esp-idf/esp_system/CMakeFiles/__idf_esp_system.dir/stack_check.c.obj

[621/1430] Building C object esp-idf/esp_system/CMakeFiles/__idf_esp_system.dir/freertos_hooks.c.obj

[622/1430] Building C object esp-idf/esp_system/CMakeFiles/__idf_esp_system.dir/esp_ipc.c.obj

[623/1430] Building C object esp-idf/esp_system/CMakeFiles/__idf_esp_system.dir/esp_system.c.obj

[624/1430] Building C object esp-idf/esp_system/CMakeFiles/__idf_esp_system.dir/ubsan.c.obj

[625/1430] Building C object esp-idf/esp_system/CMakeFiles/__idf_esp_system.dir/panic.c.obj

[626/1430] Building C object esp-idf/esp_system/CMakeFiles/__idf_esp_system.dir/int_wdt.c.obj

[627/1430] Building C object esp-idf/esp_system/CMakeFiles/__idf_esp_system.dir/system_time.c.obj

[628/1430] Building C object esp-idf/esp_system/CMakeFiles/__idf_esp_system.dir/xt_wdt.c.obj

[629/1430] Building C object esp-idf/esp_system/CMakeFiles/__idf_esp_system.dir/task_wdt/task_wdt.c.obj

[630/1430] Building ASM object esp-idf/esp_system/CMakeFiles/__idf_esp_system.dir/port/arch/xtensa/esp_ipc_isr_handler.S.obj

[631/1430] Building ASM object esp-idf/esp_system/CMakeFiles/__idf_esp_system.dir/port/arch/xtensa/esp_ipc_isr_routines.S.obj

[632/1430] Building C object esp-idf/esp_system/CMakeFiles/__idf_esp_system.dir/startup_funcs.c.obj

[633/1430] Building ASM object esp-idf/esp_system/CMakeFiles/__idf_esp_system.dir/port/arch/xtensa/panic_handler_asm.S.obj

[634/1430] Building C object esp-idf/esp_system/CMakeFiles/__idf_esp_system.dir/port/arch/xtensa/esp_ipc_isr_port.c.obj

[635/1430] Building C object esp-idf/esp_system/CMakeFiles/__idf_esp_system.dir/port/panic_handler.c.obj

[636/1430] Building C object esp-idf/esp_system/CMakeFiles/__idf_esp_system.dir/port/image_process.c.obj

[637/1430] Building ASM object esp-idf/esp_system/CMakeFiles/__idf_esp_system.dir/port/arch/xtensa/expression_with_stack_asm.S.obj

[638/1430] Building C object esp-idf/esp_system/CMakeFiles/__idf_esp_system.dir/task_wdt/task_wdt_impl_timergroup.c.obj

[639/1430] Building C object esp-idf/esp_system/CMakeFiles/__idf_esp_system.dir/port/esp_ipc_isr.c.obj

[640/1430] Building ASM object esp-idf/esp_system/CMakeFiles/__idf_esp_system.dir/port/arch/xtensa/debug_helpers_asm.S.obj

[641/1430] Linking C static library esp-idf\esp_hw_support\libesp_hw_support.a

[642/1430] Building C object esp-idf/esp_system/CMakeFiles/__idf_esp_system.dir/port/arch/xtensa/expression_with_stack.c.obj

[643/1430] Building C object esp-idf/esp_system/CMakeFiles/__idf_esp_system.dir/port/esp_system_chip.c.obj

[644/1430] Building C object esp-idf/esp_system/CMakeFiles/__idf_esp_system.dir/port/cpu_start.c.obj

[645/1430] Building C object esp-idf/esp_system/CMakeFiles/__idf_esp_system.dir/port/arch/xtensa/panic_arch.c.obj

[646/1430] Building C object esp-idf/esp_system/CMakeFiles/__idf_esp_system.dir/port/arch/xtensa/debug_stubs.c.obj

[647/1430] Building ASM object esp-idf/esp_system/CMakeFiles/__idf_esp_system.dir/port/soc/esp32s3/highint_hdl.S.obj

[648/1430] Building C object esp-idf/esp_system/CMakeFiles/__idf_esp_system.dir/port/arch/xtensa/trax.c.obj

[649/1430] Building C object esp-idf/spi_flash/CMakeFiles/__idf_spi_flash.dir/flash_brownout_hook.c.obj

[650/1430] Building C object esp-idf/esp_system/CMakeFiles/__idf_esp_system.dir/port/soc/esp32s3/reset_reason.c.obj

[651/1430] Building C object esp-idf/esp_system/CMakeFiles/__idf_esp_system.dir/port/arch/xtensa/debug_helpers.c.obj

[652/1430] Building C object esp-idf/esp_common/CMakeFiles/__idf_esp_common.dir/src/esp_err_to_name.c.obj

[653/1430] Building C object esp-idf/esp_system/CMakeFiles/__idf_esp_system.dir/port/soc/esp32s3/apb_backup_dma.c.obj

[654/1430] Building C object esp-idf/spi_flash/CMakeFiles/__idf_spi_flash.dir/esp32s3/spi_flash_oct_flash_init.c.obj

[655/1430] Building C object esp-idf/spi_flash/CMakeFiles/__idf_spi_flash.dir/spi_flash_hpm_enable.c.obj

[656/1430] Building C object esp-idf/esp_system/CMakeFiles/__idf_esp_system.dir/port/soc/esp32s3/system_internal.c.obj

[657/1430] Building C object esp-idf/esp_system/CMakeFiles/__idf_esp_system.dir/port/soc/esp32s3/cache_err_int.c.obj

[658/1430] Building C object esp-idf/spi_flash/CMakeFiles/__idf_spi_flash.dir/spi_flash_chip_issi.c.obj

[659/1430] Building C object esp-idf/spi_flash/CMakeFiles/__idf_spi_flash.dir/spi_flash_chip_drivers.c.obj

[660/1430] Linking C static library esp-idf\esp_security\libesp_security.a

[661/1430] Building C object esp-idf/spi_flash/CMakeFiles/__idf_spi_flash.dir/spi_flash_chip_generic.c.obj

[662/1430] Building C object esp-idf/esp_system/CMakeFiles/__idf_esp_system.dir/port/soc/esp32s3/clk.c.obj

[663/1430] Building C object esp-idf/spi_flash/CMakeFiles/__idf_spi_flash.dir/spi_flash_chip_mxic.c.obj

[664/1430] Building C object esp-idf/spi_flash/CMakeFiles/__idf_spi_flash.dir/spi_flash_chip_winbond.c.obj

[665/1430] Building C object esp-idf/spi_flash/CMakeFiles/__idf_spi_flash.dir/spi_flash_chip_gd.c.obj

[666/1430] Building C object esp-idf/spi_flash/CMakeFiles/__idf_spi_flash.dir/spi_flash_chip_boya.c.obj

[667/1430] Building C object esp-idf/spi_flash/CMakeFiles/__idf_spi_flash.dir/spi_flash_chip_th.c.obj

[668/1430] Building C object esp-idf/spi_flash/CMakeFiles/__idf_spi_flash.dir/spi_flash_chip_mxic_opi.c.obj

[669/1430] Building C object esp-idf/spi_flash/CMakeFiles/__idf_spi_flash.dir/memspi_host_driver.c.obj

[670/1430] Building C object esp-idf/esp_mm/CMakeFiles/__idf_esp_mm.dir/port/esp32s3/ext_mem_layout.c.obj

[671/1430] Building C object esp-idf/spi_flash/CMakeFiles/__idf_spi_flash.dir/flash_mmap.c.obj

[672/1430] Building C object esp-idf/esp_mm/CMakeFiles/__idf_esp_mm.dir/heap_align_hw.c.obj

[673/1430] Building C object esp-idf/spi_flash/CMakeFiles/__idf_spi_flash.dir/spi_flash_os_func_noos.c.obj

[674/1430] Building C object esp-idf/spi_flash/CMakeFiles/__idf_spi_flash.dir/cache_utils.c.obj

[675/1430] Building C object esp-idf/spi_flash/CMakeFiles/__idf_spi_flash.dir/spi_flash_wrap.c.obj

[676/1430] Building C object esp-idf/spi_flash/CMakeFiles/__idf_spi_flash.dir/spi_flash_os_func_app.c.obj

[677/1430] Building C object esp-idf/spi_flash/CMakeFiles/__idf_spi_flash.dir/flash_ops.c.obj

[678/1430] Building C object esp-idf/esp_mm/CMakeFiles/__idf_esp_mm.dir/esp_cache_msync.c.obj

[679/1430] Building C object esp-idf/bootloader_support/CMakeFiles/__idf_bootloader_support.dir/src/bootloader_clock_init.c.obj

[680/1430] Building C object esp-idf/esp_mm/CMakeFiles/__idf_esp_mm.dir/esp_mmu_map.c.obj

[681/1430] Linking C static library esp-idf\soc\libsoc.a

[682/1430] Building C object esp-idf/esp_mm/CMakeFiles/__idf_esp_mm.dir/esp_cache_utils.c.obj

[683/1430] Building C object esp-idf/bootloader_support/CMakeFiles/__idf_bootloader_support.dir/src/bootloader_common.c.obj

[684/1430] Building C object esp-idf/spi_flash/CMakeFiles/__idf_spi_flash.dir/esp_flash_spi_init.c.obj

[685/1430] Building C object esp-idf/spi_flash/CMakeFiles/__idf_spi_flash.dir/esp_flash_api.c.obj

[686/1430] Building C object esp-idf/bootloader_support/CMakeFiles/__idf_bootloader_support.dir/src/bootloader_mem.c.obj

[687/1430] Building C object esp-idf/bootloader_support/CMakeFiles/__idf_bootloader_support.dir/src/bootloader_common_loader.c.obj

[688/1430] Building C object esp-idf/bootloader_support/CMakeFiles/__idf_bootloader_support.dir/src/bootloader_random.c.obj

[689/1430] Building C object esp-idf/bootloader_support/CMakeFiles/__idf_bootloader_support.dir/src/bootloader_random_esp32s3.c.obj

[690/1430] Building C object esp-idf/bootloader_support/CMakeFiles/__idf_bootloader_support.dir/src/bootloader_efuse.c.obj

[691/1430] Building C object esp-idf/bootloader_support/CMakeFiles/__idf_bootloader_support.dir/src/flash_encrypt.c.obj

[692/1430] Building C object esp-idf/bootloader_support/CMakeFiles/__idf_bootloader_support.dir/src/flash_partitions.c.obj

[693/1430] Building C object esp-idf/bootloader_support/CMakeFiles/__idf_bootloader_support.dir/bootloader_flash/src/flash_qio_mode.c.obj

[694/1430] Linking C static library esp-idf\heap\libheap.a

[695/1430] Building C object esp-idf/bootloader_support/CMakeFiles/__idf_bootloader_support.dir/src/secure_boot.c.obj

[696/1430] Building C object esp-idf/efuse/CMakeFiles/__idf_efuse.dir/esp32s3/esp_efuse_table.c.obj

[697/1430] Building C object esp-idf/bootloader_support/CMakeFiles/__idf_bootloader_support.dir/bootloader_flash/src/bootloader_flash.c.obj

[698/1430] Building C object esp-idf/bootloader_support/CMakeFiles/__idf_bootloader_support.dir/src/esp32s3/secure_boot_secure_features.c.obj

[699/1430] Building C object esp-idf/bootloader_support/CMakeFiles/__idf_bootloader_support.dir/bootloader_flash/src/bootloader_flash_config_esp32s3.c.obj

[700/1430] Building C object esp-idf/bootloader_support/CMakeFiles/__idf_bootloader_support.dir/src/bootloader_sha.c.obj

[701/1430] Building C object esp-idf/efuse/CMakeFiles/__idf_efuse.dir/esp32s3/esp_efuse_fields.c.obj

[702/1430] Building C object esp-idf/efuse/CMakeFiles/__idf_efuse.dir/esp32s3/esp_efuse_rtc_calib.c.obj

[703/1430] Building C object esp-idf/bootloader_support/CMakeFiles/__idf_bootloader_support.dir/src/bootloader_utility.c.obj

[704/1430] Building C object esp-idf/bootloader_support/CMakeFiles/__idf_bootloader_support.dir/src/esp_image_format.c.obj

[705/1430] Building C object esp-idf/efuse/CMakeFiles/__idf_efuse.dir/esp32s3/esp_efuse_utility.c.obj

[706/1430] Building C object esp-idf/efuse/CMakeFiles/__idf_efuse.dir/src/esp_efuse_fields.c.obj

[707/1430] Building C object esp-idf/efuse/CMakeFiles/__idf_efuse.dir/src/esp_efuse_startup.c.obj

[708/1430] Building C object esp-idf/efuse/CMakeFiles/__idf_efuse.dir/src/efuse_controller/keys/with_key_purposes/esp_efuse_api_key.c.obj

[709/1430] Building C object esp-idf/esp_bootloader_format/CMakeFiles/__idf_esp_bootloader_format.dir/esp_bootloader_desc.c.obj

[710/1430] Building C object esp-idf/efuse/CMakeFiles/__idf_efuse.dir/src/esp_efuse_utility.c.obj

[711/1430] Building C object esp-idf/app_update/CMakeFiles/__idf_app_update.dir/esp_ota_app_desc.c.obj

[712/1430] Building C object esp-idf/efuse/CMakeFiles/__idf_efuse.dir/src/esp_efuse_api.c.obj

[713/1430] Linking C static library esp-idf\log\liblog.a

[714/1430] Building C object esp-idf/esp_partition/CMakeFiles/__idf_esp_partition.dir/partition_target.c.obj

[715/1430] Building C object esp-idf/esp_partition/CMakeFiles/__idf_esp_partition.dir/partition.c.obj

[716/1430] Building C object esp-idf/mbedtls/mbedtls/library/CMakeFiles/mbedtls.dir/mps_trace.c.obj

[717/1430] Building C object esp-idf/esp_app_format/CMakeFiles/__idf_esp_app_format.dir/esp_app_desc.c.obj

[718/1430] Building C object esp-idf/mbedtls/mbedtls/library/CMakeFiles/mbedtls.dir/debug.c.obj

[719/1430] Building C object esp-idf/mbedtls/mbedtls/library/CMakeFiles/mbedtls.dir/mps_reader.c.obj

[720/1430] Building C object esp-idf/app_update/CMakeFiles/__idf_app_update.dir/esp_ota_ops.c.obj

[721/1430] Building C object esp-idf/mbedtls/mbedtls/library/CMakeFiles/mbedtls.dir/ssl_debug_helpers_generated.c.obj

[722/1430] Building C object esp-idf/mbedtls/mbedtls/library/CMakeFiles/mbedtls.dir/ssl_tls13_client.c.obj

[723/1430] Building C object esp-idf/mbedtls/mbedtls/library/CMakeFiles/mbedtls.dir/ssl_tls13_keys.c.obj

[724/1430] Building C object esp-idf/mbedtls/mbedtls/library/CMakeFiles/mbedtls.dir/ssl_ciphersuites.c.obj

[725/1430] Building C object esp-idf/mbedtls/mbedtls/library/CMakeFiles/mbedtls.dir/ssl_cache.c.obj

[726/1430] Building C object esp-idf/mbedtls/mbedtls/library/CMakeFiles/mbedtls.dir/ssl_tls13_generic.c.obj

[727/1430] Building C object esp-idf/mbedtls/mbedtls/library/CMakeFiles/mbedtls.dir/ssl_tls13_server.c.obj

[728/1430] Building C object esp-idf/mbedtls/mbedtls/library/CMakeFiles/mbedtls.dir/ssl_client.c.obj

[729/1430] Building C object esp-idf/mbedtls/mbedtls/library/CMakeFiles/mbedtls.dir/ssl_cookie.c.obj

[730/1430] Building C object esp-idf/mbedtls/mbedtls/library/CMakeFiles/mbedtls.dir/ssl_ticket.c.obj

[731/1430] Building C object esp-idf/mbedtls/mbedtls/library/CMakeFiles/mbedtls.dir/D_/Espressif/frameworks/esp-idf-v5.5.4/components/mbedtls/port/esp_platform_time.c.obj

[732/1430] Building C object esp-idf/mbedtls/mbedtls/library/CMakeFiles/mbedtls.dir/ssl_tls12_client.c.obj

[733/1430] Building C object esp-idf/mbedtls/mbedtls/library/CMakeFiles/mbedtls.dir/D_/Espressif/frameworks/esp-idf-v5.5.4/components/mbedtls/port/mbedtls_debug.c.obj

[734/1430] Building C object esp-idf/mbedtls/mbedtls/library/CMakeFiles/mbedtls.dir/ssl_msg.c.obj

[735/1430] Building C object esp-idf/mbedtls/mbedtls/library/CMakeFiles/mbedtls.dir/ssl_tls12_server.c.obj

[736/1430] Linking C static library esp-idf\hal\libhal.a

[737/1430] Building C object esp-idf/mbedtls/mbedtls/library/CMakeFiles/mbedtls.dir/ssl_tls.c.obj

[738/1430] Building C object esp-idf/mbedtls/mbedtls/library/CMakeFiles/mbedx509.dir/x509_crl.c.obj

[739/1430] Building C object esp-idf/mbedtls/mbedtls/library/CMakeFiles/mbedcrypto.dir/aesni.c.obj

[740/1430] Building C object esp-idf/mbedtls/mbedtls/library/CMakeFiles/mbedx509.dir/x509write_crt.c.obj

[741/1430] Building C object esp-idf/mbedtls/mbedtls/library/CMakeFiles/mbedx509.dir/x509_create.c.obj

[742/1430] Building C object esp-idf/mbedtls/mbedtls/library/CMakeFiles/mbedx509.dir/x509write.c.obj

[743/1430] Building C object esp-idf/mbedtls/mbedtls/library/CMakeFiles/mbedx509.dir/x509write_csr.c.obj

[744/1430] Building C object esp-idf/mbedtls/mbedtls/library/CMakeFiles/mbedx509.dir/pkcs7.c.obj

[745/1430] Building C object esp-idf/mbedtls/mbedtls/library/CMakeFiles/mbedx509.dir/x509_csr.c.obj

[746/1430] Building C object esp-idf/mbedtls/mbedtls/library/CMakeFiles/mbedcrypto.dir/aes.c.obj

[747/1430] Building C object esp-idf/mbedtls/mbedtls/library/CMakeFiles/mbedx509.dir/x509.c.obj

[748/1430] Building C object esp-idf/mbedtls/mbedtls/library/CMakeFiles/mbedcrypto.dir/aesce.c.obj

[749/1430] Building C object esp-idf/mbedtls/mbedtls/library/CMakeFiles/mbedtls.dir/D_/Espressif/frameworks/esp-idf-v5.5.4/components/mbedtls/port/net_sockets.c.obj

[750/1430] Building C object esp-idf/mbedtls/mbedtls/library/CMakeFiles/mbedcrypto.dir/asn1parse.c.obj

[751/1430] Linking C static library esp-idf\esp_rom\libesp_rom.a

[752/1430] Building C object esp-idf/mbedtls/mbedtls/library/CMakeFiles/mbedcrypto.dir/asn1write.c.obj

[753/1430] Building C object esp-idf/mbedtls/mbedtls/library/CMakeFiles/mbedcrypto.dir/aria.c.obj

[754/1430] Building C object esp-idf/mbedtls/mbedtls/library/CMakeFiles/mbedcrypto.dir/camellia.c.obj

[755/1430] Building C object esp-idf/mbedtls/mbedtls/library/CMakeFiles/mbedcrypto.dir/bignum_mod_raw.c.obj

[756/1430] Building C object esp-idf/mbedtls/mbedtls/library/CMakeFiles/mbedcrypto.dir/base64.c.obj

[757/1430] Building C object esp-idf/mbedtls/mbedtls/library/CMakeFiles/mbedcrypto.dir/bignum_mod.c.obj

[758/1430] Building C object esp-idf/mbedtls/mbedtls/library/CMakeFiles/mbedcrypto.dir/chachapoly.c.obj

[759/1430] Building C object esp-idf/mbedtls/mbedtls/library/CMakeFiles/mbedcrypto.dir/block_cipher.c.obj

[760/1430] Building C object esp-idf/mbedtls/mbedtls/library/CMakeFiles/mbedcrypto.dir/chacha20.c.obj

[761/1430] Building C object esp-idf/mbedtls/mbedtls/library/CMakeFiles/mbedx509.dir/x509_crt.c.obj

[762/1430] Building C object esp-idf/mbedtls/mbedtls/library/CMakeFiles/mbedcrypto.dir/constant_time.c.obj

[763/1430] Building C object esp-idf/mbedtls/mbedtls/library/CMakeFiles/mbedcrypto.dir/ccm.c.obj

[764/1430] Linking C static library esp-idf\esp_common\libesp_common.a

[765/1430] Building C object esp-idf/mbedtls/mbedtls/library/CMakeFiles/mbedcrypto.dir/bignum.c.obj

[766/1430] Building C object esp-idf/mbedtls/mbedtls/library/CMakeFiles/mbedcrypto.dir/cipher_wrap.c.obj

[767/1430] Building C object esp-idf/mbedtls/mbedtls/library/CMakeFiles/mbedcrypto.dir/bignum_core.c.obj

[768/1430] Building C object esp-idf/mbedtls/mbedtls/library/CMakeFiles/mbedcrypto.dir/des.c.obj

[769/1430] Building C object esp-idf/mbedtls/mbedtls/library/CMakeFiles/mbedcrypto.dir/cipher.c.obj

[770/1430] Building C object esp-idf/mbedtls/mbedtls/library/CMakeFiles/mbedcrypto.dir/dhm.c.obj

[771/1430] Building C object esp-idf/mbedtls/mbedtls/library/CMakeFiles/mbedcrypto.dir/ecjpake.c.obj

[772/1430] Building C object esp-idf/mbedtls/mbedtls/library/CMakeFiles/mbedcrypto.dir/cmac.c.obj

[773/1430] Building C object esp-idf/mbedtls/mbedtls/library/CMakeFiles/mbedcrypto.dir/ecdh.c.obj

[774/1430] Building C object esp-idf/mbedtls/mbedtls/library/CMakeFiles/mbedcrypto.dir/ecp_curves_new.c.obj

[775/1430] Building C object esp-idf/mbedtls/mbedtls/library/CMakeFiles/mbedcrypto.dir/ctr_drbg.c.obj

[776/1430] Building C object esp-idf/mbedtls/mbedtls/library/CMakeFiles/mbedcrypto.dir/entropy_poll.c.obj

[777/1430] Building C object esp-idf/mbedtls/mbedtls/library/CMakeFiles/mbedcrypto.dir/entropy.c.obj

[778/1430] Building C object esp-idf/mbedtls/mbedtls/library/CMakeFiles/mbedcrypto.dir/ecdsa.c.obj

[779/1430] Building C object esp-idf/mbedtls/mbedtls/library/CMakeFiles/mbedcrypto.dir/ecp_curves.c.obj

[780/1430] Building C object esp-idf/mbedtls/mbedtls/library/CMakeFiles/mbedcrypto.dir/hkdf.c.obj

[781/1430] Building C object esp-idf/mbedtls/mbedtls/library/CMakeFiles/mbedcrypto.dir/hmac_drbg.c.obj

[782/1430] Building C object esp-idf/mbedtls/mbedtls/library/CMakeFiles/mbedcrypto.dir/ecp.c.obj

[783/1430] Building C object esp-idf/mbedtls/mbedtls/library/CMakeFiles/mbedcrypto.dir/lmots.c.obj

[784/1430] Building C object esp-idf/mbedtls/mbedtls/library/CMakeFiles/mbedcrypto.dir/memory_buffer_alloc.c.obj

[785/1430] Building C object esp-idf/mbedtls/mbedtls/library/CMakeFiles/mbedcrypto.dir/nist_kw.c.obj

[786/1430] Building C object esp-idf/mbedtls/mbedtls/library/CMakeFiles/mbedcrypto.dir/error.c.obj

[787/1430] Linking C static library esp-idf\esp_system\libesp_system.a

[788/1430] Building C object esp-idf/mbedtls/mbedtls/library/CMakeFiles/mbedcrypto.dir/gcm.c.obj

[789/1430] Building C object esp-idf/mbedtls/mbedtls/library/CMakeFiles/mbedcrypto.dir/padlock.c.obj

[790/1430] Building C object esp-idf/mbedtls/mbedtls/library/CMakeFiles/mbedcrypto.dir/md5.c.obj

[791/1430] Building C object esp-idf/mbedtls/mbedtls/library/CMakeFiles/mbedcrypto.dir/md.c.obj

[792/1430] Building C object esp-idf/mbedtls/mbedtls/library/CMakeFiles/mbedcrypto.dir/lms.c.obj

[793/1430] Building C object esp-idf/mbedtls/mbedtls/library/CMakeFiles/mbedcrypto.dir/pem.c.obj

[794/1430] Building C object esp-idf/mbedtls/mbedtls/library/CMakeFiles/mbedcrypto.dir/pk_ecc.c.obj

[795/1430] Building C object esp-idf/mbedtls/mbedtls/library/CMakeFiles/mbedcrypto.dir/pk.c.obj

[796/1430] Building C object esp-idf/mbedtls/mbedtls/library/CMakeFiles/mbedcrypto.dir/oid.c.obj

[797/1430] Building C object esp-idf/mbedtls/mbedtls/library/CMakeFiles/mbedcrypto.dir/pkcs12.c.obj

[798/1430] Building C object esp-idf/mbedtls/mbedtls/library/CMakeFiles/mbedcrypto.dir/pk_wrap.c.obj

[799/1430] Building C object esp-idf/mbedtls/mbedtls/library/CMakeFiles/mbedcrypto.dir/pkcs5.c.obj

[800/1430] Building C object esp-idf/mbedtls/mbedtls/library/CMakeFiles/mbedcrypto.dir/poly1305.c.obj

[801/1430] Building C object esp-idf/mbedtls/mbedtls/library/CMakeFiles/mbedcrypto.dir/platform_util.c.obj

[802/1430] Building C object esp-idf/mbedtls/mbedtls/library/CMakeFiles/mbedcrypto.dir/pkwrite.c.obj

[803/1430] Linking C static library esp-idf\spi_flash\libspi_flash.a

[804/1430] Building C object esp-idf/mbedtls/mbedtls/library/CMakeFiles/mbedcrypto.dir/platform.c.obj

[805/1430] Building C object esp-idf/mbedtls/mbedtls/library/CMakeFiles/mbedcrypto.dir/psa_crypto_aead.c.obj

[806/1430] Building C object esp-idf/mbedtls/mbedtls/library/CMakeFiles/mbedcrypto.dir/psa_crypto_client.c.obj

[807/1430] Building C object esp-idf/mbedtls/mbedtls/library/CMakeFiles/mbedcrypto.dir/psa_crypto_driver_wrappers_no_static.c.obj

[808/1430] Building C object esp-idf/mbedtls/mbedtls/library/CMakeFiles/mbedcrypto.dir/pkparse.c.obj

[809/1430] Building C object esp-idf/mbedtls/mbedtls/library/CMakeFiles/mbedcrypto.dir/psa_crypto_cipher.c.obj

[810/1430] Building C object esp-idf/mbedtls/mbedtls/library/CMakeFiles/mbedcrypto.dir/psa_crypto_hash.c.obj

[811/1430] Building C object esp-idf/mbedtls/mbedtls/library/CMakeFiles/mbedcrypto.dir/psa_crypto_ffdh.c.obj

[812/1430] Building C object esp-idf/mbedtls/mbedtls/library/CMakeFiles/mbedcrypto.dir/psa_crypto_ecp.c.obj

[813/1430] Building C object esp-idf/mbedtls/mbedtls/library/CMakeFiles/mbedcrypto.dir/psa_crypto_mac.c.obj

[814/1430] Building C object esp-idf/mbedtls/mbedtls/library/CMakeFiles/mbedcrypto.dir/psa_crypto_se.c.obj

[815/1430] Building C object esp-idf/mbedtls/mbedtls/library/CMakeFiles/mbedcrypto.dir/psa_crypto_pake.c.obj

[816/1430] Building C object esp-idf/mbedtls/mbedtls/library/CMakeFiles/mbedcrypto.dir/psa_crypto_rsa.c.obj

[817/1430] Building C object esp-idf/mbedtls/mbedtls/library/CMakeFiles/mbedcrypto.dir/ripemd160.c.obj

[818/1430] Linking C static library esp-idf\esp_mm\libesp_mm.a

[819/1430] Building C object esp-idf/mbedtls/mbedtls/library/CMakeFiles/mbedcrypto.dir/psa_its_file.c.obj

[820/1430] Building C object esp-idf/mbedtls/mbedtls/library/CMakeFiles/mbedcrypto.dir/psa_crypto_storage.c.obj

[821/1430] Building C object esp-idf/mbedtls/mbedtls/library/CMakeFiles/mbedcrypto.dir/sha1.c.obj

[822/1430] Building C object esp-idf/mbedtls/mbedtls/library/CMakeFiles/mbedcrypto.dir/psa_util.c.obj

[823/1430] Building C object esp-idf/mbedtls/mbedtls/library/CMakeFiles/mbedcrypto.dir/psa_crypto_slot_management.c.obj

[824/1430] Building C object esp-idf/mbedtls/mbedtls/library/CMakeFiles/mbedcrypto.dir/threading.c.obj

[825/1430] Building C object esp-idf/mbedtls/mbedtls/library/CMakeFiles/mbedcrypto.dir/sha256.c.obj

[826/1430] Building C object esp-idf/mbedtls/mbedtls/library/CMakeFiles/mbedcrypto.dir/rsa_alt_helpers.c.obj

[827/1430] Building C object esp-idf/mbedtls/mbedtls/library/CMakeFiles/mbedcrypto.dir/sha3.c.obj

[828/1430] Building C object esp-idf/mbedtls/mbedtls/library/CMakeFiles/mbedcrypto.dir/version.c.obj

[829/1430] Building C object esp-idf/mbedtls/mbedtls/library/CMakeFiles/mbedcrypto.dir/timing.c.obj

[830/1430] Building C object esp-idf/mbedtls/mbedtls/library/CMakeFiles/mbedcrypto.dir/sha512.c.obj

[831/1430] Building C object esp-idf/mbedtls/mbedtls/library/CMakeFiles/mbedcrypto.dir/version_features.c.obj

[832/1430] Building C object esp-idf/mbedtls/mbedtls/library/CMakeFiles/mbedcrypto.dir/D_/Espressif/frameworks/esp-idf-v5.5.4/components/mbedtls/port/sha/core/esp_sha_gdma_impl.c.obj

[833/1430] Building C object esp-idf/mbedtls/mbedtls/library/CMakeFiles/mbedcrypto.dir/D_/Espressif/frameworks/esp-idf-v5.5.4/components/mbedtls/port/esp_mem.c.obj

[834/1430] Building C object esp-idf/mbedtls/mbedtls/library/CMakeFiles/mbedcrypto.dir/D_/Espressif/frameworks/esp-idf-v5.5.4/components/mbedtls/port/aes/dma/esp_aes_gdma_impl.c.obj

[835/1430] Building C object esp-idf/mbedtls/mbedtls/library/CMakeFiles/mbedcrypto.dir/D_/Espressif/frameworks/esp-idf-v5.5.4/components/mbedtls/port/esp_hardware.c.obj

[836/1430] Building C object esp-idf/mbedtls/mbedtls/library/CMakeFiles/mbedcrypto.dir/D_/Espressif/frameworks/esp-idf-v5.5.4/components/mbedtls/port/aes/esp_aes_xts.c.obj

[837/1430] Building C object esp-idf/mbedtls/mbedtls/library/CMakeFiles/mbedcrypto.dir/D_/Espressif/frameworks/esp-idf-v5.5.4/components/mbedtls/port/aes/esp_aes_common.c.obj

[838/1430] Building C object esp-idf/mbedtls/mbedtls/library/CMakeFiles/mbedcrypto.dir/D_/Espressif/frameworks/esp-idf-v5.5.4/components/mbedtls/port/sha/esp_sha.c.obj

[839/1430] Building C object esp-idf/mbedtls/mbedtls/library/CMakeFiles/mbedcrypto.dir/psa_crypto.c.obj

[840/1430] Building C object esp-idf/mbedtls/mbedtls/library/CMakeFiles/mbedcrypto.dir/D_/Espressif/frameworks/esp-idf-v5.5.4/components/mbedtls/port/aes/dma/esp_aes.c.obj

[841/1430] Linking C static library esp-idf\bootloader_support\libbootloader_support.a

[842/1430] Building C object esp-idf/mbedtls/mbedtls/library/CMakeFiles/mbedcrypto.dir/D_/Espressif/frameworks/esp-idf-v5.5.4/components/mbedtls/port/esp_timing.c.obj

[843/1430] Building C object esp-idf/mbedtls/mbedtls/library/CMakeFiles/mbedcrypto.dir/D_/Espressif/frameworks/esp-idf-v5.5.4/components/mbedtls/port/crypto_shared_gdma/esp_crypto_shared_gdma.c.obj

[844/1430] Building C object esp-idf/mbedtls/mbedtls/library/CMakeFiles/mbedcrypto.dir/rsa.c.obj

[845/1430] Building C object esp-idf/mbedtls/mbedtls/library/CMakeFiles/mbedcrypto.dir/D_/Espressif/frameworks/esp-idf-v5.5.4/components/mbedtls/port/esp_ds/esp_rsa_dec_alt.c.obj

[846/1430] Building C object esp-idf/mbedtls/mbedtls/library/CMakeFiles/mbedcrypto.dir/D_/Espressif/frameworks/esp-idf-v5.5.4/components/mbedtls/port/aes/dma/esp_aes_dma_core.c.obj

[847/1430] Building C object esp-idf/mbedtls/mbedtls/library/CMakeFiles/mbedcrypto.dir/D_/Espressif/frameworks/esp-idf-v5.5.4/components/mbedtls/port/esp_ds/esp_rsa_sign_alt.c.obj

[848/1430] Building C object esp-idf/mbedtls/mbedtls/library/CMakeFiles/mbedcrypto.dir/D_/Espressif/frameworks/esp-idf-v5.5.4/components/mbedtls/port/sha/core/sha.c.obj

[849/1430] Building C object esp-idf/mbedtls/mbedtls/library/CMakeFiles/mbedcrypto.dir/D_/Espressif/frameworks/esp-idf-v5.5.4/components/mbedtls/port/esp_hmac_pbkdf2.c.obj

[850/1430] Building C object esp-idf/mbedtls/mbedtls/library/CMakeFiles/mbedcrypto.dir/D_/Espressif/frameworks/esp-idf-v5.5.4/components/mbedtls/port/esp_ds/esp_ds_common.c.obj

[851/1430] Building C object esp-idf/mbedtls/mbedtls/library/CMakeFiles/mbedcrypto.dir/D_/Espressif/frameworks/esp-idf-v5.5.4/components/mbedtls/port/bignum/bignum_alt.c.obj

[852/1430] Creating directories for 'bootloader'

[853/1430] Building C object esp-idf/mbedtls/mbedtls/library/CMakeFiles/mbedcrypto.dir/D_/Espressif/frameworks/esp-idf-v5.5.4/components/mbedtls/port/sha/core/esp_sha1.c.obj

[854/1430] Building C object esp-idf/mbedtls/mbedtls/library/CMakeFiles/mbedcrypto.dir/D_/Espressif/frameworks/esp-idf-v5.5.4/components/mbedtls/port/md/esp_md.c.obj

[855/1430] Building C object esp-idf/mbedtls/mbedtls/library/CMakeFiles/mbedcrypto.dir/D_/Espressif/frameworks/esp-idf-v5.5.4/components/mbedtls/port/sha/core/esp_sha256.c.obj

[856/1430] Building C object esp-idf/mbedtls/mbedtls/library/CMakeFiles/mbedcrypto.dir/D_/Espressif/frameworks/esp-idf-v5.5.4/components/mbedtls/port/bignum/esp_bignum.c.obj

[857/1430] Building C object esp-idf/mbedtls/mbedtls/3rdparty/p256-m/CMakeFiles/p256m.dir/p256-m_driver_entrypoints.c.obj

[858/1430] Linking C static library esp-idf\efuse\libefuse.a

[859/1430] Building C object esp-idf/mbedtls/mbedtls/3rdparty/everest/CMakeFiles/everest.dir/library/x25519.c.obj

[860/1430] Building C object esp-idf/mbedtls/mbedtls/3rdparty/p256-m/CMakeFiles/p256m.dir/p256-m/p256-m.c.obj

[861/1430] Building C object esp-idf/mbedtls/mbedtls/3rdparty/everest/CMakeFiles/everest.dir/library/Hacl_Curve25519_joined.c.obj

[862/1430] Building C object esp-idf/mbedtls/mbedtls/library/CMakeFiles/mbedcrypto.dir/D_/Espressif/frameworks/esp-idf-v5.5.4/components/mbedtls/port/aes/esp_aes_gcm.c.obj

[863/1430] Building C object esp-idf/mbedtls/mbedtls/library/CMakeFiles/mbedcrypto.dir/D_/Espressif/frameworks/esp-idf-v5.5.4/components/mbedtls/port/sha/core/esp_sha512.c.obj

[864/1430] No download step for 'bootloader'

[865/1430] Building C object esp-idf/mbedtls/mbedtls/3rdparty/everest/CMakeFiles/everest.dir/library/everest.c.obj

[866/1430] No update step for 'bootloader'

[867/1430] Linking C static library esp-idf\esp_partition\libesp_partition.a

[868/1430] No patch step for 'bootloader'

[869/1430] Linking C static library esp-idf\app_update\libapp_update.a

[870/1430] Linking C static library esp-idf\esp_bootloader_format\libesp_bootloader_format.a

[871/1430] Linking C static library esp-idf\esp_app_format\libesp_app_format.a

[872/1430] Linking CXX static library esp-idf\mbedtls\mbedtls\library\libmbedtls.a

[873/1430] Linking CXX static library esp-idf\mbedtls\mbedtls\library\libmbedx509.a

[874/1430] Linking CXX static library esp-idf\mbedtls\mbedtls\library\libmbedcrypto.a

[875/1430] Linking CXX static library esp-idf\mbedtls\mbedtls\3rdparty\p256-m\libp256m.a

[876/1430] Linking CXX static library esp-idf\mbedtls\mbedtls\3rdparty\everest\libeverest.a

[877/1430] Generating x509_crt_bundle

[878/1430] Generating ../../x509_crt_bundle.S

[879/1430] Building ASM object esp-idf/mbedtls/CMakeFiles/__idf_mbedtls.dir/__/__/x509_crt_bundle.S.obj

[880/1430] Building ASM object esp-idf/xtensa/CMakeFiles/__idf_xtensa.dir/xtensa_context.S.obj

[881/1430] Building C object esp-idf/xtensa/CMakeFiles/__idf_xtensa.dir/eri.c.obj

[882/1430] Building C object esp-idf/esp_driver_gpio/CMakeFiles/__idf_esp_driver_gpio.dir/src/gpio_glitch_filter_ops.c.obj

[883/1430] Building C object esp-idf/esp_pm/CMakeFiles/__idf_esp_pm.dir/pm_trace.c.obj

[884/1430] Building ASM object esp-idf/xtensa/CMakeFiles/__idf_xtensa.dir/xtensa_intr_asm.S.obj

[885/1430] Building C object esp-idf/xtensa/CMakeFiles/__idf_xtensa.dir/xt_trax.c.obj

[886/1430] Building ASM object esp-idf/xtensa/CMakeFiles/__idf_xtensa.dir/xtensa_vectors.S.obj

[887/1430] Building C object esp-idf/esp_pm/CMakeFiles/__idf_esp_pm.dir/pm_locks.c.obj

[888/1430] Building C object esp-idf/mbedtls/CMakeFiles/__idf_mbedtls.dir/esp_crt_bundle/esp_crt_bundle.c.obj

[889/1430] Building C object esp-idf/esp_driver_gpio/CMakeFiles/__idf_esp_driver_gpio.dir/src/gpio_pin_glitch_filter.c.obj

[890/1430] Building C object esp-idf/xtensa/CMakeFiles/__idf_xtensa.dir/xtensa_intr.c.obj

[891/1430] Building C object esp-idf/bus_i2c/CMakeFiles/__idf_bus_i2c.dir/bus_i2c.c.obj

[892/1430] Building C object esp-idf/esp_driver_gpio/CMakeFiles/__idf_esp_driver_gpio.dir/src/rtc_io.c.obj

[893/1430] Building C object esp-idf/esp_driver_gpio/CMakeFiles/__idf_esp_driver_gpio.dir/src/dedic_gpio.c.obj

[894/1430] Building C object esp-idf/esp_pm/CMakeFiles/__idf_esp_pm.dir/pm_impl.c.obj

[895/1430] Building C object esp-idf/esp_lcd/CMakeFiles/__idf_esp_lcd.dir/src/esp_lcd_common.c.obj

[896/1430] Building C object esp-idf/esp_lcd/CMakeFiles/__idf_esp_lcd.dir/src/esp_lcd_panel_ops.c.obj

[897/1430] Building C object esp-idf/esp_lcd/CMakeFiles/__idf_esp_lcd.dir/src/esp_lcd_panel_io.c.obj

[898/1430] Linking C static library esp-idf\mbedtls\libmbedtls.a

[899/1430] Building C object esp-idf/esp_driver_gpio/CMakeFiles/__idf_esp_driver_gpio.dir/src/gpio.c.obj

[900/1430] Building C object esp-idf/camera_hal/CMakeFiles/__idf_camera_hal.dir/camera_hal_policy.c.obj

[901/1430] Building C object esp-idf/io_expander/CMakeFiles/__idf_io_expander.dir/io_expander.c.obj

[902/1430] Building C object esp-idf/esp_lcd/CMakeFiles/__idf_esp_lcd.dir/src/esp_lcd_panel_nt35510.c.obj

[903/1430] Building C object esp-idf/esp_lcd/CMakeFiles/__idf_esp_lcd.dir/src/esp_lcd_panel_ssd1306.c.obj

[904/1430] Building C object esp-idf/esp_lcd/CMakeFiles/__idf_esp_lcd.dir/src/esp_lcd_panel_st7789.c.obj

[905/1430] Building C object esp-idf/pt2466_motor/CMakeFiles/__idf_pt2466_motor.dir/pt2466_motor.c.obj

[906/1430] Building C object esp-idf/esp_lcd/CMakeFiles/__idf_esp_lcd.dir/i2c/esp_lcd_panel_io_i2c_v1.c.obj

[907/1430] Building C object esp-idf/esp_lcd/CMakeFiles/__idf_esp_lcd.dir/spi/esp_lcd_panel_io_spi.c.obj

[908/1430] Building C object esp-idf/esp_lcd/CMakeFiles/__idf_esp_lcd.dir/i2c/esp_lcd_panel_io_i2c_v2.c.obj

[909/1430] Building C object esp-idf/board_power/CMakeFiles/__idf_board_power.dir/board_power.c.obj

[910/1430] Building C object esp-idf/capability_registry/CMakeFiles/__idf_capability_registry.dir/capability_registry.c.obj

[911/1430] Building C object esp-idf/camera_hal/CMakeFiles/__idf_camera_hal.dir/camera_hal.c.obj

[912/1430] Linking C static library esp-idf\esp_pm\libesp_pm.a

[913/1430] Building C object esp-idf/robot_motion/CMakeFiles/__idf_robot_motion.dir/robot_motion.c.obj

[914/1430] Building C object esp-idf/board_adc/CMakeFiles/__idf_board_adc.dir/board_adc.c.obj

[915/1430] Building C object esp-idf/bus_spi/CMakeFiles/__idf_bus_spi.dir/bus_spi.c.obj

[916/1430] Building C object esp-idf/espressif__esp_codec_dev/CMakeFiles/__idf_espressif__esp_codec_dev.dir/esp_codec_dev_vol.c.obj

[917/1430] Building C object esp-idf/espressif__esp_codec_dev/CMakeFiles/__idf_espressif__esp_codec_dev.dir/esp_codec_dev_if.c.obj

[918/1430] Building C object esp-idf/display_hal/CMakeFiles/__idf_display_hal.dir/display_hal.c.obj

[919/1430] Building C object esp-idf/espressif__esp_codec_dev/CMakeFiles/__idf_espressif__esp_codec_dev.dir/audio_codec_sw_vol.c.obj

[920/1430] Building C object esp-idf/esp_lcd/CMakeFiles/__idf_esp_lcd.dir/i80/esp_lcd_panel_io_i80.c.obj

[921/1430] Building C object esp-idf/espressif__esp_codec_dev/CMakeFiles/__idf_espressif__esp_codec_dev.dir/esp_codec_dev.c.obj

[922/1430] Building C object esp-idf/espressif__esp_codec_dev/CMakeFiles/__idf_espressif__esp_codec_dev.dir/platform/audio_codec_gpio.c.obj

[923/1430] Building C object esp-idf/esp_lcd/CMakeFiles/__idf_esp_lcd.dir/rgb/esp_lcd_panel_rgb.c.obj

[924/1430] Linking C static library esp-idf\esp_driver_gpio\libesp_driver_gpio.a

[925/1430] Building C object esp-idf/espressif__esp_codec_dev/CMakeFiles/__idf_espressif__esp_codec_dev.dir/platform/audio_codec_ctrl_i2c.c.obj

[926/1430] Building C object esp-idf/espressif__esp_codec_dev/CMakeFiles/__idf_espressif__esp_codec_dev.dir/device/es8311/es8311.c.obj

[927/1430] Building C object esp-idf/espressif__esp_codec_dev/CMakeFiles/__idf_espressif__esp_codec_dev.dir/device/es7243/es7243.c.obj

[928/1430] Building C object esp-idf/espressif__esp_codec_dev/CMakeFiles/__idf_espressif__esp_codec_dev.dir/device/es7243e/es7243e.c.obj

[929/1430] Building C object esp-idf/espressif__esp_codec_dev/CMakeFiles/__idf_espressif__esp_codec_dev.dir/platform/esp_codec_dev_os.c.obj

[930/1430] Building C object esp-idf/espressif__esp_codec_dev/CMakeFiles/__idf_espressif__esp_codec_dev.dir/device/es8156/es8156.c.obj

[931/1430] Building C object esp-idf/espressif__esp_codec_dev/CMakeFiles/__idf_espressif__esp_codec_dev.dir/platform/audio_codec_ctrl_spi.c.obj

[932/1430] Building C object esp-idf/module_detect/CMakeFiles/__idf_module_detect.dir/module_detect.c.obj

[933/1430] Building C object esp-idf/espressif__esp_codec_dev/CMakeFiles/__idf_espressif__esp_codec_dev.dir/device/es8388/es8388.c.obj

[934/1430] Building C object esp-idf/espressif__esp_codec_dev/CMakeFiles/__idf_espressif__esp_codec_dev.dir/device/tas5805m/tas5805m.c.obj

[935/1430] Building C object esp-idf/espressif__esp_codec_dev/CMakeFiles/__idf_espressif__esp_codec_dev.dir/device/es7210/es7210.c.obj

[936/1430] Building C object esp-idf/espressif__esp_codec_dev/CMakeFiles/__idf_espressif__esp_codec_dev.dir/platform/audio_codec_data_i2s.c.obj

[937/1430] Building C object esp-idf/espressif__esp_codec_dev/CMakeFiles/__idf_espressif__esp_codec_dev.dir/device/aw88298/aw88298.c.obj

[938/1430] Building C object esp-idf/espressif__esp_codec_dev/CMakeFiles/__idf_espressif__esp_codec_dev.dir/device/es8374/es8374.c.obj

[939/1430] Linking C static library esp-idf\xtensa\libxtensa.a

[940/1430] Building C object esp-idf/espressif__esp_codec_dev/CMakeFiles/__idf_espressif__esp_codec_dev.dir/device/es8389/es8389.c.obj

[941/1430] Building C object esp-idf/laiwfs300/CMakeFiles/__idf_laiwfs300.dir/board_camera.c.obj

[942/1430] Building C object esp-idf/laiwfs300/CMakeFiles/__idf_laiwfs300.dir/board_touch.c.obj

[943/1430] Building C object esp-idf/spiffs/CMakeFiles/__idf_spiffs.dir/spiffs/src/spiffs_cache.c.obj

[944/1430] Building C object esp-idf/laiwfs300/CMakeFiles/__idf_laiwfs300.dir/board_motor.c.obj

[945/1430] Building C object esp-idf/laiwfs300/CMakeFiles/__idf_laiwfs300.dir/board_laiwfs300.c.obj

[946/1430] Building C object esp-idf/laiwfs300/CMakeFiles/__idf_laiwfs300.dir/board_display.c.obj

[947/1430] Building C object esp-idf/spiffs/CMakeFiles/__idf_spiffs.dir/spiffs/src/spiffs_gc.c.obj

[948/1430] Linking C static library esp-idf\bus_i2c\libbus_i2c.a

[949/1430] Building C object esp-idf/spiffs/CMakeFiles/__idf_spiffs.dir/spiffs_api.c.obj

[950/1430] Building C object esp-idf/json/CMakeFiles/__idf_json.dir/cJSON/cJSON_Utils.c.obj

[951/1430] Building C object esp-idf/touch_hal/CMakeFiles/__idf_touch_hal.dir/touch_hal.c.obj

[952/1430] Building C object esp-idf/spiffs/CMakeFiles/__idf_spiffs.dir/spiffs/src/spiffs_check.c.obj

[953/1430] Building C object esp-idf/laiwfs300/CMakeFiles/__idf_laiwfs300.dir/board_audio.c.obj

[954/1430] Building C object esp-idf/spiffs/CMakeFiles/__idf_spiffs.dir/spiffs/src/spiffs_hydrogen.c.obj

[955/1430] Linking C static library esp-idf\board_adc\libboard_adc.a

[956/1430] Linking C static library esp-idf\esp_lcd\libesp_lcd.a

[957/1430] Building C object esp-idf/json/CMakeFiles/__idf_json.dir/cJSON/cJSON.c.obj

[958/1430] Linking C static library esp-idf\bus_spi\libbus_spi.a

[959/1430] Linking C static library esp-idf\pt2466_motor\libpt2466_motor.a

[960/1430] Linking C static library esp-idf\board_power\libboard_power.a

[961/1430] Linking C static library esp-idf\module_detect\libmodule_detect.a

[962/1430] Linking C static library esp-idf\io_expander\libio_expander.a

[963/1430] Linking C static library esp-idf\espressif__esp_codec_dev\libespressif__esp_codec_dev.a

[964/1430] Linking C static library esp-idf\capability_registry\libcapability_registry.a

[965/1430] Building C object esp-idf/spiffs/CMakeFiles/__idf_spiffs.dir/spiffs/src/spiffs_nucleus.c.obj

[966/1430] Building C object esp-idf/usb/CMakeFiles/__idf_usb.dir/usb_private.c.obj

[967/1430] Building C object esp-idf/usb/CMakeFiles/__idf_usb.dir/hub.c.obj

[968/1430] Linking C static library esp-idf\display_hal\libdisplay_hal.a

[969/1430] Linking C static library esp-idf\robot_motion\librobot_motion.a

[970/1430] Building C object esp-idf/usb/CMakeFiles/__idf_usb.dir/enum.c.obj

[971/1430] Building C object esp-idf/usb/CMakeFiles/__idf_usb.dir/usb_helpers.c.obj

[972/1430] Linking C static library esp-idf\camera_hal\libcamera_hal.a

[973/1430] Building C object esp-idf/espressif__dl_fft/CMakeFiles/__idf_espressif__dl_fft.dir/dl_fft_f32.c.obj

[974/1430] Building C object esp-idf/espressif__dl_fft/CMakeFiles/__idf_espressif__dl_fft.dir/dl_fft_s16.c.obj

[975/1430] Building C object esp-idf/spiffs/CMakeFiles/__idf_spiffs.dir/esp_spiffs.c.obj

[976/1430] Building C object esp-idf/usb/CMakeFiles/__idf_usb.dir/hcd_dwc.c.obj

[977/1430] Building C object esp-idf/espressif__dl_fft/CMakeFiles/__idf_espressif__dl_fft.dir/dl_rfft_f32.c.obj

[978/1430] Building C object esp-idf/bmi260_imu/CMakeFiles/__idf_bmi260_imu.dir/bmi260_imu.c.obj

[979/1430] Building C object esp-idf/usb/CMakeFiles/__idf_usb.dir/usb_phy.c.obj

[980/1430] Building C object esp-idf/usb/CMakeFiles/__idf_usb.dir/usb_host.c.obj

[981/1430] Building ASM object esp-idf/espressif__dl_fft/CMakeFiles/__idf_espressif__dl_fft.dir/base/isa/esp32s3/dl_fft2r_fc32_aes3.S.obj

[982/1430] Building C object esp-idf/usb/CMakeFiles/__idf_usb.dir/usbh.c.obj

[983/1430] Building ASM object esp-idf/espressif__dl_fft/CMakeFiles/__idf_espressif__dl_fft.dir/base/isa/esp32s3/dl_fft4r_fc32_aes3.S.obj

[984/1430] Building C object esp-idf/espressif__dl_fft/CMakeFiles/__idf_espressif__dl_fft.dir/dl_rfft_s16.c.obj

[985/1430] Building C object esp-idf/espressif__dl_fft/CMakeFiles/__idf_espressif__dl_fft.dir/base/dl_fft4r_fc32_ansi.c.obj

[986/1430] Building ASM object esp-idf/espressif__dl_fft/CMakeFiles/__idf_espressif__dl_fft.dir/base/isa/esp32s3/dl_fft2r_sc16_aes3.S.obj

[987/1430] Building C object esp-idf/espressif__dl_fft/CMakeFiles/__idf_espressif__dl_fft.dir/base/dl_fft2r_fc32_ansi.c.obj

[988/1430] Linking C static library esp-idf\laiwfs300\liblaiwfs300.a

[989/1430] Building ASM object esp-idf/espressif__esp-dsp/CMakeFiles/__idf_espressif__esp-dsp.dir/modules/dotprod/float/dsps_dotprod_f32_m_ae32.S.obj

[990/1430] Building ASM object esp-idf/espressif__esp-dsp/CMakeFiles/__idf_espressif__esp-dsp.dir/modules/dotprod/float/dsps_dotprode_f32_m_ae32.S.obj

[991/1430] Building ASM object esp-idf/espressif__esp-dsp/CMakeFiles/__idf_espressif__esp-dsp.dir/modules/dotprod/float/dsps_dotprode_f32_ae32.S.obj

[992/1430] Building C object esp-idf/espressif__dl_fft/CMakeFiles/__idf_espressif__dl_fft.dir/base/dl_fft_base.c.obj

[993/1430] Building ASM object esp-idf/espressif__esp-dsp/CMakeFiles/__idf_espressif__esp-dsp.dir/modules/dotprod/float/dsps_dotprod_f32_ae32.S.obj

[994/1430] Building ASM object esp-idf/espressif__esp-dsp/CMakeFiles/__idf_espressif__esp-dsp.dir/modules/dotprod/float/dsps_dotprod_f32_aes3.S.obj

[995/1430] Building C object esp-idf/espressif__dl_fft/CMakeFiles/__idf_espressif__dl_fft.dir/base/dl_fft2r_sc16_dif_ansi.c.obj

[996/1430] Building ASM object esp-idf/espressif__esp-dsp/CMakeFiles/__idf_espressif__esp-dsp.dir/modules/dotprod/float/dsps_dotprode_f32_arp4.S.obj

[997/1430] Building ASM object esp-idf/espressif__esp-dsp/CMakeFiles/__idf_espressif__esp-dsp.dir/modules/dotprod/fixed/dsps_dotprod_s16_m_ae32.S.obj

[998/1430] Building C object esp-idf/espressif__dl_fft/CMakeFiles/__idf_espressif__dl_fft.dir/base/dl_fft2r_sc16_ansi.c.obj

[999/1430] Building ASM object esp-idf/espressif__esp-dsp/CMakeFiles/__idf_espressif__esp-dsp.dir/modules/dotprod/float/dsps_dotprod_f32_arp4.S.obj

[1000/1430] Building C object esp-idf/espressif__esp-dsp/CMakeFiles/__idf_espressif__esp-dsp.dir/modules/common/misc/aes3_tie_log.c.obj

[1001/1430] Building C object esp-idf/espressif__esp-dsp/CMakeFiles/__idf_espressif__esp-dsp.dir/modules/dotprod/float/dsps_dotprod_f32_ansi.c.obj

[1002/1430] Building ASM object esp-idf/espressif__esp-dsp/CMakeFiles/__idf_espressif__esp-dsp.dir/modules/dotprod/fixed/dsps_dotprod_s16_ae32.S.obj

[1003/1430] Linking C static library esp-idf\touch_hal\libtouch_hal.a

[1004/1430] Building CXX object esp-idf/espressif__esp-dsp/CMakeFiles/__idf_espressif__esp-dsp.dir/modules/common/misc/dsps_pwroftwo.cpp.obj

[1005/1430] Building ASM object esp-idf/espressif__esp-dsp/CMakeFiles/__idf_espressif__esp-dsp.dir/modules/dotprod/fixed/dsps_dotprod_s16_arp4.S.obj

[1006/1430] Building C object esp-idf/espressif__esp-dsp/CMakeFiles/__idf_espressif__esp-dsp.dir/modules/dotprod/float/dsps_dotprode_f32_ansi.c.obj

[1007/1430] Building C object esp-idf/espressif__esp-dsp/CMakeFiles/__idf_espressif__esp-dsp.dir/modules/dotprod/fixed/dsps_dotprod_s16_ansi.c.obj

[1008/1430] Building C object esp-idf/espressif__esp-dsp/CMakeFiles/__idf_espressif__esp-dsp.dir/modules/dotprod/fixed/dspi_dotprod_s16_ansi.c.obj

[1009/1430] Building C object esp-idf/espressif__esp-dsp/CMakeFiles/__idf_espressif__esp-dsp.dir/modules/dotprod/float/dspi_dotprod_f32_ansi.c.obj

[1010/1430] Building ASM object esp-idf/espressif__esp-dsp/CMakeFiles/__idf_espressif__esp-dsp.dir/modules/dotprod/fixed/dspi_dotprod_u16_aes3.S.obj

[1011/1430] Building ASM object esp-idf/espressif__esp-dsp/CMakeFiles/__idf_espressif__esp-dsp.dir/modules/dotprod/fixed/dspi_dotprod_s16_aes3.S.obj

[1012/1430] Building C object esp-idf/espressif__esp-dsp/CMakeFiles/__idf_espressif__esp-dsp.dir/modules/dotprod/fixed/dspi_dotprod_u8_ansi.c.obj

[1013/1430] Building C object esp-idf/espressif__esp-dsp/CMakeFiles/__idf_espressif__esp-dsp.dir/modules/dotprod/fixed/dspi_dotprod_s8_ansi.c.obj

[1014/1430] Building ASM object esp-idf/espressif__esp-dsp/CMakeFiles/__idf_espressif__esp-dsp.dir/modules/dotprod/fixed/dspi_dotprod_off_s16_aes3.S.obj

[1015/1430] Building ASM object esp-idf/espressif__esp-dsp/CMakeFiles/__idf_espressif__esp-dsp.dir/modules/dotprod/fixed/dspi_dotprod_s8_aes3.S.obj

[1016/1430] Building C object esp-idf/espressif__esp-dsp/CMakeFiles/__idf_espressif__esp-dsp.dir/modules/dotprod/fixed/dspi_dotprod_off_s16_ansi.c.obj

[1017/1430] Building C object esp-idf/espressif__esp-dsp/CMakeFiles/__idf_espressif__esp-dsp.dir/modules/dotprod/float/dspi_dotprod_off_f32_ansi.c.obj

[1018/1430] Building C object esp-idf/espressif__esp-dsp/CMakeFiles/__idf_espressif__esp-dsp.dir/modules/dotprod/fixed/dspi_dotprod_u16_ansi.c.obj

[1019/1430] Building ASM object esp-idf/espressif__esp-dsp/CMakeFiles/__idf_espressif__esp-dsp.dir/modules/dotprod/fixed/dspi_dotprod_off_u16_aes3.S.obj

[1020/1430] Building C object esp-idf/espressif__esp-dsp/CMakeFiles/__idf_espressif__esp-dsp.dir/modules/dotprod/fixed/dspi_dotprod_off_s8_ansi.c.obj

[1021/1430] Building C object esp-idf/espressif__esp-dsp/CMakeFiles/__idf_espressif__esp-dsp.dir/modules/dotprod/fixed/dspi_dotprod_off_u8_ansi.c.obj

[1022/1430] Building ASM object esp-idf/espressif__esp-dsp/CMakeFiles/__idf_espressif__esp-dsp.dir/modules/dotprod/fixed/dspi_dotprod_u8_aes3.S.obj

[1023/1430] Building C object esp-idf/espressif__esp-dsp/CMakeFiles/__idf_espressif__esp-dsp.dir/modules/dotprod/fixed/dspi_dotprod_off_u16_ansi.c.obj

[1024/1430] Building ASM object esp-idf/espressif__esp-dsp/CMakeFiles/__idf_espressif__esp-dsp.dir/modules/dotprod/fixed/dspi_dotprod_s16_arp4.S.obj

[1025/1430] Building ASM object esp-idf/espressif__esp-dsp/CMakeFiles/__idf_espressif__esp-dsp.dir/modules/dotprod/fixed/dspi_dotprod_off_u8_aes3.S.obj

[1026/1430] Building ASM object esp-idf/espressif__esp-dsp/CMakeFiles/__idf_espressif__esp-dsp.dir/modules/dotprod/fixed/dspi_dotprod_u16_arp4.S.obj

[1027/1430] Building ASM object esp-idf/espressif__esp-dsp/CMakeFiles/__idf_espressif__esp-dsp.dir/modules/dotprod/fixed/dspi_dotprod_off_s8_aes3.S.obj

[1028/1430] Building ASM object esp-idf/espressif__esp-dsp/CMakeFiles/__idf_espressif__esp-dsp.dir/modules/dotprod/fixed/dspi_dotprod_off_u16_arp4.S.obj

[1029/1430] Building ASM object esp-idf/espressif__esp-dsp/CMakeFiles/__idf_espressif__esp-dsp.dir/modules/dotprod/fixed/dspi_dotprod_s8_arp4.S.obj

[1030/1430] Building ASM object esp-idf/espressif__esp-dsp/CMakeFiles/__idf_espressif__esp-dsp.dir/modules/dotprod/fixed/dspi_dotprod_u8_arp4.S.obj

[1031/1430] Building ASM object esp-idf/espressif__esp-dsp/CMakeFiles/__idf_espressif__esp-dsp.dir/modules/dotprod/fixed/dspi_dotprod_off_s16_arp4.S.obj

[1032/1430] Building ASM object esp-idf/espressif__esp-dsp/CMakeFiles/__idf_espressif__esp-dsp.dir/modules/dotprod/fixed/dspi_dotprod_off_s8_arp4.S.obj

[1033/1430] Building ASM object esp-idf/espressif__esp-dsp/CMakeFiles/__idf_espressif__esp-dsp.dir/modules/matrix/mul/float/dspm_mult_3x3x1_f32_ae32.S.obj

[1034/1430] Building ASM object esp-idf/espressif__esp-dsp/CMakeFiles/__idf_espressif__esp-dsp.dir/modules/dotprod/fixed/dspi_dotprod_off_u8_arp4.S.obj

[1035/1430] Building ASM object esp-idf/espressif__esp-dsp/CMakeFiles/__idf_espressif__esp-dsp.dir/modules/matrix/mul/float/dspm_mult_4x4x1_f32_ae32.S.obj

[1036/1430] Building ASM object esp-idf/espressif__esp-dsp/CMakeFiles/__idf_espressif__esp-dsp.dir/modules/matrix/mul/float/dspm_mult_3x3x3_f32_ae32.S.obj

[1037/1430] Building ASM object esp-idf/espressif__esp-dsp/CMakeFiles/__idf_espressif__esp-dsp.dir/modules/matrix/mul/float/dspm_mult_4x4x4_f32_ae32.S.obj

[1038/1430] Building ASM object esp-idf/espressif__esp-dsp/CMakeFiles/__idf_espressif__esp-dsp.dir/modules/matrix/mul/float/dspm_mult_f32_ae32.S.obj

[1039/1430] Building ASM object esp-idf/espressif__esp-dsp/CMakeFiles/__idf_espressif__esp-dsp.dir/modules/matrix/mul/float/dspm_mult_f32_aes3.S.obj

[1040/1430] Building ASM object esp-idf/espressif__esp-dsp/CMakeFiles/__idf_espressif__esp-dsp.dir/modules/matrix/mul/float/dspm_mult_f32_arp4.S.obj

[1041/1430] Building ASM object esp-idf/espressif__esp-dsp/CMakeFiles/__idf_espressif__esp-dsp.dir/modules/matrix/mul/float/dspm_mult_ex_f32_ae32.S.obj

[1042/1430] Building ASM object esp-idf/espressif__esp-dsp/CMakeFiles/__idf_espressif__esp-dsp.dir/modules/matrix/mul/float/dspm_mult_ex_f32_arp4.S.obj

[1043/1430] Building ASM object esp-idf/espressif__esp-dsp/CMakeFiles/__idf_espressif__esp-dsp.dir/modules/matrix/mul/float/dspm_mult_ex_f32_aes3.S.obj

[1044/1430] Building ASM object esp-idf/espressif__esp-dsp/CMakeFiles/__idf_espressif__esp-dsp.dir/modules/matrix/mul/fixed/dspm_mult_s16_m_ae32_vector.S.obj

[1045/1430] Building ASM object esp-idf/espressif__esp-dsp/CMakeFiles/__idf_espressif__esp-dsp.dir/modules/matrix/mul/fixed/dspm_mult_s16_ae32.S.obj

[1046/1430] Building ASM object esp-idf/espressif__esp-dsp/CMakeFiles/__idf_espressif__esp-dsp.dir/modules/matrix/mul/fixed/dspm_mult_s16_m_ae32.S.obj

[1047/1430] Building C object esp-idf/espressif__esp-dsp/CMakeFiles/__idf_espressif__esp-dsp.dir/modules/matrix/mul/float/dspm_mult_ex_f32_ansi.c.obj

[1048/1430] Building ASM object esp-idf/espressif__esp-dsp/CMakeFiles/__idf_espressif__esp-dsp.dir/modules/matrix/mul/fixed/dspm_mult_s16_arp4.S.obj

[1049/1430] Building C object esp-idf/espressif__esp-dsp/CMakeFiles/__idf_espressif__esp-dsp.dir/modules/matrix/mul/float/dspm_mult_f32_ansi.c.obj

[1050/1430] Building ASM object esp-idf/espressif__esp-dsp/CMakeFiles/__idf_espressif__esp-dsp.dir/modules/matrix/mul/fixed/dspm_mult_s16_aes3.S.obj

[1051/1430] Building ASM object esp-idf/espressif__esp-dsp/CMakeFiles/__idf_espressif__esp-dsp.dir/modules/matrix/addc/float/dspm_addc_f32_ae32.S.obj

[1052/1430] Building ASM object esp-idf/espressif__esp-dsp/CMakeFiles/__idf_espressif__esp-dsp.dir/modules/matrix/add/float/dspm_add_f32_ae32.S.obj

[1053/1430] Building ASM object esp-idf/espressif__esp-dsp/CMakeFiles/__idf_espressif__esp-dsp.dir/modules/matrix/mulc/float/dspm_mulc_f32_ae32.S.obj

[1054/1430] Building C object esp-idf/espressif__esp-dsp/CMakeFiles/__idf_espressif__esp-dsp.dir/modules/matrix/addc/float/dspm_addc_f32_ansi.c.obj

[1055/1430] Building C object esp-idf/espressif__esp-dsp/CMakeFiles/__idf_espressif__esp-dsp.dir/modules/matrix/mul/fixed/dspm_mult_s16_ansi.c.obj

[1056/1430] Building ASM object esp-idf/espressif__esp-dsp/CMakeFiles/__idf_espressif__esp-dsp.dir/modules/matrix/sub/float/dspm_sub_f32_ae32.S.obj

[1057/1430] Building C object esp-idf/espressif__esp-dsp/CMakeFiles/__idf_espressif__esp-dsp.dir/modules/matrix/sub/float/dspm_sub_f32_ansi.c.obj

[1058/1430] Building ASM object esp-idf/espressif__esp-dsp/CMakeFiles/__idf_espressif__esp-dsp.dir/modules/math/mulc/fixed/dsps_mulc_s16_ae32.S.obj

[1059/1430] Building C object esp-idf/espressif__esp-dsp/CMakeFiles/__idf_espressif__esp-dsp.dir/modules/matrix/mulc/float/dspm_mulc_f32_ansi.c.obj

[1060/1430] Building C object esp-idf/espressif__esp-dsp/CMakeFiles/__idf_espressif__esp-dsp.dir/modules/matrix/add/float/dspm_add_f32_ansi.c.obj

[1061/1430] Building C object esp-idf/espressif__esp-dsp/CMakeFiles/__idf_espressif__esp-dsp.dir/modules/math/addc/float/dsps_addc_f32_ansi.c.obj

[1062/1430] Building ASM object esp-idf/espressif__esp-dsp/CMakeFiles/__idf_espressif__esp-dsp.dir/modules/math/add/fixed/dsps_add_s16_ae32.S.obj

[1063/1430] Building C object esp-idf/espressif__esp-dsp/CMakeFiles/__idf_espressif__esp-dsp.dir/modules/math/mulc/float/dsps_mulc_f32_ansi.c.obj

[1064/1430] Building ASM object esp-idf/espressif__esp-dsp/CMakeFiles/__idf_espressif__esp-dsp.dir/modules/math/add/fixed/dsps_add_s16_aes3.S.obj

[1065/1430] Building ASM object esp-idf/espressif__esp-dsp/CMakeFiles/__idf_espressif__esp-dsp.dir/modules/math/add/fixed/dsps_add_s8_aes3.S.obj

[1066/1430] Building C object esp-idf/espressif__esp-dsp/CMakeFiles/__idf_espressif__esp-dsp.dir/modules/math/add/float/dsps_add_f32_ansi.c.obj

[1067/1430] Building C object esp-idf/espressif__esp-dsp/CMakeFiles/__idf_espressif__esp-dsp.dir/modules/math/add/fixed/dsps_add_s16_ansi.c.obj

[1068/1430] Building C object esp-idf/espressif__esp-dsp/CMakeFiles/__idf_espressif__esp-dsp.dir/modules/math/mulc/fixed/dsps_mulc_s16_ansi.c.obj

[1069/1430] Building ASM object esp-idf/espressif__esp-dsp/CMakeFiles/__idf_espressif__esp-dsp.dir/modules/math/sub/fixed/dsps_sub_s16_ae32.S.obj

[1070/1430] Building ASM object esp-idf/espressif__esp-dsp/CMakeFiles/__idf_espressif__esp-dsp.dir/modules/math/sub/fixed/dsps_sub_s16_aes3.S.obj

[1071/1430] Building ASM object esp-idf/espressif__esp-dsp/CMakeFiles/__idf_espressif__esp-dsp.dir/modules/math/mul/fixed/dsps_mul_s16_ae32.S.obj

[1072/1430] Building ASM object esp-idf/espressif__esp-dsp/CMakeFiles/__idf_espressif__esp-dsp.dir/modules/math/sub/fixed/dsps_sub_s8_aes3.S.obj

[1073/1430] Building C object esp-idf/espressif__esp-dsp/CMakeFiles/__idf_espressif__esp-dsp.dir/modules/math/add/fixed/dsps_add_s8_ansi.c.obj

[1074/1430] Building C object esp-idf/espressif__esp-dsp/CMakeFiles/__idf_espressif__esp-dsp.dir/modules/math/sub/float/dsps_sub_f32_ansi.c.obj

[1075/1430] Building C object esp-idf/espressif__esp-dsp/CMakeFiles/__idf_espressif__esp-dsp.dir/modules/math/sub/fixed/dsps_sub_s16_ansi.c.obj

[1076/1430] Building C object esp-idf/espressif__esp-dsp/CMakeFiles/__idf_espressif__esp-dsp.dir/modules/math/sub/fixed/dsps_sub_s8_ansi.c.obj

[1077/1430] Building ASM object esp-idf/espressif__esp-dsp/CMakeFiles/__idf_espressif__esp-dsp.dir/modules/math/mul/fixed/dsps_mul_s16_aes3.S.obj

[1078/1430] Building C object esp-idf/espressif__esp-dsp/CMakeFiles/__idf_espressif__esp-dsp.dir/modules/math/mul/float/dsps_mul_f32_ansi.c.obj

[1079/1430] Building ASM object esp-idf/espressif__esp-dsp/CMakeFiles/__idf_espressif__esp-dsp.dir/modules/math/mulc/float/dsps_mulc_f32_ae32.S.obj

[1080/1430] Building ASM object esp-idf/espressif__esp-dsp/CMakeFiles/__idf_espressif__esp-dsp.dir/modules/math/mul/fixed/dsps_mul_s8_aes3.S.obj

[1081/1430] Building ASM object esp-idf/espressif__esp-dsp/CMakeFiles/__idf_espressif__esp-dsp.dir/modules/math/addc/float/dsps_addc_f32_ae32.S.obj

[1082/1430] Building ASM object esp-idf/espressif__esp-dsp/CMakeFiles/__idf_espressif__esp-dsp.dir/modules/math/add/float/dsps_add_f32_ae32.S.obj

[1083/1430] Building C object esp-idf/espressif__esp-dsp/CMakeFiles/__idf_espressif__esp-dsp.dir/modules/math/mul/fixed/dsps_mul_s16_ansi.c.obj

[1084/1430] Building C object esp-idf/espressif__esp-dsp/CMakeFiles/__idf_espressif__esp-dsp.dir/modules/math/mul/fixed/dsps_mul_s8_ansi.c.obj

[1085/1430] Building ASM object esp-idf/espressif__esp-dsp/CMakeFiles/__idf_espressif__esp-dsp.dir/modules/math/sub/float/dsps_sub_f32_ae32.S.obj

[1086/1430] Building ASM object esp-idf/espressif__esp-dsp/CMakeFiles/__idf_espressif__esp-dsp.dir/modules/math/mul/float/dsps_mul_f32_ae32.S.obj

[1087/1430] Building ASM object esp-idf/espressif__esp-dsp/CMakeFiles/__idf_espressif__esp-dsp.dir/modules/fft/float/dsps_fft2r_fc32_arp4.S.obj

[1088/1430] Building ASM object esp-idf/espressif__esp-dsp/CMakeFiles/__idf_espressif__esp-dsp.dir/modules/fft/float/dsps_fft2r_fc32_ae32_.S.obj

[1089/1430] Building ASM object esp-idf/espressif__esp-dsp/CMakeFiles/__idf_espressif__esp-dsp.dir/modules/fft/float/dsps_fft2r_fc32_aes3_.S.obj

[1090/1430] Building C object esp-idf/espressif__esp-dsp/CMakeFiles/__idf_espressif__esp-dsp.dir/modules/math/sqrt/float/dsps_sqrt_f32_ansi.c.obj

[1091/1430] Building ASM object esp-idf/espressif__esp-dsp/CMakeFiles/__idf_espressif__esp-dsp.dir/modules/fft/float/dsps_bit_rev_lookup_fc32_aes3.S.obj

[1092/1430] Building ASM object esp-idf/espressif__esp-dsp/CMakeFiles/__idf_espressif__esp-dsp.dir/modules/fft/float/dsps_fft4r_fc32_ae32_.S.obj

[1093/1430] Building ASM object esp-idf/espressif__esp-dsp/CMakeFiles/__idf_espressif__esp-dsp.dir/modules/fft/float/dsps_fft4r_fc32_arp4.S.obj

[1094/1430] Building ASM object esp-idf/espressif__esp-dsp/CMakeFiles/__idf_espressif__esp-dsp.dir/modules/fft/float/dsps_fft4r_fc32_aes3_.S.obj

[1095/1430] Building ASM object esp-idf/espressif__esp-dsp/CMakeFiles/__idf_espressif__esp-dsp.dir/modules/fft/fixed/dsps_fft2r_sc16_aes3.S.obj

[1096/1430] Building C object esp-idf/espressif__esp-dsp/CMakeFiles/__idf_espressif__esp-dsp.dir/modules/fft/float/dsps_fft2r_bitrev_tables_fc32.c.obj

[1097/1430] Building ASM object esp-idf/espressif__esp-dsp/CMakeFiles/__idf_espressif__esp-dsp.dir/modules/fft/fixed/dsps_fft2r_sc16_ae32.S.obj

[1098/1430] Building C object esp-idf/espressif__esp-dsp/CMakeFiles/__idf_espressif__esp-dsp.dir/modules/fft/float/dsps_fft4r_bitrev_tables_fc32.c.obj

[1099/1430] Building ASM object esp-idf/espressif__esp-dsp/CMakeFiles/__idf_espressif__esp-dsp.dir/modules/fft/fixed/dsps_fft2r_sc16_arp4.S.obj

[1100/1430] Building C object esp-idf/espressif__esp-dsp/CMakeFiles/__idf_espressif__esp-dsp.dir/modules/fft/float/dsps_fft2r_fc32_ae32.c.obj

[1101/1430] Building C object esp-idf/espressif__esp-dsp/CMakeFiles/__idf_espressif__esp-dsp.dir/modules/fft/float/dsps_fft4r_fc32_ansi.c.obj

[1102/1430] Building C object esp-idf/espressif__esp-dsp/CMakeFiles/__idf_espressif__esp-dsp.dir/modules/fft/float/dsps_fft4r_fc32_ae32.c.obj

[1103/1430] Building C object esp-idf/espressif__esp-dsp/CMakeFiles/__idf_espressif__esp-dsp.dir/modules/fft/float/dsps_fft2r_fc32_ansi.c.obj

[1104/1430] Building C object esp-idf/espressif__esp-dsp/CMakeFiles/__idf_espressif__esp-dsp.dir/modules/support/misc/dsps_d_gen.c.obj

[1105/1430] Building ASM object esp-idf/espressif__esp-dsp/CMakeFiles/__idf_espressif__esp-dsp.dir/modules/support/cplx_gen/dsps_cplx_gen.S.obj

[1106/1430] Building C object esp-idf/espressif__esp-dsp/CMakeFiles/__idf_espressif__esp-dsp.dir/modules/support/misc/dsps_tone_gen.c.obj

[1107/1430] Building C object esp-idf/espressif__esp-dsp/CMakeFiles/__idf_espressif__esp-dsp.dir/modules/support/cplx_gen/dsps_cplx_gen.c.obj

[1108/1430] Building C object esp-idf/espressif__esp-dsp/CMakeFiles/__idf_espressif__esp-dsp.dir/modules/support/misc/dsps_h_gen.c.obj

[1109/1430] Building ASM object esp-idf/espressif__esp-dsp/CMakeFiles/__idf_espressif__esp-dsp.dir/modules/support/mem/esp32s3/dsps_memset_aes3.S.obj

[1110/1430] Building C object esp-idf/espressif__esp-dsp/CMakeFiles/__idf_espressif__esp-dsp.dir/modules/dct/float/dsps_dct_f32.c.obj

[1111/1430] Building C object esp-idf/espressif__esp-dsp/CMakeFiles/__idf_espressif__esp-dsp.dir/modules/dct/float/dsps_dstiv_f32.c.obj

[1112/1430] Building ASM object esp-idf/espressif__esp-dsp/CMakeFiles/__idf_espressif__esp-dsp.dir/modules/support/mem/esp32s3/dsps_memcpy_aes3.S.obj

[1113/1430] Building C object esp-idf/espressif__esp-dsp/CMakeFiles/__idf_espressif__esp-dsp.dir/modules/support/cplx_gen/dsps_cplx_gen_init.c.obj

[1114/1430] Building C object esp-idf/espressif__esp-dsp/CMakeFiles/__idf_espressif__esp-dsp.dir/modules/dct/float/dsps_dctiv_f32.c.obj

[1115/1430] Building C object esp-idf/espressif__esp-dsp/CMakeFiles/__idf_espressif__esp-dsp.dir/modules/windows/hann/float/dsps_wind_hann_f32.c.obj

[1116/1430] Building C object esp-idf/espressif__esp-dsp/CMakeFiles/__idf_espressif__esp-dsp.dir/modules/windows/blackman/float/dsps_wind_blackman_f32.c.obj

[1117/1430] Building C object esp-idf/espressif__esp-dsp/CMakeFiles/__idf_espressif__esp-dsp.dir/modules/fft/fixed/dsps_fft2r_sc16_ansi.c.obj

[1118/1430] Building ASM object esp-idf/espressif__esp-dsp/CMakeFiles/__idf_espressif__esp-dsp.dir/modules/conv/float/dsps_conv_f32_ae32.S.obj

[1119/1430] Building C object esp-idf/espressif__esp-dsp/CMakeFiles/__idf_espressif__esp-dsp.dir/modules/windows/blackman_harris/float/dsps_wind_blackman_harris_f32.c.obj

[1120/1430] Building C object esp-idf/espressif__esp-dsp/CMakeFiles/__idf_espressif__esp-dsp.dir/modules/windows/nuttall/float/dsps_wind_nuttall_f32.c.obj

[1121/1430] Building C object esp-idf/espressif__esp-dsp/CMakeFiles/__idf_espressif__esp-dsp.dir/modules/windows/blackman_nuttall/float/dsps_wind_blackman_nuttall_f32.c.obj

[1122/1430] Building C object esp-idf/espressif__esp-dsp/CMakeFiles/__idf_espressif__esp-dsp.dir/modules/windows/flat_top/float/dsps_wind_flat_top_f32.c.obj

[1123/1430] Building ASM object esp-idf/espressif__esp-dsp/CMakeFiles/__idf_espressif__esp-dsp.dir/modules/conv/float/dsps_corr_f32_ae32.S.obj

[1124/1430] Building C object esp-idf/espressif__esp-dsp/CMakeFiles/__idf_espressif__esp-dsp.dir/modules/conv/float/dsps_conv_f32_ansi.c.obj

[1125/1430] Building ASM object esp-idf/espressif__esp-dsp/CMakeFiles/__idf_espressif__esp-dsp.dir/modules/conv/float/dsps_ccorr_f32_ae32.S.obj

[1126/1430] Building ASM object esp-idf/espressif__esp-dsp/CMakeFiles/__idf_espressif__esp-dsp.dir/modules/iir/biquad/dsps_biquad_sf32_arp4.S.obj

[1127/1430] Building C object esp-idf/espressif__esp-dsp/CMakeFiles/__idf_espressif__esp-dsp.dir/modules/conv/float/dspi_conv_f32_ansi.c.obj

[1128/1430] Building ASM object esp-idf/espressif__esp-dsp/CMakeFiles/__idf_espressif__esp-dsp.dir/modules/iir/biquad/dsps_biquad_f32_ae32.S.obj

[1129/1430] Building ASM object esp-idf/espressif__esp-dsp/CMakeFiles/__idf_espressif__esp-dsp.dir/modules/iir/biquad/dsps_biquad_f32_aes3.S.obj

[1130/1430] Building ASM object esp-idf/espressif__esp-dsp/CMakeFiles/__idf_espressif__esp-dsp.dir/modules/iir/biquad/dsps_biquad_sf32_ae32.S.obj

[1131/1430] Building C object esp-idf/espressif__esp-dsp/CMakeFiles/__idf_espressif__esp-dsp.dir/modules/conv/float/dsps_corr_f32_ansi.c.obj

[1132/1430] Building ASM object esp-idf/espressif__esp-dsp/CMakeFiles/__idf_espressif__esp-dsp.dir/modules/iir/biquad/dsps_biquad_f32_arp4.S.obj

[1133/1430] Building CXX object esp-idf/espressif__esp-dsp/CMakeFiles/__idf_espressif__esp-dsp.dir/modules/support/sfdr/float/dsps_sfdr_f32.cpp.obj

[1134/1430] Building C object esp-idf/espressif__esp-dsp/CMakeFiles/__idf_espressif__esp-dsp.dir/modules/conv/float/dsps_ccorr_f32_ansi.c.obj

[1135/1430] Building CXX object esp-idf/espressif__esp-dsp/CMakeFiles/__idf_espressif__esp-dsp.dir/modules/support/snr/float/dsps_snr_f32.cpp.obj

[1136/1430] Building C object esp-idf/espressif__esp-dsp/CMakeFiles/__idf_espressif__esp-dsp.dir/modules/iir/biquad/dsps_biquad_sf32_ansi.c.obj

[1137/1430] Building ASM object esp-idf/espressif__esp-dsp/CMakeFiles/__idf_espressif__esp-dsp.dir/modules/fir/float/dsps_fird_f32_arp4.S.obj

[1138/1430] Building ASM object esp-idf/espressif__esp-dsp/CMakeFiles/__idf_espressif__esp-dsp.dir/modules/fir/float/dsps_fir_f32_aes3.S.obj

[1139/1430] Building ASM object esp-idf/espressif__esp-dsp/CMakeFiles/__idf_espressif__esp-dsp.dir/modules/fir/float/dsps_fir_f32_ae32.S.obj

[1140/1430] Building CXX object esp-idf/espressif__esp-dsp/CMakeFiles/__idf_espressif__esp-dsp.dir/modules/support/view/dsps_view.cpp.obj

[1141/1430] Building ASM object esp-idf/espressif__esp-dsp/CMakeFiles/__idf_espressif__esp-dsp.dir/modules/fir/float/dsps_fird_f32_ae32.S.obj

[1142/1430] Building C object esp-idf/espressif__esp-dsp/CMakeFiles/__idf_espressif__esp-dsp.dir/modules/iir/biquad/dsps_biquad_f32_ansi.c.obj

[1143/1430] Building ASM object esp-idf/espressif__esp-dsp/CMakeFiles/__idf_espressif__esp-dsp.dir/modules/fir/float/dsps_fird_f32_aes3.S.obj

[1144/1430] Building C object esp-idf/espressif__esp-dsp/CMakeFiles/__idf_espressif__esp-dsp.dir/modules/fir/float/dsps_fird_f32_ansi.c.obj

[1145/1430] Building C object esp-idf/espressif__esp-dsp/CMakeFiles/__idf_espressif__esp-dsp.dir/modules/iir/biquad/dsps_biquad_gen_f32.c.obj

[1146/1430] Building ASM object esp-idf/espressif__esp-dsp/CMakeFiles/__idf_espressif__esp-dsp.dir/modules/fir/fixed/dsps_fir_s16_m_ae32.S.obj

[1147/1430] Building ASM object esp-idf/espressif__esp-dsp/CMakeFiles/__idf_espressif__esp-dsp.dir/modules/fir/fixed/dsps_fird_s16_ae32.S.obj

[1148/1430] Building C object esp-idf/espressif__esp-dsp/CMakeFiles/__idf_espressif__esp-dsp.dir/modules/fir/float/dsps_fir_f32_ansi.c.obj

[1149/1430] Building C object esp-idf/espressif__esp-dsp/CMakeFiles/__idf_espressif__esp-dsp.dir/modules/fir/float/dsps_fir_init_f32.c.obj

[1150/1430] Building ASM object esp-idf/espressif__esp-dsp/CMakeFiles/__idf_espressif__esp-dsp.dir/modules/fir/fixed/dsps_fird_s16_aes3.S.obj

[1151/1430] Building ASM object esp-idf/espressif__esp-dsp/CMakeFiles/__idf_espressif__esp-dsp.dir/modules/fir/fixed/dsps_fird_s16_arp4.S.obj

[1152/1430] Building C object esp-idf/espressif__esp-dsp/CMakeFiles/__idf_espressif__esp-dsp.dir/modules/fir/float/dsps_fird_init_f32.c.obj

[1153/1430] Building C object esp-idf/espressif__esp-dsp/CMakeFiles/__idf_espressif__esp-dsp.dir/modules/fir/fixed/dsps_fird_s16_ansi.c.obj

[1154/1430] Building C object esp-idf/espressif__esp-dsp/CMakeFiles/__idf_espressif__esp-dsp.dir/modules/fir/fixed/dsps_fird_init_s16.c.obj

[1155/1430] Building C object esp-idf/espressif__esp-dsp/CMakeFiles/__idf_espressif__esp-dsp.dir/modules/fir/fixed/dsps_firmr_init_s16.c.obj

[1156/1430] Building C object esp-idf/espressif__esp-dsp/CMakeFiles/__idf_espressif__esp-dsp.dir/modules/fir/float/dsps_firmr_init_f32.c.obj

[1157/1430] Building C object esp-idf/espressif__esp-dsp/CMakeFiles/__idf_espressif__esp-dsp.dir/modules/fir/resampler/dsps_resampler_mr.c.obj

[1158/1430] Building C object esp-idf/espressif__esp-dsp/CMakeFiles/__idf_espressif__esp-dsp.dir/modules/fir/resampler/dsps_resampler_ph.c.obj

[1159/1430] Building C object esp-idf/espressif__esp-dsp/CMakeFiles/__idf_espressif__esp-dsp.dir/modules/fir/float/dsps_firmr_f32_ansi.c.obj

[1160/1430] Building C object esp-idf/espressif__gmf_core/CMakeFiles/__idf_espressif__gmf_core.dir/src/esp_gmf_event.c.obj

[1161/1430] Building C object esp-idf/espressif__esp_audio_codec/CMakeFiles/__idf_espressif__esp_audio_codec.dir/src/audio_decoder_reg.c.obj

[1162/1430] Building C object esp-idf/espressif__esp-dsp/CMakeFiles/__idf_espressif__esp-dsp.dir/modules/fir/fixed/dsps_firmr_s16_ansi.c.obj

[1163/1430] Building C object esp-idf/espressif__gmf_core/CMakeFiles/__idf_espressif__gmf_core.dir/src/esp_gmf_cap.c.obj

[1164/1430] Building C object esp-idf/espressif__esp_audio_codec/CMakeFiles/__idf_espressif__esp_audio_codec.dir/src/audio_encoder_reg.c.obj

[1165/1430] Building C object esp-idf/espressif__esp_audio_codec/CMakeFiles/__idf_espressif__esp_audio_codec.dir/src/simple_decoder_reg.c.obj

[1166/1430] Building C object esp-idf/espressif__gmf_core/CMakeFiles/__idf_espressif__gmf_core.dir/src/esp_gmf_audio_element.c.obj

[1167/1430] Building C object esp-idf/espressif__gmf_core/CMakeFiles/__idf_espressif__gmf_core.dir/src/esp_gmf_node.c.obj

[1168/1430] Building C object esp-idf/espressif__gmf_core/CMakeFiles/__idf_espressif__gmf_core.dir/src/esp_gmf_obj.c.obj

[1169/1430] Building C object esp-idf/espressif__gmf_core/CMakeFiles/__idf_espressif__gmf_core.dir/src/esp_gmf_payload.c.obj

[1170/1430] Building C object esp-idf/espressif__gmf_core/CMakeFiles/__idf_espressif__gmf_core.dir/src/esp_gmf_element.c.obj

[1171/1430] Building C object esp-idf/espressif__gmf_core/CMakeFiles/__idf_espressif__gmf_core.dir/src/esp_gmf_pic_element.c.obj

[1172/1430] Building C object esp-idf/espressif__gmf_core/CMakeFiles/__idf_espressif__gmf_core.dir/src/esp_gmf_video_element.c.obj

[1173/1430] Building C object esp-idf/espressif__gmf_core/CMakeFiles/__idf_espressif__gmf_core.dir/src/esp_gmf_port.c.obj

[1174/1430] Building CXX object esp-idf/espressif__esp-dsp/CMakeFiles/__idf_espressif__esp-dsp.dir/modules/matrix/mat/mat.cpp.obj

[1175/1430] Building C object esp-idf/espressif__gmf_core/CMakeFiles/__idf_espressif__gmf_core.dir/oal/esp_gmf_oal_mutex.c.obj

[1176/1430] Building C object esp-idf/espressif__gmf_core/CMakeFiles/__idf_espressif__gmf_core.dir/oal/esp_gmf_oal_mem.c.obj

[1177/1430] Building C object esp-idf/espressif__gmf_core/CMakeFiles/__idf_espressif__gmf_core.dir/src/esp_gmf_pool.c.obj

[1178/1430] Building C object esp-idf/espressif__gmf_core/CMakeFiles/__idf_espressif__gmf_core.dir/oal/esp_gmf_oal_sys.c.obj

[1179/1430] Building C object esp-idf/espressif__gmf_core/CMakeFiles/__idf_espressif__gmf_core.dir/src/esp_gmf_io.c.obj

[1180/1430] Building C object esp-idf/espressif__gmf_core/CMakeFiles/__idf_espressif__gmf_core.dir/src/esp_gmf_pipeline.c.obj

[1181/1430] Building C object esp-idf/espressif__gmf_core/CMakeFiles/__idf_espressif__gmf_core.dir/src/esp_gmf_task.c.obj

[1182/1430] Building C object esp-idf/espressif__gmf_core/CMakeFiles/__idf_espressif__gmf_core.dir/data_bus/esp_gmf_data_bus.c.obj

[1183/1430] Building C object esp-idf/espressif__gmf_core/CMakeFiles/__idf_espressif__gmf_core.dir/oal/esp_gmf_oal_thread.c.obj

[1184/1430] Building C object esp-idf/espressif__gmf_core/CMakeFiles/__idf_espressif__gmf_core.dir/helpers/esp_gmf_uri_parser.c.obj

[1185/1430] Building C object esp-idf/espressif__gmf_core/CMakeFiles/__idf_espressif__gmf_core.dir/data_bus/esp_gmf_block.c.obj

[1186/1430] Building C object esp-idf/espressif__gmf_core/CMakeFiles/__idf_espressif__gmf_core.dir/data_bus/esp_gmf_new_databus.c.obj

[1187/1430] Building C object esp-idf/console/CMakeFiles/__idf_console.dir/split_argv.c.obj

[1188/1430] Building C object esp-idf/espressif__gmf_core/CMakeFiles/__idf_espressif__gmf_core.dir/data_bus/esp_gmf_fifo.c.obj

[1189/1430] Building C object esp-idf/espressif__gmf_core/CMakeFiles/__idf_espressif__gmf_core.dir/data_bus/esp_gmf_ringbuffer.c.obj

[1190/1430] Building C object esp-idf/espressif__gmf_core/CMakeFiles/__idf_espressif__gmf_core.dir/data_bus/esp_gmf_pbuf.c.obj

[1191/1430] Building C object esp-idf/console/CMakeFiles/__idf_console.dir/esp_console_common.c.obj

[1192/1430] Building C object esp-idf/console/CMakeFiles/__idf_console.dir/esp_console_repl_chip.c.obj

[1193/1430] Building C object esp-idf/console/CMakeFiles/__idf_console.dir/commands.c.obj

[1194/1430] Building C object esp-idf/console/CMakeFiles/__idf_console.dir/argtable3/arg_cmd.c.obj

[1195/1430] Building C object esp-idf/console/CMakeFiles/__idf_console.dir/esp_console_repl_internal.c.obj

[1196/1430] Building C object esp-idf/console/CMakeFiles/__idf_console.dir/argtable3/arg_dbl.c.obj

[1197/1430] Building C object esp-idf/console/CMakeFiles/__idf_console.dir/argtable3/arg_date.c.obj

[1198/1430] Building C object esp-idf/console/CMakeFiles/__idf_console.dir/linenoise/linenoise.c.obj

[1199/1430] Building C object esp-idf/console/CMakeFiles/__idf_console.dir/argtable3/arg_end.c.obj

[1200/1430] Building C object esp-idf/console/CMakeFiles/__idf_console.dir/argtable3/arg_dstr.c.obj

[1201/1430] Building C object esp-idf/console/CMakeFiles/__idf_console.dir/argtable3/arg_hashtable.c.obj

[1202/1430] Building C object esp-idf/console/CMakeFiles/__idf_console.dir/argtable3/arg_file.c.obj

[1203/1430] Building C object esp-idf/console/CMakeFiles/__idf_console.dir/argtable3/arg_lit.c.obj

[1204/1430] Building C object esp-idf/console/CMakeFiles/__idf_console.dir/argtable3/arg_rem.c.obj

[1205/1430] Building C object esp-idf/console/CMakeFiles/__idf_console.dir/argtable3/arg_int.c.obj

[1206/1430] Building C object esp-idf/console/CMakeFiles/__idf_console.dir/argtable3/arg_str.c.obj

[1207/1430] Building C object esp-idf/console/CMakeFiles/__idf_console.dir/argtable3/arg_utils.c.obj

[1208/1430] Building CXX object esp-idf/wear_levelling/CMakeFiles/__idf_wear_levelling.dir/Partition.cpp.obj

[1209/1430] Building CXX object esp-idf/wear_levelling/CMakeFiles/__idf_wear_levelling.dir/SPI_Flash.cpp.obj

[1210/1430] Building C object esp-idf/console/CMakeFiles/__idf_console.dir/argtable3/argtable3.c.obj

[1211/1430] Building C object esp-idf/console/CMakeFiles/__idf_console.dir/argtable3/arg_rex.c.obj

[1212/1430] Building CXX object esp-idf/wear_levelling/CMakeFiles/__idf_wear_levelling.dir/crc32.cpp.obj

[1213/1430] Building CXX object esp-idf/wear_levelling/CMakeFiles/__idf_wear_levelling.dir/WL_Ext_Perf.cpp.obj

[1214/1430] Building CXX object esp-idf/wear_levelling/CMakeFiles/__idf_wear_levelling.dir/WL_Ext_Safe.cpp.obj

[1215/1430] Linking C static library esp-idf\json\libjson.a

[1216/1430] Building CXX object esp-idf/wear_levelling/CMakeFiles/__idf_wear_levelling.dir/wear_levelling.cpp.obj

[1217/1430] Linking C static library esp-idf\spiffs\libspiffs.a

[1218/1430] Linking C static library esp-idf\bmi260_imu\libbmi260_imu.a

[1219/1430] Building C object esp-idf/protobuf-c/CMakeFiles/__idf_protobuf-c.dir/protobuf-c/protobuf-c/protobuf-c.c.obj

[1220/1430] Building C object esp-idf/espressif__esp-sr/CMakeFiles/__idf_espressif__esp-sr.dir/src/esp_sr_debug.c.obj

[1221/1430] Building CXX object esp-idf/espressif__esp-dsp/CMakeFiles/__idf_espressif__esp-dsp.dir/modules/kalman/ekf/common/ekf.cpp.obj

[1222/1430] Linking C static library esp-idf\usb\libusb.a

[1223/1430] Building C object esp-idf/aip8563_rtc/CMakeFiles/__idf_aip8563_rtc.dir/aip8563_rtc.c.obj

[1224/1430] Linking C static library esp-idf\espressif__dl_fft\libespressif__dl_fft.a

[1225/1430] Linking C static library esp-idf\espressif__esp_audio_codec\libespressif__esp_audio_codec.a

[1226/1430] Building CXX object esp-idf/wear_levelling/CMakeFiles/__idf_wear_levelling.dir/WL_Flash.cpp.obj

[1227/1430] Building CXX object esp-idf/espressif__esp-dsp/CMakeFiles/__idf_espressif__esp-dsp.dir/modules/kalman/ekf_imu13states/ekf_imu13states.cpp.obj

[1228/1430] Building C object esp-idf/espressif__iot_eth/CMakeFiles/__idf_espressif__iot_eth.dir/iot_eth.c.obj

[1229/1430] Building C object esp-idf/espressif__esp-sr/CMakeFiles/__idf_espressif__esp-sr.dir/src/esp_process_sdkconfig.c.obj

[1230/1430] Building C object esp-idf/espressif__iot_usbh_cdc/CMakeFiles/__idf_espressif__iot_usbh_cdc.dir/iot_usbh_descriptor.c.obj

[1231/1430] Building C object esp-idf/espressif__esp-sr/CMakeFiles/__idf_espressif__esp-sr.dir/src/model_path.c.obj

[1232/1430] Building C object esp-idf/espressif__gmf_audio/CMakeFiles/__idf_espressif__gmf_audio.dir/esp_gmf_audio_helper.c.obj

[1233/1430] Building C object esp-idf/espressif__esp-sr/CMakeFiles/__idf_espressif__esp-sr.dir/src/esp_mn_speech_commands.c.obj

[1234/1430] Building C object esp-idf/espressif__gmf_audio/CMakeFiles/__idf_espressif__gmf_audio.dir/esp_gmf_audio_param.c.obj

[1235/1430] Building C object esp-idf/espressif__iot_eth/CMakeFiles/__idf_espressif__iot_eth.dir/iot_eth_netif_glue.c.obj

[1236/1430] Building C object esp-idf/espressif__iot_usbh_cdc/CMakeFiles/__idf_espressif__iot_usbh_cdc.dir/usbh_helper.c.obj

[1237/1430] Linking C static library esp-idf\espressif__gmf_core\libespressif__gmf_core.a

[1238/1430] Building C object esp-idf/espressif__gmf_audio/CMakeFiles/__idf_espressif__gmf_audio.dir/esp_gmf_alc.c.obj

[1239/1430] Building C object esp-idf/espressif__gmf_audio/CMakeFiles/__idf_espressif__gmf_audio.dir/esp_gmf_ch_cvt.c.obj

[1240/1430] Building C object esp-idf/espressif__iot_usbh_cdc/CMakeFiles/__idf_espressif__iot_usbh_cdc.dir/iot_usbh_cdc.c.obj

[1241/1430] Building C object esp-idf/espressif__gmf_audio/CMakeFiles/__idf_espressif__gmf_audio.dir/esp_gmf_bit_cvt.c.obj

[1242/1430] Building C object esp-idf/espressif__gmf_audio/CMakeFiles/__idf_espressif__gmf_audio.dir/esp_gmf_audio_dec.c.obj

[1243/1430] Building C object esp-idf/espressif__gmf_audio/CMakeFiles/__idf_espressif__gmf_audio.dir/esp_gmf_audio_enc.c.obj

[1244/1430] Building C object esp-idf/espressif__gmf_audio/CMakeFiles/__idf_espressif__gmf_audio.dir/esp_gmf_deinterleave.c.obj

[1245/1430] Building C object esp-idf/espressif__gmf_audio/CMakeFiles/__idf_espressif__gmf_audio.dir/esp_gmf_eq.c.obj

[1246/1430] Building C object esp-idf/espressif__gmf_audio/CMakeFiles/__idf_espressif__gmf_audio.dir/esp_gmf_fade.c.obj

[1247/1430] Building C object esp-idf/espressif__gmf_audio/CMakeFiles/__idf_espressif__gmf_audio.dir/esp_gmf_interleave.c.obj

[1248/1430] Building C object esp-idf/espressif__gmf_io/CMakeFiles/__idf_espressif__gmf_io.dir/esp_gmf_io_embed_flash.c.obj

[1249/1430] Building C object esp-idf/espressif__gmf_audio/CMakeFiles/__idf_espressif__gmf_audio.dir/esp_gmf_mixer.c.obj

[1250/1430] Building C object esp-idf/espressif__gmf_audio/CMakeFiles/__idf_espressif__gmf_audio.dir/esp_gmf_rate_cvt.c.obj

[1251/1430] Building C object esp-idf/unity/CMakeFiles/__idf_unity.dir/unity_compat.c.obj

[1252/1430] Building C object esp-idf/espressif__gmf_audio/CMakeFiles/__idf_espressif__gmf_audio.dir/esp_gmf_drc.c.obj

[1253/1430] Building C object esp-idf/espressif__gmf_io/CMakeFiles/__idf_espressif__gmf_io.dir/esp_gmf_io_file.c.obj

[1254/1430] Building C object esp-idf/espressif__gmf_io/CMakeFiles/__idf_espressif__gmf_io.dir/esp_gmf_io_i2s_pdm.c.obj

[1255/1430] Building C object esp-idf/espressif__gmf_io/CMakeFiles/__idf_espressif__gmf_io.dir/http_lib/gzip/gzip_miniz.c.obj

[1256/1430] Building C object esp-idf/espressif__gmf_audio/CMakeFiles/__idf_espressif__gmf_audio.dir/esp_gmf_mbc.c.obj

[1257/1430] Building C object esp-idf/espressif__gmf_io/CMakeFiles/__idf_espressif__gmf_io.dir/codec_dev_io/esp_gmf_io_codec_dev.c.obj

[1258/1430] Building C object esp-idf/unity/CMakeFiles/__idf_unity.dir/unity_runner.c.obj

[1259/1430] Building C object esp-idf/espressif__gmf_audio/CMakeFiles/__idf_espressif__gmf_audio.dir/esp_gmf_sonic.c.obj

[1260/1430] Linking C static library esp-idf\espressif__esp-dsp\libespressif__esp-dsp.a

[1261/1430] Building C object esp-idf/unity/CMakeFiles/__idf_unity.dir/unity_port_esp32.c.obj

[1262/1430] Building C object esp-idf/unity/CMakeFiles/__idf_unity.dir/unity_utils_freertos.c.obj

[1263/1430] Building C object esp-idf/unity/CMakeFiles/__idf_unity.dir/port/esp/unity_utils_memory_esp.c.obj

[1264/1430] Building C object esp-idf/unity/CMakeFiles/__idf_unity.dir/unity_utils_memory.c.obj

[1265/1430] Building C object esp-idf/unity/CMakeFiles/__idf_unity.dir/unity/src/unity.c.obj

[1266/1430] Building C object esp-idf/unity/CMakeFiles/__idf_unity.dir/unity_utils_cache.c.obj

[1267/1430] Building C object esp-idf/esp_driver_cam/CMakeFiles/__idf_esp_driver_cam.dir/esp_cam_ctlr.c.obj

[1268/1430] Linking C static library esp-idf\console\libconsole.a

[1269/1430] Building C object esp-idf/esp_driver_cam/CMakeFiles/__idf_esp_driver_cam.dir/dvp/src/esp_cam_ctlr_dvp_gdma.c.obj

[1270/1430] Building C object esp-idf/espressif__gmf_io/CMakeFiles/__idf_espressif__gmf_io.dir/esp_gmf_io_http.c.obj

[1271/1430] Building C object esp-idf/protocomm/CMakeFiles/__idf_protocomm.dir/proto-c/constants.pb-c.c.obj

[1272/1430] Building C object esp-idf/esp_driver_cam/CMakeFiles/__idf_esp_driver_cam.dir/dvp_share_ctrl.c.obj

[1273/1430] Linking C static library esp-idf\protobuf-c\libprotobuf-c.a

[1274/1430] Building C object esp-idf/protocomm/CMakeFiles/__idf_protocomm.dir/proto-c/session.pb-c.c.obj

[1275/1430] Building C object esp-idf/protocomm/CMakeFiles/__idf_protocomm.dir/proto-c/sec1.pb-c.c.obj

[1276/1430] Building C object esp-idf/protocomm/CMakeFiles/__idf_protocomm.dir/proto-c/sec0.pb-c.c.obj

[1277/1430] Building C object esp-idf/esp_driver_cam/CMakeFiles/__idf_esp_driver_cam.dir/dvp/src/esp_cam_ctlr_dvp_cam.c.obj

[1278/1430] Building C object esp-idf/protocomm/CMakeFiles/__idf_protocomm.dir/proto-c/sec2.pb-c.c.obj

[1279/1430] Building C object esp-idf/protocomm/CMakeFiles/__idf_protocomm.dir/src/security/security0.c.obj

[1280/1430] Building C object esp-idf/protocomm/CMakeFiles/__idf_protocomm.dir/src/common/protocomm.c.obj

[1281/1430] Building C object esp-idf/protocomm/CMakeFiles/__idf_protocomm.dir/src/transports/protocomm_console.c.obj

[1282/1430] Building C object esp-idf/esp_https_server/CMakeFiles/__idf_esp_https_server.dir/src/https_server.c.obj

[1283/1430] Linking C static library esp-idf\wear_levelling\libwear_levelling.a

[1284/1430] Building C object esp-idf/protocomm/CMakeFiles/__idf_protocomm.dir/src/crypto/srp6a/esp_srp_mpi.c.obj

[1285/1430] Building C object esp-idf/protocomm/CMakeFiles/__idf_protocomm.dir/src/transports/protocomm_httpd.c.obj

[1286/1430] Building C object esp-idf/protocomm/CMakeFiles/__idf_protocomm.dir/src/crypto/srp6a/esp_srp.c.obj

[1287/1430] Building C object esp-idf/protocomm/CMakeFiles/__idf_protocomm.dir/src/security/security1.c.obj

[1288/1430] Building C object esp-idf/protocomm/CMakeFiles/__idf_protocomm.dir/src/security/security2.c.obj

[1289/1430] Building C object esp-idf/fatfs/CMakeFiles/__idf_fatfs.dir/diskio/diskio.c.obj

[1290/1430] Building C object esp-idf/fatfs/CMakeFiles/__idf_fatfs.dir/diskio/diskio_rawflash.c.obj

[1291/1430] Building C object esp-idf/fatfs/CMakeFiles/__idf_fatfs.dir/port/freertos/ffsystem.c.obj

[1292/1430] Building C object esp-idf/fatfs/CMakeFiles/__idf_fatfs.dir/src/ffunicode.c.obj

[1293/1430] Building C object esp-idf/fatfs/CMakeFiles/__idf_fatfs.dir/diskio/diskio_sdmmc.c.obj

[1294/1430] Building C object esp-idf/fatfs/CMakeFiles/__idf_fatfs.dir/diskio/diskio_wl.c.obj

[1295/1430] Linking C static library esp-idf\aip8563_rtc\libaip8563_rtc.a

[1296/1430] Linking C static library esp-idf\espressif__esp-sr\libespressif__esp-sr.a

[1297/1430] Building C object esp-idf/audio_processor/CMakeFiles/__idf_audio_processor.dir/audio_processor_policy.c.obj

[1298/1430] Building C object esp-idf/audio_processor/CMakeFiles/__idf_audio_processor.dir/audio_processor_task_policy.c.obj

[1299/1430] Building C object esp-idf/fatfs/CMakeFiles/__idf_fatfs.dir/vfs/vfs_fat_spiflash.c.obj

[1300/1430] Building C object esp-idf/audio_processor/CMakeFiles/__idf_audio_processor.dir/opus_codec.c.obj

[1301/1430] Building C object esp-idf/es7210_adc/CMakeFiles/__idf_es7210_adc.dir/es7210_adc.c.obj

[1302/1430] Building C object esp-idf/fatfs/CMakeFiles/__idf_fatfs.dir/vfs/vfs_fat_sdmmc.c.obj

[1303/1430] Building C object esp-idf/es8311_codec/CMakeFiles/__idf_es8311_codec.dir/es8311_codec.c.obj

[1304/1430] Building C object esp-idf/audio_processor/CMakeFiles/__idf_audio_processor.dir/audio_processor.c.obj

[1305/1430] Linking C static library esp-idf\espressif__iot_eth\libespressif__iot_eth.a

[1306/1430] Linking C static library esp-idf\espressif__iot_usbh_cdc\libespressif__iot_usbh_cdc.a

[1307/1430] Building C object esp-idf/fatfs/CMakeFiles/__idf_fatfs.dir/src/ff.c.obj

[1308/1430] Building C object esp-idf/fatfs/CMakeFiles/__idf_fatfs.dir/vfs/vfs_fat.c.obj

[1309/1430] Building C object esp-idf/lte_hal/CMakeFiles/__idf_lte_hal.dir/lte_hal.c.obj

[1310/1430] Linking C static library esp-idf\espressif__gmf_audio\libespressif__gmf_audio.a

[1311/1430] Building C object esp-idf/espressif__iot_usbh_ecm/CMakeFiles/__idf_espressif__iot_usbh_ecm.dir/iot_usbh_ecm_descriptor.c.obj

[1312/1430] Linking C static library esp-idf\espressif__gmf_io\libespressif__gmf_io.a

[1313/1430] Building C object esp-idf/espressif__iot_usbh_ecm/CMakeFiles/__idf_espressif__iot_usbh_ecm.dir/iot_usbh_ecm.c.obj

[1314/1430] Building C object esp-idf/app_trace/CMakeFiles/__idf_app_trace.dir/host_file_io.c.obj

[1315/1430] Building C object esp-idf/cmock/CMakeFiles/__idf_cmock.dir/CMock/src/cmock.c.obj

[1316/1430] Building C object esp-idf/app_trace/CMakeFiles/__idf_app_trace.dir/app_trace_util.c.obj

[1317/1430] Linking C static library esp-idf\esp_driver_cam\libesp_driver_cam.a

[1318/1430] Linking C static library esp-idf\unity\libunity.a

[1319/1430] Building C object esp-idf/espressif__esp_audio_simple_player/CMakeFiles/__idf_espressif__esp_audio_simple_player.dir/src/esp_audio_simple_player_advance.c.obj

[1320/1430] Building C object esp-idf/espressif__esp_audio_simple_player/CMakeFiles/__idf_espressif__esp_audio_simple_player.dir/src/audio_simple_player_pool.c.obj

[1321/1430] Building C object esp-idf/app_trace/CMakeFiles/__idf_app_trace.dir/port/port_uart.c.obj

[1322/1430] Building C object esp-idf/app_trace/CMakeFiles/__idf_app_trace.dir/app_trace.c.obj

[1323/1430] Building C object esp-idf/espcoredump/CMakeFiles/__idf_espcoredump.dir/src/core_dump_init.c.obj

[1324/1430] Building C object esp-idf/esp_driver_touch_sens/CMakeFiles/__idf_esp_driver_touch_sens.dir/common/touch_sens_common.c.obj

[1325/1430] Building C object esp-idf/esp_eth/CMakeFiles/__idf_esp_eth.dir/src/esp_eth_netif_glue.c.obj

[1326/1430] Building C object esp-idf/espressif__esp_websocket_client/CMakeFiles/__idf_espressif__esp_websocket_client.dir/esp_websocket_client.c.obj

[1327/1430] Building C object esp-idf/esp_driver_touch_sens/CMakeFiles/__idf_esp_driver_touch_sens.dir/hw_ver2/touch_version_specific.c.obj

[1328/1430] Linking C static library esp-idf\esp_https_server\libesp_https_server.a

[1329/1430] Building C object esp-idf/esp_hid/CMakeFiles/__idf_esp_hid.dir/src/esp_hidd.c.obj

[1330/1430] Building C object esp-idf/espressif__esp_audio_simple_player/CMakeFiles/__idf_espressif__esp_audio_simple_player.dir/src/esp_audio_simple_player.c.obj

[1331/1430] Building C object esp-idf/esp_hid/CMakeFiles/__idf_esp_hid.dir/src/esp_hid_common.c.obj

[1332/1430] Building C object esp-idf/esp_eth/CMakeFiles/__idf_esp_eth.dir/src/esp_eth.c.obj

[1333/1430] Building C object esp-idf/esp_eth/CMakeFiles/__idf_esp_eth.dir/src/phy/esp_eth_phy_802_3.c.obj

[1334/1430] Linking C static library esp-idf\protocomm\libprotocomm.a

[1335/1430] Building C object esp-idf/esp_hid/CMakeFiles/__idf_esp_hid.dir/src/esp_hidh.c.obj

[1336/1430] Building C object esp-idf/esp_local_ctrl/CMakeFiles/__idf_esp_local_ctrl.dir/proto-c/esp_local_ctrl.pb-c.c.obj

[1337/1430] Building C object esp-idf/espcoredump/CMakeFiles/__idf_espcoredump.dir/src/core_dump_sha.c.obj

[1338/1430] Building C object esp-idf/espcoredump/CMakeFiles/__idf_espcoredump.dir/src/core_dump_crc.c.obj

[1339/1430] Building C object esp-idf/esp_local_ctrl/CMakeFiles/__idf_esp_local_ctrl.dir/src/esp_local_ctrl_handler.c.obj

[1340/1430] Building C object esp-idf/esp_local_ctrl/CMakeFiles/__idf_esp_local_ctrl.dir/src/esp_local_ctrl_transport_httpd.c.obj

[1341/1430] Building ASM object esp-idf/espcoredump/CMakeFiles/__idf_espcoredump.dir/src/port/xtensa/core_dump_stack_switch.S.obj

[1342/1430] Building C object esp-idf/esp_local_ctrl/CMakeFiles/__idf_esp_local_ctrl.dir/src/esp_local_ctrl.c.obj

[1343/1430] Building C object esp-idf/espcoredump/CMakeFiles/__idf_espcoredump.dir/src/core_dump_common.c.obj

[1344/1430] Building C object esp-idf/espcoredump/CMakeFiles/__idf_espcoredump.dir/src/port/xtensa/core_dump_port.c.obj

[1345/1430] Building C object esp-idf/espcoredump/CMakeFiles/__idf_espcoredump.dir/src/core_dump_elf.c.obj

[1346/1430] Building C object esp-idf/espcoredump/CMakeFiles/__idf_espcoredump.dir/src/core_dump_binary.c.obj

[1347/1430] Building C object esp-idf/espcoredump/CMakeFiles/__idf_espcoredump.dir/src/core_dump_uart.c.obj

[1348/1430] Building C object esp-idf/espcoredump/CMakeFiles/__idf_espcoredump.dir/src/core_dump_flash.c.obj

[1349/1430] Building C object esp-idf/perfmon/CMakeFiles/__idf_perfmon.dir/xtensa_perfmon_access.c.obj

[1350/1430] Building C object esp-idf/perfmon/CMakeFiles/__idf_perfmon.dir/xtensa_perfmon_masks.c.obj

[1351/1430] Linking C static library esp-idf\fatfs\libfatfs.a

[1352/1430] Building C object esp-idf/perfmon/CMakeFiles/__idf_perfmon.dir/xtensa_perfmon_apis.c.obj

[1353/1430] Building C object esp-idf/nvs_sec_provider/CMakeFiles/__idf_nvs_sec_provider.dir/nvs_sec_provider.c.obj

[1354/1430] Building C object esp-idf/mqtt/CMakeFiles/__idf_mqtt.dir/esp-mqtt/lib/platform_esp32_idf.c.obj

[1355/1430] Building C object esp-idf/mqtt/CMakeFiles/__idf_mqtt.dir/esp-mqtt/lib/mqtt_msg.c.obj

[1356/1430] Building C object esp-idf/rt/CMakeFiles/__idf_rt.dir/FreeRTOS_POSIX_mqueue.c.obj

[1357/1430] Building C object esp-idf/mqtt/CMakeFiles/__idf_mqtt.dir/esp-mqtt/lib/mqtt_outbox.c.obj

[1358/1430] Building C object esp-idf/rt/CMakeFiles/__idf_rt.dir/FreeRTOS_POSIX_utils.c.obj

[1359/1430] Building C object esp-idf/wifi_provisioning/CMakeFiles/__idf_wifi_provisioning.dir/src/wifi_ctrl.c.obj

[1360/1430] Building C object esp-idf/wifi_provisioning/CMakeFiles/__idf_wifi_provisioning.dir/src/wifi_scan.c.obj

[1361/1430] Building C object esp-idf/wifi_provisioning/CMakeFiles/__idf_wifi_provisioning.dir/src/wifi_config.c.obj

[1362/1430] Building C object esp-idf/wifi_provisioning/CMakeFiles/__idf_wifi_provisioning.dir/proto-c/wifi_config.pb-c.c.obj

[1363/1430] Building C object esp-idf/touch_element/CMakeFiles/__idf_touch_element.dir/touch_slider.c.obj

[1364/1430] Building C object esp-idf/touch_element/CMakeFiles/__idf_touch_element.dir/touch_button.c.obj

[1365/1430] Building C object esp-idf/wifi_provisioning/CMakeFiles/__idf_wifi_provisioning.dir/src/handlers.c.obj

[1366/1430] Building C object esp-idf/wifi_provisioning/CMakeFiles/__idf_wifi_provisioning.dir/proto-c/wifi_constants.pb-c.c.obj

[1367/1430] Building C object esp-idf/touch_element/CMakeFiles/__idf_touch_element.dir/touch_element.c.obj

[1368/1430] Building C object esp-idf/wifi_provisioning/CMakeFiles/__idf_wifi_provisioning.dir/src/scheme_console.c.obj

[1369/1430] Building C object esp-idf/touch_element/CMakeFiles/__idf_touch_element.dir/touch_matrix.c.obj

[1370/1430] Building C object esp-idf/wifi_provisioning/CMakeFiles/__idf_wifi_provisioning.dir/proto-c/wifi_ctrl.pb-c.c.obj

[1371/1430] Building C object esp-idf/wifi_provisioning/CMakeFiles/__idf_wifi_provisioning.dir/proto-c/wifi_scan.pb-c.c.obj

[1372/1430] Linking C static library esp-idf\es7210_adc\libes7210_adc.a

[1373/1430] Building C object esp-idf/mqtt/CMakeFiles/__idf_mqtt.dir/esp-mqtt/mqtt_client.c.obj

[1374/1430] Linking C static library esp-idf\es8311_codec\libes8311_codec.a

[1375/1430] Building C object esp-idf/main/CMakeFiles/__idf_main.dir/rc_video_scale.c.obj

[1376/1430] Building C object esp-idf/wifi_provisioning/CMakeFiles/__idf_wifi_provisioning.dir/src/scheme_softap.c.obj

[1377/1430] Building C object esp-idf/main/CMakeFiles/__idf_main.dir/rc_capture_pool.c.obj

[1378/1430] Building C object esp-idf/wifi_provisioning/CMakeFiles/__idf_wifi_provisioning.dir/src/manager.c.obj

[1379/1430] Linking C static library esp-idf\audio_processor\libaudio_processor.a

[1380/1430] Building C object esp-idf/main/CMakeFiles/__idf_main.dir/rc_joystick.c.obj

[1381/1430] Building C object esp-idf/main/CMakeFiles/__idf_main.dir/rc_net_send_policy.c.obj

[1382/1430] Building C object esp-idf/main/CMakeFiles/__idf_main.dir/rc_video_yuv_scale.c.obj

[1383/1430] Building C object esp-idf/main/CMakeFiles/__idf_main.dir/rc_tank_screen.c.obj

[1384/1430] Building C object esp-idf/main/CMakeFiles/__idf_main.dir/rc_video_udp_transport.c.obj

[1385/1430] Building C object esp-idf/audio_hal/CMakeFiles/__idf_audio_hal.dir/audio_hal.c.obj

[1386/1430] Building C object esp-idf/main/CMakeFiles/__idf_main.dir/app_main.c.obj

[1387/1430] Building C object esp-idf/main/CMakeFiles/__idf_main.dir/rc_control.c.obj

[1388/1430] Linking C static library esp-idf\lte_hal\liblte_hal.a

[1389/1430] Linking C static library esp-idf\espressif__iot_usbh_ecm\libespressif__iot_usbh_ecm.a

[1390/1430] Building C object esp-idf/main/CMakeFiles/__idf_main.dir/rc_audio.c.obj

[1391/1430] Building C object esp-idf/xiaozhi_agent/CMakeFiles/__idf_xiaozhi_agent.dir/xiaozhi_agent_listen_mode_policy.c.obj

[1392/1430] Linking C static library esp-idf\espressif__esp_websocket_client\libespressif__esp_websocket_client.a

[1393/1430] Building C object esp-idf/xiaozhi_agent/CMakeFiles/__idf_xiaozhi_agent.dir/xiaozhi_agent_ws_start_policy.c.obj

[1394/1430] Building C object esp-idf/main/CMakeFiles/__idf_main.dir/rc_video.c.obj

[1395/1430] Building C object esp-idf/xiaozhi_agent/CMakeFiles/__idf_xiaozhi_agent.dir/xiaozhi_agent_vad_stop_policy.c.obj

[1396/1430] Building C object esp-idf/xiaozhi_agent/CMakeFiles/__idf_xiaozhi_agent.dir/xiaozhi_agent_tts_barrier_policy.c.obj

[1397/1430] Linking C static library esp-idf\cmock\libcmock.a

[1398/1430] Building C object esp-idf/storage_hal/CMakeFiles/__idf_storage_hal.dir/storage_hal.c.obj

[1399/1430] Building C object esp-idf/main/CMakeFiles/__idf_main.dir/rc_net.c.obj

C:/Users/15301/AppData/Local/Temp/laiwfs300_build/rc_tank_demo/main/rc_net.c:385:12: warning: 'recv_all' defined but not used [-Wunused-function]

  385 | static int recv_all(int sock, uint8_t *buf, size_t n)

      |            ^~~~~~~~

[1400/1430] Linking C static library esp-idf\app_trace\libapp_trace.a

[1401/1430] Linking C static library esp-idf\espressif__esp_audio_simple_player\libespressif__esp_audio_simple_player.a

[1402/1430] Linking C static library esp-idf\esp_eth\libesp_eth.a

[1403/1430] Linking C static library esp-idf\esp_driver_touch_sens\libesp_driver_touch_sens.a

[1404/1430] Linking C static library esp-idf\esp_hid\libesp_hid.a

[1405/1430] Linking C static library esp-idf\esp_local_ctrl\libesp_local_ctrl.a

[1406/1430] Linking C static library esp-idf\perfmon\libperfmon.a

[1407/1430] Linking C static library esp-idf\nvs_sec_provider\libnvs_sec_provider.a

[1408/1430] Linking C static library esp-idf\rt\librt.a

[1409/1430] Linking C static library esp-idf\espcoredump\libespcoredump.a

[1410/1430] Linking C static library esp-idf\mqtt\libmqtt.a

[1411/1430] Linking C static library esp-idf\audio_hal\libaudio_hal.a

[1412/1430] Building C object esp-idf/bringup_test/CMakeFiles/__idf_bringup_test.dir/bringup_test.c.obj

[1413/1430] Linking C static library esp-idf\touch_element\libtouch_element.a

[1414/1430] Linking C static library esp-idf\storage_hal\libstorage_hal.a

[1415/1430] Linking C static library esp-idf\main\libmain.a

[1416/1430] Linking C static library esp-idf\wifi_provisioning\libwifi_provisioning.a

[1417/1430] Linking C static library esp-idf\bringup_test\libbringup_test.a

[1418/1430] Building C object esp-idf/xiaozhi_audio/CMakeFiles/__idf_xiaozhi_audio.dir/xiaozhi_audio.c.obj

[1419/1430] Linking C static library esp-idf\xiaozhi_audio\libxiaozhi_audio.a

[1420/1430] Building C object esp-idf/xiaozhi_agent/CMakeFiles/__idf_xiaozhi_agent.dir/xiaozhi_agent.c.obj

[1421/1430] Linking C static library esp-idf\xiaozhi_agent\libxiaozhi_agent.a

[1422/1430] Performing configure step for 'bootloader'

-- Found Git: C:/Program Files/Git/cmd/git.exe (found version "2.52.0.windows.1")
-- Minimal build - OFF
-- The C compiler identification is GNU 14.2.0
-- The CXX compiler identification is GNU 14.2.0
-- The ASM compiler identification is GNU
-- Found assembler: D:/Espressif/tools/xtensa-esp-elf/esp-14.2.0_20260121/xtensa-esp-elf/bin/xtensa-esp32s3-elf-gcc.exe
-- Detecting C compiler ABI info
-- Detecting C compiler ABI info - done
-- Check for working C compiler: D:/Espressif/tools/xtensa-esp-elf/esp-14.2.0_20260121/xtensa-esp-elf/bin/xtensa-esp32s3-elf-gcc.exe - skipped
-- Detecting C compile features
-- Detecting C compile features - done
-- Detecting CXX compiler ABI info
-- Detecting CXX compiler ABI info - done
-- Check for working CXX compiler: D:/Espressif/tools/xtensa-esp-elf/esp-14.2.0_20260121/xtensa-esp-elf/bin/xtensa-esp32s3-elf-g++.exe - skipped
-- Detecting CXX compile features
-- Detecting CXX compile features - done
-- Building ESP-IDF components for target esp32s3
-- ESP-TEE is currently supported only on the esp32c6;esp32h2;esp32c5 SoCs
-- Project sdkconfig file C:/Users/15301/AppData/Local/Temp/laiwfs300_build/rc_tank_demo/sdkconfig
-- Compiler supported targets: xtensa-esp-elf
-- Detecting C compiler ABI info
-- Detecting C compiler ABI info - done
-- Detecting CXX compiler ABI info
-- Detecting CXX compiler ABI info - done
-- Detecting C compiler ABI info
-- Detecting C compiler ABI info - done
-- Detecting CXX compiler ABI info
-- Detecting CXX compiler ABI info - done
-- Adding linker script D:/Espressif/frameworks/esp-idf-v5.5.4/components/soc/esp32s3/ld/esp32s3.peripherals.ld
-- Bootloader project name: "bootloader" version: 1
-- Adding linker script D:/Espressif/frameworks/esp-idf-v5.5.4/components/esp_rom/esp32s3/ld/esp32s3.rom.ld
-- Adding linker script D:/Espressif/frameworks/esp-idf-v5.5.4/components/esp_rom/esp32s3/ld/esp32s3.rom.api.ld
-- Adding linker script D:/Espressif/frameworks/esp-idf-v5.5.4/components/esp_rom/esp32s3/ld/esp32s3.rom.bt_funcs.ld
-- Adding linker script D:/Espressif/frameworks/esp-idf-v5.5.4/components/esp_rom/esp32s3/ld/esp32s3.rom.libgcc.ld
-- Adding linker script D:/Espressif/frameworks/esp-idf-v5.5.4/components/esp_rom/esp32s3/ld/esp32s3.rom.wdt.ld
-- Adding linker script D:/Espressif/frameworks/esp-idf-v5.5.4/components/esp_rom/esp32s3/ld/esp32s3.rom.version.ld
-- Adding linker script D:/Espressif/frameworks/esp-idf-v5.5.4/components/esp_rom/esp32s3/ld/esp32s3.rom.libc.ld
-- Adding linker script D:/Espressif/frameworks/esp-idf-v5.5.4/components/esp_rom/esp32s3/ld/esp32s3.rom.newlib.ld
-- Adding linker script D:/Espressif/frameworks/esp-idf-v5.5.4/components/bootloader/subproject/main/ld/esp32s3/bootloader.rom.ld
-- Components: bootloader bootloader_support efuse esp_app_format esp_bootloader_format esp_common esp_hw_support esp_rom esp_security esp_system esptool_py freertos hal log main micro-ecc newlib partition_table soc spi_flash xtensa
-- Component paths: D:/Espressif/frameworks/esp-idf-v5.5.4/components/bootloader D:/Espressif/frameworks/esp-idf-v5.5.4/components/bootloader_support D:/Espressif/frameworks/esp-idf-v5.5.4/components/efuse D:/Espressif/frameworks/esp-idf-v5.5.4/components/esp_app_format D:/Espressif/frameworks/esp-idf-v5.5.4/components/esp_bootloader_format D:/Espressif/frameworks/esp-idf-v5.5.4/components/esp_common D:/Espressif/frameworks/esp-idf-v5.5.4/components/esp_hw_support D:/Espressif/frameworks/esp-idf-v5.5.4/components/esp_rom D:/Espressif/frameworks/esp-idf-v5.5.4/components/esp_security D:/Espressif/frameworks/esp-idf-v5.5.4/components/esp_system D:/Espressif/frameworks/esp-idf-v5.5.4/components/esptool_py D:/Espressif/frameworks/esp-idf-v5.5.4/components/freertos D:/Espressif/frameworks/esp-idf-v5.5.4/components/hal D:/Espressif/frameworks/esp-idf-v5.5.4/components/log D:/Espressif/frameworks/esp-idf-v5.5.4/components/bootloader/subproject/main D:/Espressif/frameworks/esp-idf-v5.5.4/components/bootloader/subproject/components/micro-ecc D:/Espressif/frameworks/esp-idf-v5.5.4/components/newlib D:/Espressif/frameworks/esp-idf-v5.5.4/components/partition_table D:/Espressif/frameworks/esp-idf-v5.5.4/components/soc D:/Espressif/frameworks/esp-idf-v5.5.4/components/spi_flash D:/Espressif/frameworks/esp-idf-v5.5.4/components/xtensa

-- Adding linker script D:/Espressif/frameworks/esp-idf-v5.5.4/components/bootloader/subproject/main/ld/esp32s3/bootloader.ld

-- Configuring done (33.0s)

-- Generating done (0.3s)

-- Build files have been written to: C:/Users/15301/AppData/Local/Temp/laiwfs300_build/rc_tank_demo/build/bootloader

[1423/1430] Performing build step for 'bootloader'

[1/123] Building C object esp-idf/log/CMakeFiles/__idf_log.dir/src/noos/log_lock.c.obj

[2/123] Building C object esp-idf/log/CMakeFiles/__idf_log.dir/src/noos/util.c.obj

[3/123] Building C object esp-idf/log/CMakeFiles/__idf_log.dir/src/log_timestamp_common.c.obj

[4/123] Building C object esp-idf/log/CMakeFiles/__idf_log.dir/src/util.c.obj

[5/123] Building C object esp-idf/log/CMakeFiles/__idf_log.dir/src/noos/log_timestamp.c.obj

[6/123] Building C object esp-idf/log/CMakeFiles/__idf_log.dir/src/log_print.c.obj

[7/123] Building C object esp-idf/esp_rom/CMakeFiles/__idf_esp_rom.dir/patches/esp_rom_crc.c.obj

[8/123] Building C object esp-idf/esp_rom/CMakeFiles/__idf_esp_rom.dir/patches/esp_rom_sys.c.obj

[9/123] Building C object esp-idf/log/CMakeFiles/__idf_log.dir/src/buffer/log_buffers.c.obj

[10/123] Building C object esp-idf/log/CMakeFiles/__idf_log.dir/src/log.c.obj

[11/123] Building C object esp-idf/log/CMakeFiles/__idf_log.dir/src/log_format_text.c.obj

[12/123] Building C object esp-idf/esp_rom/CMakeFiles/__idf_esp_rom.dir/patches/esp_rom_gpio.c.obj

[13/123] Building C object esp-idf/esp_rom/CMakeFiles/__idf_esp_rom.dir/patches/esp_rom_systimer.c.obj

[14/123] Building C object esp-idf/esp_rom/CMakeFiles/__idf_esp_rom.dir/patches/esp_rom_efuse.c.obj

[15/123] Building C object esp-idf/esp_rom/CMakeFiles/__idf_esp_rom.dir/patches/esp_rom_uart.c.obj

[16/123] Building ASM object esp-idf/esp_rom/CMakeFiles/__idf_esp_rom.dir/patches/esp_rom_longjmp.S.obj

[17/123] Building C object esp-idf/esp_rom/CMakeFiles/__idf_esp_rom.dir/patches/esp_rom_spiflash.c.obj

[18/123] Building ASM object esp-idf/esp_rom/CMakeFiles/__idf_esp_rom.dir/patches/esp_rom_cache_writeback_esp32s3.S.obj

[19/123] Building C object esp-idf/esp_rom/CMakeFiles/__idf_esp_rom.dir/patches/esp_rom_wdt.c.obj

[20/123] Building C object esp-idf/esp_rom/CMakeFiles/__idf_esp_rom.dir/patches/esp_rom_print.c.obj

[21/123] Building C object esp-idf/esp_common/CMakeFiles/__idf_esp_common.dir/src/esp_err_to_name.c.obj

[22/123] Building C object esp-idf/esp_hw_support/CMakeFiles/__idf_esp_hw_support.dir/esp_memory_utils.c.obj

[23/123] Building C object esp-idf/esp_rom/CMakeFiles/__idf_esp_rom.dir/patches/esp_rom_cache_esp32s2_esp32s3.c.obj

[24/123] Building C object esp-idf/esp_hw_support/CMakeFiles/__idf_esp_hw_support.dir/port/esp32s3/chip_info.c.obj

[25/123] Building C object esp-idf/esp_hw_support/CMakeFiles/__idf_esp_hw_support.dir/port/esp32s3/esp_cpu_intr.c.obj

[26/123] Building C object esp-idf/esp_hw_support/CMakeFiles/__idf_esp_hw_support.dir/port/esp32s3/cpu_region_protect.c.obj

[27/123] Building C object esp-idf/esp_hw_support/CMakeFiles/__idf_esp_hw_support.dir/cpu.c.obj

[28/123] Building C object esp-idf/efuse/CMakeFiles/__idf_efuse.dir/esp32s3/esp_efuse_table.c.obj

[29/123] Building C object esp-idf/esp_hw_support/CMakeFiles/__idf_esp_hw_support.dir/port/esp32s3/rtc_clk_init.c.obj

[30/123] Building C object esp-idf/esp_system/CMakeFiles/__idf_esp_system.dir/esp_err.c.obj

[31/123] Linking C static library esp-idf\log\liblog.a

[32/123] Building C object esp-idf/esp_hw_support/CMakeFiles/__idf_esp_hw_support.dir/port/esp32s3/rtc_time.c.obj

[33/123] Building C object esp-idf/esp_hw_support/CMakeFiles/__idf_esp_hw_support.dir/port/esp32s3/rtc_sleep.c.obj

[34/123] Building C object esp-idf/efuse/CMakeFiles/__idf_efuse.dir/esp32s3/esp_efuse_rtc_calib.c.obj

[35/123] Building C object esp-idf/efuse/CMakeFiles/__idf_efuse.dir/esp32s3/esp_efuse_fields.c.obj

[36/123] Building C object esp-idf/esp_hw_support/CMakeFiles/__idf_esp_hw_support.dir/port/esp32s3/rtc_init.c.obj

[37/123] Building C object esp-idf/efuse/CMakeFiles/__idf_efuse.dir/esp32s3/esp_efuse_utility.c.obj

[38/123] Building C object esp-idf/esp_hw_support/CMakeFiles/__idf_esp_hw_support.dir/port/esp32s3/rtc_clk.c.obj

[39/123] Building C object esp-idf/bootloader_support/CMakeFiles/__idf_bootloader_support.dir/src/bootloader_mem.c.obj

[40/123] Building C object esp-idf/efuse/CMakeFiles/__idf_efuse.dir/src/esp_efuse_fields.c.obj

[41/123] Building C object esp-idf/efuse/CMakeFiles/__idf_efuse.dir/src/esp_efuse_api.c.obj

[42/123] Building C object esp-idf/bootloader_support/CMakeFiles/__idf_bootloader_support.dir/src/bootloader_random.c.obj

[43/123] Building C object esp-idf/bootloader_support/CMakeFiles/__idf_bootloader_support.dir/src/bootloader_clock_init.c.obj

[44/123] Building C object esp-idf/efuse/CMakeFiles/__idf_efuse.dir/src/esp_efuse_utility.c.obj

[45/123] Building C object esp-idf/bootloader_support/CMakeFiles/__idf_bootloader_support.dir/src/bootloader_common.c.obj

[46/123] Building C object esp-idf/bootloader_support/CMakeFiles/__idf_bootloader_support.dir/src/secure_boot.c.obj

[47/123] Building C object esp-idf/bootloader_support/CMakeFiles/__idf_bootloader_support.dir/src/bootloader_efuse.c.obj

[48/123] Building C object esp-idf/efuse/CMakeFiles/__idf_efuse.dir/src/efuse_controller/keys/with_key_purposes/esp_efuse_api_key.c.obj

[49/123] Building C object esp-idf/bootloader_support/CMakeFiles/__idf_bootloader_support.dir/src/bootloader_common_loader.c.obj

[50/123] Building C object esp-idf/bootloader_support/CMakeFiles/__idf_bootloader_support.dir/src/flash_encrypt.c.obj

[51/123] Building C object esp-idf/bootloader_support/CMakeFiles/__idf_bootloader_support.dir/src/bootloader_random_esp32s3.c.obj

[52/123] Linking C static library esp-idf\esp_rom\libesp_rom.a

[53/123] Building C object esp-idf/bootloader_support/CMakeFiles/__idf_bootloader_support.dir/bootloader_flash/src/flash_qio_mode.c.obj

[54/123] Building C object esp-idf/bootloader_support/CMakeFiles/__idf_bootloader_support.dir/src/bootloader_clock_loader.c.obj

[55/123] Building C object esp-idf/bootloader_support/CMakeFiles/__idf_bootloader_support.dir/src/flash_partitions.c.obj

[56/123] Building C object esp-idf/bootloader_support/CMakeFiles/__idf_bootloader_support.dir/src/bootloader_sha.c.obj

[57/123] Building C object esp-idf/esp_bootloader_format/CMakeFiles/__idf_esp_bootloader_format.dir/esp_bootloader_desc.c.obj

[58/123] Building C object esp-idf/bootloader_support/CMakeFiles/__idf_bootloader_support.dir/src/bootloader_console_loader.c.obj

[59/123] Building C object esp-idf/bootloader_support/CMakeFiles/__idf_bootloader_support.dir/src/bootloader_panic.c.obj

[60/123] Building C object esp-idf/bootloader_support/CMakeFiles/__idf_bootloader_support.dir/bootloader_flash/src/bootloader_flash_config_esp32s3.c.obj

[61/123] Building C object esp-idf/bootloader_support/CMakeFiles/__idf_bootloader_support.dir/src/esp32s3/bootloader_soc.c.obj

[62/123] Building C object esp-idf/bootloader_support/CMakeFiles/__idf_bootloader_support.dir/bootloader_flash/src/bootloader_flash.c.obj

[63/123] Building C object esp-idf/bootloader_support/CMakeFiles/__idf_bootloader_support.dir/src/bootloader_console.c.obj

[64/123] Building C object esp-idf/hal/CMakeFiles/__idf_hal.dir/hal_utils.c.obj

[65/123] Building C object esp-idf/bootloader_support/CMakeFiles/__idf_bootloader_support.dir/src/bootloader_init.c.obj

[66/123] Building C object esp-idf/spi_flash/CMakeFiles/__idf_spi_flash.dir/spi_flash_wrap.c.obj

[67/123] Building C object esp-idf/hal/CMakeFiles/__idf_hal.dir/mpu_hal.c.obj

[68/123] Building C object esp-idf/bootloader_support/CMakeFiles/__idf_bootloader_support.dir/src/esp32s3/bootloader_esp32s3.c.obj

[69/123] Linking C static library esp-idf\esp_common\libesp_common.a

[70/123] Building C object esp-idf/bootloader_support/CMakeFiles/__idf_bootloader_support.dir/src/bootloader_utility.c.obj

[71/123] Building C object esp-idf/hal/CMakeFiles/__idf_hal.dir/esp32s3/efuse_hal.c.obj

[72/123] Building C object esp-idf/hal/CMakeFiles/__idf_hal.dir/efuse_hal.c.obj

[73/123] Building C object esp-idf/soc/CMakeFiles/__idf_soc.dir/lldesc.c.obj

[74/123] Building C object esp-idf/soc/CMakeFiles/__idf_soc.dir/esp32s3/interrupts.c.obj

[75/123] Building C object esp-idf/bootloader_support/CMakeFiles/__idf_bootloader_support.dir/src/esp_image_format.c.obj

[76/123] Building C object esp-idf/soc/CMakeFiles/__idf_soc.dir/dport_access_common.c.obj

[77/123] Building C object esp-idf/hal/CMakeFiles/__idf_hal.dir/cache_hal.c.obj

[78/123] Building C object esp-idf/soc/CMakeFiles/__idf_soc.dir/esp32s3/uart_periph.c.obj

[79/123] Building C object esp-idf/soc/CMakeFiles/__idf_soc.dir/esp32s3/gpio_periph.c.obj

[80/123] Building C object esp-idf/soc/CMakeFiles/__idf_soc.dir/esp32s3/adc_periph.c.obj

[81/123] Building C object esp-idf/hal/CMakeFiles/__idf_hal.dir/mmu_hal.c.obj

[82/123] Building C object esp-idf/soc/CMakeFiles/__idf_soc.dir/esp32s3/gdma_periph.c.obj

[83/123] Building C object esp-idf/soc/CMakeFiles/__idf_soc.dir/esp32s3/dedic_gpio_periph.c.obj

[84/123] Building C object esp-idf/soc/CMakeFiles/__idf_soc.dir/esp32s3/ledc_periph.c.obj

[85/123] Building C object esp-idf/soc/CMakeFiles/__idf_soc.dir/esp32s3/pcnt_periph.c.obj

[86/123] Building C object esp-idf/soc/CMakeFiles/__idf_soc.dir/esp32s3/sdm_periph.c.obj

[87/123] Building C object esp-idf/soc/CMakeFiles/__idf_soc.dir/esp32s3/spi_periph.c.obj

[88/123] Building C object esp-idf/soc/CMakeFiles/__idf_soc.dir/esp32s3/i2c_periph.c.obj

[89/123] Building C object esp-idf/soc/CMakeFiles/__idf_soc.dir/esp32s3/rmt_periph.c.obj

[90/123] Building C object esp-idf/soc/CMakeFiles/__idf_soc.dir/esp32s3/temperature_sensor_periph.c.obj

[91/123] Building C object esp-idf/soc/CMakeFiles/__idf_soc.dir/esp32s3/lcd_periph.c.obj

[92/123] Building C object esp-idf/soc/CMakeFiles/__idf_soc.dir/esp32s3/mpi_periph.c.obj

[93/123] Building C object esp-idf/soc/CMakeFiles/__idf_soc.dir/esp32s3/i2s_periph.c.obj

[94/123] Building C object esp-idf/soc/CMakeFiles/__idf_soc.dir/esp32s3/timer_periph.c.obj

[95/123] Building C object esp-idf/soc/CMakeFiles/__idf_soc.dir/esp32s3/mcpwm_periph.c.obj

[96/123] Building C object esp-idf/soc/CMakeFiles/__idf_soc.dir/esp32s3/touch_sensor_periph.c.obj

[97/123] Linking C static library esp-idf\esp_hw_support\libesp_hw_support.a

[98/123] Building C object esp-idf/soc/CMakeFiles/__idf_soc.dir/esp32s3/sdmmc_periph.c.obj

[99/123] Building C object esp-idf/soc/CMakeFiles/__idf_soc.dir/esp32s3/twai_periph.c.obj

[100/123] Generating project_elf_src_esp32s3.c

[101/123] Building C object esp-idf/soc/CMakeFiles/__idf_soc.dir/esp32s3/usb_dwc_periph.c.obj

[102/123] Building C object esp-idf/soc/CMakeFiles/__idf_soc.dir/esp32s3/power_supply_periph.c.obj

[103/123] Building C object esp-idf/soc/CMakeFiles/__idf_soc.dir/esp32s3/wdt_periph.c.obj

[104/123] Building C object esp-idf/soc/CMakeFiles/__idf_soc.dir/esp32s3/cam_periph.c.obj

[105/123] Building C object esp-idf/xtensa/CMakeFiles/__idf_xtensa.dir/eri.c.obj

[106/123] Building C object esp-idf/soc/CMakeFiles/__idf_soc.dir/esp32s3/rtc_io_periph.c.obj

[107/123] Building C object esp-idf/xtensa/CMakeFiles/__idf_xtensa.dir/xt_trax.c.obj

[108/123] Building C object CMakeFiles/bootloader.elf.dir/project_elf_src_esp32s3.c.obj

[109/123] Building C object esp-idf/main/CMakeFiles/__idf_main.dir/bootloader_start.c.obj

[110/123] Linking C static library esp-idf\esp_system\libesp_system.a

[111/123] Building C object esp-idf/micro-ecc/CMakeFiles/__idf_micro-ecc.dir/uECC_verify_antifault.c.obj

[112/123] Linking C static library esp-idf\efuse\libefuse.a

[113/123] Linking C static library esp-idf\bootloader_support\libbootloader_support.a

[114/123] Linking C static library esp-idf\esp_bootloader_format\libesp_bootloader_format.a

[115/123] Linking C static library esp-idf\spi_flash\libspi_flash.a

[116/123] Linking C static library esp-idf\hal\libhal.a

[117/123] Linking C static library esp-idf\micro-ecc\libmicro-ecc.a

[118/123] Linking C static library esp-idf\soc\libsoc.a

[119/123] Linking C static library esp-idf\xtensa\libxtensa.a

[120/123] Linking C static library esp-idf\main\libmain.a

[121/123] Linking C executable bootloader.elf

[122/123] Generating binary image from built executable

esptool.py v4.12.dev2


Creating esp32s3 image...


Merged 2 ELF sections


Successfully created esp32s3 image.


Generated C:/Users/15301/AppData/Local/Temp/laiwfs300_build/rc_tank_demo/build/bootloader/bootloader.bin

[123/123] C:\WINDOWS\system32\cmd.exe /C "cd /D C:\Users\15301\AppData\Local\Temp\laiwfs300_build\rc_tank_demo\build\bootloader\esp-idf\esptool_py && D:\Espressif\python_env\idf5.5_py3.11_env\Scripts\python.exe D:/Espressif/frameworks/esp-idf-v5.5.4/components/partition_table/check_sizes.py --offset 0x8000 bootloader 0x0 C:/Users/15301/AppData/Local/Temp/laiwfs300_build/rc_tank_demo/build/bootloader/bootloader.bin"


Bootloader binary size 0x5160 bytes. 0x2ea0 bytes (36%) free.



[1424/1430] No install step for 'bootloader'

[1425/1430] Completed 'bootloader'

[1426/1430] Generating esp-idf/esp_system/ld/sections.ld

C:/Users/15301/AppData/Local/Temp/laiwfs300_build/rc_tank_demo/managed_components/espressif__esp_codec_dev/Kconfig:4: warning: ESP_IDF_VERSION has 'option env="ESP_IDF_VERSION"', but the environment variable ESP_IDF_VERSION is not set


[1427/1430] Building C object CMakeFiles/rc_tank_demo.elf.dir/project_elf_src_esp32s3.c.obj

[1428/1430] Linking CXX executable rc_tank_demo.elf

[1429/1430] Generating binary image from built executable

esptool.py v4.12.dev2


Creating esp32s3 image...


Merged 2 ELF sections


Successfully created esp32s3 image.


Generated C:/Users/15301/AppData/Local/Temp/laiwfs300_build/rc_tank_demo/build/rc_tank_demo.bin

[1430/1430] C:\WINDOWS\system32\cmd.exe /C "cd /D C:\Users\15301\AppData\Local\Temp\laiwfs300_build\rc_tank_demo\build\esp-idf\esptool_py && D:\Espressif\python_env\idf5.5_py3.11_env\Scripts\python.exe D:/Espressif/frameworks/esp-idf-v5.5.4/components/partition_table/check_sizes.py --offset 0x8000 partition --type app C:/Users/15301/AppData/Local/Temp/laiwfs300_build/rc_tank_demo/build/partition_table/partition-table.bin C:/Users/15301/AppData/Local/Temp/laiwfs300_build/rc_tank_demo/build/rc_tank_demo.bin"

rc_tank_demo.bin binary size 0x111ef0 bytes. Smallest app partition is 0x300000 bytes. 0x1ee110 bytes (64%) free.




Project build complete. To flash, run:
 idf.py flash
or
 idf.py -p PORT flash
or
 python -m esptool --chip esp32s3 -b 460800 --before default_reset --after hard_reset write_flash --flash_mode dio --flash_size 8MB --flash_freq 80m 0x0 build\bootloader\bootloader.bin 0x8000 build\partition_table\partition-table.bin 0x10000 build\rc_tank_demo.bin
or from the "C:\Users\15301\AppData\Local\Temp\laiwfs300_build\rc_tank_demo\build" directory
 python -m esptool --chip esp32s3 -b 460800 --before default_reset --after hard_reset write_flash "@flash_args"
Firmware backed up to E:\10__AIProject\7_AI陪伴机器人\CODE\examples\rc_tank_demo\firmware_backup

Name                        Length
----                        ------
bootloader_REMOTE.bin        20832
partition-table_REMOTE.bin    3072
rc_tank_demo_REMOTE.bin    1122032


